anon_execute,arguments,authenticated_execute,definition_hash,name,returns,security_definer,service_execute,status
False,p_friendship_id uuid,True,a94b16ab213b228f8e0f4a51e1ef6e10,accept_friendship,jsonb,True,True,Signature/Hash/Grants Observed; Body And Caller Contract Need Individual Review
False,"p_user_id uuid, p_amount numeric",False,a82d0ebaf339c09289968dd70463db8e,add_to_promo_wallet,void,True,True,Signature/Hash/Grants Observed; Body And Caller Contract Need Individual Review
False,"p_from_user_id uuid, p_to_user_id uuid, p_amount numeric, p_category text, p_description text, p_related_entity_id uuid, p_idempotency_key uuid",True,b84c6a9411ef044851ab7c9adf011f5d,atomic_chip_transfer,void,False,True,Signature/Hash/Grants Observed; Body And Caller Contract Need Individual Review
False,"p_user_id uuid, p_amount numeric, p_category text, p_description text, p_table_id uuid, p_hand_id uuid, p_related_entity_id uuid, p_idempotency_key text",False,ca0a0d6fe1f01c1f2bed49e7db1fd7e8,atomic_credit_wallet_and_log,boolean,False,True,Signature/Hash/Grants Observed; Body And Caller Contract Need Individual Review
False,"p_user_id uuid, p_amount numeric, p_category text, p_description text, p_table_id uuid, p_hand_id uuid, p_related_entity_id uuid",False,7a39ff1827644433adc5120c6913081e,atomic_deduct_wallet_and_log,boolean,False,True,Signature/Hash/Grants Observed; Body And Caller Contract Need Individual Review
False,"p_table_id uuid, p_club_id uuid, p_hand_id uuid, p_hand_number integer, p_rake numeric, p_bbj numeric, p_pot numeric, p_num_players integer, p_contributions jsonb, p_tournament_id uuid, p_returned_uncalled jsonb, p_rake_method text",False,1b9bc9a006f45908bf65eb70a12e5f00,atomic_distribute_rake,"TABLE(applied boolean, already_processed boolean, recovered boolean, rake_record_id uuid, club_net_credit numeric, spendable_route text, spendable_amount numeric, union_id_out uuid)",True,True,Signature/Hash/Grants Observed; Body And Caller Contract Need Individual Review
False,"p_user_id uuid, p_table_id uuid, p_seat_number integer, p_leave_mode text",True,0b4260da309101634851da9c63df5180,atomic_seat_cashout_locked,jsonb,True,True,Signature/Hash/Grants Observed; Body And Caller Contract Need Individual Review
False,"p_user_id uuid, p_table_id uuid, p_amount numeric, p_apply_to_seat boolean, p_idempotency_key text",False,6f3a9265b00f426a2c0ff9a4cf3079c2,atomic_table_addon,numeric,True,True,Signature/Hash/Grants Observed; Body And Caller Contract Need Individual Review
False,"p_user_id uuid, p_table_id uuid, p_seat_number integer, p_amount numeric, p_auto_rebuy boolean, p_club_id uuid, p_idempotency_key uuid",True,69f38ba117d748862bb5e22905d19a6c,atomic_table_buyin,void,True,True,Signature/Hash/Grants Observed; Body And Caller Contract Need Individual Review
False,"p_user_id uuid, p_table_id uuid, p_amount numeric, p_idempotency_key uuid",True,2a05339c9329ce9fcbefbc1ab72901f5,atomic_table_rebuy,numeric,True,True,Signature/Hash/Grants Observed; Body And Caller Contract Need Individual Review
True,p_daily_cap_usd numeric,True,0e1a3676503c673f81c4245783de66de,autofix_budget_exhausted,boolean,False,True,Signature/Hash/Grants Observed; Body And Caller Contract Need Individual Review
True,p_source text,True,7907b8a44e51b6d8f1eba73c71774bb7,autofix_budget_exhausted,boolean,False,True,Signature/Hash/Grants Observed; Body And Caller Contract Need Individual Review
True,,True,1dfb7606b3f409ae8eb82b348682adec,autofix_is_paused,boolean,False,True,Signature/Hash/Grants Observed; Body And Caller Contract Need Individual Review
False,p_tournament_id uuid,False,e52b7be57404f160631a568f1016e153,balance_tournament_tables,integer,False,True,Signature/Hash/Grants Observed; Body And Caller Contract Need Individual Review
False,p_since timestamp with time zone,True,5c6356d3db6c6a5955001b2a8f9544d8,bbj_drift_since,"TABLE(booked numeric, received numeric, booked_rows bigint, received_rows bigint, unlinkable_rows bigint, unlinkable_chips numeric)",False,True,Signature/Hash/Grants Observed; Body And Caller Contract Need Individual Review
False,"p_table_id uuid, p_club_id uuid, p_hand_number integer, p_amount numeric, p_big_blind numeric, p_hand_id uuid",False,5b0494646f37d018603791a08a50b620,bbj_record_table_contribution,bbj_contributions,True,True,Signature/Hash/Grants Observed; Body And Caller Contract Need Individual Review
False,"p_user_id uuid, p_cost integer",True,9257935338e558f4137da2e4562de788,buy_streak_freeze,jsonb,False,True,Signature/Hash/Grants Observed; Body And Caller Contract Need Individual Review
False,"p_user_id uuid, p_cost integer, p_request_id uuid",True,908cd2e9f4ee7333d4f5805bb0f33d8c,buy_streak_freeze,jsonb,True,True,Signature/Hash/Grants Observed; Body And Caller Contract Need Individual Review
False,p_union_id uuid,True,79cb90482aa4af61ea4e6a286768efa4,ca_can_oversee_union,boolean,True,True,Signature/Hash/Grants Observed; Body And Caller Contract Need Individual Review
False,"p_club_id uuid, p_limit integer",True,6e4702f9aa88dabc1e472a399df319f1,ca_club_activity,"TABLE(id text, activity_type text, message text, created_at timestamp with time zone, user_id uuid, display_name text, avatar_url text)",True,True,Signature/Hash/Grants Observed; Body And Caller Contract Need Individual Review
False,"p_club_id uuid, p_limit integer, p_before timestamp with time zone, p_include_hand_rows boolean",True,2da327b47573b7313a9362b81c78b873,ca_club_chip_ledger,jsonb,True,True,Signature/Hash/Grants Observed; Body And Caller Contract Need Individual Review
False,p_club_id uuid,True,654e65c84922fd7f3f83e0237cb4e125,ca_club_dashboard_stats,jsonb,True,True,Signature/Hash/Grants Observed; Body And Caller Contract Need Individual Review
False,p_export_id uuid,True,2a58fdfcfb812dee2cc29fda9a40e510,ca_club_data_export_cancel,boolean,True,True,Signature/Hash/Grants Observed; Body And Caller Contract Need Individual Review
False,"p_export_id uuid, p_offset integer, p_limit integer",True,06871acb855787c18692dce4d0f56dde,ca_club_data_export_page,jsonb,True,True,Signature/Hash/Grants Observed; Body And Caller Contract Need Individual Review
False,"p_club_id uuid, p_start date, p_end date, p_game text, p_stakes text, p_search text, p_limit integer",True,a1d9602486f8ba5e5f0a87969642c8ab,ca_club_data_snapshot,jsonb,True,True,Signature/Hash/Grants Observed; Body And Caller Contract Need Individual Review
False,"p_club_id uuid, p_start date, p_end date",True,ac1e093ddb297eb63ee8905d6c48229e,ca_club_financials,jsonb,True,True,Signature/Hash/Grants Observed; Body And Caller Contract Need Individual Review
False,"p_club_id uuid, p_start date, p_end date, p_game text, p_stakes text, p_search text, p_sort text, p_cursor jsonb, p_limit integer",True,005fcf77ba241a357921edc029fdfc3c,ca_club_game_page,jsonb,True,True,Signature/Hash/Grants Observed; Body And Caller Contract Need Individual Review
False,"p_club_id uuid, p_target_user_id uuid",True,d5f256cf7396f9758c956a824d608aa8,ca_club_grantable_roles,jsonb,True,True,Signature/Hash/Grants Observed; Body And Caller Contract Need Individual Review
False,"p_club_id uuid, p_days integer",True,9bb9cbf8dbfaa17167690aa191a1f4bc,ca_club_insurance_report,jsonb,True,True,Signature/Hash/Grants Observed; Body And Caller Contract Need Individual Review
False,"p_club_id uuid, p_user_id uuid, p_from date, p_to date",True,9da2de967380dd721ed1e6fa864df1ba,ca_club_member_detail,jsonb,True,True,Signature/Hash/Grants Observed; Body And Caller Contract Need Individual Review
False,"p_club_id uuid, p_user_id uuid",True,861dfc051bc946722dadf28c45d3697c,ca_club_member_downline,"TABLE(user_id uuid, player_number text, alias text, username text, role text, role_rank integer, depth integer, chip_balance numeric, total_fees numeric, is_online boolean)",True,True,Signature/Hash/Grants Observed; Body And Caller Contract Need Individual Review
False,"p_club_id uuid, p_target_user_id uuid, p_nickname text, p_remark text, p_request_id text",True,fe6e98d0dc102200131a897b0aee02d1,ca_club_member_notes_update,jsonb,True,True,Signature/Hash/Grants Observed; Body And Caller Contract Need Individual Review
False,"p_club_id uuid, p_user_id uuid, p_variant text, p_from date, p_to date",True,fbdfb2174da3f0ab8ef59c46aa490b5e,ca_club_member_statistics,jsonb,True,True,Signature/Hash/Grants Observed; Body And Caller Contract Need Individual Review
False,"p_club_id uuid, p_search text, p_since timestamp with time zone, p_limit integer, p_offset integer, p_sort text, p_role text",True,afe48d734122d1513f7c547e2511773c,ca_club_members,"TABLE(user_id uuid, display_name text, avatar_url text, is_horse boolean, is_online boolean, role text, status text, joined_at timestamp with time zone, last_active timestamp with time zone, chip_balance numeric, hands_played bigint, profit numeric, total_count bigint)",True,True,Signature/Hash/Grants Observed; Body And Caller Contract Need Individual Review
False,"p_club_id uuid, p_search text, p_filter text, p_sort text, p_user_ids uuid[]",True,0bbab8e8c6c824a8f22b36d8ae38904b,ca_club_members_export,jsonb,True,True,Signature/Hash/Grants Observed; Body And Caller Contract Need Individual Review
False,p_club_id uuid,True,a703400450774f24e0de89ce5053f5e1,ca_club_members_overview,"TABLE(user_id uuid, home_club_id uuid, home_club_name text, player_number text, alias text, username text, display_name text, avatar_url text, role text, role_rank integer, is_online boolean, is_seated boolean, chip_balance numeric, player_wallet numeric, agent_wallet numeric, promo_wallet numeric, total_fees numeric, downline_fees numeric, total_hands bigint, downline_direct integer, downline_total integer, upline_user_id uuid, upline_name text, joined_at timestamp with time zone, last_login timestamp with time zone, nickname text, remark text)",True,True,Signature/Hash/Grants Observed; Body And Caller Contract Need Individual Review
False,"p_club_id uuid, p_search text, p_filter text, p_sort text, p_cursor jsonb, p_limit integer",True,7d79a33da2d276056ca06f75d4130b2b,ca_club_members_page,jsonb,True,True,Signature/Hash/Grants Observed; Body And Caller Contract Need Individual Review
False,p_club_id uuid,True,784a8511f0d5f60838ba9ddf35beadc5,ca_club_members_summary,jsonb,True,True,Signature/Hash/Grants Observed; Body And Caller Contract Need Individual Review
False,p_club_id uuid,True,89ee7baab58f8881674efe56469498ee,ca_club_operations_overview,jsonb,True,True,Signature/Hash/Grants Observed; Body And Caller Contract Need Individual Review
False,"p_club_id uuid, p_start date, p_end date, p_limit integer",True,283858d1274095f0a61103d745f7c34b,ca_club_player_breakdown,jsonb,True,True,Signature/Hash/Grants Observed; Body And Caller Contract Need Individual Review
False,"p_club_id uuid, p_start date, p_end date, p_sort text, p_search text, p_cursor jsonb, p_limit integer",True,980556d672f194b1b190e379d75321bb,ca_club_player_page,jsonb,True,True,Signature/Hash/Grants Observed; Body And Caller Contract Need Individual Review
False,"p_club_id uuid, p_days integer",True,d5e220abdab0b5f610fc52a21127ec08,ca_club_revenue,jsonb,True,True,Signature/Hash/Grants Observed; Body And Caller Contract Need Individual Review
False,"p_club_id uuid, p_limit integer",True,9b88cd08701102eb8b0b689daa151f3a,ca_club_tables,jsonb,True,True,Signature/Hash/Grants Observed; Body And Caller Contract Need Individual Review
False,"p_club_id uuid, p_since timestamp with time zone, p_limit integer, p_sort text",True,f7230ca6476ee1dbc3ea98415e882850,ca_club_top_players,"TABLE(user_id uuid, display_name text, avatar_url text, is_horse boolean, hands_played bigint, hands_attributed bigint, hands_won bigint, total_won numeric, profit numeric, biggest_pot_won numeric, win_rate numeric)",True,True,Signature/Hash/Grants Observed; Body And Caller Contract Need Individual Review
False,"p_club_id uuid, p_limit integer, p_days integer",True,eeeb0c51e9459996dd5a9187d47bcc10,ca_club_tournaments,jsonb,True,True,Signature/Hash/Grants Observed; Body And Caller Contract Need Individual Review
False,"p_club_id uuid, p_limit integer",True,5df539b6f2c74972fa30cfbcbe9f9528,ca_club_union_invoices,jsonb,True,True,Signature/Hash/Grants Observed; Body And Caller Contract Need Individual Review
False,"p_user uuid, p_mode text, p_limit integer",True,21843b8f7f595e236f5693c4ffb1895d,ca_player_hands_v2,jsonb,True,True,Signature/Hash/Grants Observed; Body And Caller Contract Need Individual Review
False,"p_user uuid, p_days integer, p_tz text",True,00958f66317d7bf0b968eeaf941ee25d,ca_player_stats_overview_v2,jsonb,True,True,Signature/Hash/Grants Observed; Body And Caller Contract Need Individual Review
False,p_user uuid,True,597a71ba51fa1275215f58ccbcc0e743,ca_player_stats_pulse,jsonb,True,True,Signature/Hash/Grants Observed; Body And Caller Contract Need Individual Review
False,"p_club_id uuid, p_item_key text, p_quantity integer",True,6a4f1c997660e0de3ea9948a9422bc70,ca_promo_vault_buy,jsonb,True,True,Signature/Hash/Grants Observed; Body And Caller Contract Need Individual Review
False,p_club_id uuid,True,021d5fd4910e83803c8cd54671eeedce,ca_promo_vault_catalog,"TABLE(item_key text, category text, label text, description text, duration_days integer, pack_size integer, tier text, diamond_cost integer, icon_key text, sort_order integer, quantity integer)",True,True,Signature/Hash/Grants Observed; Body And Caller Contract Need Individual Review
False,"p_club_id uuid, p_item_key text, p_recipient_user_id uuid, p_quantity integer, p_note text",True,d7551e3124b5a699334f47466c28957b,ca_promo_vault_grant,jsonb,True,True,Signature/Hash/Grants Observed; Body And Caller Contract Need Individual Review
False,"p_club_id uuid, p_item_key text, p_recipient_user_id uuid, p_quantity integer, p_note text, p_op_id uuid",True,ac7662e3d8dd8a2363dbdc798abb9c41,ca_promo_vault_grant,jsonb,True,True,Signature/Hash/Grants Observed; Body And Caller Contract Need Individual Review
False,"p_club_id uuid, p_limit integer",True,0fb4a7881c69275fae7468cede209121,ca_promo_vault_records,"TABLE(id uuid, created_at timestamp with time zone, action text, item_key text, item_label text, item_category text, item_duration_days integer, quantity integer, diamonds_spent integer, actor_user_id uuid, actor_name text, recipient_user_id uuid, recipient_name text, recipient_player_number text, note text)",True,True,Signature/Hash/Grants Observed; Body And Caller Contract Need Individual Review
False,"p_scope text, p_club_id uuid, p_union_id uuid, p_start date, p_end date, p_agent_user_id uuid, p_limit integer, p_offset integer, p_search text, p_sort text",True,88ea972f7629aff56a3e6bf4d54e8606,ca_rake_snapshot,jsonb,True,True,Signature/Hash/Grants Observed; Body And Caller Contract Need Individual Review
False,,False,d04a19c66ebd132a89fa305cc8b5ed52,ca_stats_health,jsonb,True,True,Signature/Hash/Grants Observed; Body And Caller Contract Need Individual Review
False,"p_union_id uuid, p_days integer",True,dfa2466bd1498940c502f31d563e6d0a,ca_union_insurance_pnl,jsonb,True,True,Signature/Hash/Grants Observed; Body And Caller Contract Need Individual Review
False,"p_union_id uuid, p_club_id uuid, p_amount numeric, p_method text, p_reference text, p_note text",True,693497ac17fae9b9ed089cd9c15aedb4,ca_union_record_presettlement,jsonb,True,True,Signature/Hash/Grants Observed; Body And Caller Contract Need Individual Review
False,"p_invoice_id uuid, p_paid boolean, p_amount numeric, p_note text",True,f4e452991f7a3618c83267a48ad7bd55,ca_union_set_statement_paid,jsonb,True,True,Signature/Hash/Grants Observed; Body And Caller Contract Need Individual Review
False,"p_union_id uuid, p_period_end date, p_history integer",True,da45725eb84688e0c135672e605d7a9b,ca_union_statement_board,jsonb,True,True,Signature/Hash/Grants Observed; Body And Caller Contract Need Individual Review
False,"p_period_id uuid, p_agent_id uuid",True,ea1e585cbe3e768e346dfdef8a9d7caf,calculate_agent_settlement,jsonb,True,True,Signature/Hash/Grants Observed; Body And Caller Contract Need Individual Review
False,"p_agent_id uuid, p_period_id uuid",True,e426da164a857284fb37cc38b3dc3451,calculate_agent_spread,jsonb,True,True,Signature/Hash/Grants Observed; Body And Caller Contract Need Individual Review
False,"p_hand_id uuid, p_club_id uuid, p_player_user_id uuid, p_rake_amount numeric, p_rake_record_id uuid, p_table_id uuid",True,55b5d60335a28bb1ceb3131485681c18,calculate_cascading_commission,jsonb,False,True,Signature/Hash/Grants Observed; Body And Caller Contract Need Individual Review
True,p_min integer,True,1cbddfd86a63f3d78dc45b854858adde,cash_tables_needing_engine,"TABLE(table_id uuid, player_count bigint, human_count bigint)",False,True,Signature/Hash/Grants Observed; Body And Caller Contract Need Individual Review
False,"p_user_id uuid, p_challenge_row_ids uuid[], p_request_id uuid",True,db19edbbafd85c55a6ae1f5e5acbeb2f,claim_daily_challenges,jsonb,True,True,Signature/Hash/Grants Observed; Body And Caller Contract Need Individual Review
False,"p_instance_id text, p_version text, p_stale_seconds integer",False,935c9d79f348a7cd1adf27d1a5b1ebc6,claim_engine_leadership,"TABLE(granted boolean, holder text, holder_age_seconds numeric)",True,True,Signature/Hash/Grants Observed; Body And Caller Contract Need Individual Review
False,"p_table_id uuid, p_instance_id text, p_version text, p_requested_generation uuid, p_stale_seconds integer",False,469462c8b26a2d0dc655fe2da1fb5c79,claim_table_lease_v2,"TABLE(granted boolean, holder text, holder_age_seconds numeric, lease_generation uuid, protocol_version integer)",True,True,Signature/Hash/Grants Observed; Body And Caller Contract Need Individual Review
False,"p_tournament_id uuid, p_instance_id text, p_version text, p_requested_generation uuid, p_stale_seconds integer",False,56951cb7bdd386f644d346a06ea37f93,claim_tournament_lease_v2,"TABLE(granted boolean, holder text, holder_age_seconds numeric, lease_generation uuid, protocol_version integer)",True,True,Signature/Hash/Grants Observed; Body And Caller Contract Need Individual Review
False,"p_table_id uuid, p_hand_number integer",False,dd69801c4d64338a2d20ce8b4b60641c,complete_hand_snapshot,void,False,True,Signature/Hash/Grants Observed; Body And Caller Contract Need Individual Review
False,"p_club_id uuid, p_amount numeric",False,a50fa777f155b9004a0157b0384143be,credit_club_rake_to_treasury,void,False,True,Signature/Hash/Grants Observed; Body And Caller Contract Need Individual Review
False,"p_club_id uuid, p_rake numeric, p_bbj numeric, p_hand_id uuid, p_hand_number integer",False,5bdfcb622f87e79fba9e11514ca1c50a,credit_club_wallet_rake,void,True,True,Signature/Hash/Grants Observed; Body And Caller Contract Need Individual Review
False,"p_user_id uuid, p_amount numeric, p_idempotency_key text",False,cf683973d25c4e34229c57d3e640f6f8,credit_player_wallet,void,False,True,Signature/Hash/Grants Observed; Body And Caller Contract Need Individual Review
False,"p_user_id uuid, p_amount numeric",False,d9e66bb94ca4e1d895dc80d8ba0e27d1,deduct_player_wallet,void,False,True,Signature/Hash/Grants Observed; Body And Caller Contract Need Individual Review
False,"p_club_id uuid, p_threshold numeric, p_min_hands integer",True,171c136361a21d635bbcc249ca107169,detect_collusion_pairs,jsonb,True,True,Signature/Hash/Grants Observed; Body And Caller Contract Need Individual Review
False,"p_club_id uuid, p_limit integer",True,d1db797c75c9a9e272f8c14466328658,detect_suspicious_plays,"TABLE(hand_id uuid, player_id uuid, hand_rank text, pot_total numeric, completed_at timestamp with time zone, severity text)",True,True,Signature/Hash/Grants Observed; Body And Caller Contract Need Individual Review
False,"p_user_id uuid, p_achievement_id text, p_progress numeric, p_target numeric",True,a7a3141b2ab6edb3a6b557e245ec0146,fn_achievement_record_progress,boolean,True,True,Signature/Hash/Grants Observed; Body And Caller Contract Need Individual Review
False,"p_tournament_id uuid, p_table_ids uuid[]",False,2441863311de38e8b4edc471200a222b,fn_ack_tournament_capacity_tables,jsonb,True,True,Signature/Hash/Grants Observed; Body And Caller Contract Need Individual Review
False,"p_tournament_id uuid, p_wake_ids bigint[], p_wake_generations bigint[]",False,4e948510fa754f68323981b245ffa0ae,fn_ack_tournament_manager_wakes,jsonb,True,True,Signature/Hash/Grants Observed; Body And Caller Contract Need Individual Review
False,"p_report_id uuid, p_status text, p_admin_notes text",True,5d6d01014ffd1ce2a22e31afc49d14d1,fn_action_player_report,jsonb,True,True,Signature/Hash/Grants Observed; Body And Caller Contract Need Individual Review
False,,True,c625dd8c8d9f17c557d2b1f0489cbd6b,fn_admin_horse_fleet_counts,jsonb,True,True,Signature/Hash/Grants Observed; Body And Caller Contract Need Individual Review
False,"p_table_id uuid, p_user_id uuid, p_reason text",True,513389f0cac8712718f2e620cfc4cf28,fn_admin_kick_player,jsonb,True,True,Signature/Hash/Grants Observed; Body And Caller Contract Need Individual Review
False,p_since timestamp with time zone,True,f73aaab39a800e54b1ea34d35594c5f3,fn_admin_platform_aggregates,"TABLE(total_hands bigint, active_players bigint, total_rake numeric, vip_diamonds bigint, live_players bigint)",True,True,Signature/Hash/Grants Observed; Body And Caller Contract Need Individual Review
False,"p_club_id uuid, p_player_id uuid, p_amount numeric, p_reason text, p_op_id uuid",True,69a29a62f82b40dd1414207888a992a4,fn_admin_remove_player_chips,jsonb,True,True,Signature/Hash/Grants Observed; Body And Caller Contract Need Individual Review
False,"p_agent_id uuid, p_status text, p_role text, p_credit_limit numeric, p_commission_rate numeric, p_player_rakeback_rate numeric, p_assigned_by uuid, p_credit_reason text, p_is_prepaid boolean",True,d1ce4c9a2245cc60f6d02481ee73db52,fn_admin_update_agent,jsonb,True,True,Signature/Hash/Grants Observed; Body And Caller Contract Need Individual Review
False,"p_club_id uuid, p_agent_user_id uuid, p_player_id uuid",True,f6af5f81cce337123d4aa56df4f04cfa,fn_agent_attach_player,jsonb,True,True,Signature/Hash/Grants Observed; Body And Caller Contract Need Individual Review
False,"p_club_id uuid, p_op_id uuid, p_max_rows integer",True,bcb8ff3ffb25d8b6a9e1537845050fdd,fn_agent_claim_commission,jsonb,True,True,Signature/Hash/Grants Observed; Body And Caller Contract Need Individual Review
False,p_club_id uuid,True,12ea17703c4362a6c2499a8afba59f50,fn_agent_downline_commission,jsonb,True,True,Signature/Hash/Grants Observed; Body And Caller Contract Need Individual Review
False,"p_agent_user_id uuid, p_club_id uuid, p_since timestamp with time zone, p_until timestamp with time zone, p_search text, p_limit integer",True,1bf9f0db76d063512cf9945493cc2342,fn_agent_downline_rake,"TABLE(player_id uuid, username text, club_id uuid, club_name text, role text, depth integer, upline_user_id uuid, upline_name text, rake_generated numeric, hands bigint, last_hand_at timestamp with time zone, downline_players integer, downline_rake numeric)",True,True,Signature/Hash/Grants Observed; Body And Caller Contract Need Individual Review
False,"p_agent_user_id uuid, p_club_id uuid, p_since timestamp with time zone, p_until timestamp with time zone",True,a10152cf125e6a06b82e83ebd5aee738,fn_agent_downline_rake_summary,jsonb,True,True,Signature/Hash/Grants Observed; Body And Caller Contract Need Individual Review
False,"p_agent_user_id uuid, p_since timestamp with time zone, p_until timestamp with time zone",True,d15425d2bb433c5411ea6ae3666b8f5d,fn_agent_roster_report,"TABLE(player_id uuid, username text, club_id uuid, club_name text, buyins numeric, cashouts numeric, net_result numeric, rake_generated numeric, agent_commission numeric, chip_balance numeric, credit_used numeric, currently_seated boolean)",True,True,Signature/Hash/Grants Observed; Body And Caller Contract Need Individual Review
False,"p_club_id uuid, p_user_id uuid",True,789ae8840a616364e601abb4472b8252,fn_agent_unsettled_commission,numeric,True,True,Signature/Hash/Grants Observed; Body And Caller Contract Need Individual Review
False,"p_club_id uuid, p_transaction_id uuid, p_amount numeric, p_reason text, p_op_id uuid",True,31d05a227849bda2a1195594c57b90eb,fn_agent_wallet_claim_back,jsonb,True,True,Signature/Hash/Grants Observed; Body And Caller Contract Need Individual Review
False,p_club_id uuid,True,61b3478f0332f8ee7945d6eb2810bb71,fn_agent_wallet_reversible,"TABLE(transaction_id uuid, to_user_id uuid, to_name text, amount numeric, claimed_back numeric, remaining numeric, destination text, created_at timestamp with time zone, reversible_until timestamp with time zone, seconds_left integer)",True,True,Signature/Hash/Grants Observed; Body And Caller Contract Need Individual Review
False,"p_club_id uuid, p_to_user_id uuid, p_amount numeric, p_destination text, p_reason text, p_op_id uuid",True,0214036f29a6d121842496c91c7912af,fn_agent_wallet_send,jsonb,True,True,Signature/Hash/Grants Observed; Body And Caller Contract Need Individual Review
False,"p_agent_user_id uuid, p_period_start timestamp with time zone, p_period_end timestamp with time zone",True,964d9f6523ea3901feef5692501a7d40,fn_agent_weekly_statement,jsonb,True,True,Signature/Hash/Grants Observed; Body And Caller Contract Need Individual Review
False,"p_street text, p_batch integer",False,8aca131ad7924ce97caa8da0706c6ab1,fn_aggregate_gto_street_next,"TABLE(processed integer, new_last_id uuid, street_done boolean)",True,True,Signature/Hash/Grants Observed; Body And Caller Contract Need Individual Review
False,p_batch integer,False,dcda79d36c2cde41006c0705cf578263,fn_aggregate_gto_v31_next,"TABLE(processed integer, last_at timestamp with time zone, last_id uuid, is_done boolean)",True,True,Signature/Hash/Grants Observed; Body And Caller Contract Need Individual Review
False,"p_invoice_id uuid, p_amount numeric, p_method text",True,0f5fc9b1264dd3c20b353677fe210abc,fn_apply_credit_payment,jsonb,True,True,Signature/Hash/Grants Observed; Body And Caller Contract Need Individual Review
False,"p_tournament_id uuid, p_config jsonb",True,d36d5e973de88381dbe6124982f0e401,fn_apply_mystery_bounty_config,jsonb,True,True,Signature/Hash/Grants Observed; Body And Caller Contract Need Individual Review
False,"p_tournament_id uuid, p_source text",False,01391e2b1a4bf19e0ababdb14e99613c,fn_apply_prize_guarantee,jsonb,True,True,Signature/Hash/Grants Observed; Body And Caller Contract Need Individual Review
False,p_items jsonb,False,ac2b4515198a0fe4bd327dfc030f506a,fn_apply_rakeback_player_stats_batch,jsonb,True,True,Signature/Hash/Grants Observed; Body And Caller Contract Need Individual Review
False,"p_agent_user_id uuid, p_super_agent_user_id uuid, p_club_id uuid",True,13f6d2408d152e7d15a8b3b0bf113a9f,fn_assign_agent_to_super_agent,jsonb,True,True,Signature/Hash/Grants Observed; Body And Caller Contract Need Individual Review
False,,False,26958b337c1b5152727d3a05d322ff1f,fn_assign_horse_lanes,jsonb,True,True,Signature/Hash/Grants Observed; Body And Caller Contract Need Individual Review
False,"p_min_hands integer, p_hysteresis_pct numeric",False,9cadfa1a332d4e2401afdc3f4ddf9c08,fn_assign_horse_stake_bands,"TABLE(band text, horses integer)",True,True,Signature/Hash/Grants Observed; Body And Caller Contract Need Individual Review
False,"p_player_user_id uuid, p_agent_user_id uuid, p_club_id uuid",True,882408b533e45efcf04ca79d35b8b1d3,fn_assign_player_to_agent,jsonb,True,True,Signature/Hash/Grants Observed; Body And Caller Contract Need Individual Review
False,"p_limit integer, p_dry_run boolean",False,250b02e5ce9844e7b98665f1c6092406,fn_backfill_bomb_pot_award_units,"TABLE(hands_considered bigint, hands_written bigint, units_written bigint, hands_skipped bigint, skip_reason text)",True,True,Signature/Hash/Grants Observed; Body And Caller Contract Need Individual Review
False,"p_apply boolean, p_limit integer, p_since_hours integer",False,299a4cd1ffa12d67929ce8cbd858ab9d,fn_backpay_spin_unpaid_winners,jsonb,True,True,Signature/Hash/Grants Observed; Body And Caller Contract Need Individual Review
False,p_limit integer,False,93211a9b37aeb8e4af8d308c6248163c,fn_backpay_tournament_rake_attribution,jsonb,True,True,Signature/Hash/Grants Observed; Body And Caller Contract Need Individual Review
False,p_club_ids uuid[],True,05609f5e8e216ff384cd1d9debcd86fd,fn_batch_club_member_counts,"TABLE(club_id uuid, member_count bigint)",True,True,Signature/Hash/Grants Observed; Body And Caller Contract Need Individual Review
False,p_club_ids uuid[],True,79c5b5e35412b09814fee84331a949cb,fn_batch_club_realtime_active_counts,"TABLE(club_id uuid, active_count bigint)",True,True,Signature/Hash/Grants Observed; Body And Caller Contract Need Individual Review
False,p_club_ids uuid[],True,023ca8a214b9ee9bb3af0bb7403d4b5e,fn_batch_club_realtime_member_counts,"TABLE(club_id uuid, member_count bigint)",True,True,Signature/Hash/Grants Observed; Body And Caller Contract Need Individual Review
False,p_union_ids uuid[],True,d6d4ee5fd21ea19ef93c874549078b08,fn_batch_union_realtime_active_counts,"TABLE(union_id uuid, active_count bigint)",True,True,Signature/Hash/Grants Observed; Body And Caller Contract Need Individual Review
False,p_union_ids uuid[],True,4fb5e42ab814bef27dbcc90a36ee4d13,fn_batch_union_realtime_member_counts,"TABLE(union_id uuid, member_count bigint)",True,True,Signature/Hash/Grants Observed; Body And Caller Contract Need Individual Review
False,p_pool_id uuid,True,2ca878b09e6f095fcfd2b525822173e9,fn_bbj_analytics,"TABLE(main_balance numeric, backup_balance numeric, promo_balance numeric, contributions_24h numeric, contributions_7d numeric, contributions_30d numeric, hands_24h bigint, hands_7d bigint, total_contributed_all_time numeric, hit_count bigint, total_paid_all_time numeric, biggest_hit numeric, last_hit_at timestamp with time zone, avg_days_between_hits numeric, days_since_last_hit numeric, net_pool_position numeric)",True,True,Signature/Hash/Grants Observed; Body And Caller Contract Need Individual Review
False,"p_table_id uuid, p_hand_number bigint",False,ea5d096ab170d474d2511e08952acaec,fn_bbj_claim_drill,jsonb,True,True,Signature/Hash/Grants Observed; Body And Caller Contract Need Individual Review
False,p_payout_id uuid,True,fcb0be8604a5ad5b4c6fa0f86cd05974,fn_bbj_hand_detail,jsonb,True,True,Signature/Hash/Grants Observed; Body And Caller Contract Need Individual Review
False,"p_pool_id uuid, p_days integer",True,61f6e6ce9625df16b21882abeb12a12e,fn_bbj_my_contribution,"TABLE(attributed_chips numeric, hands_contributed bigint, days_covered integer)",True,True,Signature/Hash/Grants Observed; Body And Caller Contract Need Individual Review
False,p_pool_id uuid,True,cbaccc1e155abb94d44e956185f7c296,fn_bbj_pool_facts,"TABLE(hands_contributed bigint, total_contributed numeric, first_contribution_at timestamp with time zone)",True,True,Signature/Hash/Grants Observed; Body And Caller Contract Need Individual Review
False,p_club_id uuid,True,1be385b96ed68efa961f65013224fc80,fn_bbj_pool_for_club,"TABLE(pool_id uuid, main_balance numeric, backup_balance numeric, promo_balance numeric, is_union_pool boolean, union_id uuid)",True,True,Signature/Hash/Grants Observed; Body And Caller Contract Need Individual Review
False,"p_pool_id uuid, p_amount numeric, p_reason text",False,ecce8ae7e6905f4ab2427167c989b544,fn_bbj_promo_rain,jsonb,True,True,Signature/Hash/Grants Observed; Body And Caller Contract Need Individual Review
False,"p_pool_id uuid, p_limit integer, p_before timestamp with time zone, p_before_id uuid",True,b2e5dfc83b8a4b66b82510052b8a3e9c,fn_bbj_recent_hits,"TABLE(payout_id uuid, awarded_at timestamp with time zone, hand_number bigint, total_payout numeric, bad_beat_user_id uuid, bad_beat_player_number text, bad_beat_avatar_url text, bad_beat_name text, bad_beat_hand text, bad_beat_amount numeric, bad_beat_cards jsonb, hand_winner_name text, hand_winner_hand text, hand_winner_amount numeric, hand_winner_cards jsonb, board jsonb, game_variant text, small_blind numeric, big_blind numeric, table_player_count integer, recipients jsonb, total_hits integer, kind text)",True,True,Signature/Hash/Grants Observed; Body And Caller Contract Need Individual Review
False,"p_since_hours integer, p_limit integer",False,b32b9405f3504c6b1a55cb264de0db3f,fn_bbj_repair_unbanked,"TABLE(hand_id uuid, table_id uuid, club_id uuid, pool_id uuid, amount numeric)",True,True,Signature/Hash/Grants Observed; Body And Caller Contract Need Individual Review
False,"p_tournament_id uuid, p_launch_id uuid, p_started_at timestamp with time zone",False,3214b4fe0037e6b08963dd8676d593a8,fn_begin_tournament_launch_atomic,jsonb,True,True,Signature/Hash/Grants Observed; Body And Caller Contract Need Individual Review
False,"p_tournament_id uuid, p_launch_id uuid, p_started_at timestamp with time zone, p_lease_generation uuid",False,80e5567b44bf2711979444432ce4e979,fn_begin_tournament_launch_atomic,jsonb,True,True,Signature/Hash/Grants Observed; Body And Caller Contract Need Individual Review
False,p_obligation_id uuid,False,9acb7d17d2e0545684310b52434f2d18,fn_bounty_obligation_has_complete_marker,boolean,True,True,Signature/Hash/Grants Observed; Body And Caller Contract Need Individual Review
False,"p_day date, p_rows jsonb",False,96980e137acf048af1772b09f5c2f028,fn_brain_telemetry_add,integer,True,True,Signature/Hash/Grants Observed; Body And Caller Contract Need Individual Review
False,"p_challenge_type text, p_amount numeric",True,d48038c354cce4bb7c2357a7b21e80b2,fn_bump_friend_challenge_progress,void,True,True,Signature/Hash/Grants Observed; Body And Caller Contract Need Individual Review
False,p_club_id uuid,True,5b86542b4686a504209767ac9a70e1e8,fn_ca_agent_payables,jsonb,True,True,Signature/Hash/Grants Observed; Body And Caller Contract Need Individual Review
False,"p_entity_type text, p_entity_id uuid, p_asof timestamp with time zone",True,c491fa6a53e967e1bde3b9163b916380,fn_ca_balance_asof_admin,jsonb,True,True,Signature/Hash/Grants Observed; Body And Caller Contract Need Individual Review
False,"p_club_id uuid, p_user_id uuid, p_reason text, p_expires_at timestamp with time zone",True,2a4d8fbf663f654674f68aef59ebf89a,fn_ca_ban_club_player,jsonb,True,True,Signature/Hash/Grants Observed; Body And Caller Contract Need Individual Review
False,"p_scope text, p_club_id uuid, p_before timestamp with time zone, p_limit integer",True,8e3c59ba71af74570be7daf1c99855b1,fn_ca_chip_statement,jsonb,True,True,Signature/Hash/Grants Observed; Body And Caller Contract Need Individual Review
False,"p_club_id uuid, p_status text, p_limit integer",True,154138c3806ab77a649055f7494d9879,fn_ca_club_hand_flags,"TABLE(id uuid, hand_id uuid, hand_number bigint, table_id uuid, table_name text, flagged_by uuid, note text, status text, operator_note text, reviewed_by uuid, reviewed_at timestamp with time zone, created_at timestamp with time zone, updated_at timestamp with time zone)",True,True,Signature/Hash/Grants Observed; Body And Caller Contract Need Individual Review
False,"p_table_id uuid, p_hand_number bigint, p_stacks jsonb, p_rake numeric, p_bbj numeric, p_ref text, p_inflow numeric, p_hand_row jsonb, p_units jsonb",False,b0599ac041b35cbf7e340ad2c5ed1265,fn_ca_commit_hand_settlement,jsonb,True,True,Signature/Hash/Grants Observed; Body And Caller Contract Need Individual Review
False,"p_table_id uuid, p_hand_number bigint, p_stacks jsonb, p_rake numeric, p_bbj numeric, p_ref text, p_inflow numeric, p_hand_row jsonb, p_units jsonb, p_instance_id text, p_lease_generation uuid",False,42cd051b5f7014da40a80590deebd4fa,fn_ca_commit_hand_settlement,jsonb,True,True,Signature/Hash/Grants Observed; Body And Caller Contract Need Individual Review
False,"p_table_id uuid, p_hand_number bigint, p_stacks jsonb, p_rake numeric, p_bbj numeric, p_ref text, p_inflow numeric, p_hand_row jsonb, p_units jsonb, p_instance_id text, p_lease_generation uuid, p_post_commit_obligations jsonb",False,daee7238cf3ed6d1e3cf82276f135365,fn_ca_commit_hand_settlement,jsonb,True,True,Signature/Hash/Grants Observed; Body And Caller Contract Need Individual Review
False,"p_slot integer, p_request_id uuid, p_user_id uuid",True,99660a48d2a6d3cfa4e5b2a68dda725b,fn_ca_daily_bonus_claim,jsonb,True,True,Signature/Hash/Grants Observed; Body And Caller Contract Need Individual Review
False,,True,b7419db6eb2fb903414b98fd3e1b12e1,fn_ca_daily_bonus_status,jsonb,True,True,Signature/Hash/Grants Observed; Body And Caller Contract Need Individual Review
False,"p_club_id uuid, p_player_a uuid, p_player_b uuid, p_note text",True,795915341134a8e94e25af25aa1ec24a,fn_ca_dismiss_collusion_pair,jsonb,True,True,Signature/Hash/Grants Observed; Body And Caller Contract Need Individual Review
False,,True,897263bb266bd7cee1fcd5e4fc60d394,fn_ca_drift_metrics,jsonb,True,True,Signature/Hash/Grants Observed; Body And Caller Contract Need Individual Review
False,"p_hand_id uuid, p_note text",True,65591340f9c1baacf522a90391da3726,fn_ca_flag_hand,jsonb,True,True,Signature/Hash/Grants Observed; Body And Caller Contract Need Individual Review
False,p_club_id uuid,False,305a6ebb95d3eb4981afc40130f9ee43,fn_ca_fleet_policy_effective,jsonb,True,True,Signature/Hash/Grants Observed; Body And Caller Contract Need Individual Review
False,p_rows jsonb,False,0cdb26a288d0d570f184de7f97747e1a,fn_ca_fleet_seat_touch,integer,True,True,Signature/Hash/Grants Observed; Body And Caller Contract Need Individual Review
False,"p_rows jsonb, p_beat jsonb",False,a9949cbfaba3ab6f13c660c1d81561ea,fn_ca_fleet_state_upsert,jsonb,True,True,Signature/Hash/Grants Observed; Body And Caller Contract Need Individual Review
False,,True,0db0b5d0a7be50219e9b0d75004cffa3,fn_ca_gate_panel,jsonb,True,True,Signature/Hash/Grants Observed; Body And Caller Contract Need Individual Review
False,"p_incident_id uuid, p_action text, p_note text, p_assignee uuid, p_root_cause text, p_correction_ref text",True,1017987e76a8327b7d379d795a317401,fn_ca_incident_action,jsonb,True,True,Signature/Hash/Grants Observed; Body And Caller Contract Need Individual Review
False,"p_status text, p_limit integer",True,bc12882b4aaa9c4a96e1192de6a92d48,fn_ca_incident_dashboard,SETOF jsonb,True,True,Signature/Hash/Grants Observed; Body And Caller Contract Need Individual Review
False,"p_row jsonb, p_units jsonb",False,e7f05bb7d61360be7424c5f429066047,fn_ca_insert_hand_with_awards,uuid,True,True,Signature/Hash/Grants Observed; Body And Caller Contract Need Individual Review
False,"p_club_id uuid, p_hand_number bigint, p_reason text",True,5730804b7bd990a728b93cf602480273,fn_ca_operator_read_hand,jsonb,True,True,Signature/Hash/Grants Observed; Body And Caller Contract Need Individual Review
False,p_hand_id uuid,False,7180d0900beec4fe6441d16fc24bcb18,fn_ca_process_hand_post_commit_obligations,jsonb,True,True,Signature/Hash/Grants Observed; Body And Caller Contract Need Individual Review
False,"p_flag_id uuid, p_status text, p_operator_note text",True,93f1fd267ebb221cf7227f2dfe7e33c4,fn_ca_resolve_hand_flag,jsonb,True,True,Signature/Hash/Grants Observed; Body And Caller Contract Need Individual Review
False,"p_table_id uuid, p_max_buy_in numeric, p_instance_id text, p_lease_generation uuid",False,276314a02cecc35607cde1afdc2fdf21,fn_ca_resolve_unbound_pending_addons,jsonb,True,True,Signature/Hash/Grants Observed; Body And Caller Contract Need Individual Review
False,"p_club_id uuid, p_reason text",False,a932ec8f2f18d186499f4118e2f582b4,fn_ca_retire_certification_club,jsonb,True,True,Signature/Hash/Grants Observed; Body And Caller Contract Need Individual Review
False,"p_table_id uuid, p_hand_number bigint, p_stacks jsonb, p_rake numeric, p_bbj numeric, p_ref text, p_inflow numeric",False,f0238de7ab2bf55049ff3c64f2699fd3,fn_ca_settle_hand_stacks_absolute,jsonb,True,True,Signature/Hash/Grants Observed; Body And Caller Contract Need Individual Review
False,,True,cc4eee86012ccbaa918b22bc43c62f86,fn_can_i_create_a_union,boolean,True,True,Signature/Hash/Grants Observed; Body And Caller Contract Need Individual Review
False,,True,da88ca2adf1d421b940726e6fdfeb7f0,fn_can_i_operate_the_union_network,boolean,True,True,Signature/Hash/Grants Observed; Body And Caller Contract Need Individual Review
False,p_club_id uuid,True,9b11ff580674ff373fef8eaa8fe92a30,fn_cancel_club_join_request,boolean,True,True,Signature/Hash/Grants Observed; Body And Caller Contract Need Individual Review
False,p_schedule_id uuid,True,4e768ad16a533c8baa43655a624518dd,fn_cancel_managed_game_schedule,jsonb,True,True,Signature/Hash/Grants Observed; Body And Caller Contract Need Individual Review
False,p_days integer,True,6245e646803f9b216cd75a70f0064693,fn_card_slide_adoption,"TABLE(days integer, users_with_setting_on bigint, users_with_setting_off bigint, active_users bigint, peels_started bigint, peels_committed bigint, peels_abandoned bigint, keyboard_opens bigint, commit_rate numeric)",True,True,Signature/Hash/Grants Observed; Body And Caller Contract Need Individual Review
False,p_table_id uuid,True,fb76cf07e7eed10bfad0038e985c9670,fn_cash_effective_buyin,jsonb,True,True,Signature/Hash/Grants Observed; Body And Caller Contract Need Individual Review
False,"p_club_id uuid, p_template text, p_variant text, p_sb numeric, p_bb numeric, p_handedness integer, p_overrides jsonb, p_name text, p_must_move boolean",True,fec049e3a50544b66d88dab7ff535ae2,fn_cash_game_create,jsonb,True,True,Signature/Hash/Grants Observed; Body And Caller Contract Need Individual Review
False,"p_club_id uuid, p_variant text, p_sb numeric, p_bb numeric, p_template text, p_handedness integer",False,f553b20efa659b04f76bd95459c7824e,fn_cash_game_ensure,uuid,True,True,Signature/Hash/Grants Observed; Body And Caller Contract Need Individual Review
False,p_game_id uuid,True,143ffc9c299a458320a25151347f0d85,fn_cash_game_join,jsonb,True,True,Signature/Hash/Grants Observed; Body And Caller Contract Need Individual Review
False,p_game_id uuid,True,c150fc786cad741ea1b303c32c6e9224,fn_cash_game_lobby,jsonb,True,True,Signature/Hash/Grants Observed; Body And Caller Contract Need Individual Review
False,p_game_id uuid,True,38edd605671d5335de9aa11722b0a8c9,fn_cash_seat_change_cancel,jsonb,True,True,Signature/Hash/Grants Observed; Body And Caller Contract Need Individual Review
False,"p_game_id uuid, p_to_table_id uuid, p_user_id uuid",True,7e1cac053ec2bc4f8901d01bde71a4fd,fn_cash_seat_change_request,jsonb,True,True,Signature/Hash/Grants Observed; Body And Caller Contract Need Individual Review
False,p_move_ids uuid[],False,909862d27f8982bc9db2188413cd0d95,fn_cash_seat_move_announce,integer,True,True,Signature/Hash/Grants Observed; Body And Caller Contract Need Individual Review
False,p_move_id uuid,False,ad94c117d61c6fd5be76e8868aa1834a,fn_cash_seat_move_execute,jsonb,True,True,Signature/Hash/Grants Observed; Body And Caller Contract Need Individual Review
False,p_table_id uuid,False,5cfaf1108cf6ddc5167ba1ee687546f7,fn_cash_seat_moves_pending,"TABLE(move_id uuid, player_id uuid, to_table_id uuid, to_table_name text, to_role text, to_main_index integer, reason text, announced_at timestamp with time zone, swap_move_id uuid, ready_at timestamp with time zone)",True,True,Signature/Hash/Grants Observed; Body And Caller Contract Need Individual Review
False,"p_table_id uuid, p_entries jsonb",False,63c48e5d33b963562295d32e6fbee380,fn_cash_session_evaluate,jsonb,True,True,Signature/Hash/Grants Observed; Body And Caller Contract Need Individual Review
True,"p_template text, p_variant text",True,f8616b0433f0420032a6233879876c79,fn_cash_template_defaults,jsonb,False,True,Signature/Hash/Grants Observed; Body And Caller Contract Need Individual Review
False,p_table_id uuid,True,cf647b3bb62d26770f900ee375a9d2b0,fn_cash_vpip_status,jsonb,True,True,Signature/Hash/Grants Observed; Body And Caller Contract Need Individual Review
False,"p_club_id uuid, p_kind text, p_items jsonb, p_batch_id uuid",True,0252faecc9c3e8dd506ccd00061243cb,fn_cashier_batch_transfer,jsonb,True,True,Signature/Hash/Grants Observed; Body And Caller Contract Need Individual Review
False,"p_cashout_id uuid, p_note text, p_op_id uuid",True,702ceb8322f4018595cacb5b140bc29e,fn_cashout_approve,jsonb,True,True,Signature/Hash/Grants Observed; Body And Caller Contract Need Individual Review
False,"p_club_id uuid, p_status text",True,a9e4ff8df86c6c83001000130e6b3827,fn_cashout_queue,"TABLE(id uuid, club_id uuid, player_id uuid, player_name text, player_avatar text, agent_id uuid, amount numeric, status text, player_note text, agent_note text, created_at timestamp with time zone)",True,True,Signature/Hash/Grants Observed; Body And Caller Contract Need Individual Review
False,"p_cashout_id uuid, p_note text, p_op_id uuid",True,b916271ddbb494851520e5ac237fc37b,fn_cashout_release,jsonb,True,True,Signature/Hash/Grants Observed; Body And Caller Contract Need Individual Review
False,"p_club_id uuid, p_amount numeric, p_note text, p_op_id uuid",True,b6e9e3bbf4d87df47d5d984f0893f127,fn_cashout_request,jsonb,True,True,Signature/Hash/Grants Observed; Body And Caller Contract Need Individual Review
False,p_tournament_id uuid,True,e0eb0c77372307330737627ed8dc7ff7,fn_cast_tournament_deal_vote,jsonb,True,False,Signature/Hash/Grants Observed; Body And Caller Contract Need Individual Review
False,p_limit integer,False,822f48cdf3b5509b65bf5a971a7cbbfd,fn_charge_place_overpays,jsonb,True,True,Signature/Hash/Grants Observed; Body And Caller Contract Need Individual Review
False,p_user_id uuid,True,fa22d7de562f987dac3dd811d60245f0,fn_check_level_advancement,void,True,True,Signature/Hash/Grants Observed; Body And Caller Contract Need Individual Review
False,"p_expected_ownership_token uuid, p_new_ownership_token uuid, p_declared_by text",False,8eefdef7228011bf738603eb5283ca50,fn_claim_engine_maintenance_break,jsonb,True,True,Signature/Hash/Grants Observed; Body And Caller Contract Need Individual Review
False,p_club_id uuid,True,76c98ecdbf6d1d4e376ecad09f281846,fn_claim_rakeback,jsonb,True,True,Signature/Hash/Grants Observed; Body And Caller Contract Need Individual Review
False,p_milestone integer,True,e112e75846be55a6930a38d228587c8c,fn_claim_referral_milestone,jsonb,True,True,Signature/Hash/Grants Observed; Body And Caller Contract Need Individual Review
False,"p_tournament_id uuid, p_eliminated_user_id uuid, p_position integer, p_prize numeric, p_table_id uuid, p_hand_id uuid, p_hand_number bigint, p_seat_joined_at timestamp with time zone, p_knocker_user_id uuid, p_claimants jsonb, p_bubble_refund numeric, p_allow_existing_eliminated boolean",False,3b759caa94f1023ca2d90daea8cd38da,fn_claim_tournament_bounty_elimination,jsonb,True,True,Signature/Hash/Grants Observed; Body And Caller Contract Need Individual Review
False,"p_phase text, p_announced_at timestamp with time zone, p_break_started_at timestamp with time zone, p_break_ends_at timestamp with time zone, p_reason text, p_ownership_token uuid",False,d7e1ada238701f62581850a5ee82d1e0,fn_clear_engine_maintenance_break,boolean,True,True,Signature/Hash/Grants Observed; Body And Caller Contract Need Individual Review
False,"p_tournament_id uuid, p_table_id uuid, p_lease_generation uuid",False,1bf153a3aab60ae782d91b797588918f,fn_close_empty_tournament_table,jsonb,True,True,Signature/Hash/Grants Observed; Body And Caller Contract Need Individual Review
False,"p_tournament_id uuid, p_source text",False,385d1b85fd08702be6c9bd046c2a7e76,fn_close_tournament_addon_period,jsonb,True,True,Signature/Hash/Grants Observed; Body And Caller Contract Need Individual Review
False,"p_tournament_id uuid, p_source text",False,1e98d741b83ac1f38891cd36b64d84a4,fn_close_tournament_entry_window,jsonb,True,True,Signature/Hash/Grants Observed; Body And Caller Contract Need Individual Review
False,"p_club_id uuid, p_status text, p_limit integer",True,87ba91ae704dfd57a44439e9f9af7694,fn_club_anti_cheat_flags,"TABLE(id uuid, player_id uuid, club_id uuid, table_id uuid, flag_type text, reason text, severity text, status text, reviewed_by uuid, reviewed_at timestamp with time zone, review_notes text, flagged_at timestamp with time zone, created_at timestamp with time zone)",True,True,Signature/Hash/Grants Observed; Body And Caller Contract Need Individual Review
False,"p_club_id uuid, p_from_user_id uuid, p_amount numeric, p_source text, p_reason text, p_op_id uuid",True,4d2ba4ac0c8ca22ad025dbe6ca3895a4,fn_club_bank_claim_back,jsonb,True,True,Signature/Hash/Grants Observed; Body And Caller Contract Need Individual Review
False,"p_club_id uuid, p_limit integer, p_offset integer, p_types text[]",True,7657cfba6f83b5c651a4ab48e990ba37,fn_club_bank_ledger,jsonb,True,True,Signature/Hash/Grants Observed; Body And Caller Contract Need Individual Review
False,"p_transaction_id uuid, p_reason text, p_op_id uuid",True,3b28e5835269b4dbab613a88fa1cb6a2,fn_club_bank_reverse,jsonb,True,True,Signature/Hash/Grants Observed; Body And Caller Contract Need Individual Review
False,"p_club_id uuid, p_to_user_id uuid, p_amount numeric, p_destination text, p_reason text, p_op_id uuid",True,162eba07a4e75f16ae21e5ca809ee595,fn_club_bank_send,jsonb,True,True,Signature/Hash/Grants Observed; Body And Caller Contract Need Individual Review
False,"p_club_id uuid, p_days integer",True,a37016388c8957533a8a7f1e0b610065,fn_club_bomb_pot_report,"TABLE(table_id uuid, table_name text, trigger_reason text, board_count integer, variant text, hands bigint, avg_players numeric, avg_pot numeric, total_pot numeric, total_rake numeric, total_antes numeric, scoops bigint, splits bigint, unrecorded_hands bigint)",True,True,Signature/Hash/Grants Observed; Body And Caller Contract Need Individual Review
False,p_club_id uuid,True,3e5b488d7884223ed4b90dcacadfee72,fn_club_cashier_members,"TABLE(user_id uuid, role text, role_rank integer, depth integer, chip_balance numeric, name text, username text, player_number text, avatar_url text)",True,True,Signature/Hash/Grants Observed; Body And Caller Contract Need Individual Review
False,"p_club_id uuid, p_after_role_rank integer, p_after_user_id uuid, p_limit integer",True,69233cd46670fbc2989173f6ba9f4328,fn_club_cashier_members_page_v3,"TABLE(user_id uuid, role text, role_rank integer, depth integer, chip_balance numeric, name text, username text, player_number text, avatar_url text, is_horse boolean)",True,True,Signature/Hash/Grants Observed; Body And Caller Contract Need Individual Review
False,"p_club_id uuid, p_metric text, p_start_date date, p_end_date date, p_limit integer, p_offset integer",True,b0efe3c4e9f3f7aac7c6cf9a6985ea6c,fn_club_leaderboard_by_dates,"TABLE(user_id uuid, hands_played numeric, total_winnings numeric, total_losses numeric, tournaments_won numeric, total_rake numeric, sum_big_blind numeric, rank_change integer, qualified boolean, rank integer, total_ranked integer, baseline_date date)",True,True,Signature/Hash/Grants Observed; Body And Caller Contract Need Individual Review
True,"p_club_id uuid, p_metric text, p_period text, p_limit integer, p_offset integer",True,b44ad44876dbf9bb20b85193ae794013,fn_club_leaderboard_period_v2,"TABLE(user_id uuid, hands_played numeric, total_winnings numeric, total_losses numeric, tournaments_won numeric, total_rake numeric, sum_big_blind numeric, rank_change integer, qualified boolean, rank integer, total_ranked integer, baseline_date date)",True,True,Signature/Hash/Grants Observed; Body And Caller Contract Need Individual Review
False,p_club_id uuid,True,853d0e0e353440c2919c6c3419d61c66,fn_club_member_counts,"TABLE(total bigint, active bigint, pending bigint)",True,True,Signature/Hash/Grants Observed; Body And Caller Contract Need Individual Review
False,p_club_id uuid,True,1374b5a7a5759e631a8f3ebda5199c91,fn_club_money_panel,jsonb,True,True,Signature/Hash/Grants Observed; Body And Caller Contract Need Individual Review
True,p_name text,True,6b816e1a0fa1bc563fdb8443deade1bd,fn_club_name_available,boolean,True,True,Signature/Hash/Grants Observed; Body And Caller Contract Need Individual Review
False,p_club_id uuid,True,5fdb65f0b509312e8f63ec00e9f3c34b,fn_club_retirement_impact,jsonb,True,True,Signature/Hash/Grants Observed; Body And Caller Contract Need Individual Review
False,p_club_id uuid,True,be6fa7f8c21cddebf68d4e23099b977f,fn_club_scope_ids,uuid[],True,True,Signature/Hash/Grants Observed; Body And Caller Contract Need Individual Review
False,"p_club_id uuid, p_user_id uuid, p_role text, p_actor_user_id uuid, p_commission_rate numeric, p_player_rakeback_rate numeric, p_is_prepaid boolean, p_credit_limit numeric",True,59e8df8dc16220b5bad8e5f2437241e7,fn_club_set_member_role,jsonb,True,True,Signature/Hash/Grants Observed; Body And Caller Contract Need Individual Review
True,"p_club_id uuid, p_limit integer, p_offset integer",True,627eccb4daed89a26feeda113eab0118,fn_club_tournament_stats,"TABLE(""userId"" uuid, username text, avatar text, ""tournamentsPlayed"" integer, wins integer, ""finalTables"" integer, ""itmFinishes"" integer, ""totalPrizes"" numeric, roi numeric, ""biggestWin"" numeric)",False,True,Signature/Hash/Grants Observed; Body And Caller Contract Need Individual Review
False,"p_club_id uuid, p_limit integer, p_offset integer",True,88bc8f812b845ad44e5ec1d9ea13d5bf,fn_club_trade_ledger,"TABLE(id uuid, created_at timestamp with time zone, transaction_type text, amount numeric, from_user_id uuid, to_user_id uuid, notes text, metadata jsonb, from_name text, to_name text)",True,True,Signature/Hash/Grants Observed; Body And Caller Contract Need Individual Review
False,"p_tournament_id uuid, p_eliminated_user_id uuid, p_collector_user_id uuid, p_claimants jsonb",False,c87a951a73f671bcf0a9831b6f00360f,fn_collect_bounty,jsonb,True,True,Signature/Hash/Grants Observed; Body And Caller Contract Need Individual Review
False,,True,563fccf92dabe991b929686d0b955c16,fn_community_overview,jsonb,True,True,Signature/Hash/Grants Observed; Body And Caller Contract Need Individual Review
False,"p_query text, p_scope text, p_limit integer",True,7354f0e9a4912d3acfca1248fceb484f,fn_community_search,jsonb,True,True,Signature/Hash/Grants Observed; Body And Caller Contract Need Individual Review
False,p_tournament_id uuid,False,39d15a8290a7ce752b39917bc3335ceb,fn_complete_tournament_entry_reprice,jsonb,True,True,Signature/Hash/Grants Observed; Body And Caller Contract Need Individual Review
False,"p_tournament_id uuid, p_launch_id uuid",False,554c10597600a0408c5698039f1aa046,fn_complete_tournament_launch_atomic,jsonb,True,True,Signature/Hash/Grants Observed; Body And Caller Contract Need Individual Review
False,"p_tournament_id uuid, p_launch_id uuid, p_lease_generation uuid",False,089328dfdae64c78cb2f7976a3a02b83,fn_complete_tournament_launch_atomic,jsonb,True,True,Signature/Hash/Grants Observed; Body And Caller Contract Need Individual Review
False,"p_user_id uuid, p_feature text",True,98ca626be7f967b34f58119edc972c7a,fn_consume_feature_use,void,True,True,Signature/Hash/Grants Observed; Body And Caller Contract Need Individual Review
False,"p_user_id uuid, p_request_id uuid",False,f1867f07c5298fd29d041c795fad1f68,fn_consume_rabbit_hunt_v2,jsonb,True,True,Signature/Hash/Grants Observed; Body And Caller Contract Need Individual Review
False,"p_user_id uuid, p_seconds integer",False,837df0323b6cc81c933a1104d2064d6e,fn_consume_time_bank,jsonb,True,True,Signature/Hash/Grants Observed; Body And Caller Contract Need Individual Review
False,"p_user_id uuid, p_club_id uuid, p_role text, p_parent_agent_id uuid, p_commission_rate numeric, p_player_rakeback_rate numeric, p_credit_limit numeric, p_is_prepaid boolean",True,187ba10367041b03c9b1a815f158f1f0,fn_create_agent,jsonb,True,True,Signature/Hash/Grants Observed; Body And Caller Contract Need Individual Review
False,"p_request_id uuid, p_name text, p_description text, p_color_theme text, p_is_public boolean, p_requires_approval boolean, p_logo_url text",True,a48b60521c9c4eeaf3f2dbe014c86fb4,fn_create_club_atomic,jsonb,True,True,Signature/Hash/Grants Observed; Body And Caller Contract Need Individual Review
False,"p_tournament_id uuid, p_config jsonb",False,92cbf5680d78bdbaa4309412b3d19dfd,fn_create_seat_first_game_atomic,jsonb,True,True,Signature/Hash/Grants Observed; Body And Caller Contract Need Individual Review
False,"p_club_id uuid, p_config jsonb",True,6d4ba3ccc89f53cf615cfe6c185e43b2,fn_create_tournament,jsonb,True,True,Signature/Hash/Grants Observed; Body And Caller Contract Need Individual Review
False,p_items jsonb,False,0649a58a4a82bcc1f4835abf63093b43,fn_credit_agent_commissions_batch,jsonb,True,True,Signature/Hash/Grants Observed; Body And Caller Contract Need Individual Review
True,,True,e3088cec64996b5283ace84ca975719e,fn_db_now,timestamp with time zone,False,True,Signature/Hash/Grants Observed; Body And Caller Contract Need Individual Review
False,"p_tournament_id uuid, p_user_id uuid",True,54f45a527355428efbe7739dab2973cf,fn_decline_tournament_rebuy,jsonb,True,True,Signature/Hash/Grants Observed; Body And Caller Contract Need Individual Review
False,p_schedule_id uuid,True,4b4ab259ee482474320eb6a9c42b2fab,fn_delete_tournament_schedule,jsonb,True,True,Signature/Hash/Grants Observed; Body And Caller Contract Need Individual Review
False,p_since_days integer,False,8d5ff5a913a78e4e7677023ad7089fdb,fn_detect_results_without_a_hand,jsonb,True,True,Signature/Hash/Grants Observed; Body And Caller Contract Need Individual Review
True,"p_search text, p_limit integer, p_offset integer",True,178f26b443b67b158fdd36286a1f6d23,fn_discover_clubs,"TABLE(id uuid, name text, description text, avatar_url text, member_count integer, online_count integer, game_types text[], is_public boolean, created_at timestamp with time zone)",False,True,Signature/Hash/Grants Observed; Body And Caller Contract Need Individual Review
False,p_club_id uuid,True,d914ae9e0e6dad06d1d043df3bf23a2a,fn_dismiss_club_message,jsonb,True,True,Signature/Hash/Grants Observed; Body And Caller Contract Need Individual Review
False,"p_dispute_id uuid, p_note text",True,5b873bd9d3f55597bae19a0075a9bc8f,fn_dispute_escalate,jsonb,True,True,Signature/Hash/Grants Observed; Body And Caller Contract Need Individual Review
False,p_dispute_id uuid,True,b8b36f4a2cb2d1d71ea325a27230c7ea,fn_dispute_start_review,jsonb,True,True,Signature/Hash/Grants Observed; Body And Caller Contract Need Individual Review
False,"p_tournament_id uuid, p_user_id uuid, p_position integer, p_prize numeric, p_bubble_refund numeric",False,934a34e0faeaa1b54939efb36fde8e9d,fn_eliminate_tournament_player_atomic,jsonb,True,True,Signature/Hash/Grants Observed; Body And Caller Contract Need Individual Review
False,"p_tournament_id uuid, p_reserved_entries integer",False,231f56742d40351b5121622ef068d02c,fn_ensure_late_registration_capacity,jsonb,True,True,Signature/Hash/Grants Observed; Body And Caller Contract Need Individual Review
False,"p_command_id uuid, p_kind text, p_game_id uuid, p_action text, p_expected_version integer, p_payload jsonb",True,595ccafe25ad94a22104512d657185a0,fn_execute_managed_game_command,jsonb,True,True,Signature/Hash/Grants Observed; Body And Caller Contract Need Individual Review
False,"p_union_id uuid, p_period_start timestamp with time zone, p_period_end timestamp with time zone",True,de06da455424cbd5c38d6934a2dfca60,fn_execute_union_rakeback,jsonb,True,True,Signature/Hash/Grants Observed; Body And Caller Contract Need Individual Review
False,p_ttl_hours integer,False,431fdd4e1570acf76f6c5199982be1c3,fn_expire_stale_cashouts,integer,True,True,Signature/Hash/Grants Observed; Body And Caller Contract Need Individual Review
False,"p_tournament_id uuid, p_winner_user_id uuid",False,82c1b781346562a0d139db4e83b2c82e,fn_finalize_bounty_pool,jsonb,True,True,Signature/Hash/Grants Observed; Body And Caller Contract Need Individual Review
False,p_union uuid,False,a36ac7392bb71a1ad589d3a9cd8bac3b,fn_freeroll_fill_targets,"TABLE(tournament_id uuid, name text, status text, current_players integer, max_players integer, minutes_to_start numeric)",True,True,Signature/Hash/Grants Observed; Body And Caller Contract Need Individual Review
False,p_club_id uuid,True,da7e6d647de08c571ad1e02f85739400,fn_game_creation_access,jsonb,True,True,Signature/Hash/Grants Observed; Body And Caller Contract Need Individual Review
False,p_period_end timestamp with time zone,True,c1ed1b3b3b1453605c1091b47b5d54fd,fn_generate_all_credit_invoices,jsonb,True,True,Signature/Hash/Grants Observed; Body And Caller Contract Need Individual Review
False,"p_agent_id uuid, p_period_start timestamp with time zone, p_period_end timestamp with time zone, p_debt_owed numeric, p_due_date timestamp with time zone",True,c4e349b8b9659b94cbd88680a4d705cb,fn_generate_credit_invoice,jsonb,True,True,Signature/Hash/Grants Observed; Body And Caller Contract Need Individual Review
False,"p_agent_id uuid, p_club_id uuid",True,0329784f9c5f615c8c1e9fc650493633,fn_get_agent_commission_summary,jsonb,True,True,Signature/Hash/Grants Observed; Body And Caller Contract Need Individual Review
False,,True,61717e5a31cc3505b7bd41edd56dde6c,fn_get_club_creation_eligibility,jsonb,True,True,Signature/Hash/Grants Observed; Body And Caller Contract Need Individual Review
False,,True,b93c8312f9aa736d8e57c7d3b35db89f,fn_get_club_entry_flags,jsonb,True,True,Signature/Hash/Grants Observed; Body And Caller Contract Need Individual Review
False,p_club_id uuid,True,c8b17b428a09b56be3603f4348b18ab2,fn_get_club_entry_message,jsonb,True,True,Signature/Hash/Grants Observed; Body And Caller Contract Need Individual Review
False,p_club_id uuid,True,c4d2d2d237024ba60410fc6bda6c2fe4,fn_get_club_member_count,bigint,True,True,Signature/Hash/Grants Observed; Body And Caller Contract Need Individual Review
False,p_club_id uuid,True,3dc02257f347f486787fd02471b49452,fn_get_club_message_management,jsonb,True,True,Signature/Hash/Grants Observed; Body And Caller Contract Need Individual Review
False,p_club_id uuid,True,edb561c8dc0aed0d6f4f240af03df3dc,fn_get_club_realtime_member_count,bigint,True,True,Signature/Hash/Grants Observed; Body And Caller Contract Need Individual Review
False,"p_scope text, p_scope_id uuid",True,1bb1c2f60e34c171a4ee4455591a20b8,fn_get_game_management_health,jsonb,True,True,Signature/Hash/Grants Observed; Body And Caller Contract Need Individual Review
False,"p_scope text, p_scope_id uuid",True,3020c23e99d79e24c9a1c56d609e7595,fn_get_game_management_scale_health,jsonb,True,True,Signature/Hash/Grants Observed; Body And Caller Contract Need Individual Review
False,"p_club_id uuid, p_union_id uuid",True,271636a496c42c0f351f19bbc1be63de,fn_get_game_ticker_settings,jsonb,True,True,Signature/Hash/Grants Observed; Body And Caller Contract Need Individual Review
False,"p_scope text, p_scope_id uuid",True,d6e4315291a3e6b97bfefd1fc4dffeba,fn_get_game_ticker_settings_for_management,jsonb,True,True,Signature/Hash/Grants Observed; Body And Caller Contract Need Individual Review
False,"p_club_id uuid, p_period text, p_period_start date",True,f49f94dd8fdeaff3a2cd89467c9d5818,fn_get_leaderboard_reward_plan,jsonb,True,True,Signature/Hash/Grants Observed; Body And Caller Contract Need Individual Review
False,p_club_id uuid,True,9016d6a91750cbfb5a8eae383f8b66b8,fn_get_leaderboard_reward_setup,jsonb,True,True,Signature/Hash/Grants Observed; Body And Caller Contract Need Individual Review
False,"p_club_id uuid, p_period text, p_period_start date",True,c123aaf0e0a7560a7af5c884c13c01ed,fn_get_leaderboard_settlement_status,jsonb,True,True,Signature/Hash/Grants Observed; Body And Caller Contract Need Individual Review
False,p_command_id uuid,True,197ccf7547e974cf39c666b30ee036a7,fn_get_managed_game_command_receipt,jsonb,True,True,Signature/Hash/Grants Observed; Body And Caller Contract Need Individual Review
False,"p_kind text, p_game_ids uuid[]",True,c26a37e9fb7daea00d471b1cbe7fbb44,fn_get_managed_game_command_receipts,jsonb,True,True,Signature/Hash/Grants Observed; Body And Caller Contract Need Individual Review
False,"p_kind text, p_game_id uuid",True,f42363f6406dd47c539f055eff7de260,fn_get_managed_game_contract_history,jsonb,True,True,Signature/Hash/Grants Observed; Body And Caller Contract Need Individual Review
False,"p_kind text, p_game_ids uuid[]",True,d55266fbed8097c7af760dfd6ff12cfa,fn_get_managed_game_contracts,jsonb,True,True,Signature/Hash/Grants Observed; Body And Caller Contract Need Individual Review
False,,True,3d34d2997b6a43bbd44a0758f0ac5e9d,fn_get_player_search_preferences,jsonb,True,True,Signature/Hash/Grants Observed; Body And Caller Contract Need Individual Review
False,p_table_id uuid,True,2cbcf88eb242f8188c55e8e4b7a8eb95,fn_get_table_watch_access,jsonb,True,True,Signature/Hash/Grants Observed; Body And Caller Contract Need Individual Review
False,p_tournament_id uuid,False,37b4bc689c391a5334b54ce3bd2ab8d3,fn_get_tournament_satellite_entitlement_depth,jsonb,True,True,Signature/Hash/Grants Observed; Body And Caller Contract Need Individual Review
False,"p_metric text, p_start_date date, p_end_date date, p_limit integer, p_offset integer",True,da702a5278d7550b57db392c201427f0,fn_global_leaderboard_by_dates,"TABLE(user_id uuid, hands_played numeric, total_winnings numeric, total_losses numeric, tournaments_won numeric, total_rake numeric, sum_big_blind numeric, rank_change integer, qualified boolean, rank integer, total_ranked integer, baseline_date date)",True,True,Signature/Hash/Grants Observed; Body And Caller Contract Need Individual Review
True,"p_metric text, p_period text, p_limit integer, p_offset integer",True,65d5c18899d4242adca6cbd54939763a,fn_global_leaderboard_period,"TABLE(user_id uuid, hands_played numeric, total_winnings numeric, total_losses numeric, tournaments_won numeric, total_rake numeric, sum_big_blind numeric, rank_change integer, qualified boolean, rank integer, total_ranked integer, baseline_date date)",True,True,Signature/Hash/Grants Observed; Body And Caller Contract Need Individual Review
False,p_hand_id uuid,True,f4368c12c8678db09361b6e0d91d4d66,fn_hand_rake_breakdown,jsonb,True,True,Signature/Hash/Grants Observed; Body And Caller Contract Need Individual Review
False,"p_horse uuid, p_day date, p_variant text, p_is_win boolean, p_net_bb numeric, p_tags text[]",False,8d0d01c3a112283bdf8586a11676adc5,fn_hhr_rollup_add,void,True,True,Signature/Hash/Grants Observed; Body And Caller Contract Need Individual Review
False,p_rows jsonb,False,ece8021efbd6220593766f55c62f33c4,fn_horse_daily_nets_add,integer,True,True,Signature/Hash/Grants Observed; Body And Caller Contract Need Individual Review
False,p_rows jsonb,False,b4552074c149b0e6c34f12a7c9995c5d,fn_horse_daily_play_add,integer,True,True,Signature/Hash/Grants Observed; Body And Caller Contract Need Individual Review
False,"p_day date, p_rows jsonb",False,f29b95dcbf6fd55e32438e2deaadf6c4,fn_horse_decision_latency_add,integer,True,True,Signature/Hash/Grants Observed; Body And Caller Contract Need Individual Review
False,"p_table_id uuid, p_user_id uuid, p_amount numeric, p_op_id uuid",False,0da568b4ed0fad51f9ca3df0c14cbb01,fn_horse_fund_from_treasury,jsonb,True,True,Signature/Hash/Grants Observed; Body And Caller Contract Need Individual Review
False,"p_table_id uuid, p_user_id uuid, p_seat_number integer, p_amount numeric, p_op_id uuid",False,4a7cee2cfecdf7a36446c169f754ccd0,fn_horse_seat_from_treasury,jsonb,True,True,Signature/Hash/Grants Observed; Body And Caller Contract Need Individual Review
False,p_rows jsonb,False,d031d2996ebce41b75648d6dd44765a7,fn_horse_solver_agreement_add,integer,True,True,Signature/Hash/Grants Observed; Body And Caller Contract Need Individual Review
False,p_since date,False,7cfb54e64bf3c3da04652eb13ca76ca6,fn_horse_tournament_leaks,"TABLE(horse_user_id uuid, reviewed bigint, leak_counts jsonb)",True,True,Signature/Hash/Grants Observed; Body And Caller Contract Need Individual Review
False,"p_user_id uuid, p_feature text",True,6af1cece1dbe8a3bc3fad52cbf3716b7,fn_increment_vip_usage,void,True,True,Signature/Hash/Grants Observed; Body And Caller Contract Need Individual Review
False,"p_union_id uuid, p_user_id uuid",True,d96218ab4cf9834c3d69fd9305181ed4,fn_is_union_operator,boolean,True,True,Signature/Hash/Grants Observed; Body And Caller Contract Need Individual Review
False,p_club_id uuid,True,ee391ec320de04e62b71ebad8f97689d,fn_join_club,jsonb,True,True,Signature/Hash/Grants Observed; Body And Caller Contract Need Individual Review
False,"p_identifier text, p_request_id uuid, p_referral_code text",True,9aacdb3a9a2e083d30141d7d56f0373d,fn_join_club_atomic,jsonb,True,True,Signature/Hash/Grants Observed; Body And Caller Contract Need Individual Review
False,p_template_id uuid,True,7d05917680ba1a9e3a18a7cc3d41ac3e,fn_launch_table_from_template,uuid,True,True,Signature/Hash/Grants Observed; Body And Caller Contract Need Individual Review
False,"p_period text, p_period_offset integer, p_reference timestamp with time zone",True,e70ebd475dc78cdaf3cd6695edd77c0c,fn_leaderboard_period_window,"TABLE(period text, period_offset integer, timezone text, start_date date, end_date date, start_at timestamp with time zone, end_at timestamp with time zone, is_current boolean, label text)",False,True,Signature/Hash/Grants Observed; Body And Caller Contract Need Individual Review
False,,True,dcdf6fad1a3ee9e0fe692eba14ab8e39,fn_leaderboard_reward_contexts,"TABLE(club_id uuid, club_name text, union_id uuid, union_name text, funding_owner_type text, funding_source text, setup_complete boolean, rewards_enabled boolean)",True,True,Signature/Hash/Grants Observed; Body And Caller Contract Need Individual Review
False,p_table_id uuid,True,3726ec3c441398517a5223ce39533ce9,fn_leave_seat_and_refund,jsonb,True,True,Signature/Hash/Grants Observed; Body And Caller Contract Need Individual Review
False,"p_scope text, p_scope_id uuid, p_cursor timestamp with time zone, p_cursor_kind text, p_cursor_id uuid, p_limit integer, p_cursor_bucket integer, p_bucket integer, p_game_kind text, p_game_id uuid, p_closed_days integer",True,37de6b536ecc0a0870884b1924147afd,fn_list_managed_games,jsonb,True,True,Signature/Hash/Grants Observed; Body And Caller Contract Need Individual Review
False,p_club_id uuid,True,0b46d7c8ba13caec9dbc96691ca6ae78,fn_list_pending_members,"TABLE(user_id uuid, role text, status text, created_at timestamp with time zone, username text, display_name text, avatar_url text)",True,True,Signature/Hash/Grants Observed; Body And Caller Contract Need Individual Review
False,"p_status text, p_club_id uuid",True,ba2e9870e5ac7f270a30b79437c3ce09,fn_list_player_reports,"TABLE(id uuid, reporter_id uuid, reported_user_id uuid, reason text, details text, status text, admin_notes text, created_at timestamp with time zone, reviewed_at timestamp with time zone, reviewed_by uuid, reporter_username text, reported_username text)",True,True,Signature/Hash/Grants Observed; Body And Caller Contract Need Individual Review
True,,True,98ddaf2dfd1443dcb3a1409079a372df,fn_maintenance_break_state,"TABLE(phase text, break_ends_at timestamp with time zone, remaining_ms integer, reason text)",False,True,Signature/Hash/Grants Observed; Body And Caller Contract Need Individual Review
False,"p_action text, p_club_id uuid, p_announcement_id uuid, p_expected_revision bigint, p_title text, p_content text, p_is_pinned boolean, p_is_active boolean",True,e0b675ecc9c4c7e8625d089a342ac8da,fn_manage_club_announcement_versioned,jsonb,True,True,Signature/Hash/Grants Observed; Body And Caller Contract Need Individual Review
True,p_columns text[],True,410b383eb36b0f047fd28a552a00358a,fn_mark_table_setting_touched,void,False,True,Signature/Hash/Grants Observed; Body And Caller Contract Need Individual Review
False,"p_club_id uuid, p_user_id uuid",True,b74f9573f2c205175b4c69c8717e5d61,fn_member_leave_to_treasury,jsonb,True,True,Signature/Hash/Grants Observed; Body And Caller Contract Need Individual Review
False,"p_club_id uuid, p_diamonds numeric, p_op_id uuid",True,d6e453042dd2591855dd796adeae58c5,fn_mint_chips_from_diamonds,jsonb,True,True,Signature/Hash/Grants Observed; Body And Caller Contract Need Individual Review
False,"p_favorite_key text, p_favorite_enabled boolean, p_loadout_slot integer, p_loadout jsonb",True,de9d6f754b926a27e99564d5f4d6dc00,fn_mutate_table_studio_preferences,"TABLE(favorites text[], loadouts jsonb, revision bigint, updated_at timestamp with time zone)",True,True,Signature/Hash/Grants Observed; Body And Caller Contract Need Individual Review
False,,True,db73340168a4ebca2ce17734ae4934ac,fn_my_agent_roles,"TABLE(club_id uuid, club_name text, role text, agent_id uuid, is_overseer boolean)",True,True,Signature/Hash/Grants Observed; Body And Caller Contract Need Individual Review
False,"p_club_id uuid, p_limit integer, p_offset integer",True,59c419c559309605fcb3e2634beb830e,fn_my_wallet_ledger,jsonb,True,True,Signature/Hash/Grants Observed; Body And Caller Contract Need Individual Review
False,"p_tournament_id uuid, p_limit integer, p_offset integer",True,0a7dc91d659cd12f94131f1431d0d608,fn_mystery_bounty_awards,jsonb,True,True,Signature/Hash/Grants Observed; Body And Caller Contract Need Individual Review
False,p_tournament_id uuid,True,791f4aa28ac7d26c3644604875d8bd81,fn_mystery_bounty_inventory,jsonb,True,True,Signature/Hash/Grants Observed; Body And Caller Contract Need Individual Review
False,p_tournament_id uuid,True,877b86137f5ca81a2b6c7bd131e103f2,fn_mystery_bounty_leaderboard,jsonb,True,True,Signature/Hash/Grants Observed; Body And Caller Contract Need Individual Review
False,p_award_id uuid,False,5369b9b20cf3c89dd1985b6ea241f6ee,fn_mystery_bounty_pay,jsonb,True,True,Signature/Hash/Grants Observed; Body And Caller Contract Need Individual Review
False,"p_tournament_id uuid, p_eliminated_user_id uuid, p_recipients jsonb, p_table_id uuid, p_hand_id text, p_op_id uuid, p_reveal_ms integer",False,ecbac1e18f4381c46a3e635367bc4f78,fn_mystery_bounty_reserve,jsonb,True,True,Signature/Hash/Grants Observed; Body And Caller Contract Need Individual Review
False,"p_award_id uuid, p_actor_user_id uuid, p_auto boolean",True,b09a02cc7788fb420b5ccfae6dbff915,fn_mystery_bounty_reveal,jsonb,True,True,Signature/Hash/Grants Observed; Body And Caller Contract Need Individual Review
False,"p_tournament_id uuid, p_players_remaining integer, p_chests jsonb",False,a22cfefdddcd1ed23ae69ba77d6e5f67,fn_mystery_bounty_seed,jsonb,True,True,Signature/Hash/Grants Observed; Body And Caller Contract Need Individual Review
False,"p_tournament_id uuid, p_winner_user_id uuid",False,599fea28e1fbfea8f03b20987e3980bf,fn_mystery_bounty_settle,jsonb,True,True,Signature/Hash/Grants Observed; Body And Caller Contract Need Individual Review
False,p_table_id uuid,True,ad6c84ca21aa7fe9059f89e867814960,fn_mystery_bounty_table_state,jsonb,True,True,Signature/Hash/Grants Observed; Body And Caller Contract Need Individual Review
False,,False,be5703f2b49111dc6cefb44ca860fdff,fn_next_hand_number,bigint,True,True,Signature/Hash/Grants Observed; Body And Caller Contract Need Individual Review
False,p_table_id uuid,False,bc38502c12ed44db47bcfa884276eb92,fn_nit_evictions,"TABLE(user_id uuid, vpip numeric, required integer, hands integer)",True,True,Signature/Hash/Grants Observed; Body And Caller Contract Need Individual Review
False,p_table_id uuid,False,4e7cd27a0abb64af5cd862fa9ea2c179,fn_nit_status,"TABLE(user_id uuid, hands integer, vpip numeric, required integer, window_hands integer, evict boolean)",True,True,Signature/Hash/Grants Observed; Body And Caller Contract Need Individual Review
False,p_tournament_id uuid,False,66b9f0ead37d66a0b25be319e4a2a254,fn_normalize_tournament_final_standings,jsonb,True,True,Signature/Hash/Grants Observed; Body And Caller Contract Need Individual Review
False,p_club_id uuid,False,0882ecfbd9a19479f7d6666daab3ea6b,fn_notify_guarantee_bank_short,jsonb,True,True,Signature/Hash/Grants Observed; Body And Caller Contract Need Individual Review
False,"p_table_id uuid, p_offer_ttl interval, p_entry_ttl interval",False,3dbcee6f093d9c36d7f0ee1e940d5a2b,fn_offer_open_seat,jsonb,True,True,Signature/Hash/Grants Observed; Body And Caller Contract Need Individual Review
False,p_club_id uuid,True,da3ac3fce43c8b7b4a58f70158bd9f14,fn_open_settlement_period,uuid,True,True,Signature/Hash/Grants Observed; Body And Caller Contract Need Individual Review
False,"p_tournament_id uuid, p_user_ids uuid[]",False,1c466d152887eb9aa057b485f57d1b33,fn_open_tournament_rebuy_decisions,"TABLE(user_id uuid, rebuy_prompt_until timestamp with time zone, decision_open boolean)",True,True,Signature/Hash/Grants Observed; Body And Caller Contract Need Individual Review
False,p_union uuid,False,4d0721c8ee7f542ad3ed1cad65542c6d,fn_overlay_at_risk,"TABLE(tournament_id uuid, name text, club_id uuid, status text, start_time timestamp with time zone, buy_in numeric, guaranteed_prize numeric, entries_needed integer, current_players integer, shortfall integer, max_players integer, minutes_to_start numeric)",True,True,Signature/Hash/Grants Observed; Body And Caller Contract Need Individual Review
False,p_tournament_id uuid,True,36679aa9611f43d09eda38f5b145a1bb,fn_owner_start_tournament_now,jsonb,True,True,Signature/Hash/Grants Observed; Body And Caller Contract Need Individual Review
False,"p_invoice_id uuid, p_amount numeric",True,f05bbf2e58863cbc9686d921550637dd,fn_pay_credit_invoice_from_wallet,jsonb,True,True,Signature/Hash/Grants Observed; Body And Caller Contract Need Individual Review
False,p_since_days integer,False,60c5ab70c7a51d9de9d9177a760eef74,fn_payout_guarantee_check,jsonb,True,True,Signature/Hash/Grants Observed; Body And Caller Contract Need Individual Review
False,"p_user_id uuid, p_club_id uuid, p_table_id uuid",True,322eb3524efcd5206041964a23ed5d39,fn_player_spendable_balance,jsonb,True,True,Signature/Hash/Grants Observed; Body And Caller Contract Need Individual Review
False,p_identifier text,True,8886d734bcd8c55406eeafba959ca1de,fn_preview_club_join,jsonb,True,True,Signature/Hash/Grants Observed; Body And Caller Contract Need Individual Review
False,p_hand_id uuid,False,fefbd3c58b8de6ba3c21c8acea1de884,fn_project_hand_side_effects,jsonb,True,True,Signature/Hash/Grants Observed; Body And Caller Contract Need Individual Review
False,"p_source_kind text, p_source_id uuid, p_target_kind text, p_target_id uuid, p_amount numeric, p_note text, p_club_id uuid, p_op_id uuid",True,8884bce4d86035c996359f90f8d76c78,fn_promo_disburse,jsonb,True,True,Signature/Hash/Grants Observed; Body And Caller Contract Need Individual Review
False,"p_scope text, p_scope_id uuid, p_limit integer, p_offset integer, p_wallet text",True,edbce76de5a1f9ba633d0a55e713ca00,fn_promo_wallet_ledger,jsonb,True,True,Signature/Hash/Grants Observed; Body And Caller Contract Need Individual Review
False,"p_club_id uuid, p_to_user_id uuid, p_amount numeric, p_destination text, p_reason text, p_op_id uuid",True,73e5212ebd68f291489daa46fb34564d,fn_promo_wallet_send,jsonb,True,True,Signature/Hash/Grants Observed; Body And Caller Contract Need Individual Review
False,"p_user_id uuid, p_feature text, p_cost integer",True,ad3290b65f736842c6867f8eb2a2bbf7,fn_purchase_feature,jsonb,True,True,Signature/Hash/Grants Observed; Body And Caller Contract Need Individual Review
False,"p_quantity integer, p_request_id uuid",True,a1acde47ff80f3220268ae90e98485fc,fn_purchase_time_banks_v2,jsonb,True,True,Signature/Hash/Grants Observed; Body And Caller Contract Need Individual Review
False,"p_severity text, p_source text, p_message text, p_context jsonb",True,2c11cbdc3efbc3676b1d0b48c17d7b85,fn_raise_financial_alert,uuid,True,True,Signature/Hash/Grants Observed; Body And Caller Contract Need Individual Review
False,"p_severity text, p_source text, p_message text, p_context jsonb, p_dedupe_key text",False,984742e7cf77e249fa915256fb4f80b5,fn_raise_server_financial_alert,uuid,True,True,Signature/Hash/Grants Observed; Body And Caller Contract Need Individual Review
False,p_hours integer,False,a0aa202661e9e9ec1b80ef893ec4f6e3,fn_rake_attribution_drift,"TABLE(hand_id uuid, rake_amount numeric, allocated numeric, difference numeric)",True,True,Signature/Hash/Grants Observed; Body And Caller Contract Need Individual Review
False,,False,d1f59d17c0b6e7c120fa098ba8ee1cd7,fn_rake_spec_canonical,text,False,True,Signature/Hash/Grants Observed; Body And Caller Contract Need Individual Review
False,,False,2a9f863507377539a5a42dd819c074ce,fn_rake_spec_checksum,text,False,True,Signature/Hash/Grants Observed; Body And Caller Contract Need Individual Review
False,"p_club_id uuid, p_period_start date, p_period_end date, p_user_ids uuid[]",False,2078fb6e89f22704096974ecf933e385,fn_rakeback_recompute_periods,jsonb,True,True,Signature/Hash/Grants Observed; Body And Caller Contract Need Individual Review
False,,True,01225563b5477aacb3c870ff135ee8db,fn_rakeback_settlement_status,jsonb,True,True,Signature/Hash/Grants Observed; Body And Caller Contract Need Individual Review
False,"p_started integer, p_committed integer, p_abandoned integer, p_keyboard integer",True,9a382e19d9fc1731a684a6be9d506079,fn_record_card_slide_usage,void,True,True,Signature/Hash/Grants Observed; Body And Caller Contract Need Individual Review
False,"p_club_id uuid, p_event text, p_operation text, p_duration_ms integer, p_item_count integer, p_page_number integer, p_success_count integer, p_failure_count integer, p_reason_code text",True,69a23358e2b14c1ba75f847988b09c98,fn_record_cashier_operation,boolean,True,True,Signature/Hash/Grants Observed; Body And Caller Contract Need Individual Review
False,"p_club_id uuid, p_user_id uuid, p_referral_code text",True,917d92ab9e196221dab00790b24772d7,fn_redeem_club_invite_code,jsonb,True,True,Signature/Hash/Grants Observed; Body And Caller Contract Need Individual Review
False,p_inventory_id uuid,True,6ec75a5ca1619db4ecb33d3c8af0c4b9,fn_redeem_shop_item,jsonb,True,True,Signature/Hash/Grants Observed; Body And Caller Contract Need Individual Review
False,"p_cost bigint, p_reason text, p_reward_id text",True,da2a56ffd575319e17a7be1a23800b4c,fn_redeem_vip_points,jsonb,True,True,Signature/Hash/Grants Observed; Body And Caller Contract Need Individual Review
False,p_tournament_id uuid,True,9d587799b04c0b7ca19b802feccda67b,fn_register_for_tournament,jsonb,True,True,Signature/Hash/Grants Observed; Body And Caller Contract Need Individual Review
False,"p_tournament_id uuid, p_seat_first_internal boolean",False,c1af4f225a8bd4a0573f5de7505dc07d,fn_register_for_tournament,jsonb,True,True,Signature/Hash/Grants Observed; Body And Caller Contract Need Individual Review
False,"p_tournament_id uuid, p_user_id uuid",False,c3145048c3e657eb897cd68388c5990e,fn_register_horse_for_tournament,jsonb,True,True,Signature/Hash/Grants Observed; Body And Caller Contract Need Individual Review
False,"p_table_id uuid, p_hand_number bigint, p_hand_id uuid",False,708827dbc7fabd0b753d3a7b8596f076,fn_relink_rake_record_to_hand,integer,True,True,Signature/Hash/Grants Observed; Body And Caller Contract Need Individual Review
False,"p_club_id uuid, p_user_id uuid",True,35d324252bd3284cdf3329dd32d9d422,fn_remove_settled_club_member,jsonb,True,True,Signature/Hash/Grants Observed; Body And Caller Contract Need Individual Review
False,p_limit integer,False,1d2d9c8212bca8d0e9ab0984c425e815,fn_repair_tournament_rake_attribution,jsonb,True,True,Signature/Hash/Grants Observed; Body And Caller Contract Need Individual Review
False,,False,fdf5ea8c83a8598c68206755e64897fd,fn_replication_slot_metrics,"TABLE(slot_name text, slot_type text, active boolean, restart_lag_bytes bigint, flush_lag_bytes bigint, wal_position_bytes bigint)",True,True,Signature/Hash/Grants Observed; Body And Caller Contract Need Individual Review
False,"p_club_id uuid, p_amount numeric, p_note text, p_op_id uuid",True,ffc8b7918931d988b817868ce95cc171,fn_request_chips,jsonb,True,True,Signature/Hash/Grants Observed; Body And Caller Contract Need Individual Review
False,p_table_id uuid,True,922484ef9f907b2297e145dad69076a8,fn_request_manual_bomb_pot,jsonb,True,True,Signature/Hash/Grants Observed; Body And Caller Contract Need Individual Review
False,"p_since_hours integer, p_min_age_minutes integer, p_limit integer",False,ae1d6a78b6f2a9e860d07ebcc9cf3039,fn_requeue_unbanked_cash_rake,"TABLE(hand_id uuid, table_id uuid, rake numeric, bbj numeric, hand_at timestamp with time zone)",True,True,Signature/Hash/Grants Observed; Body And Caller Contract Need Individual Review
False,"p_apply boolean, p_limit integer",False,bed5adb3d0fc0b4f0dbb91bc38bee3be,fn_requeue_unbanked_fees,jsonb,True,True,Signature/Hash/Grants Observed; Body And Caller Contract Need Individual Review
True,"p_slot text, p_club_id uuid, p_limit integer",True,0162a0c38829a841149b1dfe490cc81a,fn_resolve_ads,"TABLE(ad_id uuid, ad_key text, category text, headline text, body text, glyph text, target_url text, cta_label text, image_url text, placement_id uuid, advertiser_kind text, advertiser_name text)",True,True,Signature/Hash/Grants Observed; Body And Caller Contract Need Individual Review
False,"p_dispute_id uuid, p_resolution text, p_adjustment_type text, p_adjustment_amount numeric",True,ce3e71513f10822e42517b3a7e816f67,fn_resolve_dispute,jsonb,True,True,Signature/Hash/Grants Observed; Body And Caller Contract Need Individual Review
False,"p_request_id uuid, p_action text",True,f6b8bf0d7d035d063780b37ff614b068,fn_respond_chip_request,jsonb,True,True,Signature/Hash/Grants Observed; Body And Caller Contract Need Individual Review
False,"p_challenge_id uuid, p_accept boolean",True,61122349bbc402d2695abdf949b3b905,fn_respond_friend_challenge,jsonb,True,True,Signature/Hash/Grants Observed; Body And Caller Contract Need Individual Review
False,"p_club_id uuid, p_confirm_name text, p_reason text",True,7a29e1e5deb3c40b46e8121676651735,fn_retire_settled_club,jsonb,True,True,Signature/Hash/Grants Observed; Body And Caller Contract Need Individual Review
False,"p_club_id uuid, p_flag_id uuid, p_status text, p_notes text",True,9e7bf39ed38f1db92a9fefd68a2f6c7c,fn_review_anti_cheat_flag,jsonb,True,True,Signature/Hash/Grants Observed; Body And Caller Contract Need Individual Review
False,"p_club_id uuid, p_user_id uuid, p_approve boolean",True,0ad8e6df115201015d969e0db78e3ff5,fn_review_join_request,jsonb,True,True,Signature/Hash/Grants Observed; Body And Caller Contract Need Individual Review
False,p_day date,False,ff46509db54d892df8eb057f05a675f6,fn_run_horse_daily_audit,jsonb,True,True,Signature/Hash/Grants Observed; Body And Caller Contract Need Individual Review
False,p_max_clubs integer,True,000eecf4f81d2e24affa3967676b8263,fn_run_pending_rakeback_settlement,jsonb,True,True,Signature/Hash/Grants Observed; Body And Caller Contract Need Individual Review
False,p_hours integer,False,aa95bfbd9a95501c26ce40cb258faa42,fn_satellite_conservation_audit,"TABLE(satellite_id uuid, satellite_name text, pool numeric, ticket_cost numeric, awardable integer, seats_funded integer, cash_paid numeric, unpaid_winners integer, excess_disbursed numeric)",True,True,Signature/Hash/Grants Observed; Body And Caller Contract Need Individual Review
False,"p_club_id uuid, p_expected_revision bigint, p_tagline text, p_lobby_message text, p_description text",True,2387272ecd91cceeafc2e1d88144818a,fn_save_club_identity_messages_versioned,jsonb,True,True,Signature/Hash/Grants Observed; Body And Caller Contract Need Individual Review
False,"p_phase text, p_announced_at timestamp with time zone, p_break_started_at timestamp with time zone, p_break_ends_at timestamp with time zone, p_reason text, p_declared_by text, p_ownership_token uuid",False,db0ee19a4fc919b640c4879554613dc5,fn_save_engine_maintenance_break,void,True,True,Signature/Hash/Grants Observed; Body And Caller Contract Need Individual Review
False,"p_scope text, p_scope_id uuid, p_expected_revision bigint, p_settings jsonb",True,076dbfa67e4398d36981682aeba35d24,fn_save_game_ticker_settings_versioned,jsonb,True,True,Signature/Hash/Grants Observed; Body And Caller Contract Need Individual Review
False,"p_club_id uuid, p_rewards_enabled boolean, p_metric text, p_weekly_prizes jsonb, p_monthly_prizes jsonb, p_suggestion_key text, p_expected_version integer, p_operation_id uuid",True,b8b042dd2f5c4b316cfdd3798e753d2d,fn_save_leaderboard_reward_setup,jsonb,True,True,Signature/Hash/Grants Observed; Body And Caller Contract Need Individual Review
False,"p_kind text, p_game_id uuid, p_expected_version integer, p_execute_at timestamp with time zone",True,27ae46f3b3a15fc0eb75bf45ac06fae1,fn_schedule_managed_game_close,jsonb,True,True,Signature/Hash/Grants Observed; Body And Caller Contract Need Individual Review
False,"p_query text, p_limit integer, p_offset integer, p_scope text, p_presence text, p_sort text",True,9013037455371fdc8d82437ca9bf3d40,fn_search_players,jsonb,True,True,Signature/Hash/Grants Observed; Body And Caller Contract Need Individual Review
False,"p_tournament_id uuid, p_user_id uuid",False,392a69ab37dc6e0378d1fab6e839ae2e,fn_seat_horse_in_seat_first_game,jsonb,True,True,Signature/Hash/Grants Observed; Body And Caller Contract Need Individual Review
False,"p_favorites text[], p_loadouts jsonb",True,bc8c134738ab5d689aadcecda8e344dc,fn_seed_table_studio_preferences,"TABLE(favorites text[], loadouts jsonb, revision bigint, updated_at timestamp with time zone)",True,True,Signature/Hash/Grants Observed; Body And Caller Contract Need Individual Review
False,"p_club_id uuid, p_message text",True,02feb0574bf537bb414d5fc8a111bdd1,fn_set_club_lobby_message,jsonb,True,True,Signature/Hash/Grants Observed; Body And Caller Contract Need Individual Review
False,"p_club_id uuid, p_rules text",True,153fe3fb1bd153179d9be0826f90d10c,fn_set_club_rules,"TABLE(club_id uuid, rules_text text, updated_at timestamp with time zone)",True,True,Signature/Hash/Grants Observed; Body And Caller Contract Need Individual Review
False,p_theme text,True,6199d344a52601bfe158f46bb07beddd,fn_set_interface_theme,text,True,True,Signature/Hash/Grants Observed; Body And Caller Contract Need Individual Review
False,p_birthday date,True,716a95e5960e32fe21c04266e55caef7,fn_set_my_birthday,jsonb,True,True,Signature/Hash/Grants Observed; Body And Caller Contract Need Individual Review
False,"p_discoverable boolean, p_show_display_name boolean, p_show_presence boolean, p_show_current_table boolean",True,7b33e43b560c7cac0cb54cb87a1069a5,fn_set_player_search_preferences,jsonb,True,True,Signature/Hash/Grants Observed; Body And Caller Contract Need Individual Review
False,"p_period_id uuid, p_status text",True,e4ca93cd7fd10d0a8da485eac492e192,fn_set_settlement_period_status,jsonb,True,True,Signature/Hash/Grants Observed; Body And Caller Contract Need Individual Review
False,"p_tournament_id uuid, p_source text",False,0e09568a523d7e6627e7ed59bf8f9c70,fn_settle_satellite_finish_atomic,jsonb,True,True,Signature/Hash/Grants Observed; Body And Caller Contract Need Individual Review
False,"p_tournament_id uuid, p_source text",False,9bcd852295155db137313e9d40fb30d9,fn_settle_tournament_rake,jsonb,True,True,Signature/Hash/Grants Observed; Body And Caller Contract Need Individual Review
False,,False,9502e93b3726e7e0c04e0e63ad8ceba5,fn_settlement_conservation_check,"TABLE(issue text, severity text, detail text)",True,True,Signature/Hash/Grants Observed; Body And Caller Contract Need Individual Review
False,"p_club_id uuid, p_buy_in numeric, p_tiers jsonb, p_rake_rate numeric, p_seats integer",False,9530aa9c1b2c05604e3af611aa6b7ce8,fn_spin_draw_multiplier,jsonb,True,True,Signature/Hash/Grants Observed; Body And Caller Contract Need Individual Review
False,p_limit integer,False,fe1480018bde7ed7659d1c73436378a9,fn_spin_expire_unfilled,jsonb,True,True,Signature/Hash/Grants Observed; Body And Caller Contract Need Individual Review
False,p_days integer,True,708d9a2d0461d8c1ba652bd677fe70f1,fn_spin_leaderboards,jsonb,True,True,Signature/Hash/Grants Observed; Body And Caller Contract Need Individual Review
False,p_lag_window_minutes integer,False,9a85c17823966c26901422a473dcb911,fn_spin_metrics,"TABLE(reveal_spins bigint, reveal_p50_ms numeric, reveal_p90_ms numeric, reveal_p99_ms numeric, reveal_worst_ms integer, reveal_past_lead_in bigint, fairness_draws bigint, fairness_realised_e numeric, fairness_spec_e numeric, fairness_z numeric, fairness_drift boolean, fairness_constrained bigint, attribution_gaps bigint, unpaid_settlements bigint, booking_gaps bigint, unbooked_spins bigint, seconds_since_last_start numeric, open_boards bigint, unfilled_waits bigint, reserve_thin_clubs bigint, reserve_min_balance numeric)",True,True,Signature/Hash/Grants Observed; Body And Caller Contract Need Individual Review
False,"p_tournament_id uuid, p_club_id uuid, p_buy_in numeric, p_seats integer, p_multiplier numeric, p_rake_rate numeric",False,107ce74bc2bd8d36f7b5838b58061e41,fn_spin_settle_game,jsonb,True,True,Signature/Hash/Grants Observed; Body And Caller Contract Need Individual Review
False,"p_tournament_id uuid, p_limit integer",False,765b21980c5c1519e2fe5007141dd665,fn_sweep_pending_tournament_bounties,jsonb,True,True,Signature/Hash/Grants Observed; Body And Caller Contract Need Individual Review
False,"p_since_days integer, p_limit integer",False,20618f6375155da4de6c2da871f65223,fn_sweep_unsettled_tournament_rake,jsonb,True,True,Signature/Hash/Grants Observed; Body And Caller Contract Need Individual Review
False,p_tournament_id uuid,False,d221271b4bc1aa83288b87cd3cc7358e,fn_sync_seat_first_player_count,integer,True,True,Signature/Hash/Grants Observed; Body And Caller Contract Need Individual Review
False,"p_tournament_id uuid, p_updates jsonb",False,6759d5382ea5f91a3ca1caa51862b098,fn_sync_tournament_chips,integer,True,True,Signature/Hash/Grants Observed; Body And Caller Contract Need Individual Review
False,p_tournament_id uuid,False,7848355bf8ee9bc78ca8e202904526f9,fn_sync_tournament_live_seat_chips,jsonb,True,True,Signature/Hash/Grants Observed; Body And Caller Contract Need Individual Review
True,p_table_id uuid,True,afc62431e750bc1f6d180b1f37bd3e8a,fn_table_chat_is_silenced,boolean,True,True,Signature/Hash/Grants Observed; Body And Caller Contract Need Individual Review
False,"p_table_id uuid, p_seat_number integer",True,1a63a846e54a8449a5e9e354ce6822ea,fn_take_seat_and_buy_in,jsonb,True,True,Signature/Hash/Grants Observed; Body And Caller Contract Need Individual Review
False,"p_freeze_started timestamp with time zone, p_frozen_seconds numeric, p_thawed_by text",False,ab177eefbf0fcb016f02343a5b0c7ffd,fn_thaw_platform,jsonb,True,True,Signature/Hash/Grants Observed; Body And Caller Contract Need Individual Review
False,p_user_ids uuid[],True,ae9098b8c0c5c929dc87bb249c0f749f,fn_time_bank_allowance,"TABLE(user_id uuid, is_vip boolean, vip_seconds_remaining integer, purchased_seconds integer, extra_seconds integer)",True,True,Signature/Hash/Grants Observed; Body And Caller Contract Need Individual Review
False,p_tolerance_per_player numeric,False,6b53f69401d9ec0e73f74a353cfd3383,fn_tournament_chip_conservation_check,"TABLE(tournament_id uuid, name text, players bigint, expected_chips numeric, actual_chips numeric, drift numeric, drift_per_player numeric)",True,True,Signature/Hash/Grants Observed; Body And Caller Contract Need Individual Review
False,p_hours integer,False,20ffe894f8d51892e4c26cb33e9f4d2e,fn_tournament_double_paid_obligations,"TABLE(tournament_id uuid, tournament_name text, player_id uuid, finish_position integer, amount numeric, payments bigint, sources text, excess_chips numeric, last_paid_at timestamp with time zone)",True,True,Signature/Hash/Grants Observed; Body And Caller Contract Need Individual Review
False,p_hours integer,False,c86160ed0a10f5a5c94db0b934b7c19f,fn_tournament_guarantee_check,jsonb,True,True,Signature/Hash/Grants Observed; Body And Caller Contract Need Individual Review
False,p_tournament_id uuid,False,8041a7f3d6b2886ce7d688bb5525d952,fn_tournament_has_unsettled_bounties,boolean,True,True,Signature/Hash/Grants Observed; Body And Caller Contract Need Individual Review
False,"p_overdue_minutes integer, p_completing_minutes integer, p_unpaid_hours integer",False,6ccc82346592b096fff54f0547243831,fn_tournament_metrics,"TABLE(running integer, registering integer, overdue_start integer, stuck_completing integer, seatless_phantoms integer, unpaid_completed integer, seat_first_waiting integer)",True,True,Signature/Hash/Grants Observed; Body And Caller Contract Need Individual Review
False,"p_since_days integer, p_tolerance numeric, p_limit integer",False,2bbb578e5258b91564d5f29dfdc5e0ec,fn_tournament_money_conservation,jsonb,True,True,Signature/Hash/Grants Observed; Body And Caller Contract Need Individual Review
False,p_tournament_id uuid,True,4edf1888a32cc89880a9af753e8b4765,fn_tournament_primary_table,uuid,True,True,Signature/Hash/Grants Observed; Body And Caller Contract Need Individual Review
False,p_hours integer,False,cc459efa33bc115e6c662b644290a014,fn_tournament_prize_disbursement_audit,"TABLE(tournament_id uuid, name text, variant text, prize_pool numeric, disbursed numeric, acknowledged numeric, excess numeric, ended_at timestamp with time zone)",True,True,Signature/Hash/Grants Observed; Body And Caller Contract Need Individual Review
False,"p_session_id uuid, p_flow text, p_event_name text, p_outcome text, p_duration_ms integer, p_metadata jsonb",True,b2b4c067d5569eb48e903239ce1d0af2,fn_track_club_entry_event,void,True,True,Signature/Hash/Grants Observed; Body And Caller Contract Need Individual Review
False,p_union_id uuid,True,474f3f73e59646e13f2a618ea9e39ea6,fn_union_agent_coverage,jsonb,True,True,Signature/Hash/Grants Observed; Body And Caller Contract Need Individual Review
False,"p_union_id uuid, p_since timestamp with time zone",True,89e2a62ef34afbf1cda9465d052ae46e,fn_union_agent_risk_report,"TABLE(agent_user_id uuid, agent_name text, club_name text, role text, players integer, seated_now integer, rake_generated numeric, player_net numeric, commission_accrued numeric, credit_extended numeric)",True,True,Signature/Hash/Grants Observed; Body And Caller Contract Need Individual Review
False,"p_union_id uuid, p_club_id uuid, p_amount numeric, p_notes text, p_op_id uuid",True,f7bcdc0eab243e9372d28a3aab5f80b6,fn_union_clawback_from_club,jsonb,True,True,Signature/Hash/Grants Observed; Body And Caller Contract Need Individual Review
False,"p_union_id uuid, p_club_id uuid",True,f009f3e11197ce47b839611e59817e53,fn_union_club_exit_blockers,jsonb,True,True,Signature/Hash/Grants Observed; Body And Caller Contract Need Individual Review
False,"p_union_id uuid, p_amount numeric, p_notes text, p_op_id uuid",True,04894926ade7e833b47eff1e11215566,fn_union_deposit_from_wallet,jsonb,True,True,Signature/Hash/Grants Observed; Body And Caller Contract Need Individual Review
False,"p_union_id uuid, p_since timestamp with time zone",True,426f1914d75aaa59e884939a457fb30c,fn_union_distribution_check,jsonb,True,True,Signature/Hash/Grants Observed; Body And Caller Contract Need Individual Review
False,p_union_id uuid,False,7b3b21fd292ac4ac78d3544937820473,fn_union_eco_record_current_week,jsonb,True,True,Signature/Hash/Grants Observed; Body And Caller Contract Need Individual Review
False,"p_union_id uuid, p_club_id uuid, p_reason text, p_force boolean",True,c251bf6feee990d91a9f3454d9ee4e93,fn_union_expel_club,jsonb,True,True,Signature/Hash/Grants Observed; Body And Caller Contract Need Individual Review
False,,False,477d823a668ecf9c95e991d98a4a89ad,fn_union_governance_check,"TABLE(invariant text, severity text, offenders bigint, detail text)",True,True,Signature/Hash/Grants Observed; Body And Caller Contract Need Individual Review
False,"p_union_id uuid, p_hours integer",True,4d64aa69476db5aa5ae5c5695dcb7b18,fn_union_integrity_sweep,jsonb,True,True,Signature/Hash/Grants Observed; Body And Caller Contract Need Individual Review
False,,True,5e9cde351fb225b010d7dd593fae5a70,fn_union_law_selftest,jsonb,True,True,Signature/Hash/Grants Observed; Body And Caller Contract Need Individual Review
False,"p_union_id uuid, p_metric text, p_period text, p_limit integer, p_offset integer",True,4aa4adcfad1b38f61543f2647a549850,fn_union_leaderboard_period_v2,"TABLE(user_id uuid, hands_played numeric, total_winnings numeric, total_losses numeric, tournaments_won numeric, total_rake numeric, sum_big_blind numeric, rank_change integer, qualified boolean, rank integer, total_ranked integer, baseline_date date)",True,True,Signature/Hash/Grants Observed; Body And Caller Contract Need Individual Review
False,p_union_id uuid,True,d7cae706425a055f9039ba2b9535da48,fn_union_player_directory,"TABLE(user_id uuid, username text, display_name text, avatar_url text, club_id uuid, club_name text, member_role text, member_status text, joined_at timestamp with time zone, currently_seated boolean)",True,True,Signature/Hash/Grants Observed; Body And Caller Contract Need Individual Review
False,p_max_days integer,False,13ae107734ae18649a0443469ecfe601,fn_union_rake_rollup_catchup_all,jsonb,True,True,Signature/Hash/Grants Observed; Body And Caller Contract Need Individual Review
False,"p_union_id uuid, p_target_user_id uuid, p_kind text, p_amount numeric, p_source_wallet text, p_note text, p_op_id text",True,4758d36acff34f922bf1129ae6eecc1d,fn_union_send_to_member,jsonb,True,True,Signature/Hash/Grants Observed; Body And Caller Contract Need Individual Review
False,"p_union_id uuid, p_period_start timestamp with time zone, p_period_end timestamp with time zone",True,5b9ae658cde4fbbb9024e9fa28a934e8,fn_union_settlement_cascade,jsonb,True,True,Signature/Hash/Grants Observed; Body And Caller Contract Need Individual Review
False,"p_union_id uuid, p_period_start timestamp with time zone, p_period_end timestamp with time zone",True,74919720de9fafe281e48f5d8bbd6572,fn_union_settlement_preview,jsonb,True,True,Signature/Hash/Grants Observed; Body And Caller Contract Need Individual Review
False,,False,9c87b934caefafb78c4df71e79db4f18,fn_union_treasury_selftest,jsonb,True,True,Signature/Hash/Grants Observed; Body And Caller Contract Need Individual Review
False,"p_union_id uuid, p_period_start timestamp with time zone",True,8ecc8b2263b55daa17b94fbf8bbc42aa,fn_union_weekly_agent_statements,"TABLE(agent_user_id uuid, agent_name text, club_name text, statement jsonb)",True,True,Signature/Hash/Grants Observed; Body And Caller Contract Need Individual Review
False,p_union_id uuid,False,47828b78ce64337d2da669c7f5c806a7,fn_union_weekly_rakeback_close_all,jsonb,True,True,Signature/Hash/Grants Observed; Body And Caller Contract Need Individual Review
False,p_tournament_id uuid,True,d791ee76743cae60ba4ada5a165306c3,fn_unregister_from_tournament,jsonb,True,True,Signature/Hash/Grants Observed; Body And Caller Contract Need Individual Review
False,"p_table_id uuid, p_settings jsonb",True,1686b0072db257921e0dfba91a888bf4,fn_update_table_bomb_settings,jsonb,True,True,Signature/Hash/Grants Observed; Body And Caller Contract Need Individual Review
False,p_schedule jsonb,True,0480dfb41a9e126b060ca5ebce296c29,fn_upsert_tournament_schedule,jsonb,True,True,Signature/Hash/Grants Observed; Body And Caller Contract Need Individual Review
False,"p_throwable_id text, p_request_id uuid",True,9db52098a228a7be9f9c89ed5bf122a0,fn_use_throwable_v2,jsonb,True,True,Signature/Hash/Grants Observed; Body And Caller Contract Need Individual Review
False,"p_user_id uuid, p_club_id uuid, p_metric text, p_start_date date, p_end_date date",True,06f1cbce2ffc9cc6fadfc1a3893c2712,fn_user_rank_by_dates,jsonb,True,True,Signature/Hash/Grants Observed; Body And Caller Contract Need Individual Review
False,"p_user_id uuid, p_metric text, p_start_date date, p_end_date date",True,0c98a4dc73bb849bad44082327f75e96,fn_user_rank_global_by_dates,jsonb,True,True,Signature/Hash/Grants Observed; Body And Caller Contract Need Individual Review
True,"p_user_id uuid, p_metric text, p_period text",True,dc9990b44cae07eb70ed4c296e6a8f7e,fn_user_rank_global_period,jsonb,True,True,Signature/Hash/Grants Observed; Body And Caller Contract Need Individual Review
False,"p_user_id uuid, p_club_id uuid, p_metric text, p_period text",True,3824dd6e1b51a65e25a1673e48e66108,fn_user_rank_period,jsonb,True,True,Signature/Hash/Grants Observed; Body And Caller Contract Need Individual Review
False,"p_user_id uuid, p_from_wallet text, p_to_wallet text, p_amount numeric, p_note text",True,b54ab7050103eecf3b456969e5a71bbd,fn_wallet_type_transfer,jsonb,True,True,Signature/Hash/Grants Observed; Body And Caller Contract Need Individual Review
False,p_period_id uuid,False,efd7d19052c7f38d74fbfd09e61d8249,generate_period_commissions,"TABLE(agent_id uuid, period_id uuid, gross_rake numeric, commission_earned numeric, paid_to_downlines numeric, net_payout numeric, status text)",False,True,Signature/Hash/Grants Observed; Body And Caller Contract Need Individual Review
False,p_period_id uuid,True,5fc700bd92375964f4b7039c49047f10,generate_period_settlements,jsonb,True,True,Signature/Hash/Grants Observed; Body And Caller Contract Need Individual Review
True,p_table_id uuid,True,738636096170eb9c417a5a9cdfc52334,get_active_hand_snapshot,"TABLE(hand_number integer, state_json jsonb, config_json jsonb, dealer_seat integer, players_json jsonb, stage text, updated_at timestamp with time zone)",False,True,Signature/Hash/Grants Observed; Body And Caller Contract Need Individual Review
False,p_club_id uuid,True,c1341cc5455245979ee8a5f9ea7a6d2b,get_anti_cheat_stats,jsonb,True,True,Signature/Hash/Grants Observed; Body And Caller Contract Need Individual Review
False,p_union_id uuid,True,3b7cc899808517ccea39f8f20e2ae2e7,get_bbj_pool,json,False,True,Signature/Hash/Grants Observed; Body And Caller Contract Need Individual Review
False,p_club_key text,True,bedbd16935c74ba4e8be39d7a9c093b0,get_club_home,jsonb,False,True,Signature/Hash/Grants Observed; Body And Caller Contract Need Individual Review
True,p_club_key text,True,d0deada158658ba9e1f88cbfba85c6ae,get_club_players_playing,integer,False,True,Signature/Hash/Grants Observed; Body And Caller Contract Need Individual Review
False,,True,21596ce66381c375e3c96ae2476ad40f,get_current_settlement_period,"TABLE(id uuid, period_start timestamp with time zone, period_end timestamp with time zone, status text, total_rake numeric)",True,True,Signature/Hash/Grants Observed; Body And Caller Contract Need Individual Review
False,p_club_id uuid,True,e357bd34de0afe73e449564ea1c13cbe,get_current_settlement_period,"TABLE(id uuid, club_id uuid, union_id uuid, scope text, period_number integer, year integer, period_start timestamp with time zone, period_end timestamp with time zone, status text, total_rake numeric, total_bbj numeric, total_player_winnings numeric, total_player_losses numeric, total_hands_dealt bigint, settled_at timestamp with time zone)",True,True,Signature/Hash/Grants Observed; Body And Caller Contract Need Individual Review
False,,True,718ef164d3056e9e5360ce557ced0a30,get_daily_challenge_dashboard_v3,jsonb,True,True,Signature/Hash/Grants Observed; Body And Caller Contract Need Individual Review
False,p_other_user_id uuid,True,ebf123956cfb4a9cc1505278cd1df8d4,get_mutual_friends,"TABLE(id uuid, username text, avatar_url text)",True,True,Signature/Hash/Grants Observed; Body And Caller Contract Need Individual Review
True,"p_club_id uuid, p_limit integer",True,be4dae914d9677fe4d14e2817840c267,get_top_mission_completers,json,False,True,Signature/Hash/Grants Observed; Body And Caller Contract Need Individual Review
True,p_user_id uuid,True,3425971ed7af0598edbaceb8ef7aba8c,get_user_level_stats,jsonb,False,True,Signature/Hash/Grants Observed; Body And Caller Contract Need Individual Review
True,"p_user_id uuid, p_level_id integer",True,02fb196082112a21f5431ad754c073e5,get_user_level_stats,"TABLE(total_questions bigint, correct_answers bigint, accuracy numeric, avg_ev_loss numeric)",False,True,Signature/Hash/Grants Observed; Body And Caller Contract Need Individual Review
False,,True,52e2bb2c75d83fb6c43fc03f2724e129,get_wallet_balance_totals,"TABLE(total_credits numeric, total_debits numeric)",False,True,Signature/Hash/Grants Observed; Body And Caller Contract Need Individual Review
False,"p_instance_id text, p_claims jsonb, p_stale_seconds integer",False,a7d6347ad1ebfb0f3f4cf75a431c2702,heartbeat_table_leases_v3,"TABLE(table_id uuid, state text, lease_generation uuid)",True,True,Signature/Hash/Grants Observed; Body And Caller Contract Need Individual Review
False,"p_instance_id text, p_claims jsonb, p_stale_seconds integer",False,52cb6d75f301564351e9b0021805844b,heartbeat_tournament_leases_v3,"TABLE(tournament_id uuid, state text, lease_generation uuid)",True,True,Signature/Hash/Grants Observed; Body And Caller Contract Need Individual Review
False,p_promotion_id uuid,True,85c877d797d9c8a8909b6916c7871de8,increment_promotion_claim_count,jsonb,True,True,Signature/Hash/Grants Observed; Body And Caller Contract Need Individual Review
False,"p_tournament_id uuid, p_amount numeric",False,65d589ceddffddef40e71efb867a711f,increment_tournament_rake,void,False,True,Signature/Hash/Grants Observed; Body And Caller Contract Need Individual Review
False,"p_union_id uuid, p_amount numeric, p_club_id uuid, p_notes text",False,a1ab23b45c703bde2f13b1af2c6c49a7,increment_union_wallet,jsonb,True,True,Signature/Hash/Grants Observed; Body And Caller Contract Need Individual Review
False,"p_table_id uuid, p_hand_number integer, p_cards text",False,bea5a839f73901e7c50bfdc985746fcc,insert_hole_cards,void,False,True,Signature/Hash/Grants Observed; Body And Caller Contract Need Individual Review
False,"p_pool_id uuid, p_user_id uuid, p_buy_in numeric",True,a7baf9231b55d560de7776886c96c92c,join_flash_pool,jsonb,True,True,Signature/Hash/Grants Observed; Body And Caller Contract Need Individual Review
False,"p_user_id uuid, p_wallet_type text, p_amount numeric, p_type text, p_category text, p_description text, p_table_id uuid, p_hand_id uuid, p_related_entity_id uuid",False,f5fc259af234eb8e07bb0bde40c92513,log_wallet_transaction,void,False,True,Signature/Hash/Grants Observed; Body And Caller Contract Need Individual Review
False,"p_tournament_id uuid, p_user_id uuid, p_rebuy_type text, p_cost numeric, p_chips numeric, p_current_level integer, p_client_token text",True,8a3a28a2ca0c3dae61713d3a6803875f,process_tournament_rebuy,jsonb,True,True,Signature/Hash/Grants Observed; Body And Caller Contract Need Individual Review
False,"p_club_id uuid, p_user_id uuid, p_wagered numeric",False,ee9bcdf31b5f212b67e0ff536033f20c,promo_apply_playthrough,jsonb,False,True,Signature/Hash/Grants Observed; Body And Caller Contract Need Individual Review
False,p_stale_seconds integer,False,6144b5c9ba79371234f8bee9007ed4a6,reap_dead_engine_leases,"TABLE(table_leases_deleted integer, tournament_leases_deleted integer)",True,True,Signature/Hash/Grants Observed; Body And Caller Contract Need Individual Review
False,p_promotion_id uuid,True,453ecd9d8a6f0acc477afc0ca03e820b,recalculate_leaderboard_ranks,void,True,True,Signature/Hash/Grants Observed; Body And Caller Contract Need Individual Review
False,p_club_id uuid,False,921e3311709cf2d64c58c01e410963cb,recompute_club_levels,jsonb,True,True,Signature/Hash/Grants Observed; Body And Caller Contract Need Individual Review
False,"p_user_id uuid, p_session_id uuid, p_level integer, p_mastery_rate numeric, p_questions_correct integer, p_questions_total integer",True,6e6cbb4276fb94af75d6c555aea3bff7,record_arena_session,jsonb,True,True,Signature/Hash/Grants Observed; Body And Caller Contract Need Individual Review
False,"p_event text, p_tier text, p_duration_ms integer, p_item_count integer, p_reason_code text",True,5eb24969763c6a1aa6f7ce4b7143b631,record_daily_mission_operation,boolean,True,True,Signature/Hash/Grants Observed; Body And Caller Contract Need Individual Review
False,"p_table_id uuid, p_club_id uuid, p_hand_number integer, p_player_id uuid, p_equity_percent numeric, p_premium numeric, p_insured_amount numeric, p_payout numeric, p_player_won boolean, p_kind character varying",False,cb02192b5c7520212a307d8b4c47510e,record_insurance_transaction,insurance_transactions,False,True,Signature/Hash/Grants Observed; Body And Caller Contract Need Individual Review
False,"p_referee_id uuid, p_code text",True,48be3e8a30cca1531b162b2da6fdb463,redeem_referral_code,jsonb,True,True,Signature/Hash/Grants Observed; Body And Caller Contract Need Individual Review
False,p_instance_id text,False,9faf8a29ad5d75078d04b04aa36569cf,release_engine_leadership,integer,True,True,Signature/Hash/Grants Observed; Body And Caller Contract Need Individual Review
False,"p_instance_id text, p_claims jsonb",False,a08340dd1708cd37530e8b66e3c2a1d9,release_table_leases_v2,integer,True,True,Signature/Hash/Grants Observed; Body And Caller Contract Need Individual Review
False,"p_instance_id text, p_claims jsonb",False,2c92f4af8b6f14b8cdc0a5af7e98fcf8,release_tournament_leases_v2,integer,True,True,Signature/Hash/Grants Observed; Body And Caller Contract Need Individual Review
False,"p_user_id uuid, p_challenge_row_id uuid, p_expected_challenge_id text, p_cost integer",True,4c23f23e2e00e75228d5d745b1c0dccb,reroll_daily_challenge,jsonb,True,True,Signature/Hash/Grants Observed; Body And Caller Contract Need Individual Review
False,"p_user_id uuid, p_challenge_row_id uuid, p_expected_challenge_id text, p_cost integer, p_request_id uuid",True,808d5fa4c083e0b56051234387fccf03,reroll_daily_challenge,jsonb,True,True,Signature/Hash/Grants Observed; Body And Caller Contract Need Individual Review
False,"p_pending_id uuid, p_max_buy_in numeric",False,39dd34e9fa90e1625cf73d3823ae3b61,resolve_pending_addon,"TABLE(applied numeric, refunded numeric, was_resolved boolean)",False,True,Signature/Hash/Grants Observed; Body And Caller Contract Need Individual Review
False,"p_table_id uuid, p_hand_number integer, p_state_json jsonb, p_config_json jsonb, p_dealer_seat integer, p_players_json jsonb, p_stage text, p_pending_deadlines jsonb, p_disconnect_states jsonb",False,06129a019e7e1f758c867c2ab6f24981,save_hand_state_snapshot,void,True,True,Signature/Hash/Grants Observed; Body And Caller Contract Need Individual Review
False,p_club_id uuid,True,85cf74f076fd3cc2f834b4b29a01c647,settle_club_rakeback,jsonb,True,True,Signature/Hash/Grants Observed; Body And Caller Contract Need Individual Review
False,,False,4c237420934d9afa9f6800125ef95d2a,sp_prune_horse_hand_reviews,integer,True,True,Signature/Hash/Grants Observed; Body And Caller Contract Need Individual Review
False,"p_club_id uuid, p_new_owner_id uuid",True,4ef156fb39151bc7a7c868a0f28ba572,transfer_club_ownership,void,True,True,Signature/Hash/Grants Observed; Body And Caller Contract Need Individual Review
False,"p_user_id uuid, p_profit numeric, p_is_voluntary boolean, p_is_preflop_raise boolean, p_went_to_showdown boolean, p_won_at_showdown boolean",False,4dfe5f640451d81c015ee13bb08b2fbe,update_player_hand_stats,void,False,True,Signature/Hash/Grants Observed; Body And Caller Contract Need Individual Review
False,rows jsonb,False,c73cb456bd033f8d3f5a03e53b9934b0,upsert_horse_mind_pairs,integer,True,True,Signature/Hash/Grants Observed; Body And Caller Contract Need Individual Review
False,rows jsonb,False,84df6d650c905cedba86f2698f1fbd3d,upsert_horse_mind_stats,integer,True,True,Signature/Hash/Grants Observed; Body And Caller Contract Need Individual Review
False,rows jsonb,False,73884faf30f48913dba34053fdd33337,upsert_horse_mind_stats_scoped,integer,True,True,Signature/Hash/Grants Observed; Body And Caller Contract Need Individual Review
False,,True,a9328f0bf1461fe17a24225d6b057c6b,verify_ledger_totals,"TABLE(total_minted numeric, total_in_wallets numeric, total_locked numeric)",True,True,Signature/Hash/Grants Observed; Body And Caller Contract Need Individual Review
False,"p_from_user_id uuid, p_to_user_id uuid, p_amount numeric, p_from_wallet text, p_to_wallet text, p_reference_id uuid",False,3f198dff0553cdb494257eee66df0a1b,wallet_user_transfer,void,False,True,Signature/Hash/Grants Observed; Body And Caller Contract Need Individual Review
