definition,enabled,function_hash,function_name,table_name,trigger_name,status
CREATE TRIGGER poker_arena_no_hierarchy BEFORE INSERT OR UPDATE ON public.agent_commissions FOR EACH ROW EXECUTE FUNCTION fn_poker_reject_diamond_hierarchy(),O,49037a2bf4322d2a327bc9141a7a7a89,fn_poker_reject_diamond_hierarchy,agent_commissions,poker_arena_no_hierarchy,"Enabled: Verify Body, Scope, Ordering And Transaction Behavior"
CREATE TRIGGER trg_agent_commission_rollup_del AFTER DELETE ON public.agent_commissions REFERENCING OLD TABLE AS old_rows FOR EACH STATEMENT EXECUTE FUNCTION trg_agent_commission_rollup_change(),O,4ec76190867a2fe990abddeb01b8cad5,trg_agent_commission_rollup_change,agent_commissions,trg_agent_commission_rollup_del,"Enabled: Verify Body, Scope, Ordering And Transaction Behavior"
CREATE TRIGGER trg_agent_commission_rollup_ins AFTER INSERT ON public.agent_commissions REFERENCING NEW TABLE AS new_rows FOR EACH STATEMENT EXECUTE FUNCTION trg_agent_commission_rollup_insert(),O,50cb43eb54b7924b39c25b9816f450a0,trg_agent_commission_rollup_insert,agent_commissions,trg_agent_commission_rollup_ins,"Enabled: Verify Body, Scope, Ordering And Transaction Behavior"
CREATE TRIGGER trg_agent_commission_rollup_upd AFTER UPDATE ON public.agent_commissions REFERENCING OLD TABLE AS old_rows NEW TABLE AS new_rows FOR EACH STATEMENT EXECUTE FUNCTION trg_agent_commission_rollup_change(),O,4ec76190867a2fe990abddeb01b8cad5,trg_agent_commission_rollup_change,agent_commissions,trg_agent_commission_rollup_upd,"Enabled: Verify Body, Scope, Ordering And Transaction Behavior"
CREATE TRIGGER trg_ca_append_only BEFORE DELETE OR UPDATE ON public.agent_commissions FOR EACH ROW EXECUTE FUNCTION fn_ca_journal_append_only(),O,26088333080b714faa24e60497a460e2,fn_ca_journal_append_only,agent_commissions,trg_ca_append_only,"Enabled: Verify Body, Scope, Ordering And Transaction Behavior"
CREATE TRIGGER guard_agent_wallet_direct_update BEFORE INSERT OR UPDATE ON public.agents FOR EACH ROW EXECUTE FUNCTION guard_agent_wallet_direct_update(),O,736aa9e92265453c3015223562108141,guard_agent_wallet_direct_update,agents,guard_agent_wallet_direct_update,"Enabled: Verify Body, Scope, Ordering And Transaction Behavior"
CREATE TRIGGER poker_arena_no_hierarchy BEFORE INSERT OR UPDATE ON public.agents FOR EACH ROW EXECUTE FUNCTION fn_poker_reject_diamond_hierarchy(),O,49037a2bf4322d2a327bc9141a7a7a89,fn_poker_reject_diamond_hierarchy,agents,poker_arena_no_hierarchy,"Enabled: Verify Body, Scope, Ordering And Transaction Behavior"
CREATE TRIGGER trg_agents_commission_bounds BEFORE INSERT OR UPDATE OF commission_rate ON public.agents FOR EACH ROW EXECUTE FUNCTION fn_enforce_agent_commission_bounds(),O,3e4f5df422b121391cc40f711ae5b5ee,fn_enforce_agent_commission_bounds,agents,trg_agents_commission_bounds,"Enabled: Verify Body, Scope, Ordering And Transaction Behavior"
"CREATE TRIGGER trg_agents_human_user_club_only BEFORE INSERT OR UPDATE OF club_id, user_id ON public.agents FOR EACH ROW EXECUTE FUNCTION fn_ca_reject_automated_user_club_row()",O,7c73094df30c90f94a78cbbd5d24f504,fn_ca_reject_automated_user_club_row,agents,trg_agents_human_user_club_only,"Enabled: Verify Body, Scope, Ordering And Transaction Behavior"
"CREATE TRIGGER trg_agents_staff_earn_no_rakeback BEFORE INSERT OR UPDATE OF role, commission_rate, player_rakeback_rate ON public.agents FOR EACH ROW WHEN (((COALESCE(new.commission_rate, (0)::numeric) <> (0)::numeric) OR (COALESCE(new.player_rakeback_rate, (0)::numeric) <> (0)::numeric))) EXECUTE FUNCTION fn_agents_staff_earn_no_rakeback()",O,17346b77ec8f5a1d6d42dca3eb06e061,fn_agents_staff_earn_no_rakeback,agents,trg_agents_staff_earn_no_rakeback,"Enabled: Verify Body, Scope, Ordering And Transaction Behavior"
"CREATE TRIGGER trg_ca_autoledger AFTER UPDATE OF agent_wallet_balance, promo_wallet_balance ON public.agents FOR EACH ROW EXECUTE FUNCTION fn_ca_autoledger('agent_wallet_balance=agent_wallet', 'promo_wallet_balance=promo_wallet')",O,2ff8923b4c2d8fd3d343cf37acce0f2c,fn_ca_autoledger,agents,trg_ca_autoledger,"Enabled: Verify Body, Scope, Ordering And Transaction Behavior"
"CREATE TRIGGER trg_ca_autoledger_delete BEFORE DELETE ON public.agents FOR EACH ROW EXECUTE FUNCTION fn_ca_autoledger_delete('agent_wallet_balance=agent_wallet', 'promo_wallet_balance=promo_wallet')",O,c6d7e02df8b654fbccc3e8844418bd01,fn_ca_autoledger_delete,agents,trg_ca_autoledger_delete,"Enabled: Verify Body, Scope, Ordering And Transaction Behavior"
"CREATE TRIGGER trg_ca_autoledger_insert AFTER INSERT ON public.agents FOR EACH ROW WHEN (((COALESCE(new.agent_wallet_balance, (0)::numeric) <> (0)::numeric) OR (COALESCE(new.promo_wallet_balance, (0)::numeric) <> (0)::numeric))) EXECUTE FUNCTION fn_ca_autoledger('agent_wallet_balance=agent_wallet', 'promo_wallet_balance=promo_wallet')",O,2ff8923b4c2d8fd3d343cf37acce0f2c,fn_ca_autoledger,agents,trg_ca_autoledger_insert,"Enabled: Verify Body, Scope, Ordering And Transaction Behavior"
CREATE TRIGGER trg_deep_stack_agents_are_protected BEFORE DELETE ON public.agents FOR EACH ROW WHEN ((old.club_id = '2a1132b9-5ba2-42e6-9f01-30a7fcffebe3'::uuid)) EXECUTE FUNCTION fn_deep_stack_society_cannot_be_deleted_by_accident(),O,213a7fa40330c703cb23dc001a99d31e,fn_deep_stack_society_cannot_be_deleted_by_accident,agents,trg_deep_stack_agents_are_protected,"Enabled: Verify Body, Scope, Ordering And Transaction Behavior"
CREATE TRIGGER trg_guard_retired_club_mutation BEFORE INSERT OR DELETE OR UPDATE ON public.agents FOR EACH ROW EXECUTE FUNCTION fn_guard_retired_club_mutation(),O,b82be212e7ccf2a15637c231861ff993,fn_guard_retired_club_mutation,agents,trg_guard_retired_club_mutation,"Enabled: Verify Body, Scope, Ordering And Transaction Behavior"
CREATE TRIGGER trg_sync_agent_wallets BEFORE UPDATE ON public.agents FOR EACH ROW EXECUTE FUNCTION sync_agent_wallet_columns(),O,3a3d351dd05b5dc13b525b7eb4635e5c,sync_agent_wallet_columns,agents,trg_sync_agent_wallets,"Enabled: Verify Body, Scope, Ordering And Transaction Behavior"
CREATE TRIGGER autofix_attempts_touch BEFORE UPDATE ON public.autofix_attempts FOR EACH ROW EXECUTE FUNCTION autofix_attempts_touch_updated_at(),O,6ea6da59bf4e09917c59535e9c3b865c,autofix_attempts_touch_updated_at,autofix_attempts,autofix_attempts_touch,"Enabled: Verify Body, Scope, Ordering And Transaction Behavior"
CREATE TRIGGER trg_bbj_recipients_delete_guard BEFORE DELETE ON public.bbj_payout_recipients FOR EACH ROW EXECUTE FUNCTION fn_bbj_ledger_delete_guard(),O,dfb9effe2ffc304da21d61a66431f4bb,fn_bbj_ledger_delete_guard,bbj_payout_recipients,trg_bbj_recipients_delete_guard,"Enabled: Verify Body, Scope, Ordering And Transaction Behavior"
CREATE TRIGGER trg_bbj_payouts_delete_guard BEFORE DELETE ON public.bbj_payouts FOR EACH ROW EXECUTE FUNCTION fn_bbj_ledger_delete_guard(),O,dfb9effe2ffc304da21d61a66431f4bb,fn_bbj_ledger_delete_guard,bbj_payouts,trg_bbj_payouts_delete_guard,"Enabled: Verify Body, Scope, Ordering And Transaction Behavior"
CREATE TRIGGER trg_log_jackpot_payout_without_hand AFTER INSERT ON public.bbj_payouts FOR EACH ROW EXECUTE FUNCTION fn_log_jackpot_payout_without_hand(),O,4a68a5f2c9c75a3e9ff7551bec0e22d9,fn_log_jackpot_payout_without_hand,bbj_payouts,trg_log_jackpot_payout_without_hand,"Enabled: Verify Body, Scope, Ordering And Transaction Behavior"
"CREATE TRIGGER trg_ca_autoledger AFTER INSERT OR UPDATE OF main_balance, backup_balance, promo_balance ON public.bbj_pools FOR EACH ROW EXECUTE FUNCTION fn_ca_autoledger('main_balance=bbj_pool', 'backup_balance=bbj_pool', 'promo_balance=bbj_pool')",O,2ff8923b4c2d8fd3d343cf37acce0f2c,fn_ca_autoledger,bbj_pools,trg_ca_autoledger,"Enabled: Verify Body, Scope, Ordering And Transaction Behavior"
"CREATE TRIGGER trg_ca_autoledger_delete BEFORE DELETE ON public.bbj_pools FOR EACH ROW EXECUTE FUNCTION fn_ca_autoledger_delete('main_balance=bbj_pool', 'backup_balance=bbj_pool', 'promo_balance=bbj_pool')",O,c6d7e02df8b654fbccc3e8844418bd01,fn_ca_autoledger_delete,bbj_pools,trg_ca_autoledger_delete,"Enabled: Verify Body, Scope, Ordering And Transaction Behavior"
CREATE TRIGGER trg_ca_block_browser BEFORE INSERT OR DELETE OR UPDATE ON public.bbj_pools FOR EACH ROW EXECUTE FUNCTION fn_ca_block_browser_money_table(),O,c894814808498e86ac14d59924cfa145,fn_ca_block_browser_money_table,bbj_pools,trg_ca_block_browser,"Enabled: Verify Body, Scope, Ordering And Transaction Behavior"
CREATE TRIGGER trg_guard_retired_club_mutation BEFORE INSERT OR DELETE OR UPDATE ON public.bbj_pools FOR EACH ROW EXECUTE FUNCTION fn_guard_retired_club_mutation(),O,b82be212e7ccf2a15637c231861ff993,fn_guard_retired_club_mutation,bbj_pools,trg_guard_retired_club_mutation,"Enabled: Verify Body, Scope, Ordering And Transaction Behavior"
CREATE TRIGGER trg_bbj_winners_delete_guard BEFORE DELETE ON public.bbj_winners FOR EACH ROW EXECUTE FUNCTION fn_bbj_ledger_delete_guard(),O,dfb9effe2ffc304da21d61a66431f4bb,fn_bbj_ledger_delete_guard,bbj_winners,trg_bbj_winners_delete_guard,"Enabled: Verify Body, Scope, Ordering And Transaction Behavior"
CREATE TRIGGER trg_blacklists_audit AFTER INSERT OR DELETE ON public.blacklists FOR EACH ROW EXECUTE FUNCTION fn_blacklists_audit(),O,2be2f16366cbff3ee961a2be3254f783,fn_blacklists_audit,blacklists,trg_blacklists_audit,"Enabled: Verify Body, Scope, Ordering And Transaction Behavior"
CREATE TRIGGER trg_ca_hand_facts_strip_unpaid_holding BEFORE INSERT OR UPDATE ON public.ca_hand_facts FOR EACH ROW EXECUTE FUNCTION fn_ca_hand_facts_strip_unpaid_holding(),O,0087000e038b20db248859abb5a87b1a,fn_ca_hand_facts_strip_unpaid_holding,ca_hand_facts,trg_ca_hand_facts_strip_unpaid_holding,"Enabled: Verify Body, Scope, Ordering And Transaction Behavior"
CREATE TRIGGER trg_ca_hand_flags_touch BEFORE UPDATE ON public.ca_hand_flags FOR EACH ROW EXECUTE FUNCTION fn_ca_hand_flags_touch(),O,d6b78f64688f5253d031ce96896c28f5,fn_ca_hand_flags_touch,ca_hand_flags,trg_ca_hand_flags_touch,"Enabled: Verify Body, Scope, Ordering And Transaction Behavior"
CREATE TRIGGER trg_ca_hand_notes_touch BEFORE INSERT OR UPDATE ON public.ca_hand_notes FOR EACH ROW EXECUTE FUNCTION fn_ca_hand_notes_touch(),O,26b04f424e3f17197ef47d57d9da7690,fn_ca_hand_notes_touch,ca_hand_notes,trg_ca_hand_notes_touch,"Enabled: Verify Body, Scope, Ordering And Transaction Behavior"
"CREATE TRIGGER zz_cash_game_floor_from_template BEFORE INSERT OR UPDATE OF ruleset_snapshot, template_name, variant ON public.cash_games FOR EACH ROW EXECUTE FUNCTION fn_cash_game_floor_from_template()",O,cc91b29bfb4df66f0f5565c5f847c0d7,fn_cash_game_floor_from_template,cash_games,zz_cash_game_floor_from_template,"Enabled: Verify Body, Scope, Ordering And Transaction Behavior"
"CREATE TRIGGER zz_one_game_per_blind_category BEFORE INSERT OR UPDATE OF enabled, template_name, variant, bb, club_id ON public.cash_games FOR EACH ROW EXECUTE FUNCTION fn_guard_one_game_per_blind_category()",O,bfa7655bb832ec1f9ef7c165f00ad293,fn_guard_one_game_per_blind_category,cash_games,zz_one_game_per_blind_category,"Enabled: Verify Body, Scope, Ordering And Transaction Behavior"
CREATE TRIGGER zz_cash_seat_move_window BEFORE INSERT ON public.cash_seat_moves FOR EACH ROW EXECUTE FUNCTION fn_cash_seat_move_set_window(),O,95d1775d8855bae113608dae9fe1f79b,fn_cash_seat_move_set_window,cash_seat_moves,zz_cash_seat_move_window,"Enabled: Verify Body, Scope, Ordering And Transaction Behavior"
CREATE TRIGGER tr_notify_agent_on_cashout AFTER INSERT ON public.cashout_requests FOR EACH ROW WHEN ((new.status = 'pending'::text)) EXECUTE FUNCTION fn_notify_agent_on_cashout(),O,03ad337a54df0e06df003f03fc3f8331,fn_notify_agent_on_cashout,cashout_requests,tr_notify_agent_on_cashout,"Enabled: Verify Body, Scope, Ordering And Transaction Behavior"
CREATE TRIGGER trg_guard_retired_club_mutation BEFORE INSERT OR DELETE OR UPDATE ON public.cashout_requests FOR EACH ROW EXECUTE FUNCTION fn_guard_retired_club_mutation(),O,b82be212e7ccf2a15637c231861ff993,fn_guard_retired_club_mutation,cashout_requests,trg_guard_retired_club_mutation,"Enabled: Verify Body, Scope, Ordering And Transaction Behavior"
CREATE TRIGGER trg_ca_append_only BEFORE DELETE OR UPDATE ON public.chip_ledger FOR EACH ROW EXECUTE FUNCTION fn_ca_journal_append_only(),O,26088333080b714faa24e60497a460e2,fn_ca_journal_append_only,chip_ledger,trg_ca_append_only,"Enabled: Verify Body, Scope, Ordering And Transaction Behavior"
CREATE TRIGGER trg_ca_chip_ledger_enrich BEFORE INSERT ON public.chip_ledger FOR EACH ROW EXECUTE FUNCTION fn_ca_chip_ledger_enrich(),O,5931f47d922eea26ab1ea2b12f3f7c8c,fn_ca_chip_ledger_enrich,chip_ledger,trg_ca_chip_ledger_enrich,"Enabled: Verify Body, Scope, Ordering And Transaction Behavior"
CREATE TRIGGER trg_chip_ledger_performed_by BEFORE INSERT ON public.chip_ledger FOR EACH ROW EXECUTE FUNCTION enforce_chip_ledger_performed_by(),O,ce4ab3013be283d66ab9afd1e861b552,enforce_chip_ledger_performed_by,chip_ledger,trg_chip_ledger_performed_by,"Enabled: Verify Body, Scope, Ordering And Transaction Behavior"
CREATE TRIGGER zz_ca_attested_day_is_restated_del AFTER DELETE ON public.chip_ledger REFERENCING OLD TABLE AS old_rows FOR EACH STATEMENT EXECUTE FUNCTION fn_ca_attested_day_is_restated(),O,268e0f244b2df7f88b933530b1cad822,fn_ca_attested_day_is_restated,chip_ledger,zz_ca_attested_day_is_restated_del,"Enabled: Verify Body, Scope, Ordering And Transaction Behavior"
CREATE TRIGGER zz_ca_attested_day_is_restated_upd AFTER UPDATE ON public.chip_ledger REFERENCING OLD TABLE AS old_rows NEW TABLE AS new_rows FOR EACH STATEMENT EXECUTE FUNCTION fn_ca_attested_day_is_restated(),O,268e0f244b2df7f88b933530b1cad822,fn_ca_attested_day_is_restated,chip_ledger,zz_ca_attested_day_is_restated_upd,"Enabled: Verify Body, Scope, Ordering And Transaction Behavior"
"CREATE TRIGGER zz_ca_escrow_overlay_leg AFTER INSERT ON public.chip_ledger FOR EACH ROW WHEN (((new.to_type = 'prize_liability'::text) AND ((new.category = 'overlay'::text) OR ((new.category = 'correction'::text) AND (new.from_type = ANY (ARRAY['union_bank'::text, 'club_treasury'::text])))))) EXECUTE FUNCTION fn_ca_escrow_on_overlay_leg()",O,1b916fb576271d94c481099c11ca8b93,fn_ca_escrow_on_overlay_leg,chip_ledger,zz_ca_escrow_overlay_leg,"Enabled: Verify Body, Scope, Ordering And Transaction Behavior"
"CREATE TRIGGER zz_ca_escrow_reserve_leg AFTER INSERT ON public.chip_ledger FOR EACH ROW WHEN ((new.category = ANY (ARRAY['spin_entry'::text, 'spin_prize'::text]))) EXECUTE FUNCTION fn_ca_escrow_on_reserve_leg()",O,0d7f735d58aadeb6fe03e9daf5e21a92,fn_ca_escrow_on_reserve_leg,chip_ledger,zz_ca_escrow_reserve_leg,"Enabled: Verify Body, Scope, Ordering And Transaction Behavior"
CREATE TRIGGER zz_ca_escrow_seat_transfer_leg AFTER INSERT ON public.chip_ledger FOR EACH ROW WHEN (((new.to_type = 'prize_liability'::text) AND (new.idempotency_key ~~ 'tourney:%:seat:%:pool_transfer'::text))) EXECUTE FUNCTION fn_ca_escrow_on_seat_transfer_leg(),O,e9c56f9c21635b21c7cf0d456eb18b8a,fn_ca_escrow_on_seat_transfer_leg,chip_ledger,zz_ca_escrow_seat_transfer_leg,"Enabled: Verify Body, Scope, Ordering And Transaction Behavior"
"CREATE CONSTRAINT TRIGGER zz_ca_issuance_leg_is_registered AFTER INSERT ON public.chip_ledger DEFERRABLE INITIALLY DEFERRED FOR EACH ROW WHEN (((new.from_type = ANY (ARRAY['system_mint'::text, 'system_burn'::text, 'issuance_reserve'::text, 'chip_retirement'::text])) OR (new.to_type = ANY (ARRAY['system_mint'::text, 'system_burn'::text, 'issuance_reserve'::text, 'chip_retirement'::text])))) EXECUTE FUNCTION fn_ca_issuance_leg_is_registered()",O,7a41ac630bad489e02f05f47ff5ffa1e,fn_ca_issuance_leg_is_registered,chip_ledger,zz_ca_issuance_leg_is_registered,"Enabled: Verify Body, Scope, Ordering And Transaction Behavior"
CREATE TRIGGER zz_chip_ledger_key_is_claimed_once BEFORE INSERT ON public.chip_ledger FOR EACH ROW EXECUTE FUNCTION zz_chip_ledger_key_is_claimed_once(),O,57a2b2eb1bc5b1c5ac36394c2ac23bcd,zz_chip_ledger_key_is_claimed_once,chip_ledger,zz_chip_ledger_key_is_claimed_once,"Enabled: Verify Body, Scope, Ordering And Transaction Behavior"
CREATE TRIGGER zz_freeze_guard BEFORE INSERT OR DELETE OR UPDATE ON public.chip_ledger FOR EACH ROW EXECUTE FUNCTION fn_refuse_while_frozen(),O,3a866372172806a8a69cc3d37413f0cc,fn_refuse_while_frozen,chip_ledger,zz_freeze_guard,"Enabled: Verify Body, Scope, Ordering And Transaction Behavior"
CREATE TRIGGER trg_guard_retired_club_mutation BEFORE INSERT OR DELETE OR UPDATE ON public.chip_requests FOR EACH ROW EXECUTE FUNCTION fn_guard_retired_club_mutation(),O,b82be212e7ccf2a15637c231861ff993,fn_guard_retired_club_mutation,chip_requests,trg_guard_retired_club_mutation,"Enabled: Verify Body, Scope, Ordering And Transaction Behavior"
CREATE TRIGGER trg_ca_append_only BEFORE DELETE OR UPDATE ON public.chip_transactions FOR EACH ROW EXECUTE FUNCTION fn_ca_journal_append_only(),O,26088333080b714faa24e60497a460e2,fn_ca_journal_append_only,chip_transactions,trg_ca_append_only,"Enabled: Verify Body, Scope, Ordering And Transaction Behavior"
CREATE TRIGGER zz_freeze_guard BEFORE INSERT OR DELETE OR UPDATE ON public.chip_transactions FOR EACH ROW EXECUTE FUNCTION fn_refuse_while_frozen(),O,3a866372172806a8a69cc3d37413f0cc,fn_refuse_while_frozen,chip_transactions,zz_freeze_guard,"Enabled: Verify Body, Scope, Ordering And Transaction Behavior"
CREATE TRIGGER zz_settlement_freeze_guard BEFORE INSERT ON public.chip_transactions FOR EACH ROW EXECUTE FUNCTION fn_refuse_operator_move_while_settling(),O,4dd93ff68d573144d73edc71e166f36f,fn_refuse_operator_move_while_settling,chip_transactions,zz_settlement_freeze_guard,"Enabled: Verify Body, Scope, Ordering And Transaction Behavior"
CREATE TRIGGER trg_announcements_emit_management_event AFTER INSERT OR DELETE OR UPDATE ON public.club_announcements FOR EACH ROW EXECUTE FUNCTION fn_emit_management_content_event(),O,2f5883eca4e555ddaacf18fb71e9704f,fn_emit_management_content_event,club_announcements,trg_announcements_emit_management_event,"Enabled: Verify Body, Scope, Ordering And Transaction Behavior"
"CREATE TRIGGER trg_sync_club_announcement_message BEFORE INSERT OR UPDATE OF title, content, message ON public.club_announcements FOR EACH ROW EXECUTE FUNCTION fn_sync_club_announcement_message()",O,24231686f7c5cab596f7e2f7113c804c,fn_sync_club_announcement_message,club_announcements,trg_sync_club_announcement_message,"Enabled: Verify Body, Scope, Ordering And Transaction Behavior"
CREATE TRIGGER trg_guard_retired_club_mutation BEFORE INSERT OR DELETE OR UPDATE ON public.club_diamond_wallets FOR EACH ROW EXECUTE FUNCTION fn_guard_retired_club_mutation(),O,b82be212e7ccf2a15637c231861ff993,fn_guard_retired_club_mutation,club_diamond_wallets,trg_guard_retired_club_mutation,"Enabled: Verify Body, Scope, Ordering And Transaction Behavior"
CREATE TRIGGER club_members_updated_at BEFORE UPDATE ON public.club_members FOR EACH ROW EXECUTE FUNCTION update_updated_at_column(),O,54801f8bc343c4928383a3e7a1d57d61,update_updated_at_column,club_members,club_members_updated_at,"Enabled: Verify Body, Scope, Ordering And Transaction Behavior"
CREATE TRIGGER lock_cashier_hierarchy_insert_delete BEFORE INSERT OR DELETE ON public.club_members FOR EACH ROW EXECUTE FUNCTION lock_club_cashier_hierarchy_mutation(),O,2bf2e0dc1876c5b1238603fc18558907,lock_club_cashier_hierarchy_mutation,club_members,lock_cashier_hierarchy_insert_delete,"Enabled: Verify Body, Scope, Ordering And Transaction Behavior"
"CREATE TRIGGER lock_cashier_hierarchy_update BEFORE UPDATE OF club_id, agent_id, role, status ON public.club_members FOR EACH ROW EXECUTE FUNCTION lock_club_cashier_hierarchy_mutation()",O,2bf2e0dc1876c5b1238603fc18558907,lock_club_cashier_hierarchy_mutation,club_members,lock_cashier_hierarchy_update,"Enabled: Verify Body, Scope, Ordering And Transaction Behavior"
CREATE TRIGGER poker_arena_membership_guard BEFORE INSERT OR UPDATE ON public.club_members FOR EACH ROW EXECUTE FUNCTION fn_poker_guard_arena_structure(),O,3f7340188c01e84f8c0a21597bd6fc03,fn_poker_guard_arena_structure,club_members,poker_arena_membership_guard,"Enabled: Verify Body, Scope, Ordering And Transaction Behavior"
"CREATE TRIGGER trg_admin_holds_no_player_wallet BEFORE INSERT OR UPDATE OF role, chip_balance ON public.club_members FOR EACH ROW EXECUTE FUNCTION fn_admin_holds_no_player_wallet()",O,3c54c86c548917606c846febfadf704b,fn_admin_holds_no_player_wallet,club_members,trg_admin_holds_no_player_wallet,"Enabled: Verify Body, Scope, Ordering And Transaction Behavior"
CREATE TRIGGER trg_approval_gate_ins BEFORE INSERT ON public.club_members FOR EACH ROW EXECUTE FUNCTION fn_membership_approval_gate(),O,b5edea413fa87af75f47b925a23b1d10,fn_membership_approval_gate,club_members,trg_approval_gate_ins,"Enabled: Verify Body, Scope, Ordering And Transaction Behavior"
CREATE TRIGGER trg_approval_gate_upd BEFORE UPDATE OF status ON public.club_members FOR EACH ROW EXECUTE FUNCTION fn_membership_approval_gate(),O,b5edea413fa87af75f47b925a23b1d10,fn_membership_approval_gate,club_members,trg_approval_gate_upd,"Enabled: Verify Body, Scope, Ordering And Transaction Behavior"
CREATE TRIGGER trg_audit_club_join AFTER INSERT OR UPDATE OF status ON public.club_members FOR EACH ROW EXECUTE FUNCTION fn_audit_club_entry_mutation(),O,d26149a3b10aa00618a98f5076ebf079,fn_audit_club_entry_mutation,club_members,trg_audit_club_join,"Enabled: Verify Body, Scope, Ordering And Transaction Behavior"
CREATE TRIGGER trg_audit_club_member_delete AFTER DELETE ON public.club_members FOR EACH ROW EXECUTE FUNCTION fn_audit_club_member_change(),O,06515aa426034c1174450e2dc37204ef,fn_audit_club_member_change,club_members,trg_audit_club_member_delete,"Enabled: Verify Body, Scope, Ordering And Transaction Behavior"
"CREATE TRIGGER trg_audit_club_member_update AFTER UPDATE OF role, status ON public.club_members FOR EACH ROW EXECUTE FUNCTION fn_audit_club_member_change()",O,06515aa426034c1174450e2dc37204ef,fn_audit_club_member_change,club_members,trg_audit_club_member_update,"Enabled: Verify Body, Scope, Ordering And Transaction Behavior"
CREATE TRIGGER trg_block_browser_balance_inserts BEFORE INSERT ON public.club_members FOR EACH ROW EXECUTE FUNCTION fn_block_browser_balance_inserts(),O,88e61c03b82bedcdc67113f795355d4a,fn_block_browser_balance_inserts,club_members,trg_block_browser_balance_inserts,"Enabled: Verify Body, Scope, Ordering And Transaction Behavior"
CREATE TRIGGER trg_block_browser_balance_writes BEFORE UPDATE ON public.club_members FOR EACH ROW EXECUTE FUNCTION fn_block_browser_balance_writes(),O,c7390598f411e7d6bc4b8daf00e12c6e,fn_block_browser_balance_writes,club_members,trg_block_browser_balance_writes,"Enabled: Verify Body, Scope, Ordering And Transaction Behavior"
CREATE TRIGGER trg_ca_autoledger AFTER UPDATE OF promo_balance ON public.club_members FOR EACH ROW EXECUTE FUNCTION fn_ca_autoledger('promo_balance=promo_wallet'),O,2ff8923b4c2d8fd3d343cf37acce0f2c,fn_ca_autoledger,club_members,trg_ca_autoledger,"Enabled: Verify Body, Scope, Ordering And Transaction Behavior"
"CREATE TRIGGER trg_ca_autoledger_delete BEFORE DELETE ON public.club_members FOR EACH ROW EXECUTE FUNCTION fn_ca_autoledger_delete('chip_balance=player_wallet', 'promo_balance=promo_wallet')",O,c6d7e02df8b654fbccc3e8844418bd01,fn_ca_autoledger_delete,club_members,trg_ca_autoledger_delete,"Enabled: Verify Body, Scope, Ordering And Transaction Behavior"
"CREATE TRIGGER trg_ca_autoledger_insert AFTER INSERT ON public.club_members FOR EACH ROW WHEN (((COALESCE(new.chip_balance, (0)::numeric) <> (0)::numeric) OR (COALESCE(new.promo_balance, (0)::numeric) <> (0)::numeric))) EXECUTE FUNCTION fn_ca_autoledger('chip_balance=player_wallet', 'promo_balance=promo_wallet')",O,2ff8923b4c2d8fd3d343cf37acce0f2c,fn_ca_autoledger,club_members,trg_ca_autoledger_insert,"Enabled: Verify Body, Scope, Ordering And Transaction Behavior"
"CREATE TRIGGER trg_club_member_notes_guard BEFORE UPDATE OF nickname, notes ON public.club_members FOR EACH ROW EXECUTE FUNCTION fn_club_member_notes_guard()",O,cc7bae672aea44a800052d2aba490360,fn_club_member_notes_guard,club_members,trg_club_member_notes_guard,"Enabled: Verify Body, Scope, Ordering And Transaction Behavior"
CREATE TRIGGER trg_club_members_audit_chip_movement AFTER UPDATE OF chip_balance ON public.club_members FOR EACH ROW WHEN ((old.chip_balance IS DISTINCT FROM new.chip_balance)) EXECUTE FUNCTION fn_club_members_ledger_writer(),O,dce647ac9faaf39799ffbee37580f32d,fn_club_members_ledger_writer,club_members,trg_club_members_audit_chip_movement,"Enabled: Verify Body, Scope, Ordering And Transaction Behavior"
"CREATE TRIGGER trg_club_members_bot_follows_horse BEFORE INSERT OR UPDATE OF user_id, is_bot ON public.club_members FOR EACH ROW EXECUTE FUNCTION fn_club_members_bot_follows_horse()",O,f90077b45a854a4f130d06c28c25d4a5,fn_club_members_bot_follows_horse,club_members,trg_club_members_bot_follows_horse,"Enabled: Verify Body, Scope, Ordering And Transaction Behavior"
CREATE TRIGGER trg_club_members_emit_management_access AFTER INSERT OR DELETE OR UPDATE ON public.club_members FOR EACH ROW EXECUTE FUNCTION fn_emit_management_access_event(),O,9963925e6cd6da557b9de6f1749db0fd,fn_emit_management_access_event,club_members,trg_club_members_emit_management_access,"Enabled: Verify Body, Scope, Ordering And Transaction Behavior"
CREATE TRIGGER trg_club_members_guard_lifecycle_write BEFORE UPDATE ON public.club_members FOR EACH ROW EXECUTE FUNCTION fn_guard_membership_lifecycle_write(),O,bb2eca3ab004597dbd9137f78951e943,fn_guard_membership_lifecycle_write,club_members,trg_club_members_guard_lifecycle_write,"Enabled: Verify Body, Scope, Ordering And Transaction Behavior"
"CREATE TRIGGER trg_club_members_human_user_club_only BEFORE INSERT OR UPDATE OF club_id, user_id, is_bot ON public.club_members FOR EACH ROW EXECUTE FUNCTION fn_ca_reject_automated_user_club_row()",O,7c73094df30c90f94a78cbbd5d24f504,fn_ca_reject_automated_user_club_row,club_members,trg_club_members_human_user_club_only,"Enabled: Verify Body, Scope, Ordering And Transaction Behavior"
"CREATE TRIGGER trg_club_members_level_sync AFTER INSERT OR DELETE OR UPDATE OF role, status ON public.club_members FOR EACH ROW EXECUTE FUNCTION trg_auto_recompute_club_level()",O,91f239bc0f5b75e5147ef6bd19ff761b,trg_auto_recompute_club_level,club_members,trg_club_members_level_sync,"Enabled: Verify Body, Scope, Ordering And Transaction Behavior"
CREATE TRIGGER trg_club_members_no_agent_cycle_ins BEFORE INSERT ON public.club_members FOR EACH ROW WHEN ((new.agent_id IS NOT NULL)) EXECUTE FUNCTION fn_club_members_no_agent_cycle(),O,a7ad3c53fcab80a15831e71544b53c56,fn_club_members_no_agent_cycle,club_members,trg_club_members_no_agent_cycle_ins,"Enabled: Verify Body, Scope, Ordering And Transaction Behavior"
CREATE TRIGGER trg_club_members_no_agent_cycle_upd BEFORE UPDATE OF agent_id ON public.club_members FOR EACH ROW WHEN (((new.agent_id IS NOT NULL) AND (new.agent_id IS DISTINCT FROM old.agent_id))) EXECUTE FUNCTION fn_club_members_no_agent_cycle(),O,a7ad3c53fcab80a15831e71544b53c56,fn_club_members_no_agent_cycle,club_members,trg_club_members_no_agent_cycle_upd,"Enabled: Verify Body, Scope, Ordering And Transaction Behavior"
CREATE TRIGGER trg_club_members_require_explicit_join BEFORE INSERT ON public.club_members FOR EACH ROW EXECUTE FUNCTION fn_require_explicit_club_membership_source(),O,3c4e9aa515a8b8c8226fdf18332156a3,fn_require_explicit_club_membership_source,club_members,trg_club_members_require_explicit_join,"Enabled: Verify Body, Scope, Ordering And Transaction Behavior"
CREATE TRIGGER trg_club_members_role_guard BEFORE UPDATE ON public.club_members FOR EACH ROW EXECUTE FUNCTION fn_club_members_role_guard(),O,2374cfedbbe89d3a69c75cdfdb240fe6,fn_club_members_role_guard,club_members,trg_club_members_role_guard,"Enabled: Verify Body, Scope, Ordering And Transaction Behavior"
"CREATE TRIGGER trg_club_members_staff_earn_no_rakeback BEFORE INSERT OR UPDATE ON public.club_members FOR EACH ROW WHEN (((new.role = ANY (ARRAY['co_owner'::text, 'admin'::text])) AND ((COALESCE(new.player_rakeback_pct, (0)::numeric) <> (0)::numeric) OR (COALESCE(new.rakeback_rate, (0)::numeric) <> (0)::numeric) OR (COALESCE(new.commission_rate, (0)::numeric) <> (0)::numeric)))) EXECUTE FUNCTION fn_club_members_staff_earn_no_rakeback()",O,09ae811a57faa517720d493d89262f31,fn_club_members_staff_earn_no_rakeback,club_members,trg_club_members_staff_earn_no_rakeback,"Enabled: Verify Body, Scope, Ordering And Transaction Behavior"
CREATE TRIGGER trg_deep_stack_members_are_protected BEFORE DELETE ON public.club_members FOR EACH ROW WHEN ((old.club_id = '2a1132b9-5ba2-42e6-9f01-30a7fcffebe3'::uuid)) EXECUTE FUNCTION fn_deep_stack_society_cannot_be_deleted_by_accident(),O,213a7fa40330c703cb23dc001a99d31e,fn_deep_stack_society_cannot_be_deleted_by_accident,club_members,trg_deep_stack_members_are_protected,"Enabled: Verify Body, Scope, Ordering And Transaction Behavior"
CREATE TRIGGER trg_four_club_limit_ins BEFORE INSERT ON public.club_members FOR EACH ROW EXECUTE FUNCTION fn_enforce_four_club_limit(),O,4c27b1c5f7b438dfa569699d19f2200a,fn_enforce_four_club_limit,club_members,trg_four_club_limit_ins,"Enabled: Verify Body, Scope, Ordering And Transaction Behavior"
CREATE TRIGGER trg_four_club_limit_upd BEFORE UPDATE OF status ON public.club_members FOR EACH ROW EXECUTE FUNCTION fn_enforce_four_club_limit(),O,4c27b1c5f7b438dfa569699d19f2200a,fn_enforce_four_club_limit,club_members,trg_four_club_limit_upd,"Enabled: Verify Body, Scope, Ordering And Transaction Behavior"
CREATE TRIGGER trg_guard_retired_club_mutation BEFORE INSERT OR DELETE OR UPDATE ON public.club_members FOR EACH ROW EXECUTE FUNCTION fn_guard_retired_club_mutation(),O,b82be212e7ccf2a15637c231861ff993,fn_guard_retired_club_mutation,club_members,trg_guard_retired_club_mutation,"Enabled: Verify Body, Scope, Ordering And Transaction Behavior"
CREATE TRIGGER trg_membership_starts_with_zero_chips BEFORE INSERT ON public.club_members FOR EACH ROW EXECUTE FUNCTION fn_membership_starts_with_zero_chips(),O,e865fa31892646611ec011821a9fd219,fn_membership_starts_with_zero_chips,club_members,trg_membership_starts_with_zero_chips,"Enabled: Verify Body, Scope, Ordering And Transaction Behavior"
"CREATE TRIGGER trg_recompute_club_level_on_member_change AFTER INSERT OR DELETE OR UPDATE OF role, status ON public.club_members FOR EACH ROW EXECUTE FUNCTION fn_recompute_club_level_on_member_change()",O,0a761d5d6027c26ddbe4a7760d23d434,fn_recompute_club_level_on_member_change,club_members,trg_recompute_club_level_on_member_change,"Enabled: Verify Body, Scope, Ordering And Transaction Behavior"
"CREATE TRIGGER trg_sync_agent_player_counts AFTER INSERT OR DELETE OR UPDATE OF agent_id, club_id, is_active ON public.club_members FOR EACH ROW EXECUTE FUNCTION fn_sync_agent_player_counts()",O,76a5848cfdb6c1674b48cb62ae1f22dd,fn_sync_agent_player_counts,club_members,trg_sync_agent_player_counts,"Enabled: Verify Body, Scope, Ordering And Transaction Behavior"
"CREATE TRIGGER trg_sync_club_member_count AFTER INSERT OR DELETE OR UPDATE OF status, club_id, role ON public.club_members FOR EACH ROW EXECUTE FUNCTION fn_sync_club_member_count()",O,2abaebf91e89f56487f01b25d7e3ac98,fn_sync_club_member_count,club_members,trg_sync_club_member_count,"Enabled: Verify Body, Scope, Ordering And Transaction Behavior"
"CREATE TRIGGER trg_sync_mfa_required_on_club_role AFTER INSERT OR UPDATE OF role, user_id ON public.club_members FOR EACH ROW EXECUTE FUNCTION fn_sync_mfa_required_on_club_role()",O,b09cbcddc87075221d72aee3899e97b4,fn_sync_mfa_required_on_club_role,club_members,trg_sync_mfa_required_on_club_role,"Enabled: Verify Body, Scope, Ordering And Transaction Behavior"
CREATE TRIGGER zz_freeze_guard BEFORE INSERT OR DELETE OR UPDATE ON public.club_members FOR EACH ROW EXECUTE FUNCTION fn_refuse_while_frozen('chip_balance'),O,3a866372172806a8a69cc3d37413f0cc,fn_refuse_while_frozen,club_members,zz_freeze_guard,"Enabled: Verify Body, Scope, Ordering And Transaction Behavior"
"CREATE TRIGGER trg_validate_shop_theme_preset BEFORE INSERT OR UPDATE OF grant_spec, is_active, category, stackable ON public.club_shop_items FOR EACH ROW EXECUTE FUNCTION trg_validate_shop_theme_preset()",O,af72739c567f630a6eb6121e0fda0813,trg_validate_shop_theme_preset,club_shop_items,trg_validate_shop_theme_preset,"Enabled: Verify Body, Scope, Ordering And Transaction Behavior"
CREATE TRIGGER clubs_updated_at BEFORE UPDATE ON public.clubs FOR EACH ROW EXECUTE FUNCTION update_updated_at_column(),O,54801f8bc343c4928383a3e7a1d57d61,update_updated_at_column,clubs,clubs_updated_at,"Enabled: Verify Body, Scope, Ordering And Transaction Behavior"
CREATE TRIGGER poker_arena_identity_guard BEFORE INSERT OR UPDATE ON public.clubs FOR EACH ROW EXECUTE FUNCTION fn_poker_guard_arena_structure(),O,3f7340188c01e84f8c0a21597bd6fc03,fn_poker_guard_arena_structure,clubs,poker_arena_identity_guard,"Enabled: Verify Body, Scope, Ordering And Transaction Behavior"
CREATE TRIGGER trg_audit_club_created AFTER INSERT ON public.clubs FOR EACH ROW EXECUTE FUNCTION fn_audit_club_entry_mutation(),O,d26149a3b10aa00618a98f5076ebf079,fn_audit_club_entry_mutation,clubs,trg_audit_club_created,"Enabled: Verify Body, Scope, Ordering And Transaction Behavior"
CREATE TRIGGER trg_audit_club_delete BEFORE DELETE ON public.clubs FOR EACH ROW EXECUTE FUNCTION fn_audit_club_delete(),O,b9f9486d42050e7517e506f655438bb9,fn_audit_club_delete,clubs,trg_audit_club_delete,"Enabled: Verify Body, Scope, Ordering And Transaction Behavior"
CREATE TRIGGER trg_audit_club_settings AFTER UPDATE ON public.clubs FOR EACH ROW WHEN (((old.name IS DISTINCT FROM new.name) OR (old.description IS DISTINCT FROM new.description) OR (old.is_public IS DISTINCT FROM new.is_public) OR (old.requires_approval IS DISTINCT FROM new.requires_approval) OR (old.default_rake_percent IS DISTINCT FROM new.default_rake_percent) OR (old.rake_cap IS DISTINCT FROM new.rake_cap) OR (old.allow_straddle IS DISTINCT FROM new.allow_straddle) OR (old.allow_run_it_twice IS DISTINCT FROM new.allow_run_it_twice) OR (old.allow_rabbit_hunt IS DISTINCT FROM new.allow_rabbit_hunt) OR (old.min_buyin_bb IS DISTINCT FROM new.min_buyin_bb) OR (old.max_buyin_bb IS DISTINCT FROM new.max_buyin_bb) OR (old.logo_url IS DISTINCT FROM new.logo_url) OR (old.bbj_rake_enabled IS DISTINCT FROM new.bbj_rake_enabled) OR (old.spins_enabled IS DISTINCT FROM new.spins_enabled) OR (old.spins_preseed_amount IS DISTINCT FROM new.spins_preseed_amount) OR (old.spins_wallet_funding IS DISTINCT FROM new.spins_wallet_funding))) EXECUTE FUNCTION fn_audit_club_settings_change(),O,5403c57f2dbe265c8fd185c924e2eb14,fn_audit_club_settings_change,clubs,trg_audit_club_settings,"Enabled: Verify Body, Scope, Ordering And Transaction Behavior"
CREATE TRIGGER trg_autocreate_club_social_page AFTER INSERT ON public.clubs FOR EACH ROW EXECUTE FUNCTION trg_fn_autocreate_club_social_page(),O,3b0f2c28c8ed64b6ecdd4f8a7359b85e,trg_fn_autocreate_club_social_page,clubs,trg_autocreate_club_social_page,"Enabled: Verify Body, Scope, Ordering And Transaction Behavior"
CREATE TRIGGER trg_block_browser_treasury_writes BEFORE UPDATE ON public.clubs FOR EACH ROW EXECUTE FUNCTION fn_block_browser_balance_writes(),O,c7390598f411e7d6bc4b8daf00e12c6e,fn_block_browser_balance_writes,clubs,trg_block_browser_treasury_writes,"Enabled: Verify Body, Scope, Ordering And Transaction Behavior"
"CREATE TRIGGER trg_ca_autoledger AFTER INSERT OR UPDATE OF chip_treasury, chip_pool, promo_balance, insurance_balance ON public.clubs FOR EACH ROW EXECUTE FUNCTION fn_ca_autoledger('chip_treasury=club_treasury', 'chip_pool=club_treasury', 'promo_balance=promo_wallet', 'insurance_balance=insurance_bank')",O,2ff8923b4c2d8fd3d343cf37acce0f2c,fn_ca_autoledger,clubs,trg_ca_autoledger,"Enabled: Verify Body, Scope, Ordering And Transaction Behavior"
"CREATE TRIGGER trg_ca_autoledger_delete BEFORE DELETE ON public.clubs FOR EACH ROW EXECUTE FUNCTION fn_ca_autoledger_delete('chip_treasury=club_treasury', 'chip_pool=club_treasury', 'promo_balance=promo_wallet', 'insurance_balance=insurance_bank')",O,c6d7e02df8b654fbccc3e8844418bd01,fn_ca_autoledger_delete,clubs,trg_ca_autoledger_delete,"Enabled: Verify Body, Scope, Ordering And Transaction Behavior"
CREATE TRIGGER trg_ca_club_gets_a_baseline AFTER INSERT ON public.clubs FOR EACH ROW EXECUTE FUNCTION fn_ca_club_gets_a_baseline(),O,e272954ffdc3888ef0351d19c48b1951,fn_ca_club_gets_a_baseline,clubs,trg_ca_club_gets_a_baseline,"Enabled: Verify Body, Scope, Ordering And Transaction Behavior"
"CREATE TRIGGER trg_club_identity_emit_management_event AFTER UPDATE OF tagline, lobby_message, description ON public.clubs FOR EACH ROW EXECUTE FUNCTION fn_emit_management_content_event()",O,2f5883eca4e555ddaacf18fb71e9704f,fn_emit_management_content_event,clubs,trg_club_identity_emit_management_event,"Enabled: Verify Body, Scope, Ordering And Transaction Behavior"
CREATE TRIGGER trg_club_owner_emit_management_access AFTER UPDATE OF owner_id ON public.clubs FOR EACH ROW EXECUTE FUNCTION fn_emit_club_union_access_event(),O,035603d32853b823b20877214ade334f,fn_emit_club_union_access_event,clubs,trg_club_owner_emit_management_access,"Enabled: Verify Body, Scope, Ordering And Transaction Behavior"
CREATE CONSTRAINT TRIGGER trg_club_owner_has_a_player_wallet AFTER INSERT OR UPDATE ON public.clubs DEFERRABLE INITIALLY DEFERRED FOR EACH ROW EXECUTE FUNCTION fn_club_owner_has_a_player_wallet(),O,84222e6fb692c99fa27c843584ac9fc0,fn_club_owner_has_a_player_wallet,clubs,trg_club_owner_has_a_player_wallet,"Enabled: Verify Body, Scope, Ordering And Transaction Behavior"
CREATE TRIGGER trg_club_union_emit_management_access AFTER UPDATE OF union_id ON public.clubs FOR EACH ROW EXECUTE FUNCTION fn_emit_club_union_access_event(),O,035603d32853b823b20877214ade334f,fn_emit_club_union_access_event,clubs,trg_club_union_emit_management_access,"Enabled: Verify Body, Scope, Ordering And Transaction Behavior"
CREATE TRIGGER trg_clubs_guard_lifecycle_write BEFORE DELETE OR UPDATE ON public.clubs FOR EACH ROW EXECUTE FUNCTION fn_guard_club_lifecycle_write(),O,6384708997b9c213bd727d02ad53aaca,fn_guard_club_lifecycle_write,clubs,trg_clubs_guard_lifecycle_write,"Enabled: Verify Body, Scope, Ordering And Transaction Behavior"
CREATE TRIGGER trg_clubs_lobby_message_keeps_its_own_books BEFORE INSERT OR UPDATE ON public.clubs FOR EACH ROW EXECUTE FUNCTION fn_clubs_lobby_message_keeps_its_own_books(),O,4c78df3a6bde52c2cc7c42b05f91708a,fn_clubs_lobby_message_keeps_its_own_books,clubs,trg_clubs_lobby_message_keeps_its_own_books,"Enabled: Verify Body, Scope, Ordering And Transaction Behavior"
CREATE TRIGGER trg_clubs_protect_level_columns BEFORE UPDATE ON public.clubs FOR EACH ROW EXECUTE FUNCTION trg_protect_club_level_columns(),O,c9fcb0739efd7af35c84851ea6836c29,trg_protect_club_level_columns,clubs,trg_clubs_protect_level_columns,"Enabled: Verify Body, Scope, Ordering And Transaction Behavior"
CREATE TRIGGER trg_delete_club_social_page AFTER DELETE ON public.clubs FOR EACH ROW EXECUTE FUNCTION trg_fn_delete_club_social_page(),O,9c6183a75ee12eb13fe696fff78f88f6,trg_fn_delete_club_social_page,clubs,trg_delete_club_social_page,"Enabled: Verify Body, Scope, Ordering And Transaction Behavior"
CREATE TRIGGER trg_guard_clubs_chip_pool_ins BEFORE INSERT ON public.clubs FOR EACH ROW WHEN (((new.chip_pool IS NOT NULL) AND (new.chip_pool <> (0)::numeric))) EXECUTE FUNCTION guard_wallet_balance_write(),O,2af2718d22fcf12be394f9239e88e3c7,guard_wallet_balance_write,clubs,trg_guard_clubs_chip_pool_ins,"Enabled: Verify Body, Scope, Ordering And Transaction Behavior"
CREATE TRIGGER trg_guard_clubs_chip_pool_upd BEFORE UPDATE OF chip_pool ON public.clubs FOR EACH ROW WHEN ((new.chip_pool IS DISTINCT FROM old.chip_pool)) EXECUTE FUNCTION guard_wallet_balance_write(),O,2af2718d22fcf12be394f9239e88e3c7,guard_wallet_balance_write,clubs,trg_guard_clubs_chip_pool_upd,"Enabled: Verify Body, Scope, Ordering And Transaction Behavior"
CREATE TRIGGER trg_mark_new_club_opening_checklist BEFORE INSERT ON public.clubs FOR EACH ROW EXECUTE FUNCTION fn_mark_new_club_opening_checklist(),O,bb20d9829b37c6e09852dd735f57b101,fn_mark_new_club_opening_checklist,clubs,trg_mark_new_club_opening_checklist,"Enabled: Verify Body, Scope, Ordering And Transaction Behavior"
CREATE TRIGGER trg_new_club_gets_the_ladder AFTER INSERT ON public.clubs FOR EACH ROW EXECUTE FUNCTION fn_new_club_gets_the_ladder(),O,57db9a052f46aebcdb59e217248e75a3,fn_new_club_gets_the_ladder,clubs,trg_new_club_gets_the_ladder,"Enabled: Verify Body, Scope, Ordering And Transaction Behavior"
CREATE TRIGGER trg_record_new_club_opening_bank AFTER INSERT ON public.clubs FOR EACH ROW EXECUTE FUNCTION fn_record_new_club_opening_bank(),O,cef97b2c3914625761ee140736be52d5,fn_record_new_club_opening_bank,clubs,trg_record_new_club_opening_bank,"Enabled: Verify Body, Scope, Ordering And Transaction Behavior"
CREATE TRIGGER trg_seed_new_club_opening_bank BEFORE INSERT ON public.clubs FOR EACH ROW EXECUTE FUNCTION fn_seed_new_club_opening_bank(),O,d926c3930f8737b9a708285c35f6828e,fn_seed_new_club_opening_bank,clubs,trg_seed_new_club_opening_bank,"Enabled: Verify Body, Scope, Ordering And Transaction Behavior"
CREATE TRIGGER trg_spin_pool_follows_union_membership AFTER UPDATE OF union_id ON public.clubs FOR EACH ROW EXECUTE FUNCTION fn_spin_pool_follows_union_membership(),O,e75fb18ad642da209188ab5347b9fa82,fn_spin_pool_follows_union_membership,clubs,trg_spin_pool_follows_union_membership,"Enabled: Verify Body, Scope, Ordering And Transaction Behavior"
CREATE TRIGGER trg_sync_mfa_required_on_club_owner AFTER INSERT OR UPDATE OF owner_id ON public.clubs FOR EACH ROW EXECUTE FUNCTION fn_sync_mfa_required_on_club_owner(),O,2d4608c7506e302fd46f73d102f30f92,fn_sync_mfa_required_on_club_owner,clubs,trg_sync_mfa_required_on_club_owner,"Enabled: Verify Body, Scope, Ordering And Transaction Behavior"
CREATE TRIGGER trg_union_totals_follow_club_counts AFTER UPDATE ON public.clubs REFERENCING OLD TABLE AS oldrows NEW TABLE AS newrows FOR EACH STATEMENT EXECUTE FUNCTION fn_union_totals_follow_club_counts(),O,b504648fecedb704e0247a90fd476db2,fn_union_totals_follow_club_counts,clubs,trg_union_totals_follow_club_counts,"Enabled: Verify Body, Scope, Ordering And Transaction Behavior"
"CREATE TRIGGER zz_freeze_guard BEFORE UPDATE ON public.clubs FOR EACH ROW EXECUTE FUNCTION fn_refuse_while_frozen('chip_pool', 'total_rake')",O,3a866372172806a8a69cc3d37413f0cc,fn_refuse_while_frozen,clubs,zz_freeze_guard,"Enabled: Verify Body, Scope, Ordering And Transaction Behavior"
CREATE TRIGGER trg_guard_retired_club_mutation BEFORE INSERT OR DELETE OR UPDATE ON public.credit_invoices FOR EACH ROW EXECUTE FUNCTION fn_guard_retired_club_mutation(),O,b82be212e7ccf2a15637c231861ff993,fn_guard_retired_club_mutation,credit_invoices,trg_guard_retired_club_mutation,"Enabled: Verify Body, Scope, Ordering And Transaction Behavior"
CREATE TRIGGER trg_notify_credit_request AFTER INSERT OR UPDATE OF status ON public.credit_requests FOR EACH ROW EXECUTE FUNCTION fn_notify_credit_request(),O,bce8aaeffc421ff88abdd31f428a5aaa,fn_notify_credit_request,credit_requests,trg_notify_credit_request,"Enabled: Verify Body, Scope, Ordering And Transaction Behavior"
CREATE TRIGGER aa_ca_diamond_journal_classifier BEFORE INSERT ON public.diamond_transactions FOR EACH ROW EXECUTE FUNCTION fn_ca_diamond_journal_classifier(),O,f76983c212f292ed7894abcdaf0f8105,fn_ca_diamond_journal_classifier,diamond_transactions,aa_ca_diamond_journal_classifier,"Enabled: Verify Body, Scope, Ordering And Transaction Behavior"
CREATE TRIGGER trg_ca_append_only BEFORE DELETE OR UPDATE ON public.diamond_transactions FOR EACH ROW EXECUTE FUNCTION fn_ca_journal_append_only(),O,26088333080b714faa24e60497a460e2,fn_ca_journal_append_only,diamond_transactions,trg_ca_append_only,"Enabled: Verify Body, Scope, Ordering And Transaction Behavior"
CREATE TRIGGER trg_ca_diamond_earn_ledger AFTER INSERT ON public.diamond_transactions FOR EACH ROW WHEN ((new.amount > 0)) EXECUTE FUNCTION fn_ca_diamond_earn_ledger(),O,348f0603eaec4a1f91c7a6102eb9fcd2,fn_ca_diamond_earn_ledger,diamond_transactions,trg_ca_diamond_earn_ledger,"Enabled: Verify Body, Scope, Ordering And Transaction Behavior"
CREATE TRIGGER trg_ca_diamond_register_follows_journal AFTER INSERT ON public.diamond_transactions FOR EACH ROW EXECUTE FUNCTION fn_ca_diamond_register_follows_journal(),O,f357f1daade4c2751c183864b5b3abe4,fn_ca_diamond_register_follows_journal,diamond_transactions,trg_ca_diamond_register_follows_journal,"Enabled: Verify Body, Scope, Ordering And Transaction Behavior"
CREATE TRIGGER trg_enforce_anti_farming_caps BEFORE INSERT ON public.diamond_transactions FOR EACH ROW EXECUTE FUNCTION fn_enforce_anti_farming_caps(),O,cabec46b0ce5beb7207af16ed0251a79,fn_enforce_anti_farming_caps,diamond_transactions,trg_enforce_anti_farming_caps,"Enabled: Verify Body, Scope, Ordering And Transaction Behavior"
CREATE TRIGGER trg_notify_dispute AFTER INSERT OR UPDATE OF status ON public.disputes FOR EACH ROW EXECUTE FUNCTION fn_notify_dispute(),O,7f242b7ee276b45d3e4432a93d64fd98,fn_notify_dispute,disputes,trg_notify_dispute,"Enabled: Verify Body, Scope, Ordering And Transaction Behavior"
CREATE TRIGGER classify_engine_recovery_event BEFORE INSERT ON public.engine_recovery_events FOR EACH ROW EXECUTE FUNCTION fn_classify_engine_recovery_event(),O,5c8c7fd494c8c6c6d3fe980cbc196dc9,fn_classify_engine_recovery_event,engine_recovery_events,classify_engine_recovery_event,"Enabled: Verify Body, Scope, Ordering And Transaction Behavior"
CREATE TRIGGER trg_deliver_card_back_entitlement AFTER INSERT ON public.feature_purchases FOR EACH ROW EXECUTE FUNCTION trg_deliver_card_back_entitlement(),O,33a6be5140dad0d976e9a161a36dd9c2,trg_deliver_card_back_entitlement,feature_purchases,trg_deliver_card_back_entitlement,"Enabled: Verify Body, Scope, Ordering And Transaction Behavior"
CREATE TRIGGER trg_deliver_table_studio_entitlement AFTER INSERT ON public.feature_purchases FOR EACH ROW EXECUTE FUNCTION trg_deliver_table_studio_entitlement(),O,013340933d4bf8ae1427272e6534b323,trg_deliver_table_studio_entitlement,feature_purchases,trg_deliver_table_studio_entitlement,"Enabled: Verify Body, Scope, Ordering And Transaction Behavior"
CREATE TRIGGER trg_ca_financial_alert_incident AFTER INSERT ON public.financial_alerts FOR EACH ROW EXECUTE FUNCTION fn_ca_financial_alert_to_incident(),O,0a451dac7e68eeb46781a063787d148f,fn_ca_financial_alert_to_incident,financial_alerts,trg_ca_financial_alert_incident,"Enabled: Verify Body, Scope, Ordering And Transaction Behavior"
CREATE TRIGGER zz_ca_alert_resolution_reaches_the_incident AFTER UPDATE OF resolved ON public.financial_alerts FOR EACH ROW EXECUTE FUNCTION fn_ca_alert_resolution_reaches_the_incident(),O,dbe622139f98faf98bca7bc30db0155c,fn_ca_alert_resolution_reaches_the_incident,financial_alerts,zz_ca_alert_resolution_reaches_the_incident,"Enabled: Verify Body, Scope, Ordering And Transaction Behavior"
CREATE TRIGGER trg_daily_missions_friend_accepted AFTER INSERT OR UPDATE OF status ON public.friendships FOR EACH ROW EXECUTE FUNCTION fn_daily_missions_friend_accepted(),O,e68ce0dd52e087c1c6cec0b05bfdeaa2,fn_daily_missions_friend_accepted,friendships,trg_daily_missions_friend_accepted,"Enabled: Verify Body, Scope, Ordering And Transaction Behavior"
CREATE TRIGGER trg_notify_friend_request AFTER INSERT ON public.friendships FOR EACH ROW EXECUTE FUNCTION fn_notify_friend_request(),O,427b366ec96171d8ce508c0a76ccbed7,fn_notify_friend_request,friendships,trg_notify_friend_request,"Enabled: Verify Body, Scope, Ordering And Transaction Behavior"
CREATE TRIGGER hand_history_club_member_stats AFTER INSERT ON public.hand_history FOR EACH ROW EXECUTE FUNCTION trg_hand_history_club_member_stats(),O,4410a2ecf837afe8a47bb2956542c79e,trg_hand_history_club_member_stats,hand_history,hand_history_club_member_stats,"Enabled: Verify Body, Scope, Ordering And Transaction Behavior"
CREATE TRIGGER hand_history_fold_stats AFTER INSERT ON public.hand_history FOR EACH ROW EXECUTE FUNCTION fn_fold_hand_winnings(),O,59814db07c86250f8642143caad0542b,fn_fold_hand_winnings,hand_history,hand_history_fold_stats,"Enabled: Verify Body, Scope, Ordering And Transaction Behavior"
CREATE TRIGGER hand_history_position_stats AFTER INSERT ON public.hand_history FOR EACH ROW EXECUTE FUNCTION trg_hand_history_position_stats(),O,11a70eefb5afe5e7b28c1bc29425289f,trg_hand_history_position_stats,hand_history,hand_history_position_stats,"Enabled: Verify Body, Scope, Ordering And Transaction Behavior"
CREATE TRIGGER trg_ca_capture_hand_facts BEFORE DELETE ON public.hand_history FOR EACH ROW EXECUTE FUNCTION fn_ca_capture_hand_facts(),O,fcdf4dc8d0db55b61cbbb2f79b60a09e,fn_ca_capture_hand_facts,hand_history,trg_ca_capture_hand_facts,"Enabled: Verify Body, Scope, Ordering And Transaction Behavior"
CREATE TRIGGER trg_ca_stats_live_from_hand AFTER INSERT ON public.hand_history FOR EACH ROW EXECUTE FUNCTION trg_ca_stats_live_from_hand(),O,e320b0bc16226391afa58f9eaf9aaf77,trg_ca_stats_live_from_hand,hand_history,trg_ca_stats_live_from_hand,"Enabled: Verify Body, Scope, Ordering And Transaction Behavior"
CREATE TRIGGER trg_enqueue_hand_daily_missions AFTER INSERT ON public.hand_history FOR EACH ROW EXECUTE FUNCTION fn_enqueue_hand_daily_missions(),O,a89665914529f8f2b981c26bfd10d6e4,fn_enqueue_hand_daily_missions,hand_history,trg_enqueue_hand_daily_missions,"Enabled: Verify Body, Scope, Ordering And Transaction Behavior"
CREATE TRIGGER trg_log_jackpot_hand_deleted BEFORE DELETE ON public.hand_history FOR EACH ROW EXECUTE FUNCTION fn_log_jackpot_hand_deleted(),O,812b538f4aa1e10ec08fdee35df00d02,fn_log_jackpot_hand_deleted,hand_history,trg_log_jackpot_hand_deleted,"Enabled: Verify Body, Scope, Ordering And Transaction Behavior"
CREATE CONSTRAINT TRIGGER zz_ca_bomb_hand_keeps_its_award_units AFTER INSERT ON public.hand_history DEFERRABLE INITIALLY DEFERRED FOR EACH ROW WHEN ((new.bomb_pot IS NOT NULL)) EXECUTE FUNCTION fn_ca_bomb_hand_keeps_its_award_units(),O,4f19a7516985b6e452732a891289ad2b,fn_ca_bomb_hand_keeps_its_award_units,hand_history,zz_ca_bomb_hand_keeps_its_award_units,"Enabled: Verify Body, Scope, Ordering And Transaction Behavior"
CREATE TRIGGER a0_finish_hand_post_commit_obligations BEFORE DELETE ON public.hand_projection_outbox FOR EACH ROW EXECUTE FUNCTION trg_finish_hand_post_commit_obligations(),O,66d5a81792f64fc5ec1ab33ced6a05ba,trg_finish_hand_post_commit_obligations,hand_projection_outbox,a0_finish_hand_post_commit_obligations,"Enabled: Verify Body, Scope, Ordering And Transaction Behavior"
CREATE TRIGGER tr_check_club_message_permission BEFORE INSERT ON public.messages FOR EACH ROW EXECUTE FUNCTION fn_check_club_message_permission(),O,b2d543229701ece76b58ae4a85b98333,fn_check_club_message_permission,messages,tr_check_club_message_permission,"Enabled: Verify Body, Scope, Ordering And Transaction Behavior"
CREATE TRIGGER trg_mirror_notification_to_push_outbox AFTER INSERT ON public.notifications FOR EACH ROW EXECUTE FUNCTION fn_mirror_notification_to_push_outbox(),O,bd3b295eb46413c3cae0d135dcf4872c,fn_mirror_notification_to_push_outbox,notifications,trg_mirror_notification_to_push_outbox,"Enabled: Verify Body, Scope, Ordering And Transaction Behavior"
CREATE TRIGGER trg_notification_fill_action_url BEFORE INSERT ON public.notifications FOR EACH ROW EXECUTE FUNCTION fn_notification_fill_action_url(),O,75cf1f6fe863aa76a27bb7f6889f6b4f,fn_notification_fill_action_url,notifications,trg_notification_fill_action_url,"Enabled: Verify Body, Scope, Ordering And Transaction Behavior"
CREATE TRIGGER trg_sync_notification_read_state BEFORE INSERT OR UPDATE ON public.notifications FOR EACH ROW EXECUTE FUNCTION sync_notification_read_state(),O,c90c577563f3d7a4ac6cfe2ab75df629,sync_notification_read_state,notifications,trg_sync_notification_read_state,"Enabled: Verify Body, Scope, Ordering And Transaction Behavior"
CREATE TRIGGER trg_sync_profile_total_hands AFTER INSERT OR DELETE OR UPDATE OF hands_played ON public.player_stats FOR EACH ROW EXECUTE FUNCTION fn_sync_profile_total_hands(),O,918a9211cf484127ab5d326aea1e47b3,fn_sync_profile_total_hands,player_stats,trg_sync_profile_total_hands,"Enabled: Verify Body, Scope, Ordering And Transaction Behavior"
CREATE TRIGGER tr_generate_referral_code BEFORE INSERT ON public.profiles FOR EACH ROW EXECUTE FUNCTION generate_referral_code(),O,0abb45b7a66bbb9b944e83ace1babae9,generate_referral_code,profiles,tr_generate_referral_code,"Enabled: Verify Body, Scope, Ordering And Transaction Behavior"
CREATE TRIGGER trg_a_benched_horse_stays_benched BEFORE UPDATE OF horse_status ON public.profiles FOR EACH ROW EXECUTE FUNCTION fn_a_benched_horse_stays_benched(),O,ea74058bc6d48b6c7519e6644c5ecf58,fn_a_benched_horse_stays_benched,profiles,trg_a_benched_horse_stays_benched,"Enabled: Verify Body, Scope, Ordering And Transaction Behavior"
"CREATE TRIGGER trg_aa_diamond_balance_mirrors_canonical BEFORE INSERT OR UPDATE OF diamonds, diamond_balance ON public.profiles FOR EACH ROW EXECUTE FUNCTION fn_diamond_balance_mirrors_canonical()",O,8d9df9db7e2c2328595e30b3aca6c87e,fn_diamond_balance_mirrors_canonical,profiles,trg_aa_diamond_balance_mirrors_canonical,"Enabled: Verify Body, Scope, Ordering And Transaction Behavior"
CREATE TRIGGER trg_auto_connect_dan AFTER INSERT ON public.profiles FOR EACH ROW EXECUTE FUNCTION auto_connect_to_dan_bekavac(),O,b190ce8c35153c069aa26ed2fd3ad843,auto_connect_to_dan_bekavac,profiles,trg_auto_connect_dan,"Enabled: Verify Body, Scope, Ordering And Transaction Behavior"
CREATE TRIGGER trg_ca_profile_deletion_journal BEFORE DELETE ON public.profiles FOR EACH ROW EXECUTE FUNCTION fn_ca_journal_profile_deletion(),O,37a2530ba6b283c7d3325184def06390,fn_ca_journal_profile_deletion,profiles,trg_ca_profile_deletion_journal,"Enabled: Verify Body, Scope, Ordering And Transaction Behavior"
CREATE TRIGGER trg_daily_challenge_revision_from_diamonds AFTER UPDATE OF diamonds ON public.profiles FOR EACH ROW WHEN ((old.diamonds IS DISTINCT FROM new.diamonds)) EXECUTE FUNCTION bump_daily_challenge_dashboard_revision(),O,367863ecd73d5909ba2ed8701ba8b168,bump_daily_challenge_dashboard_revision,profiles,trg_daily_challenge_revision_from_diamonds,"Enabled: Verify Body, Scope, Ordering And Transaction Behavior"
CREATE TRIGGER trg_diamond_side_tables_follow_profiles AFTER INSERT OR UPDATE OF diamonds ON public.profiles FOR EACH ROW EXECUTE FUNCTION fn_diamond_side_tables_follow_profiles(),O,e26c66d4e959e4b9bc13084398d18af6,fn_diamond_side_tables_follow_profiles,profiles,trg_diamond_side_tables_follow_profiles,"Enabled: Verify Body, Scope, Ordering And Transaction Behavior"
CREATE TRIGGER trg_guard_horse_avatar BEFORE UPDATE OF avatar_url ON public.profiles FOR EACH ROW EXECUTE FUNCTION fn_guard_horse_avatar(),O,30045433fd86fa466d90f0d4c6bf141e,fn_guard_horse_avatar,profiles,trg_guard_horse_avatar,"Enabled: Verify Body, Scope, Ordering And Transaction Behavior"
CREATE TRIGGER trg_guard_profile_privileged_columns BEFORE UPDATE ON public.profiles FOR EACH ROW EXECUTE FUNCTION fn_guard_profile_privileged_columns(),O,08d19731a476f7bca53a59984d1a3c04,fn_guard_profile_privileged_columns,profiles,trg_guard_profile_privileged_columns,"Enabled: Verify Body, Scope, Ordering And Transaction Behavior"
CREATE TRIGGER trg_mirror_profile_into_legacy_users AFTER INSERT ON public.profiles FOR EACH ROW EXECUTE FUNCTION fn_mirror_profile_into_legacy_users(),O,e8ff7edc7a929204b6905be11fe01514,fn_mirror_profile_into_legacy_users,profiles,trg_mirror_profile_into_legacy_users,"Enabled: Verify Body, Scope, Ordering And Transaction Behavior"
CREATE TRIGGER trg_normalize_username BEFORE INSERT OR UPDATE OF username ON public.profiles FOR EACH ROW EXECUTE FUNCTION fn_normalize_username(),O,61d73d11dd97754ada8fb3a6136350d6,fn_normalize_username,profiles,trg_normalize_username,"Enabled: Verify Body, Scope, Ordering And Transaction Behavior"
CREATE TRIGGER trg_profiles_assign_player_number BEFORE INSERT OR UPDATE OF player_number ON public.profiles FOR EACH ROW EXECUTE FUNCTION trg_profiles_assign_player_number(),O,d8f621e8832848687e18b8988bb94307,trg_profiles_assign_player_number,profiles,trg_profiles_assign_player_number,"Enabled: Verify Body, Scope, Ordering And Transaction Behavior"
"CREATE TRIGGER trg_profiles_cosmetics_ownership BEFORE INSERT OR UPDATE OF equipped_frame, equipped_aura ON public.profiles FOR EACH ROW EXECUTE FUNCTION sp_guard_avatar_cosmetics()",O,005eb44c4cc10482abb6517b8a80194b,sp_guard_avatar_cosmetics,profiles,trg_profiles_cosmetics_ownership,"Enabled: Verify Body, Scope, Ordering And Transaction Behavior"
CREATE TRIGGER trg_profiles_horse_is_born_social AFTER INSERT OR UPDATE OF is_horse ON public.profiles FOR EACH ROW WHEN ((new.is_horse IS TRUE)) EXECUTE FUNCTION trg_fn_horse_is_born_social(),O,b0edf65c444bdd477f2e079d5d6b15ce,trg_fn_horse_is_born_social,profiles,trg_profiles_horse_is_born_social,"Enabled: Verify Body, Scope, Ordering And Transaction Behavior"
CREATE TRIGGER trg_protect_profile_username_and_gate BEFORE INSERT OR UPDATE ON public.profiles FOR EACH ROW EXECUTE FUNCTION fn_protect_profile_username_and_gate(),O,c2c87d5579b31a8481ca044d5e20a82e,fn_protect_profile_username_and_gate,profiles,trg_protect_profile_username_and_gate,"Enabled: Verify Body, Scope, Ordering And Transaction Behavior"
"CREATE TRIGGER trg_reject_horse_name_on_human BEFORE INSERT OR UPDATE OF display_name, is_horse ON public.profiles FOR EACH ROW EXECUTE FUNCTION fn_reject_horse_name_on_human()",O,e502e13cb89cd19503ba67be8d56f614,fn_reject_horse_name_on_human,profiles,trg_reject_horse_name_on_human,"Enabled: Verify Body, Scope, Ordering And Transaction Behavior"
"CREATE TRIGGER trg_sync_mfa_required_on_role_change BEFORE INSERT OR UPDATE OF role, is_vip ON public.profiles FOR EACH ROW EXECUTE FUNCTION fn_sync_mfa_required_on_role_change()",O,93e302ad374109a27ff5ca649e90ac77,fn_sync_mfa_required_on_role_change,profiles,trg_sync_mfa_required_on_role_change,"Enabled: Verify Body, Scope, Ordering And Transaction Behavior"
CREATE TRIGGER trg_validate_home_url_fields BEFORE INSERT OR UPDATE ON public.profiles FOR EACH ROW EXECUTE FUNCTION fn_validate_home_url_fields(),O,0c8b5e6f412d29b9041773a34df6ca01,fn_validate_home_url_fields,profiles,trg_validate_home_url_fields,"Enabled: Verify Body, Scope, Ordering And Transaction Behavior"
CREATE TRIGGER zz_ca_audit_diamond_change AFTER INSERT OR UPDATE OF diamonds ON public.profiles FOR EACH ROW EXECUTE FUNCTION fn_ca_audit_diamond_change(),O,e6d4f55360a07ccc3399ce0c957910e3,fn_ca_audit_diamond_change,profiles,zz_ca_audit_diamond_change,"Enabled: Verify Body, Scope, Ordering And Transaction Behavior"
CREATE TRIGGER zz_ca_diamond_born_with_balance AFTER INSERT ON public.profiles FOR EACH ROW WHEN (((new.diamonds IS NOT NULL) AND (new.diamonds <> 0))) EXECUTE FUNCTION fn_ca_diamond_born_with_balance(),O,ebd7de56c0b2ecd01431d7e3736ccf5e,fn_ca_diamond_born_with_balance,profiles,zz_ca_diamond_born_with_balance,"Enabled: Verify Body, Scope, Ordering And Transaction Behavior"
CREATE TRIGGER zz_promotion_claim_server_decides BEFORE INSERT ON public.promotion_claims FOR EACH ROW EXECUTE FUNCTION fn_promotion_claim_takes_the_promotions_word(),O,aa1561c35fe0c43d39411eacdde28bef,fn_promotion_claim_takes_the_promotions_word,promotion_claims,zz_promotion_claim_server_decides,"Enabled: Verify Body, Scope, Ordering And Transaction Behavior"
"CREATE TRIGGER trg_promotion_prize_has_no_payout_path AFTER INSERT OR UPDATE OF status, prize_pool, type ON public.promotions FOR EACH ROW EXECUTE FUNCTION fn_warn_promotion_has_no_payout_path()",O,7262c19013d5479736fe2d49daed83be,fn_warn_promotion_has_no_payout_path,promotions,trg_promotion_prize_has_no_payout_path,"Enabled: Verify Body, Scope, Ordering And Transaction Behavior"
CREATE TRIGGER trg_ca_club_rake_daily_user_del AFTER DELETE ON public.rake_attributions REFERENCING OLD TABLE AS old_rows FOR EACH STATEMENT EXECUTE FUNCTION trg_ca_club_rake_daily_user_delete(),O,11d6f1c5938dda3430d585aeff5cb423,trg_ca_club_rake_daily_user_delete,rake_attributions,trg_ca_club_rake_daily_user_del,"Enabled: Verify Body, Scope, Ordering And Transaction Behavior"
CREATE TRIGGER trg_ca_club_rake_daily_user_ins AFTER INSERT ON public.rake_attributions REFERENCING NEW TABLE AS new_rows FOR EACH STATEMENT EXECUTE FUNCTION trg_ca_club_rake_daily_user_insert(),O,dfc897bb2bd90950d6e34e8f6f3c0bfd,trg_ca_club_rake_daily_user_insert,rake_attributions,trg_ca_club_rake_daily_user_ins,"Enabled: Verify Body, Scope, Ordering And Transaction Behavior"
CREATE TRIGGER trg_ca_club_rake_daily_user_upd AFTER UPDATE ON public.rake_attributions REFERENCING OLD TABLE AS old_rows NEW TABLE AS new_rows FOR EACH STATEMENT EXECUTE FUNCTION trg_ca_club_rake_daily_user_change(),O,5d62cbb47cc2763e74bb7d981f22daa6,trg_ca_club_rake_daily_user_change,rake_attributions,trg_ca_club_rake_daily_user_upd,"Enabled: Verify Body, Scope, Ordering And Transaction Behavior"
CREATE TRIGGER ca_reporting_rake_change AFTER DELETE OR UPDATE ON public.rake_records FOR EACH ROW EXECUTE FUNCTION trg_ca_reporting_repair_changed_day(),O,8b884094a687151e1095c8741651dbab,trg_ca_reporting_repair_changed_day,rake_records,ca_reporting_rake_change,"Enabled: Verify Body, Scope, Ordering And Transaction Behavior"
CREATE TRIGGER ca_reporting_rake_insert AFTER INSERT ON public.rake_records FOR EACH ROW EXECUTE FUNCTION trg_ca_reporting_rake_insert(),O,77a5bc5c710f2dbc04b547cab55672a0,trg_ca_reporting_rake_insert,rake_records,ca_reporting_rake_insert,"Enabled: Verify Body, Scope, Ordering And Transaction Behavior"
CREATE TRIGGER trg_award_vip_points_from_rake AFTER INSERT ON public.rake_records FOR EACH ROW EXECUTE FUNCTION fn_award_vip_points_from_rake(),O,23ee9b47483898b695bbdf7afea48b01,fn_award_vip_points_from_rake,rake_records,trg_award_vip_points_from_rake,"Enabled: Verify Body, Scope, Ordering And Transaction Behavior"
CREATE TRIGGER trg_ca_club_rake_daily_del AFTER DELETE ON public.rake_records REFERENCING OLD TABLE AS old_rows FOR EACH STATEMENT EXECUTE FUNCTION trg_ca_club_rake_daily_change(),O,0eff9721f6fb1f9d0295184eaafab2f2,trg_ca_club_rake_daily_change,rake_records,trg_ca_club_rake_daily_del,"Enabled: Verify Body, Scope, Ordering And Transaction Behavior"
CREATE TRIGGER trg_ca_club_rake_daily_ins AFTER INSERT ON public.rake_records REFERENCING NEW TABLE AS new_rows FOR EACH STATEMENT EXECUTE FUNCTION trg_ca_club_rake_daily_insert(),O,4bb7c4d64021796803829faacbcddbb0,trg_ca_club_rake_daily_insert,rake_records,trg_ca_club_rake_daily_ins,"Enabled: Verify Body, Scope, Ordering And Transaction Behavior"
CREATE TRIGGER trg_ca_club_rake_daily_upd AFTER UPDATE ON public.rake_records REFERENCING OLD TABLE AS old_rows NEW TABLE AS new_rows FOR EACH STATEMENT EXECUTE FUNCTION trg_ca_club_rake_daily_change(),O,0eff9721f6fb1f9d0295184eaafab2f2,trg_ca_club_rake_daily_change,rake_records,trg_ca_club_rake_daily_upd,"Enabled: Verify Body, Scope, Ordering And Transaction Behavior"
CREATE TRIGGER trg_guard_rake_belongs_to_club BEFORE INSERT OR UPDATE ON public.rake_records FOR EACH ROW EXECUTE FUNCTION fn_guard_rake_belongs_to_club(),O,04f17832e28e53b2ca5b33eb3b8e0982,fn_guard_rake_belongs_to_club,rake_records,trg_guard_rake_belongs_to_club,"Enabled: Verify Body, Scope, Ordering And Transaction Behavior"
CREATE TRIGGER trg_tournament_fee_names_its_player BEFORE INSERT ON public.rake_records FOR EACH ROW WHEN (((new.is_tournament IS TRUE) AND (new.player_contributions IS NULL) AND (new.rake_amount > (0)::numeric))) EXECUTE FUNCTION fn_tournament_fee_names_its_player(),O,a34e26b81ceeda38237b739245ff11f6,fn_tournament_fee_names_its_player,rake_records,trg_tournament_fee_names_its_player,"Enabled: Verify Body, Scope, Ordering And Transaction Behavior"
CREATE TRIGGER zz_ca_escrow_rake_record AFTER INSERT ON public.rake_records FOR EACH ROW WHEN (((new.is_tournament IS TRUE) AND (new.tournament_id IS NOT NULL))) EXECUTE FUNCTION fn_ca_escrow_on_rake_record(),O,263244a7bff192d354c822496c59baf4,fn_ca_escrow_on_rake_record,rake_records,zz_ca_escrow_rake_record,"Enabled: Verify Body, Scope, Ordering And Transaction Behavior"
CREATE TRIGGER poker_arena_no_hierarchy BEFORE INSERT OR UPDATE ON public.rakeback_periods FOR EACH ROW EXECUTE FUNCTION fn_poker_reject_diamond_hierarchy(),O,49037a2bf4322d2a327bc9141a7a7a89,fn_poker_reject_diamond_hierarchy,rakeback_periods,poker_arena_no_hierarchy,"Enabled: Verify Body, Scope, Ordering And Transaction Behavior"
CREATE TRIGGER trg_guard_retired_club_mutation BEFORE INSERT OR DELETE OR UPDATE ON public.settlement_periods FOR EACH ROW EXECUTE FUNCTION fn_guard_retired_club_mutation(),O,b82be212e7ccf2a15637c231861ff993,fn_guard_retired_club_mutation,settlement_periods,trg_guard_retired_club_mutation,"Enabled: Verify Body, Scope, Ordering And Transaction Behavior"
CREATE TRIGGER zz_closed_period_is_immutable BEFORE DELETE OR UPDATE ON public.settlement_periods FOR EACH ROW EXECUTE FUNCTION zz_closed_period_is_immutable(),O,7c50bd632593b3f79950049b427cbd70,zz_closed_period_is_immutable,settlement_periods,zz_closed_period_is_immutable,"Enabled: Verify Body, Scope, Ordering And Transaction Behavior"
CREATE TRIGGER trg_ca_autoledger AFTER INSERT OR UPDATE OF balance ON public.spin_bonus_pools FOR EACH ROW EXECUTE FUNCTION fn_ca_autoledger('balance=spin_reserve'),O,2ff8923b4c2d8fd3d343cf37acce0f2c,fn_ca_autoledger,spin_bonus_pools,trg_ca_autoledger,"Enabled: Verify Body, Scope, Ordering And Transaction Behavior"
CREATE TRIGGER trg_ca_autoledger_delete BEFORE DELETE ON public.spin_bonus_pools FOR EACH ROW EXECUTE FUNCTION fn_ca_autoledger_delete('balance=spin_reserve'),O,c6d7e02df8b654fbccc3e8844418bd01,fn_ca_autoledger_delete,spin_bonus_pools,trg_ca_autoledger_delete,"Enabled: Verify Body, Scope, Ordering And Transaction Behavior"
CREATE TRIGGER trg_ca_block_browser BEFORE INSERT OR DELETE OR UPDATE ON public.spin_bonus_pools FOR EACH ROW EXECUTE FUNCTION fn_ca_block_browser_money_table(),O,c894814808498e86ac14d59924cfa145,fn_ca_block_browser_money_table,spin_bonus_pools,trg_ca_block_browser,"Enabled: Verify Body, Scope, Ordering And Transaction Behavior"
CREATE TRIGGER trg_guard_retired_club_mutation BEFORE INSERT OR DELETE OR UPDATE ON public.spin_bonus_pools FOR EACH ROW EXECUTE FUNCTION fn_guard_retired_club_mutation(),O,b82be212e7ccf2a15637c231861ff993,fn_guard_retired_club_mutation,spin_bonus_pools,trg_guard_retired_club_mutation,"Enabled: Verify Body, Scope, Ordering And Transaction Behavior"
CREATE TRIGGER zz_spin_shortfall_funds_escrow AFTER INSERT ON public.spin_reserve_ledger FOR EACH ROW WHEN ((new.kind = 'adjustment'::text)) EXECUTE FUNCTION fn_spin_shortfall_funds_the_escrow(),O,d9221be8cad1f2622432cb0cc8e78b0a,fn_spin_shortfall_funds_the_escrow,spin_reserve_ledger,zz_spin_shortfall_funds_escrow,"Enabled: Verify Body, Scope, Ordering And Transaction Behavior"
CREATE TRIGGER poker_arena_no_hierarchy BEFORE INSERT OR UPDATE ON public.sub_agents FOR EACH ROW EXECUTE FUNCTION fn_poker_reject_diamond_hierarchy(),O,49037a2bf4322d2a327bc9141a7a7a89,fn_poker_reject_diamond_hierarchy,sub_agents,poker_arena_no_hierarchy,"Enabled: Verify Body, Scope, Ordering And Transaction Behavior"
CREATE TRIGGER trg_sub_agents_updated BEFORE UPDATE ON public.sub_agents FOR EACH ROW EXECUTE FUNCTION touch_sub_agents(),O,17ea75951ae3de7e39b5eb6e59330706,touch_sub_agents,sub_agents,trg_sub_agents_updated,"Enabled: Verify Body, Scope, Ordering And Transaction Behavior"
CREATE TRIGGER aa_tournament_live_seat_proof_lock BEFORE INSERT OR DELETE OR UPDATE ON public.table_seats FOR EACH ROW EXECUTE FUNCTION trg_lock_and_validate_tournament_live_seat(),O,9db05e34f4c67d833d8d8d0bb1c83a08,trg_lock_and_validate_tournament_live_seat,table_seats,aa_tournament_live_seat_proof_lock,"Enabled: Verify Body, Scope, Ordering And Transaction Behavior"
"CREATE TRIGGER ab_refuse_live_seat_on_closed_tournament_table BEFORE INSERT OR UPDATE OF table_id, user_id, left_at ON public.table_seats FOR EACH ROW EXECUTE FUNCTION trg_refuse_live_seat_on_closed_tournament_table()",O,77a66788308c83b1b27a047328be37ed,trg_refuse_live_seat_on_closed_tournament_table,table_seats,ab_refuse_live_seat_on_closed_tournament_table,"Enabled: Verify Body, Scope, Ordering And Transaction Behavior"
CREATE TRIGGER poker_arena_chip_seat_guard BEFORE INSERT OR UPDATE OF table_id ON public.table_seats FOR EACH ROW EXECUTE FUNCTION fn_poker_guard_chip_seat(),O,9dc9db7e4c18f9e1588140fc678442ce,fn_poker_guard_chip_seat,table_seats,poker_arena_chip_seat_guard,"Enabled: Verify Body, Scope, Ordering And Transaction Behavior"
CREATE CONSTRAINT TRIGGER tournament_live_seat_has_active_roster AFTER INSERT ON public.table_seats DEFERRABLE INITIALLY DEFERRED FOR EACH ROW EXECUTE FUNCTION trg_assert_live_tournament_seat_has_roster(),O,7832e3544f1029a4d31f3db07a2659da,trg_assert_live_tournament_seat_has_roster,table_seats,tournament_live_seat_has_active_roster,"Enabled: Verify Body, Scope, Ordering And Transaction Behavior"
"CREATE CONSTRAINT TRIGGER tournament_live_seat_update_has_active_roster AFTER UPDATE OF table_id, user_id, left_at ON public.table_seats DEFERRABLE INITIALLY DEFERRED FOR EACH ROW EXECUTE FUNCTION trg_assert_live_tournament_seat_has_roster()",O,7832e3544f1029a4d31f3db07a2659da,trg_assert_live_tournament_seat_has_roster,table_seats,tournament_live_seat_update_has_active_roster,"Enabled: Verify Body, Scope, Ordering And Transaction Behavior"
CREATE TRIGGER trg_ca_arena_seat_is_same_asset AFTER INSERT ON public.table_seats FOR EACH ROW EXECUTE FUNCTION fn_ca_arena_seat_is_same_asset(),O,1abc2e0357e6cbd626319d4f454a913c,fn_ca_arena_seat_is_same_asset,table_seats,trg_ca_arena_seat_is_same_asset,"Enabled: Verify Body, Scope, Ordering And Transaction Behavior"
CREATE TRIGGER trg_ca_guard_seat_creation BEFORE INSERT OR UPDATE OF left_at ON public.table_seats FOR EACH ROW EXECUTE FUNCTION fn_ca_guard_seat_creation(),O,77a95a0652d302b17bde3757414685cd,fn_ca_guard_seat_creation,table_seats,trg_ca_guard_seat_creation,"Enabled: Verify Body, Scope, Ordering And Transaction Behavior"
"CREATE TRIGGER trg_cash_game_roster_track AFTER INSERT OR UPDATE OF left_at, user_id ON public.table_seats FOR EACH ROW EXECUTE FUNCTION fn_cash_game_roster_track()",O,2daf313485aa6ee430c4d9d6236f407c,fn_cash_game_roster_track,table_seats,trg_cash_game_roster_track,"Enabled: Verify Body, Scope, Ordering And Transaction Behavior"
CREATE TRIGGER trg_clear_sitout_on_turnover BEFORE UPDATE ON public.table_seats FOR EACH ROW EXECUTE FUNCTION fn_clear_sitout_on_turnover(),O,6adbb2ed891454b185a9092d0a43196c,fn_clear_sitout_on_turnover,table_seats,trg_clear_sitout_on_turnover,"Enabled: Verify Body, Scope, Ordering And Transaction Behavior"
CREATE TRIGGER trg_enforce_four_table_limit BEFORE INSERT OR UPDATE OF left_at ON public.table_seats FOR EACH ROW EXECUTE FUNCTION fn_enforce_four_table_limit(),O,b9a73a39f681b3596b9507e2a6ba8528,fn_enforce_four_table_limit,table_seats,trg_enforce_four_table_limit,"Enabled: Verify Body, Scope, Ordering And Transaction Behavior"
CREATE TRIGGER trg_guard_retired_club_mutation BEFORE INSERT OR DELETE OR UPDATE ON public.table_seats FOR EACH ROW EXECUTE FUNCTION fn_guard_retired_club_mutation(),O,b82be212e7ccf2a15637c231861ff993,fn_guard_retired_club_mutation,table_seats,trg_guard_retired_club_mutation,"Enabled: Verify Body, Scope, Ordering And Transaction Behavior"
CREATE TRIGGER trg_log_seat_stack_exit BEFORE DELETE OR UPDATE OF left_at ON public.table_seats FOR EACH ROW EXECUTE FUNCTION fn_log_seat_stack_exit(),O,a6f4c60a1a24ffe9e72f4fc9b682e14a,fn_log_seat_stack_exit,table_seats,trg_log_seat_stack_exit,"Enabled: Verify Body, Scope, Ordering And Transaction Behavior"
CREATE TRIGGER trg_new_seat_clear_sitout BEFORE INSERT ON public.table_seats FOR EACH ROW EXECUTE FUNCTION fn_new_seat_clear_sitout(),O,c801ec89e83f06d5051bb4efdc38db22,fn_new_seat_clear_sitout,table_seats,trg_new_seat_clear_sitout,"Enabled: Verify Body, Scope, Ordering And Transaction Behavior"
CREATE TRIGGER trg_no_live_seat_on_finished_game BEFORE INSERT OR UPDATE ON public.table_seats FOR EACH ROW EXECUTE FUNCTION fn_no_live_seat_on_finished_game(),O,c8d1ca2128fc5f5405a194a46e298d47,fn_no_live_seat_on_finished_game,table_seats,trg_no_live_seat_on_finished_game,"Enabled: Verify Body, Scope, Ordering And Transaction Behavior"
"CREATE TRIGGER trg_notify_blinding_off AFTER UPDATE OF is_sitting_out, is_away ON public.table_seats FOR EACH ROW EXECUTE FUNCTION fn_notify_blinding_off()",O,68022d5d999830f2fc014f191fa616e8,fn_notify_blinding_off,table_seats,trg_notify_blinding_off,"Enabled: Verify Body, Scope, Ordering And Transaction Behavior"
"CREATE TRIGGER trg_one_live_seat_per_tournament BEFORE INSERT OR UPDATE OF user_id, left_at, table_id ON public.table_seats FOR EACH ROW WHEN ((new.left_at IS NULL)) EXECUTE FUNCTION fn_guard_one_live_tournament_seat()",O,f55ac7c4e07131b85e42bd8e0b39cacc,fn_guard_one_live_tournament_seat,table_seats,trg_one_live_seat_per_tournament,"Enabled: Verify Body, Scope, Ordering And Transaction Behavior"
CREATE TRIGGER trg_refuse_seat_on_closed_cluster_table BEFORE INSERT ON public.table_seats FOR EACH ROW EXECUTE FUNCTION fn_refuse_seat_on_closed_cluster_table(),O,5ce84d41cb75c61791d1250e35deb5fe,fn_refuse_seat_on_closed_cluster_table,table_seats,trg_refuse_seat_on_closed_cluster_table,"Enabled: Verify Body, Scope, Ordering And Transaction Behavior"
"CREATE TRIGGER trg_refuse_seat_revive_on_closed_cluster_table BEFORE UPDATE OF user_id, left_at, table_id ON public.table_seats FOR EACH ROW WHEN (((new.left_at IS NULL) AND ((old.left_at IS NOT NULL) OR (old.user_id IS DISTINCT FROM new.user_id) OR (old.table_id IS DISTINCT FROM new.table_id)))) EXECUTE FUNCTION fn_refuse_seat_on_closed_cluster_table()",O,5ce84d41cb75c61791d1250e35deb5fe,fn_refuse_seat_on_closed_cluster_table,table_seats,trg_refuse_seat_revive_on_closed_cluster_table,"Enabled: Verify Body, Scope, Ordering And Transaction Behavior"
CREATE TRIGGER trg_seat_change_syncs_seat_first_count AFTER INSERT OR DELETE OR UPDATE OF left_at ON public.table_seats FOR EACH ROW WHEN ((pg_trigger_depth() < 2)) EXECUTE FUNCTION fn_seat_change_syncs_seat_first_count(),O,e8627a2f8a134a044592c6a64cb3bb1f,fn_seat_change_syncs_seat_first_count,table_seats,trg_seat_change_syncs_seat_first_count,"Enabled: Verify Body, Scope, Ordering And Transaction Behavior"
CREATE TRIGGER trg_seat_insert_cancel_waitlist AFTER INSERT ON public.table_seats FOR EACH ROW EXECUTE FUNCTION fn_seat_insert_cancel_waitlist(),O,9bf8481f945f641918a4b044c8138aa4,fn_seat_insert_cancel_waitlist,table_seats,trg_seat_insert_cancel_waitlist,"Enabled: Verify Body, Scope, Ordering And Transaction Behavior"
CREATE TRIGGER trg_stamp_seat_horse_id BEFORE INSERT OR UPDATE OF user_id ON public.table_seats FOR EACH ROW EXECUTE FUNCTION fn_stamp_seat_horse_id(),O,3c659ba826e3a3296cdfd74911164185,fn_stamp_seat_horse_id,table_seats,trg_stamp_seat_horse_id,"Enabled: Verify Body, Scope, Ordering And Transaction Behavior"
CREATE TRIGGER trg_stamp_sit_out_at BEFORE INSERT OR UPDATE ON public.table_seats FOR EACH ROW EXECUTE FUNCTION fn_stamp_sit_out_at(),O,6443901e814681a3518e6781068c8fea,fn_stamp_sit_out_at,table_seats,trg_stamp_sit_out_at,"Enabled: Verify Body, Scope, Ordering And Transaction Behavior"
"CREATE TRIGGER trg_table_seats_human_user_club_only BEFORE INSERT OR UPDATE OF table_id, user_id, left_at ON public.table_seats FOR EACH ROW EXECUTE FUNCTION fn_ca_reject_automated_user_club_row()",O,7c73094df30c90f94a78cbbd5d24f504,fn_ca_reject_automated_user_club_row,table_seats,trg_table_seats_human_user_club_only,"Enabled: Verify Body, Scope, Ordering And Transaction Behavior"
CREATE TRIGGER trg_table_seats_stamp_club BEFORE INSERT OR UPDATE ON public.table_seats FOR EACH ROW EXECUTE FUNCTION fn_stamp_seat_club(),O,b2cc16de0c6db9dedd115d84961b37e3,fn_stamp_seat_club,table_seats,trg_table_seats_stamp_club,"Enabled: Verify Body, Scope, Ordering And Transaction Behavior"
"CREATE TRIGGER zz_freeze_entry_guard BEFORE INSERT OR UPDATE OF left_at, user_id ON public.table_seats FOR EACH ROW EXECUTE FUNCTION fn_refuse_new_entries_while_frozen()",O,0af4299f549c144ce93b2f37914f6b4e,fn_refuse_new_entries_while_frozen,table_seats,zz_freeze_entry_guard,"Enabled: Verify Body, Scope, Ordering And Transaction Behavior"
"CREATE TRIGGER zz_freeze_guard BEFORE INSERT OR DELETE OR UPDATE ON public.table_seats FOR EACH ROW EXECUTE FUNCTION fn_refuse_while_frozen('stack', 'left_at', 'sit_out_at')",O,3a866372172806a8a69cc3d37413f0cc,fn_refuse_while_frozen,table_seats,zz_freeze_guard,"Enabled: Verify Body, Scope, Ordering And Transaction Behavior"
CREATE TRIGGER zz_restriction_seat_guard BEFORE INSERT ON public.table_seats FOR EACH ROW EXECUTE FUNCTION fn_ca_refuse_restricted_entry('cash'),O,7b1f259496d3b5ad18a1218d35b9b34e,fn_ca_refuse_restricted_entry,table_seats,zz_restriction_seat_guard,"Enabled: Verify Body, Scope, Ordering And Transaction Behavior"
"CREATE TRIGGER zz_restriction_seat_revive_guard BEFORE UPDATE OF user_id, left_at ON public.table_seats FOR EACH ROW WHEN (((new.left_at IS NULL) AND ((old.left_at IS NOT NULL) OR (old.user_id IS DISTINCT FROM new.user_id)))) EXECUTE FUNCTION fn_ca_refuse_restricted_entry('cash')",O,7b1f259496d3b5ad18a1218d35b9b34e,fn_ca_refuse_restricted_entry,table_seats,zz_restriction_seat_revive_guard,"Enabled: Verify Body, Scope, Ordering And Transaction Behavior"
CREATE TRIGGER table_templates_updated_at BEFORE UPDATE ON public.table_templates FOR EACH ROW EXECUTE FUNCTION update_updated_at_column(),O,54801f8bc343c4928383a3e7a1d57d61,update_updated_at_column,table_templates,table_templates_updated_at,"Enabled: Verify Body, Scope, Ordering And Transaction Behavior"
CREATE TRIGGER aa_tournament_table_launch_proof_lock BEFORE INSERT OR DELETE OR UPDATE ON public.tables FOR EACH ROW EXECUTE FUNCTION trg_lock_and_classify_tournament_table(),O,7f03f5391ca9a47ea9a8b5b3c8a38fd5,trg_lock_and_classify_tournament_table,tables,aa_tournament_table_launch_proof_lock,"Enabled: Verify Body, Scope, Ordering And Transaction Behavior"
"CREATE TRIGGER ab_tournament_table_close_requires_empty BEFORE UPDATE OF status, is_deleted ON public.tables FOR EACH ROW EXECUTE FUNCTION trg_tournament_table_close_requires_empty()",O,5dd4fa3f22683dd4a3b23a861fd8ff3b,trg_tournament_table_close_requires_empty,tables,ab_tournament_table_close_requires_empty,"Enabled: Verify Body, Scope, Ordering And Transaction Behavior"
CREATE TRIGGER poker_arena_table_guard BEFORE INSERT OR UPDATE ON public.tables FOR EACH ROW EXECUTE FUNCTION fn_poker_guard_arena_structure(),O,3f7340188c01e84f8c0a21597bd6fc03,fn_poker_guard_arena_structure,tables,poker_arena_table_guard,"Enabled: Verify Body, Scope, Ordering And Transaction Behavior"
CREATE TRIGGER tables_updated_at BEFORE UPDATE ON public.tables FOR EACH ROW EXECUTE FUNCTION update_updated_at_column(),O,54801f8bc343c4928383a3e7a1d57d61,update_updated_at_column,tables,tables_updated_at,"Enabled: Verify Body, Scope, Ordering And Transaction Behavior"
CREATE TRIGGER trg_guard_retired_club_mutation BEFORE INSERT OR DELETE OR UPDATE ON public.tables FOR EACH ROW EXECUTE FUNCTION fn_guard_retired_club_mutation(),O,b82be212e7ccf2a15637c231861ff993,fn_guard_retired_club_mutation,tables,trg_guard_retired_club_mutation,"Enabled: Verify Body, Scope, Ordering And Transaction Behavior"
CREATE TRIGGER trg_on_table_status_change AFTER UPDATE OF status ON public.tables FOR EACH ROW WHEN ((old.status IS DISTINCT FROM new.status)) EXECUTE FUNCTION fn_on_table_status_change(),O,1558760e483a714cc77e8645fe0a51fe,fn_on_table_status_change,tables,trg_on_table_status_change,"Enabled: Verify Body, Scope, Ordering And Transaction Behavior"
"CREATE TRIGGER trg_tables_auto_cashout_on_close AFTER UPDATE OF status ON public.tables FOR EACH ROW WHEN (((new.status IS DISTINCT FROM old.status) AND (lower(COALESCE(new.status, ''::text)) = ANY (ARRAY['closed'::text, 'completed'::text, 'cancelled'::text, 'finished'::text])))) EXECUTE FUNCTION trg_auto_cashout_on_table_close()",O,0c5ddcd8223e28980655a73cf9f90da3,trg_auto_cashout_on_table_close,tables,trg_tables_auto_cashout_on_close,"Enabled: Verify Body, Scope, Ordering And Transaction Behavior"
"CREATE TRIGGER trg_tables_autostart_guard BEFORE INSERT OR UPDATE OF auto_start_players, max_players ON public.tables FOR EACH ROW EXECUTE FUNCTION fn_tables_autostart_guard()",O,a5e5cb3e8ec400049b2e1dd2641b433b,fn_tables_autostart_guard,tables,trg_tables_autostart_guard,"Enabled: Verify Body, Scope, Ordering And Transaction Behavior"
CREATE TRIGGER trg_tables_block_deleted_revival BEFORE UPDATE ON public.tables FOR EACH ROW EXECUTE FUNCTION fn_block_deleted_table_revival(),O,b0ab67c371603e45eede5885055ce242,fn_block_deleted_table_revival,tables,trg_tables_block_deleted_revival,"Enabled: Verify Body, Scope, Ordering And Transaction Behavior"
CREATE TRIGGER trg_tables_capture_management_contract AFTER INSERT OR UPDATE ON public.tables FOR EACH ROW EXECUTE FUNCTION fn_capture_managed_game_contract(),O,28e259c9fd0c76f39c5ca5b5f0328777,fn_capture_managed_game_contract,tables,trg_tables_capture_management_contract,"Enabled: Verify Body, Scope, Ordering And Transaction Behavior"
"CREATE TRIGGER trg_tables_closed_main_releases_index BEFORE INSERT OR UPDATE OF lifecycle, is_deleted, main_index, cluster_id ON public.tables FOR EACH ROW EXECUTE FUNCTION fn_closed_cluster_main_releases_index()",O,24110b324b6d406e070b3bbfb8b1e178,fn_closed_cluster_main_releases_index,tables,trg_tables_closed_main_releases_index,"Enabled: Verify Body, Scope, Ordering And Transaction Behavior"
CREATE TRIGGER trg_tables_cluster_table_ceiling BEFORE INSERT ON public.tables FOR EACH ROW EXECUTE FUNCTION fn_cluster_table_ceiling(),O,0ad0641a5ee0891d6a720f95594a3392,fn_cluster_table_ceiling,tables,trg_tables_cluster_table_ceiling,"Enabled: Verify Body, Scope, Ordering And Transaction Behavior"
CREATE TRIGGER trg_tables_creation_guard BEFORE INSERT ON public.tables FOR EACH ROW EXECUTE FUNCTION fn_tables_creation_guard(),O,e34e22d06e6ecd0d766de04c8a6aec2e,fn_tables_creation_guard,tables,trg_tables_creation_guard,"Enabled: Verify Body, Scope, Ordering And Transaction Behavior"
CREATE TRIGGER trg_tables_emit_game_management_event AFTER INSERT OR DELETE OR UPDATE ON public.tables FOR EACH ROW EXECUTE FUNCTION fn_emit_managed_game_row_event(),O,2042d20f7a0f3951352069a279e75362,fn_emit_managed_game_row_event,tables,trg_tables_emit_game_management_event,"Enabled: Verify Body, Scope, Ordering And Transaction Behavior"
CREATE TRIGGER trg_tables_managed_delete_guard BEFORE DELETE ON public.tables FOR EACH ROW EXECUTE FUNCTION fn_guard_managed_game_delete(),O,bef4392e9fa3124cecaaf74a739e465b,fn_guard_managed_game_delete,tables,trg_tables_managed_delete_guard,"Enabled: Verify Body, Scope, Ordering And Transaction Behavior"
"CREATE TRIGGER trg_tables_managed_lifecycle_guard BEFORE UPDATE OF status, is_deleted ON public.tables FOR EACH ROW EXECUTE FUNCTION fn_guard_managed_game_lifecycle()",O,16d4a93cbee7574608e18287bf555f24,fn_guard_managed_game_lifecycle,tables,trg_tables_managed_lifecycle_guard,"Enabled: Verify Body, Scope, Ordering And Transaction Behavior"
CREATE TRIGGER trg_tables_sync_club_counts_del AFTER DELETE ON public.tables FOR EACH ROW EXECUTE FUNCTION fn_sync_club_table_counts(),O,960a3c64c28448700907d886e49b941b,fn_sync_club_table_counts,tables,trg_tables_sync_club_counts_del,"Enabled: Verify Body, Scope, Ordering And Transaction Behavior"
CREATE TRIGGER trg_tables_sync_club_counts_ins AFTER INSERT ON public.tables FOR EACH ROW EXECUTE FUNCTION fn_sync_club_table_counts(),O,960a3c64c28448700907d886e49b941b,fn_sync_club_table_counts,tables,trg_tables_sync_club_counts_ins,"Enabled: Verify Body, Scope, Ordering And Transaction Behavior"
"CREATE TRIGGER trg_tables_sync_club_counts_upd AFTER UPDATE OF status, is_deleted, club_id, union_id, tournament_id ON public.tables FOR EACH ROW WHEN (((new.status IS DISTINCT FROM old.status) OR (new.is_deleted IS DISTINCT FROM old.is_deleted) OR (new.club_id IS DISTINCT FROM old.club_id) OR (new.union_id IS DISTINCT FROM old.union_id) OR (new.tournament_id IS DISTINCT FROM old.tournament_id))) EXECUTE FUNCTION fn_sync_club_table_counts()",O,960a3c64c28448700907d886e49b941b,fn_sync_club_table_counts,tables,trg_tables_sync_club_counts_upd,"Enabled: Verify Body, Scope, Ordering And Transaction Behavior"
CREATE TRIGGER trg_tables_sync_rit BEFORE INSERT OR UPDATE ON public.tables FOR EACH ROW EXECUTE FUNCTION fn_tables_sync_rit(),O,ccf4af5898c86afba1541cd57018173b,fn_tables_sync_rit,tables,trg_tables_sync_rit,"Enabled: Verify Body, Scope, Ordering And Transaction Behavior"
CREATE TRIGGER trg_tables_union_ownership BEFORE INSERT ON public.tables FOR EACH ROW EXECUTE FUNCTION fn_stamp_table_union_ownership(),O,adf012b27a178a70603ee15e92f87c0d,fn_stamp_table_union_ownership,tables,trg_tables_union_ownership,"Enabled: Verify Body, Scope, Ordering And Transaction Behavior"
CREATE TRIGGER trg_tables_union_ownership_upd BEFORE UPDATE ON public.tables FOR EACH ROW EXECUTE FUNCTION fn_enforce_table_union_ownership_update(),O,210f773b42237b874226747b29e672b3,fn_enforce_table_union_ownership_update,tables,trg_tables_union_ownership_upd,"Enabled: Verify Body, Scope, Ordering And Transaction Behavior"
CREATE TRIGGER trg_ack_bounty_obligation_from_ledger AFTER INSERT ON public.tournament_bounties FOR EACH ROW EXECUTE FUNCTION fn_ack_bounty_obligation_from_ledger(),O,7e6bd7d2c3a97b84f1120e9fd7ab94f7,fn_ack_bounty_obligation_from_ledger,tournament_bounties,trg_ack_bounty_obligation_from_ledger,"Enabled: Verify Body, Scope, Ordering And Transaction Behavior"
CREATE TRIGGER trg_attach_bounty_ledger_obligation BEFORE INSERT ON public.tournament_bounties FOR EACH ROW EXECUTE FUNCTION fn_attach_bounty_ledger_obligation(),O,3b113e507881d7e4aa5b8371e6df8080,fn_attach_bounty_ledger_obligation,tournament_bounties,trg_attach_bounty_ledger_obligation,"Enabled: Verify Body, Scope, Ordering And Transaction Behavior"
CREATE TRIGGER trg_ack_bounty_obligation_from_award AFTER INSERT OR UPDATE OF status ON public.tournament_bounty_awards FOR EACH ROW EXECUTE FUNCTION fn_ack_bounty_obligation_from_award(),O,421164bceabab2f209d68de761e38a35,fn_ack_bounty_obligation_from_award,tournament_bounty_awards,trg_ack_bounty_obligation_from_award,"Enabled: Verify Body, Scope, Ordering And Transaction Behavior"
CREATE TRIGGER trg_attach_bounty_award_obligation BEFORE INSERT ON public.tournament_bounty_awards FOR EACH ROW EXECUTE FUNCTION fn_attach_bounty_award_obligation(),O,5adb27fe28e6dfb22efee3cc2582c1a8,fn_attach_bounty_award_obligation,tournament_bounty_awards,trg_attach_bounty_award_obligation,"Enabled: Verify Body, Scope, Ordering And Transaction Behavior"
CREATE CONSTRAINT TRIGGER trg_bounty_award_has_recipients AFTER INSERT ON public.tournament_bounty_awards DEFERRABLE INITIALLY DEFERRED FOR EACH ROW EXECUTE FUNCTION fn_assert_bounty_award_has_recipients(),O,90283ed11d9788af357c9e5ea9b9bedf,fn_assert_bounty_award_has_recipients,tournament_bounty_awards,trg_bounty_award_has_recipients,"Enabled: Verify Body, Scope, Ordering And Transaction Behavior"
CREATE TRIGGER trg_emit_manager_wake_for_settled_bounty AFTER UPDATE OF state ON public.tournament_bounty_obligations FOR EACH ROW EXECUTE FUNCTION fn_emit_manager_wake_for_settled_bounty(),O,cf0e75b229e514c554425e9a3f7b2a1c,fn_emit_manager_wake_for_settled_bounty,tournament_bounty_obligations,trg_emit_manager_wake_for_settled_bounty,"Enabled: Verify Body, Scope, Ordering And Transaction Behavior"
CREATE TRIGGER zzzz_freeze_batched_tournament_place BEFORE INSERT OR DELETE OR UPDATE ON public.tournament_obligations FOR EACH ROW EXECUTE FUNCTION trg_freeze_batched_tournament_place(),O,ea8d59c22079878ca589fda30577dc93,trg_freeze_batched_tournament_place,tournament_obligations,zzzz_freeze_batched_tournament_place,"Enabled: Verify Body, Scope, Ordering And Transaction Behavior"
CREATE TRIGGER zzzzz_freeze_atomic_final_table_deal_obligation BEFORE INSERT OR DELETE OR UPDATE ON public.tournament_obligations FOR EACH ROW EXECUTE FUNCTION trg_freeze_atomic_final_table_deal_obligation(),O,929a4103a14db5db9d146b9c641767bd,trg_freeze_atomic_final_table_deal_obligation,tournament_obligations,zzzzz_freeze_atomic_final_table_deal_obligation,"Enabled: Verify Body, Scope, Ordering And Transaction Behavior"
CREATE TRIGGER trg_tournament_payouts_append_only BEFORE DELETE OR UPDATE ON public.tournament_payouts FOR EACH ROW EXECUTE FUNCTION fn_tournament_payouts_are_append_only(),O,d30c473c442a9886be11109263f1dc40,fn_tournament_payouts_are_append_only,tournament_payouts,trg_tournament_payouts_append_only,"Enabled: Verify Body, Scope, Ordering And Transaction Behavior"
CREATE TRIGGER zz_a_payout_row_carries_its_key BEFORE INSERT ON public.tournament_payouts FOR EACH ROW EXECUTE FUNCTION zz_a_payout_row_carries_its_key(),O,818ffaa60a8263a176af34191cda2d5a,zz_a_payout_row_carries_its_key,tournament_payouts,zz_a_payout_row_carries_its_key,"Enabled: Verify Body, Scope, Ordering And Transaction Behavior"
CREATE TRIGGER zz_ca_escrow_seat_payout AFTER INSERT ON public.tournament_payouts FOR EACH ROW WHEN ((new.source = 'satellite_seat'::text)) EXECUTE FUNCTION fn_ca_escrow_on_seat_payout(),O,8a247590515e39c56e717e218b532da1,fn_ca_escrow_on_seat_payout,tournament_payouts,zz_ca_escrow_seat_payout,"Enabled: Verify Body, Scope, Ordering And Transaction Behavior"
CREATE TRIGGER aa_serialize_tournament_player_insert BEFORE INSERT ON public.tournament_players FOR EACH STATEMENT EXECUTE FUNCTION fn_serialize_entry_statement(),O,4ecec1cba7db73f67f44fe08f3791536,fn_serialize_entry_statement,tournament_players,aa_serialize_tournament_player_insert,"Enabled: Verify Body, Scope, Ordering And Transaction Behavior"
CREATE TRIGGER aa_tournament_player_launch_proof_lock BEFORE INSERT OR DELETE OR UPDATE ON public.tournament_players FOR EACH ROW EXECUTE FUNCTION trg_lock_tournament_player_launch_proof(),O,74d26c6b61202e5f077c07379b58829e,trg_lock_tournament_player_launch_proof,tournament_players,aa_tournament_player_launch_proof_lock,"Enabled: Verify Body, Scope, Ordering And Transaction Behavior"
CREATE TRIGGER seed_bounty_head AFTER INSERT ON public.tournament_players FOR EACH ROW EXECUTE FUNCTION trg_seed_bounty_head(),O,dcc816d3b32709a2ad55398b5d620351,trg_seed_bounty_head,tournament_players,seed_bounty_head,"Enabled: Verify Body, Scope, Ordering And Transaction Behavior"
"CREATE TRIGGER tournament_place_collision_watch BEFORE INSERT OR UPDATE OF ""position"" ON public.tournament_players FOR EACH ROW EXECUTE FUNCTION trg_tournament_place_collision()",O,f27ba41503d58160618395dc24ebeb93,trg_tournament_place_collision,tournament_players,tournament_place_collision_watch,"Enabled: Verify Body, Scope, Ordering And Transaction Behavior"
CREATE TRIGGER tournament_player_name BEFORE INSERT ON public.tournament_players FOR EACH ROW EXECUTE FUNCTION trg_tournament_player_name(),O,6fc3fa52bf8a283d35909e4421918901,trg_tournament_player_name,tournament_players,tournament_player_name,"Enabled: Verify Body, Scope, Ordering And Transaction Behavior"
CREATE CONSTRAINT TRIGGER tournament_roster_cannot_orphan_live_seat AFTER DELETE ON public.tournament_players DEFERRABLE INITIALLY DEFERRED FOR EACH ROW EXECUTE FUNCTION trg_assert_live_tournament_seat_has_roster(),O,7832e3544f1029a4d31f3db07a2659da,trg_assert_live_tournament_seat_has_roster,tournament_players,tournament_roster_cannot_orphan_live_seat,"Enabled: Verify Body, Scope, Ordering And Transaction Behavior"
"CREATE CONSTRAINT TRIGGER tournament_roster_update_cannot_orphan_live_seat AFTER UPDATE OF tournament_id, user_id, status ON public.tournament_players DEFERRABLE INITIALLY DEFERRED FOR EACH ROW EXECUTE FUNCTION trg_assert_live_tournament_seat_has_roster()",O,7832e3544f1029a4d31f3db07a2659da,trg_assert_live_tournament_seat_has_roster,tournament_players,tournament_roster_update_cannot_orphan_live_seat,"Enabled: Verify Body, Scope, Ordering And Transaction Behavior"
CREATE TRIGGER trg_ca_tournament_entry_gate BEFORE INSERT ON public.tournament_players FOR EACH ROW EXECUTE FUNCTION fn_ca_tournament_entry_gate(),O,63799ff529efacd917879e944ce2e165,fn_ca_tournament_entry_gate,tournament_players,trg_ca_tournament_entry_gate,"Enabled: Verify Body, Scope, Ordering And Transaction Behavior"
CREATE TRIGGER trg_daily_missions_tournament_registered AFTER UPDATE ON public.tournament_players REFERENCING OLD TABLE AS previous_rows NEW TABLE AS updated_rows FOR EACH STATEMENT EXECUTE FUNCTION fn_daily_missions_tournament_registered_updated(),O,b4a2985c8672e0c4cadf7f53a6a26e1b,fn_daily_missions_tournament_registered_updated,tournament_players,trg_daily_missions_tournament_registered,"Enabled: Verify Body, Scope, Ordering And Transaction Behavior"
CREATE TRIGGER trg_daily_missions_tournament_registered_insert AFTER INSERT ON public.tournament_players REFERENCING NEW TABLE AS inserted_rows FOR EACH STATEMENT EXECUTE FUNCTION fn_daily_missions_tournament_registered_inserted(),O,83e6b7b48dd8edba41500d30130ca538,fn_daily_missions_tournament_registered_inserted,tournament_players,trg_daily_missions_tournament_registered_insert,"Enabled: Verify Body, Scope, Ordering And Transaction Behavior"
CREATE TRIGGER trg_enforce_booking_game_cap BEFORE INSERT OR UPDATE OF status ON public.tournament_players FOR EACH ROW EXECUTE FUNCTION fn_enforce_booking_game_cap(),O,0770bebd2ce6924626f2c3c947d23038,fn_enforce_booking_game_cap,tournament_players,trg_enforce_booking_game_cap,"Enabled: Verify Body, Scope, Ordering And Transaction Behavior"
CREATE TRIGGER trg_enforce_tournament_capacity BEFORE INSERT ON public.tournament_players FOR EACH ROW EXECUTE FUNCTION fn_enforce_tournament_capacity(),O,7a1032ac1990c6cd01396364148218ce,fn_enforce_tournament_capacity,tournament_players,trg_enforce_tournament_capacity,"Enabled: Verify Body, Scope, Ordering And Transaction Behavior"
CREATE TRIGGER trg_guard_retired_club_mutation BEFORE INSERT OR DELETE OR UPDATE ON public.tournament_players FOR EACH ROW EXECUTE FUNCTION fn_guard_retired_club_mutation(),O,b82be212e7ccf2a15637c231861ff993,fn_guard_retired_club_mutation,tournament_players,trg_guard_retired_club_mutation,"Enabled: Verify Body, Scope, Ordering And Transaction Behavior"
CREATE TRIGGER trg_refuse_reentry_with_pending_bounty BEFORE UPDATE OF status ON public.tournament_players FOR EACH ROW EXECUTE FUNCTION fn_refuse_reentry_with_pending_bounty(),O,f08a8f5318184e14f8bc8e173d3d56f3,fn_refuse_reentry_with_pending_bounty,tournament_players,trg_refuse_reentry_with_pending_bounty,"Enabled: Verify Body, Scope, Ordering And Transaction Behavior"
CREATE TRIGGER trg_refuse_zero_chip_field_elimination BEFORE UPDATE ON public.tournament_players FOR EACH ROW EXECUTE FUNCTION fn_refuse_zero_chip_field_elimination(),O,97d03afb414b95e0f3bd959df6075c2c,fn_refuse_zero_chip_field_elimination,tournament_players,trg_refuse_zero_chip_field_elimination,"Enabled: Verify Body, Scope, Ordering And Transaction Behavior"
"CREATE TRIGGER trg_sync_tournament_current_players AFTER INSERT OR DELETE OR UPDATE OF status, tournament_id ON public.tournament_players FOR EACH ROW EXECUTE FUNCTION fn_sync_tournament_current_players()",O,91671e89ce82f8d071813fca239a87ec,fn_sync_tournament_current_players,tournament_players,trg_sync_tournament_current_players,"Enabled: Verify Body, Scope, Ordering And Transaction Behavior"
"CREATE TRIGGER trg_tournament_players_human_user_club_only BEFORE INSERT OR UPDATE OF tournament_id, user_id ON public.tournament_players FOR EACH ROW EXECUTE FUNCTION fn_ca_reject_automated_user_club_row()",O,7c73094df30c90f94a78cbbd5d24f504,fn_ca_reject_automated_user_club_row,tournament_players,trg_tournament_players_human_user_club_only,"Enabled: Verify Body, Scope, Ordering And Transaction Behavior"
CREATE TRIGGER trg_tournament_players_stamp_club BEFORE INSERT OR UPDATE ON public.tournament_players FOR EACH ROW WHEN ((new.club_id IS NULL)) EXECUTE FUNCTION fn_stamp_entry_club(),O,1f47891ae5cbb8a1e8dbb495a710bd20,fn_stamp_entry_club,tournament_players,trg_tournament_players_stamp_club,"Enabled: Verify Body, Scope, Ordering And Transaction Behavior"
CREATE TRIGGER zz_freeze_entry_guard BEFORE INSERT ON public.tournament_players FOR EACH ROW EXECUTE FUNCTION fn_refuse_new_entries_while_frozen(),O,0af4299f549c144ce93b2f37914f6b4e,fn_refuse_new_entries_while_frozen,tournament_players,zz_freeze_entry_guard,"Enabled: Verify Body, Scope, Ordering And Transaction Behavior"
CREATE TRIGGER zz_restriction_tourney_guard BEFORE INSERT ON public.tournament_players FOR EACH ROW EXECUTE FUNCTION fn_ca_refuse_restricted_entry('tournaments'),O,7b1f259496d3b5ad18a1218d35b9b34e,fn_ca_refuse_restricted_entry,tournament_players,zz_restriction_tourney_guard,"Enabled: Verify Body, Scope, Ordering And Transaction Behavior"
CREATE TRIGGER zzzz_freeze_batched_tournament_result BEFORE INSERT OR DELETE OR UPDATE ON public.tournament_players FOR EACH ROW EXECUTE FUNCTION trg_freeze_batched_tournament_result(),O,14222acda7118db82f77f831afd8d1a6,trg_freeze_batched_tournament_result,tournament_players,zzzz_freeze_batched_tournament_result,"Enabled: Verify Body, Scope, Ordering And Transaction Behavior"
CREATE TRIGGER zzzz_refuse_finalized_tournament_entry BEFORE INSERT ON public.tournament_players FOR EACH ROW EXECUTE FUNCTION trg_refuse_finalized_tournament_entry(),O,d86d79923949a7f5434c5d2a286fdb49,trg_refuse_finalized_tournament_entry,tournament_players,zzzz_refuse_finalized_tournament_entry,"Enabled: Verify Body, Scope, Ordering And Transaction Behavior"
CREATE TRIGGER trg_guard_retired_club_mutation BEFORE INSERT OR DELETE OR UPDATE ON public.tournament_tickets FOR EACH ROW EXECUTE FUNCTION fn_guard_retired_club_mutation(),O,b82be212e7ccf2a15637c231861ff993,fn_guard_retired_club_mutation,tournament_tickets,trg_guard_retired_club_mutation,"Enabled: Verify Body, Scope, Ordering And Transaction Behavior"
CREATE TRIGGER aa_guard_tournament_completing_claim BEFORE UPDATE OF status ON public.tournaments FOR EACH ROW EXECUTE FUNCTION fn_guard_tournament_completing_claim(),D,43f54be02a02c7efd3010cabde771de4,fn_guard_tournament_completing_claim,tournaments,aa_guard_tournament_completing_claim,Disabled: Verify Approved Replacement And Reachability
CREATE TRIGGER aaa_guard_atomic_satellite_completion BEFORE UPDATE OF status ON public.tournaments FOR EACH ROW EXECUTE FUNCTION trg_guard_atomic_satellite_completion(),D,8ac917a51ecde732a1f9c27527c87219,trg_guard_atomic_satellite_completion,tournaments,aaa_guard_atomic_satellite_completion,Disabled: Verify Approved Replacement And Reachability
CREATE TRIGGER poker_arena_tournament_guard BEFORE INSERT OR UPDATE ON public.tournaments FOR EACH ROW EXECUTE FUNCTION fn_poker_guard_arena_structure(),O,3f7340188c01e84f8c0a21597bd6fc03,fn_poker_guard_arena_structure,tournaments,poker_arena_tournament_guard,"Enabled: Verify Body, Scope, Ordering And Transaction Behavior"
CREATE TRIGGER tournament_completed_stats AFTER UPDATE OF status ON public.tournaments FOR EACH ROW EXECUTE FUNCTION trg_tournament_completed_stats(),O,074f801970b6e6e90c2370a63816ba28,trg_tournament_completed_stats,tournaments,tournament_completed_stats,"Enabled: Verify Body, Scope, Ordering And Transaction Behavior"
CREATE TRIGGER tournament_start_time_locked_during_launch BEFORE UPDATE OF start_time ON public.tournaments FOR EACH ROW EXECUTE FUNCTION trg_lock_tournament_start_time_during_launch(),O,41d41eef67325a9e463043269d19b9bf,trg_lock_tournament_start_time_during_launch,tournaments,tournament_start_time_locked_during_launch,"Enabled: Verify Body, Scope, Ordering And Transaction Behavior"
"CREATE CONSTRAINT TRIGGER tournaments_cancel_must_refund AFTER UPDATE ON public.tournaments DEFERRABLE INITIALLY DEFERRED FOR EACH ROW WHEN (((upper(COALESCE(new.status, ''::text)) = ANY (ARRAY['CANCELLED'::text, 'CANCELED'::text])) AND (upper(COALESCE(old.status, ''::text)) IS DISTINCT FROM upper(COALESCE(new.status, ''::text))))) EXECUTE FUNCTION trg_tournaments_cancel_must_refund()",O,193aa580f539e18f25836bbf25cf014c,trg_tournaments_cancel_must_refund,tournaments,tournaments_cancel_must_refund,"Enabled: Verify Body, Scope, Ordering And Transaction Behavior"
CREATE TRIGGER tournaments_creation_guard BEFORE INSERT ON public.tournaments FOR EACH ROW EXECUTE FUNCTION fn_tournaments_creation_guard(),O,625347745f78aca51aaa83bb769072a7,fn_tournaments_creation_guard,tournaments,tournaments_creation_guard,"Enabled: Verify Body, Scope, Ordering And Transaction Behavior"
"CREATE TRIGGER tournaments_guarantee_affordable_ins BEFORE INSERT ON public.tournaments FOR EACH ROW WHEN ((COALESCE(new.guaranteed_prize, (0)::numeric) > (0)::numeric)) EXECUTE FUNCTION trg_tournaments_guarantee_affordable()",O,91f977eaec85de7f6b478d37184e9732,trg_tournaments_guarantee_affordable,tournaments,tournaments_guarantee_affordable_ins,"Enabled: Verify Body, Scope, Ordering And Transaction Behavior"
"CREATE TRIGGER tournaments_guarantee_affordable_upd BEFORE UPDATE ON public.tournaments FOR EACH ROW WHEN (((COALESCE(new.guaranteed_prize, (0)::numeric) > (0)::numeric) AND (new.guaranteed_prize IS DISTINCT FROM old.guaranteed_prize))) EXECUTE FUNCTION trg_tournaments_guarantee_affordable()",O,91f977eaec85de7f6b478d37184e9732,trg_tournaments_guarantee_affordable,tournaments,tournaments_guarantee_affordable_upd,"Enabled: Verify Body, Scope, Ordering And Transaction Behavior"
CREATE TRIGGER tournaments_rank_before_complete BEFORE UPDATE ON public.tournaments FOR EACH ROW WHEN (((new.status = 'COMPLETED'::text) AND (old.status IS DISTINCT FROM 'COMPLETED'::text))) EXECUTE FUNCTION trg_tournaments_rank_before_complete(),O,89f80b8b181cf7717fcdee2a94d161ed,trg_tournaments_rank_before_complete,tournaments,tournaments_rank_before_complete,"Enabled: Verify Body, Scope, Ordering And Transaction Behavior"
"CREATE TRIGGER tournaments_short_formats_never_break BEFORE INSERT OR UPDATE OF tournament_type, variant, synchronized_breaks ON public.tournaments FOR EACH ROW EXECUTE FUNCTION fn_short_formats_never_break()",O,c1a3d79a8fd639618e81ec1b2f25abe7,fn_short_formats_never_break,tournaments,tournaments_short_formats_never_break,"Enabled: Verify Body, Scope, Ordering And Transaction Behavior"
CREATE TRIGGER tournaments_spin_completed_guard BEFORE UPDATE ON public.tournaments FOR EACH ROW WHEN (((new.status = 'COMPLETED'::text) AND (old.status IS DISTINCT FROM 'COMPLETED'::text))) EXECUTE FUNCTION trg_spin_completed_guard(),O,47439a8a8cde90ed307f9f79f4eb3a95,trg_spin_completed_guard,tournaments,tournaments_spin_completed_guard,"Enabled: Verify Body, Scope, Ordering And Transaction Behavior"
CREATE TRIGGER trg_clear_seats_on_game_end AFTER UPDATE OF status ON public.tournaments FOR EACH ROW EXECUTE FUNCTION fn_clear_seats_on_game_end(),O,9660c076fa2d1739a01ed360933f3c26,fn_clear_seats_on_game_end,tournaments,trg_clear_seats_on_game_end,"Enabled: Verify Body, Scope, Ordering And Transaction Behavior"
CREATE TRIGGER trg_guard_retired_club_mutation BEFORE INSERT OR DELETE OR UPDATE ON public.tournaments FOR EACH ROW EXECUTE FUNCTION fn_guard_retired_club_mutation(),O,b82be212e7ccf2a15637c231861ff993,fn_guard_retired_club_mutation,tournaments,trg_guard_retired_club_mutation,"Enabled: Verify Body, Scope, Ordering And Transaction Behavior"
CREATE TRIGGER trg_receipt_mystery_activation AFTER UPDATE OF mystery_bounty_stage ON public.tournaments FOR EACH ROW EXECUTE FUNCTION fn_receipt_mystery_activation(),O,222c1ea113b7df08cdfad43078022074,fn_receipt_mystery_activation,tournaments,trg_receipt_mystery_activation,"Enabled: Verify Body, Scope, Ordering And Transaction Behavior"
CREATE TRIGGER trg_refuse_completed_with_pending_bounties BEFORE UPDATE OF status ON public.tournaments FOR EACH ROW EXECUTE FUNCTION fn_refuse_completed_with_pending_bounties(),O,36b386279189cbd1e5a5a9541ba3ec94,fn_refuse_completed_with_pending_bounties,tournaments,trg_refuse_completed_with_pending_bounties,"Enabled: Verify Body, Scope, Ordering And Transaction Behavior"
"CREATE TRIGGER trg_refuse_mystery_activation_with_pending_heads BEFORE UPDATE OF mystery_bounty_stage, mystery_bounty_activation_generation ON public.tournaments FOR EACH ROW EXECUTE FUNCTION fn_refuse_mystery_activation_with_pending_heads()",O,b9be582a1a903cf71e2e32795dd1527e,fn_refuse_mystery_activation_with_pending_heads,tournaments,trg_refuse_mystery_activation_with_pending_heads,"Enabled: Verify Body, Scope, Ordering And Transaction Behavior"
CREATE TRIGGER trg_release_seats_on_tournament_finish AFTER UPDATE OF status ON public.tournaments FOR EACH ROW EXECUTE FUNCTION fn_release_seats_on_tournament_finish(),O,7e9ab84b48a96dda6029414f889ab39f,fn_release_seats_on_tournament_finish,tournaments,trg_release_seats_on_tournament_finish,"Enabled: Verify Body, Scope, Ordering And Transaction Behavior"
CREATE TRIGGER trg_retire_manager_wakes_after_terminal_status AFTER UPDATE OF status ON public.tournaments FOR EACH ROW EXECUTE FUNCTION fn_retire_manager_wakes_after_terminal_status(),O,2fa4c2d4bb63ece41ed78c3f11cd770c,fn_retire_manager_wakes_after_terminal_status,tournaments,trg_retire_manager_wakes_after_terminal_status,"Enabled: Verify Body, Scope, Ordering And Transaction Behavior"
CREATE TRIGGER trg_tournaments_capture_management_contract AFTER INSERT OR UPDATE ON public.tournaments FOR EACH ROW EXECUTE FUNCTION fn_capture_managed_game_contract(),O,28e259c9fd0c76f39c5ca5b5f0328777,fn_capture_managed_game_contract,tournaments,trg_tournaments_capture_management_contract,"Enabled: Verify Body, Scope, Ordering And Transaction Behavior"
CREATE TRIGGER trg_tournaments_emit_game_management_event AFTER INSERT OR DELETE OR UPDATE ON public.tournaments FOR EACH ROW EXECUTE FUNCTION fn_emit_managed_game_row_event(),O,2042d20f7a0f3951352069a279e75362,fn_emit_managed_game_row_event,tournaments,trg_tournaments_emit_game_management_event,"Enabled: Verify Body, Scope, Ordering And Transaction Behavior"
CREATE TRIGGER trg_tournaments_managed_delete_guard BEFORE DELETE ON public.tournaments FOR EACH ROW EXECUTE FUNCTION fn_guard_managed_game_delete(),O,bef4392e9fa3124cecaaf74a739e465b,fn_guard_managed_game_delete,tournaments,trg_tournaments_managed_delete_guard,"Enabled: Verify Body, Scope, Ordering And Transaction Behavior"
CREATE TRIGGER trg_tournaments_managed_lifecycle_guard BEFORE UPDATE ON public.tournaments FOR EACH ROW EXECUTE FUNCTION fn_guard_managed_game_lifecycle(),O,16d4a93cbee7574608e18287bf555f24,fn_guard_managed_game_lifecycle,tournaments,trg_tournaments_managed_lifecycle_guard,"Enabled: Verify Body, Scope, Ordering And Transaction Behavior"
"CREATE TRIGGER trg_tournaments_publish_readiness AFTER INSERT OR UPDATE OF guaranteed_prize, club_id, union_id, is_private, variant, tournament_type, satellite_target_id, satellite_target, satellite_seats ON public.tournaments FOR EACH ROW EXECUTE FUNCTION fn_guard_tournament_publish_readiness()",O,0aa1e473750e160884700c441d3953e2,fn_guard_tournament_publish_readiness,tournaments,trg_tournaments_publish_readiness,"Enabled: Verify Body, Scope, Ordering And Transaction Behavior"
"CREATE TRIGGER trg_tournaments_refuse_unbuilt_multi_day BEFORE INSERT OR UPDATE OF is_multi_day, total_days, day_number, parent_tournament_id, survivors_advance_to, flight_number, flight_end_chips_snapshot ON public.tournaments FOR EACH ROW EXECUTE FUNCTION fn_tournaments_refuse_unbuilt_multi_day()",O,c52fa39e800b18f319a8171cb52ab637,fn_tournaments_refuse_unbuilt_multi_day,tournaments,trg_tournaments_refuse_unbuilt_multi_day,"Enabled: Verify Body, Scope, Ordering And Transaction Behavior"
CREATE TRIGGER trg_tournaments_registered_contract_lock BEFORE UPDATE ON public.tournaments FOR EACH ROW EXECUTE FUNCTION fn_guard_registered_tournament_contract(),O,8c110d7334b93cc527b6d4dfe8bb5fcb,fn_guard_registered_tournament_contract,tournaments,trg_tournaments_registered_contract_lock,"Enabled: Verify Body, Scope, Ordering And Transaction Behavior"
CREATE TRIGGER trg_tournaments_start_readiness BEFORE UPDATE OF status ON public.tournaments FOR EACH ROW EXECUTE FUNCTION fn_guard_tournament_start_readiness(),O,f2ee43657b769c37527ae2974101bb06,fn_guard_tournament_start_readiness,tournaments,trg_tournaments_start_readiness,"Enabled: Verify Body, Scope, Ordering And Transaction Behavior"
CREATE TRIGGER trg_tournaments_union_ownership BEFORE INSERT ON public.tournaments FOR EACH ROW EXECUTE FUNCTION fn_stamp_tournament_union_ownership(),O,feb3b58d1e4af815e6d499d8ed8d6c6c,fn_stamp_tournament_union_ownership,tournaments,trg_tournaments_union_ownership,"Enabled: Verify Body, Scope, Ordering And Transaction Behavior"
CREATE TRIGGER trg_tournaments_union_ownership_upd BEFORE UPDATE ON public.tournaments FOR EACH ROW EXECUTE FUNCTION fn_enforce_tournament_union_ownership_update(),O,5c7ea135e9566b108e96ed3af5a9f5d2,fn_enforce_tournament_union_ownership_update,tournaments,trg_tournaments_union_ownership_upd,"Enabled: Verify Body, Scope, Ordering And Transaction Behavior"
CREATE TRIGGER trg_whole_dollar_buyin BEFORE INSERT OR UPDATE ON public.tournaments FOR EACH ROW EXECUTE FUNCTION fn_enforce_whole_dollar_buyin(),O,652e99519fb365b9ed5fb23e70519e49,fn_enforce_whole_dollar_buyin,tournaments,trg_whole_dollar_buyin,"Enabled: Verify Body, Scope, Ordering And Transaction Behavior"
CREATE TRIGGER zz_ca_escrow_close AFTER UPDATE OF status ON public.tournaments FOR EACH ROW WHEN (((new.status = 'COMPLETED'::text) AND (old.status IS DISTINCT FROM 'COMPLETED'::text))) EXECUTE FUNCTION fn_ca_escrow_on_close(),O,19e0e2bc5f8dab836b6a44258ec6a5ea,fn_ca_escrow_on_close,tournaments,zz_ca_escrow_close,"Enabled: Verify Body, Scope, Ordering And Transaction Behavior"
CREATE TRIGGER zz_ca_fund_overlay_on_lock BEFORE UPDATE OF status ON public.tournaments FOR EACH ROW EXECUTE FUNCTION fn_ca_fund_overlay_on_lock(),O,a18b13b709dc1e4d37b38f55a00eb6f4,fn_ca_fund_overlay_on_lock,tournaments,zz_ca_fund_overlay_on_lock,"Enabled: Verify Body, Scope, Ordering And Transaction Behavior"
"CREATE TRIGGER zz_ca_spin_cancel_returns_draw AFTER UPDATE OF status ON public.tournaments FOR EACH ROW WHEN ((new.status = ANY (ARRAY['CANCELLED'::text, 'CANCELED'::text]))) EXECUTE FUNCTION fn_ca_spin_cancel_returns_draw()",O,174384b471059101a94a8d09c9387ed9,fn_ca_spin_cancel_returns_draw,tournaments,zz_ca_spin_cancel_returns_draw,"Enabled: Verify Body, Scope, Ordering And Transaction Behavior"
"CREATE TRIGGER zz_freerolls_are_free_buy BEFORE INSERT OR UPDATE OF buy_in_amount, buy_in_fee, tournament_type, variant, is_rebuy, add_on_available, rebuy_cost, addon_cost, rebuy_chips, addon_chips, rebuy_levels, addon_levels, max_rebuys ON public.tournaments FOR EACH ROW WHEN ((COALESCE(new.buy_in_amount, (0)::numeric) = (0)::numeric)) EXECUTE FUNCTION fn_freerolls_are_free_buy()",O,b4cd5955cb813a63b6364b9b9f1de844,fn_freerolls_are_free_buy,tournaments,zz_freerolls_are_free_buy,"Enabled: Verify Body, Scope, Ordering And Transaction Behavior"
CREATE TRIGGER zz_freeze_launch_guard BEFORE UPDATE OF status ON public.tournaments FOR EACH ROW WHEN (((new.status = 'RUNNING'::text) AND (old.status IS DISTINCT FROM new.status))) EXECUTE FUNCTION fn_refuse_new_entries_while_frozen(),O,0af4299f549c144ce93b2f37914f6b4e,fn_refuse_new_entries_while_frozen,tournaments,zz_freeze_launch_guard,"Enabled: Verify Body, Scope, Ordering And Transaction Behavior"
CREATE TRIGGER zzz_spin_ladder_is_the_drawn_one BEFORE INSERT OR UPDATE ON public.tournaments FOR EACH ROW EXECUTE FUNCTION fn_spin_ladder_is_the_drawn_one(),O,0b3e2d6c78407ca10e12a6dae6ef88d1,fn_spin_ladder_is_the_drawn_one,tournaments,zzz_spin_ladder_is_the_drawn_one,"Enabled: Verify Body, Scope, Ordering And Transaction Behavior"
CREATE TRIGGER zzzy_lock_atomic_place_tournament_status BEFORE UPDATE OF status ON public.tournaments FOR EACH ROW WHEN ((new.status IS DISTINCT FROM old.status)) EXECUTE FUNCTION trg_lock_atomic_place_tournament_status(),O,0923d477f8cbb2c11eaa7c6acf0f8f5d,trg_lock_atomic_place_tournament_status,tournaments,zzzy_lock_atomic_place_tournament_status,"Enabled: Verify Body, Scope, Ordering And Transaction Behavior"
CREATE TRIGGER zzzz_capture_satellite_economics_on_start BEFORE INSERT OR UPDATE OF status ON public.tournaments FOR EACH ROW EXECUTE FUNCTION trg_capture_satellite_economics_on_start(),O,9a39bb425387ade0232c76f78267d598,trg_capture_satellite_economics_on_start,tournaments,zzzz_capture_satellite_economics_on_start,"Enabled: Verify Body, Scope, Ordering And Transaction Behavior"
"CREATE TRIGGER zzzz_freeze_finalized_tournament_prize_pool BEFORE UPDATE OF prize_pool, guaranteed_prize, prize_pool_finalized, payout_structure, spin_multiplier ON public.tournaments FOR EACH ROW EXECUTE FUNCTION trg_freeze_finalized_tournament_prize_pool()",D,d58236d778465cfd5f4c1e25933f77f4,trg_freeze_finalized_tournament_prize_pool,tournaments,zzzz_freeze_finalized_tournament_prize_pool,Disabled: Verify Approved Replacement And Reachability
"CREATE TRIGGER zzzz_freeze_registered_tournament_settlement_contract BEFORE UPDATE OF variant, tournament_type, satellite_target_id, bubble_protection, buy_in_amount, guaranteed_prize ON public.tournaments FOR EACH ROW EXECUTE FUNCTION trg_freeze_registered_tournament_settlement_contract()",O,caf4aedb5da06e764930e61d9ed7158e,trg_freeze_registered_tournament_settlement_contract,tournaments,zzzz_freeze_registered_tournament_settlement_contract,"Enabled: Verify Body, Scope, Ordering And Transaction Behavior"
CREATE TRIGGER zzzz_refuse_normal_tournament_completed_insert BEFORE INSERT ON public.tournaments FOR EACH ROW WHEN ((new.status = 'COMPLETED'::text)) EXECUTE FUNCTION trg_refuse_normal_tournament_completed_insert(),O,b1ed0b6d633f570d0c5038edce75b62c,trg_refuse_normal_tournament_completed_insert,tournaments,zzzz_refuse_normal_tournament_completed_insert,"Enabled: Verify Body, Scope, Ordering And Transaction Behavior"
CREATE TRIGGER zzzz_tournament_pool_finalization_window_guard BEFORE UPDATE OF prize_pool_finalized ON public.tournaments FOR EACH ROW EXECUTE FUNCTION trg_tournament_pool_finalization_window_guard(),D,6ba00817ea7d386e3c1d37212b9c9866,trg_tournament_pool_finalization_window_guard,tournaments,zzzz_tournament_pool_finalization_window_guard,Disabled: Verify Approved Replacement And Reachability
CREATE TRIGGER zzzz_tournaments_atomic_place_completion_guard BEFORE UPDATE ON public.tournaments FOR EACH ROW WHEN (((new.status = 'COMPLETED'::text) AND (old.status IS DISTINCT FROM 'COMPLETED'::text))) EXECUTE FUNCTION trg_tournament_atomic_place_completion_guard(),D,163a66ea9e416d8b232dc244e33a2c9b,trg_tournament_atomic_place_completion_guard,tournaments,zzzz_tournaments_atomic_place_completion_guard,Disabled: Verify Approved Replacement And Reachability
CREATE TRIGGER zzzzy_lock_atomic_final_table_deal_status BEFORE UPDATE OF status ON public.tournaments FOR EACH ROW WHEN ((new.status IS DISTINCT FROM old.status)) EXECUTE FUNCTION trg_lock_atomic_final_table_deal_status(),O,877ef7a4efa9701de5751035ba5606c1,trg_lock_atomic_final_table_deal_status,tournaments,zzzzy_lock_atomic_final_table_deal_status,"Enabled: Verify Body, Scope, Ordering And Transaction Behavior"
CREATE TRIGGER zzzzz_tournaments_atomic_final_table_deal_completion_guard BEFORE UPDATE OF status ON public.tournaments FOR EACH ROW WHEN (((new.status = 'COMPLETED'::text) AND (old.status IS DISTINCT FROM 'COMPLETED'::text))) EXECUTE FUNCTION trg_atomic_final_table_deal_completion_guard(),D,49acb84a4d641625b762440e2912f8f5,trg_atomic_final_table_deal_completion_guard,tournaments,zzzzz_tournaments_atomic_final_table_deal_completion_guard,Disabled: Verify Approved Replacement And Reachability
CREATE TRIGGER zzzzzz_tournaments_financial_certificate BEFORE UPDATE OF status ON public.tournaments FOR EACH ROW WHEN (((new.status = 'COMPLETED'::text) AND (old.status IS DISTINCT FROM 'COMPLETED'::text))) EXECUTE FUNCTION fn_guard_tournament_completed_certificate(),D,25ab2e4bdbca7dc7f1897430ab3f7e55,fn_guard_tournament_completed_certificate,tournaments,zzzzzz_tournaments_financial_certificate,Disabled: Verify Approved Replacement And Reachability
CREATE TRIGGER trg_notify_achievement_unlocked AFTER INSERT OR UPDATE OF unlocked_at ON public.training_user_achievements FOR EACH ROW EXECUTE FUNCTION fn_notify_achievement_unlocked(),O,ff113dbcc77a23bd8cb2187d5d72577b,fn_notify_achievement_unlocked,training_user_achievements,trg_notify_achievement_unlocked,"Enabled: Verify Body, Scope, Ordering And Transaction Behavior"
CREATE TRIGGER trg_union_admins_emit_management_access AFTER INSERT OR DELETE OR UPDATE ON public.union_admins FOR EACH ROW EXECUTE FUNCTION fn_emit_management_access_event(),O,9963925e6cd6da557b9de6f1749db0fd,fn_emit_management_access_event,union_admins,trg_union_admins_emit_management_access,"Enabled: Verify Body, Scope, Ordering And Transaction Behavior"
CREATE TRIGGER poker_arena_union_guard BEFORE INSERT OR UPDATE ON public.union_clubs FOR EACH ROW EXECUTE FUNCTION fn_poker_guard_arena_structure(),O,3f7340188c01e84f8c0a21597bd6fc03,fn_poker_guard_arena_structure,union_clubs,poker_arena_union_guard,"Enabled: Verify Body, Scope, Ordering And Transaction Behavior"
CREATE TRIGGER trg_club_enters_a_union_empty BEFORE INSERT ON public.union_clubs FOR EACH ROW EXECUTE FUNCTION fn_enforce_club_enters_union_empty(),O,23c5f3b77830234a6c0181474fe8caee,fn_enforce_club_enters_union_empty,union_clubs,trg_club_enters_a_union_empty,"Enabled: Verify Body, Scope, Ordering And Transaction Behavior"
CREATE TRIGGER trg_guard_retired_club_mutation BEFORE INSERT OR DELETE OR UPDATE ON public.union_clubs FOR EACH ROW EXECUTE FUNCTION fn_guard_retired_club_mutation(),O,b82be212e7ccf2a15637c231861ff993,fn_guard_retired_club_mutation,union_clubs,trg_guard_retired_club_mutation,"Enabled: Verify Body, Scope, Ordering And Transaction Behavior"
"CREATE TRIGGER trg_recompute_union_level_on_club_change AFTER INSERT OR DELETE OR UPDATE OF union_id, club_id ON public.union_clubs FOR EACH ROW EXECUTE FUNCTION fn_recompute_union_level_on_club_change()",O,102d867367cdc4e88cba99ecc53763c9,fn_recompute_union_level_on_club_change,union_clubs,trg_recompute_union_level_on_club_change,"Enabled: Verify Body, Scope, Ordering And Transaction Behavior"
CREATE TRIGGER trg_union_clubs_emit_management_access AFTER INSERT OR DELETE ON public.union_clubs FOR EACH ROW EXECUTE FUNCTION fn_emit_management_access_event(),O,9963925e6cd6da557b9de6f1749db0fd,fn_emit_management_access_event,union_clubs,trg_union_clubs_emit_management_access,"Enabled: Verify Body, Scope, Ordering And Transaction Behavior"
"CREATE TRIGGER trg_union_clubs_reassignment_management_access AFTER UPDATE OF union_id, club_id ON public.union_clubs FOR EACH ROW EXECUTE FUNCTION fn_emit_management_access_event()",O,9963925e6cd6da557b9de6f1749db0fd,fn_emit_management_access_event,union_clubs,trg_union_clubs_reassignment_management_access,"Enabled: Verify Body, Scope, Ordering And Transaction Behavior"
CREATE TRIGGER trg_union_clubs_sync_mirror AFTER INSERT OR DELETE ON public.union_clubs FOR EACH ROW EXECUTE FUNCTION fn_sync_club_union_mirror(),O,119b0030a566ae5701cdecfa81aee13e,fn_sync_club_union_mirror,union_clubs,trg_union_clubs_sync_mirror,"Enabled: Verify Body, Scope, Ordering And Transaction Behavior"
CREATE TRIGGER trg_union_clubs_sync_table_counts AFTER INSERT OR DELETE OR UPDATE ON public.union_clubs FOR EACH ROW EXECUTE FUNCTION fn_sync_union_membership_table_counts(),O,d0f49fa15340884a978759cfaf54ab88,fn_sync_union_membership_table_counts,union_clubs,trg_union_clubs_sync_table_counts,"Enabled: Verify Body, Scope, Ordering And Transaction Behavior"
CREATE TRIGGER trg_ca_append_only BEFORE DELETE OR UPDATE ON public.union_wallet_transactions FOR EACH ROW EXECUTE FUNCTION fn_ca_journal_append_only(),O,26088333080b714faa24e60497a460e2,fn_ca_journal_append_only,union_wallet_transactions,trg_ca_append_only,"Enabled: Verify Body, Scope, Ordering And Transaction Behavior"
CREATE TRIGGER union_rake_weekly_maintain AFTER INSERT ON public.union_wallet_transactions FOR EACH ROW EXECUTE FUNCTION trg_union_rake_weekly(),O,e3dacea902d1b1e3053326c07ec90b56,trg_union_rake_weekly,union_wallet_transactions,union_rake_weekly_maintain,"Enabled: Verify Body, Scope, Ordering And Transaction Behavior"
"CREATE TRIGGER trg_ca_autoledger AFTER INSERT OR UPDATE OF chip_balance, rake_wallet, bbj_wallet, promo_wallet, insurance_wallet, spin_reserve_wallet ON public.union_wallets FOR EACH ROW EXECUTE FUNCTION fn_ca_autoledger('chip_balance=union_bank', 'rake_wallet=union_wallet', 'bbj_wallet=union_wallet', 'promo_wallet=union_wallet', 'insurance_wallet=union_wallet', 'spin_reserve_wallet=union_wallet')",O,2ff8923b4c2d8fd3d343cf37acce0f2c,fn_ca_autoledger,union_wallets,trg_ca_autoledger,"Enabled: Verify Body, Scope, Ordering And Transaction Behavior"
"CREATE TRIGGER trg_ca_autoledger_delete BEFORE DELETE ON public.union_wallets FOR EACH ROW EXECUTE FUNCTION fn_ca_autoledger_delete('chip_balance=union_bank', 'rake_wallet=union_wallet', 'bbj_wallet=union_wallet', 'promo_wallet=union_wallet', 'insurance_wallet=union_wallet', 'spin_reserve_wallet=union_wallet')",O,c6d7e02df8b654fbccc3e8844418bd01,fn_ca_autoledger_delete,union_wallets,trg_ca_autoledger_delete,"Enabled: Verify Body, Scope, Ordering And Transaction Behavior"
CREATE TRIGGER trg_ca_block_browser BEFORE INSERT OR DELETE OR UPDATE ON public.union_wallets FOR EACH ROW EXECUTE FUNCTION fn_ca_block_browser_money_table(),O,c894814808498e86ac14d59924cfa145,fn_ca_block_browser_money_table,union_wallets,trg_ca_block_browser,"Enabled: Verify Body, Scope, Ordering And Transaction Behavior"
"CREATE TRIGGER trg_ca_autoledger AFTER UPDATE OF chip_balance, rake_wallet, main_bbj_balance, backup_bbj_balance, promo_fund_balance, insurance_balance ON public.unions FOR EACH ROW EXECUTE FUNCTION fn_ca_autoledger('chip_balance=union_bank', 'rake_wallet=union_wallet', 'main_bbj_balance=bbj_pool', 'backup_bbj_balance=bbj_pool', 'promo_fund_balance=promo_wallet', 'insurance_balance=insurance_bank')",O,2ff8923b4c2d8fd3d343cf37acce0f2c,fn_ca_autoledger,unions,trg_ca_autoledger,"Enabled: Verify Body, Scope, Ordering And Transaction Behavior"
"CREATE TRIGGER trg_ca_autoledger_delete BEFORE DELETE ON public.unions FOR EACH ROW EXECUTE FUNCTION fn_ca_autoledger_delete('chip_balance=union_bank', 'rake_wallet=union_wallet', 'main_bbj_balance=bbj_pool', 'backup_bbj_balance=bbj_pool', 'promo_fund_balance=promo_wallet', 'insurance_balance=insurance_bank')",O,c6d7e02df8b654fbccc3e8844418bd01,fn_ca_autoledger_delete,unions,trg_ca_autoledger_delete,"Enabled: Verify Body, Scope, Ordering And Transaction Behavior"
"CREATE TRIGGER trg_ca_autoledger_insert AFTER INSERT ON public.unions FOR EACH ROW WHEN (((COALESCE(new.chip_balance, (0)::numeric) <> (0)::numeric) OR (COALESCE(new.rake_wallet, (0)::numeric) <> (0)::numeric) OR (COALESCE(new.main_bbj_balance, (0)::numeric) <> (0)::numeric) OR (COALESCE(new.backup_bbj_balance, (0)::numeric) <> (0)::numeric) OR (COALESCE(new.promo_fund_balance, (0)::numeric) <> (0)::numeric) OR (COALESCE(new.insurance_balance, (0)::numeric) <> (0)::numeric))) EXECUTE FUNCTION fn_ca_autoledger('chip_balance=union_bank', 'rake_wallet=union_wallet', 'main_bbj_balance=bbj_pool', 'backup_bbj_balance=bbj_pool', 'promo_fund_balance=promo_wallet', 'insurance_balance=insurance_bank')",O,2ff8923b4c2d8fd3d343cf37acce0f2c,fn_ca_autoledger,unions,trg_ca_autoledger_insert,"Enabled: Verify Body, Scope, Ordering And Transaction Behavior"
CREATE TRIGGER trg_guard_retired_club_mutation BEFORE INSERT OR DELETE OR UPDATE ON public.unions FOR EACH ROW EXECUTE FUNCTION fn_guard_retired_club_mutation(),O,b82be212e7ccf2a15637c231861ff993,fn_guard_retired_club_mutation,unions,trg_guard_retired_club_mutation,"Enabled: Verify Body, Scope, Ordering And Transaction Behavior"
CREATE TRIGGER trg_new_union_gets_the_ladder AFTER INSERT ON public.unions FOR EACH ROW EXECUTE FUNCTION fn_new_union_gets_the_ladder(),O,4a8ac617525c66762717e71b82333ddf,fn_new_union_gets_the_ladder,unions,trg_new_union_gets_the_ladder,"Enabled: Verify Body, Scope, Ordering And Transaction Behavior"
CREATE TRIGGER trg_union_creation_is_allowlisted BEFORE INSERT ON public.unions FOR EACH ROW EXECUTE FUNCTION fn_guard_union_creation(),O,9c952591b04f14c5e11e550edc3bc1a2,fn_guard_union_creation,unions,trg_union_creation_is_allowlisted,"Enabled: Verify Body, Scope, Ordering And Transaction Behavior"
CREATE TRIGGER trg_union_owner_emit_management_access AFTER UPDATE OF owner_id ON public.unions FOR EACH ROW EXECUTE FUNCTION fn_emit_union_owner_access_event(),O,edc0863e1994a9ce199dd6c98349f13f,fn_emit_union_owner_access_event,unions,trg_union_owner_emit_management_access,"Enabled: Verify Body, Scope, Ordering And Transaction Behavior"
"CREATE TRIGGER trg_unions_set_slug BEFORE INSERT OR UPDATE OF slug, name ON public.unions FOR EACH ROW EXECUTE FUNCTION fn_unions_set_slug()",O,40b9d6ab0e30caebefabef8ee893615f,fn_unions_set_slug,unions,trg_unions_set_slug,"Enabled: Verify Body, Scope, Ordering And Transaction Behavior"
"CREATE TRIGGER trg_user_avatars_cosmetics_ownership BEFORE INSERT OR UPDATE OF equipped_frame, equipped_aura ON public.user_avatars FOR EACH ROW EXECUTE FUNCTION sp_guard_avatar_cosmetics()",O,005eb44c4cc10482abb6517b8a80194b,sp_guard_avatar_cosmetics,user_avatars,trg_user_avatars_cosmetics_ownership,"Enabled: Verify Body, Scope, Ordering And Transaction Behavior"
CREATE TRIGGER trg_daily_challenge_revision_from_contract AFTER INSERT OR DELETE OR UPDATE ON public.user_daily_challenges FOR EACH ROW EXECUTE FUNCTION bump_daily_challenge_dashboard_revision(),O,367863ecd73d5909ba2ed8701ba8b168,bump_daily_challenge_dashboard_revision,user_daily_challenges,trg_daily_challenge_revision_from_contract,"Enabled: Verify Body, Scope, Ordering And Transaction Behavior"
CREATE TRIGGER trg_daily_missions_claimed_milestone AFTER UPDATE OF claimed ON public.user_daily_challenges FOR EACH ROW EXECUTE FUNCTION fn_daily_missions_claimed_milestone(),O,a8a8c804fdc1a3f43bbf1b587d2658a3,fn_daily_missions_claimed_milestone,user_daily_challenges,trg_daily_missions_claimed_milestone,"Enabled: Verify Body, Scope, Ordering And Transaction Behavior"
CREATE TRIGGER trg_snapshot_daily_challenge_contract_insert BEFORE INSERT ON public.user_daily_challenges FOR EACH ROW EXECUTE FUNCTION fn_snapshot_daily_challenge_contract(),O,e9794768e348367a511b6d1f04669934,fn_snapshot_daily_challenge_contract,user_daily_challenges,trg_snapshot_daily_challenge_contract_insert,"Enabled: Verify Body, Scope, Ordering And Transaction Behavior"
"CREATE TRIGGER trg_snapshot_daily_challenge_contract_update BEFORE UPDATE OF challenge_id, challenge_name_snapshot, challenge_description_snapshot, challenge_type_snapshot, tier_snapshot, requirement_snapshot, threshold_snapshot, chip_reward_snapshot, diamond_reward_snapshot ON public.user_daily_challenges FOR EACH ROW EXECUTE FUNCTION fn_snapshot_daily_challenge_contract()",O,e9794768e348367a511b6d1f04669934,fn_snapshot_daily_challenge_contract,user_daily_challenges,trg_snapshot_daily_challenge_contract_update,"Enabled: Verify Body, Scope, Ordering And Transaction Behavior"
CREATE TRIGGER trg_user_table_settings_updated BEFORE UPDATE ON public.user_table_settings FOR EACH ROW EXECUTE FUNCTION update_user_table_settings_timestamp(),O,d0e6af8cab1f6a91701dc67cf0934f20,update_user_table_settings_timestamp,user_table_settings,trg_user_table_settings_updated,"Enabled: Verify Body, Scope, Ordering And Transaction Behavior"
CREATE TRIGGER trg_touch_table_studio_preferences BEFORE UPDATE ON public.user_table_studio_preferences FOR EACH ROW EXECUTE FUNCTION trg_touch_table_studio_preferences(),O,b74e3037305ded9e3e16a3021916fa9c,trg_touch_table_studio_preferences,user_table_studio_preferences,trg_touch_table_studio_preferences,"Enabled: Verify Body, Scope, Ordering And Transaction Behavior"
CREATE TRIGGER trg_user_theme_settings_entitlement BEFORE INSERT OR UPDATE ON public.user_theme_settings FOR EACH ROW EXECUTE FUNCTION trg_user_theme_settings_entitlement(),O,9d90ff3a850b1ab8b17725181a7e52cf,trg_user_theme_settings_entitlement,user_theme_settings,trg_user_theme_settings_entitlement,"Enabled: Verify Body, Scope, Ordering And Transaction Behavior"
CREATE TRIGGER trg_user_theme_settings_updated BEFORE UPDATE ON public.user_theme_settings FOR EACH ROW EXECUTE FUNCTION update_user_theme_settings_timestamp(),O,7ca3bbeba6326319ff346317e2ab297d,update_user_theme_settings_timestamp,user_theme_settings,trg_user_theme_settings_updated,"Enabled: Verify Body, Scope, Ordering And Transaction Behavior"
CREATE TRIGGER zz_vip_points_move_only_with_a_leg BEFORE INSERT OR UPDATE ON public.vip_points FOR EACH ROW EXECUTE FUNCTION fn_vip_points_move_only_with_a_leg(),O,55226b3b81d58170f83ec254fb5b663f,fn_vip_points_move_only_with_a_leg,vip_points,zz_vip_points_move_only_with_a_leg,"Enabled: Verify Body, Scope, Ordering And Transaction Behavior"
CREATE TRIGGER ca_reporting_wallet_change AFTER DELETE OR UPDATE ON public.wallet_transactions FOR EACH ROW EXECUTE FUNCTION trg_ca_reporting_repair_changed_day(),O,8b884094a687151e1095c8741651dbab,trg_ca_reporting_repair_changed_day,wallet_transactions,ca_reporting_wallet_change,"Enabled: Verify Body, Scope, Ordering And Transaction Behavior"
CREATE TRIGGER ca_reporting_wallet_insert AFTER INSERT ON public.wallet_transactions FOR EACH ROW EXECUTE FUNCTION trg_ca_reporting_wallet_insert(),O,432b3b3b25e8e13a613d4e2fd5b62bd9,trg_ca_reporting_wallet_insert,wallet_transactions,ca_reporting_wallet_insert,"Enabled: Verify Body, Scope, Ordering And Transaction Behavior"
CREATE TRIGGER trg_ca_append_only BEFORE DELETE OR UPDATE ON public.wallet_transactions FOR EACH ROW EXECUTE FUNCTION fn_ca_journal_append_only(),O,26088333080b714faa24e60497a460e2,fn_ca_journal_append_only,wallet_transactions,trg_ca_append_only,"Enabled: Verify Body, Scope, Ordering And Transaction Behavior"
"CREATE TRIGGER trg_ca_money_path_log AFTER INSERT ON public.wallet_transactions FOR EACH ROW WHEN (((new.type = 'credit'::text) AND ((lower(COALESCE(new.category, ''::text)) = ANY (ARRAY['prize'::text, 'bounty'::text, 'refund'::text, 'tournament_prize'::text, 'tournament_refund'::text])) OR (lower(COALESCE(new.category, ''::text)) ~~ 'tourney%'::text)))) EXECUTE FUNCTION fn_ca_money_path_log()",O,c587d45213d5eeb0cfcfb53a65ddb23a,fn_ca_money_path_log,wallet_transactions,trg_ca_money_path_log,"Enabled: Verify Body, Scope, Ordering And Transaction Behavior"
CREATE TRIGGER zz_ca_escrow_wallet_tx AFTER INSERT ON public.wallet_transactions FOR EACH ROW WHEN ((new.related_entity_id IS NOT NULL)) EXECUTE FUNCTION fn_ca_escrow_on_wallet_tx(),O,ce6a3f604240dba3a5902b8d5585a0b0,fn_ca_escrow_on_wallet_tx,wallet_transactions,zz_ca_escrow_wallet_tx,"Enabled: Verify Body, Scope, Ordering And Transaction Behavior"
CREATE TRIGGER zz_freeze_guard BEFORE INSERT OR DELETE OR UPDATE ON public.wallet_transactions FOR EACH ROW EXECUTE FUNCTION fn_refuse_while_frozen(),O,3a866372172806a8a69cc3d37413f0cc,fn_refuse_while_frozen,wallet_transactions,zz_freeze_guard,"Enabled: Verify Body, Scope, Ordering And Transaction Behavior"
CREATE TRIGGER trg_guard_wallets_balance_ins BEFORE INSERT ON public.wallets FOR EACH ROW WHEN (((new.balance IS NOT NULL) AND (new.balance <> (0)::numeric))) EXECUTE FUNCTION guard_wallet_balance_write(),O,2af2718d22fcf12be394f9239e88e3c7,guard_wallet_balance_write,wallets,trg_guard_wallets_balance_ins,"Enabled: Verify Body, Scope, Ordering And Transaction Behavior"
CREATE TRIGGER trg_guard_wallets_balance_upd BEFORE UPDATE OF balance ON public.wallets FOR EACH ROW WHEN ((new.balance IS DISTINCT FROM old.balance)) EXECUTE FUNCTION guard_wallet_balance_write(),O,2af2718d22fcf12be394f9239e88e3c7,guard_wallet_balance_write,wallets,trg_guard_wallets_balance_upd,"Enabled: Verify Body, Scope, Ordering And Transaction Behavior"
CREATE TRIGGER zz_ca_record_frozen_pool_deletion BEFORE DELETE ON public.wallets FOR EACH ROW EXECUTE FUNCTION fn_ca_record_frozen_pool_deletion(),O,09b843d7a8af627f91a9ff05708778b9,fn_ca_record_frozen_pool_deletion,wallets,zz_ca_record_frozen_pool_deletion,"Enabled: Verify Body, Scope, Ordering And Transaction Behavior"
CREATE TRIGGER zz_freeze_guard BEFORE INSERT OR DELETE OR UPDATE ON public.wallets FOR EACH ROW EXECUTE FUNCTION fn_refuse_while_frozen('balance'),O,3a866372172806a8a69cc3d37413f0cc,fn_refuse_while_frozen,wallets,zz_freeze_guard,"Enabled: Verify Body, Scope, Ordering And Transaction Behavior"
