file,file_kind,suggested_phases,route_name_candidates,imported_by,direct_imports,reachable_local_module_count,reachable_rpc_candidates,reachable_relation_candidates,status,required_checks
src/pages/AchievementsPage.tsx,runtime-or-tooling-source,11,"[""achievements""]","[""src/App.tsx"",""src/utils/ChunkPreloader.ts""]","[""src/components/achievements/AchievementBadge.tsx"",""src/components/achievements/AchievementShareCard.tsx"",""src/components/common/ActivityHeatmap.tsx"",""src/components/common/BottomSheet.tsx"",""src/components/common/EmptyState.tsx"",""src/components/common/Toast.tsx"",""src/components/gamification/ConfettiEffect.tsx"",""src/components/gamification/StreakFire.tsx"",""src/components/layouts/StandardContentLayout.tsx"",""src/components/rewards/RewardsSurfaceHeader.tsx"",""src/core/MasterBus.ts"",""src/hooks/useAuthUser.ts"",""src/hooks/useIsMounted.ts"",""src/hooks/useVisibilityRefresh.ts"",""src/lib/supabase.ts"",""src/pages/AchievementsPage.css"",""src/services/AchievementService.ts"",""src/services/HapticService.ts"",""src/services/SoundService.ts"",""src/utils/errorReporter.ts"",""src/utils/retryFetch.ts""]",102,"[""add_to_promo_wallet"",""atomic_deduct_wallet_and_log"",""atomic_seat_cashout_locked"",""ca_union_statement_board"",""calculate_agent_settlement"",""calculate_agent_spread"",""calculate_cascading_commission"",""fn_achievement_record_progress"",""fn_admin_kick_player"",""fn_admin_remove_player_chips"",""fn_admin_update_agent"",""fn_agent_attach_player"",""fn_agent_claim_commission"",""fn_agent_downline_commission"",""fn_agent_unsettled_commission"",""fn_agent_wallet_claim_back"",""fn_agent_wallet_reversible"",""fn_agent_wallet_send"",""fn_apply_credit_payment"",""fn_batch_club_member_counts"",""fn_cancel_club_join_request"",""fn_cancel_managed_game_schedule"",""fn_cashout_approve"",""fn_cashout_queue"",""fn_cashout_release"",""fn_cashout_request"",""fn_check_level_advancement"",""fn_claim_referral_milestone"",""fn_club_name_available"",""fn_create_agent"",""fn_create_club_atomic"",""fn_discover_clubs"",""fn_execute_managed_game_command"",""fn_execute_union_rakeback"",""fn_expire_stale_cashouts"",""fn_generate_all_credit_invoices"",""fn_generate_credit_invoice"",""fn_get_club_creation_eligibility"",""fn_get_club_entry_flags"",""fn_get_club_member_count"",""fn_get_game_management_health"",""fn_get_game_management_scale_health"",""fn_get_managed_game_command_receipt"",""fn_get_managed_game_command_receipts"",""fn_get_managed_game_contract_history"",""fn_get_managed_game_contracts"",""fn_join_club"",""fn_join_club_atomic"",""fn_list_managed_games"",""fn_member_leave_to_treasury"",""fn_pay_credit_invoice_from_wallet"",""fn_player_spendable_balance"",""fn_preview_club_join"",""fn_promo_disburse"",""fn_raise_financial_alert"",""fn_rakeback_settlement_status"",""fn_redeem_club_invite_code"",""fn_retire_settled_club"",""fn_run_pending_rakeback_settlement"",""fn_schedule_managed_game_close"",""fn_set_settlement_period_status"",""fn_tournament_primary_table"",""fn_track_club_entry_event"",""fn_wallet_type_transfer"",""generate_period_commissions"",""generate_period_settlements"",""get_current_settlement_period"",""get_user_level_stats"",""record_arena_session"",""redeem_referral_code"",""settle_club_rakeback"",""wallet_user_transfer""]","[""agent_commissions"",""agents"",""arena_sessions"",""atob(encoded)"",""cashout_requests"",""club-assets"",""club_challenges"",""club_members"",""clubs"",""commission_rate_audit"",""credit_invoices"",""credit_requests"",""diamond_transactions"",""disputes"",""financial_alerts"",""hand_history"",""messages"",""new Set(clubIds.filter((id): id is string => !!id).map((id) => `referral_${id}`))"",""notifications"",""profiles"",""rake_records"",""referral_codes"",""referral_redemptions"",""settlement_periods"",""state.leakSignals.entries()"",""state.previouslySeenQuestionIds"",""sub_agents"",""table_activity"",""table_seats"",""table_waitlist"",""tables"",""this.channelRegistry.entries()"",""this.subscriptions.entries()"",""training_user_achievements"",""unionMap.values()"",""union_admins"",""union_clubs"",""unions"",""uuidCache.entries()"",""wallet_transactions"",""{ length: 46 }"",""{ length: 7 }"",""{ length: 8 }"",""{ length: weeks }""]",Not End-To-End Verified,"Reachability and role/club/union scope; all tabs, buttons, forms and modals; exact data source and pagination; loading/empty/error states; receipt and concurrency for mutations; stale session/cache/reload/reconnect; desktop/mobile/touch/keyboard/accessibility; tests and deployed behavior"
src/pages/AdminDashboardPage.tsx,runtime-or-tooling-source,11,"[""admin""]","[""src/App.tsx""]","[""src/components/admin/AdminTableHeatmap.tsx"",""src/components/admin/ArenaLedger.tsx"",""src/components/common/confirmDialog.tsx"",""src/core/MasterBus.ts"",""src/hooks/useAuthUser.ts"",""src/hooks/useIsMounted.ts"",""src/hooks/useVisibilityRefresh.ts"",""src/lib/supabase.ts"",""src/pages/AdminDashboardPage.css"",""src/services/clubArenaApi.ts"",""src/utils/clubIdResolver.ts"",""src/utils/errorReporter.ts"",""src/utils/format.ts"",""src/utils/playerDisplayName.ts"",""src/utils/resolvePageClubId.ts"",""src/utils/retryFetch.ts"",""src/utils/safeErrorMessage.ts"",""src/utils/unionScope.ts""]",89,"[""atomic_deduct_wallet_and_log"",""atomic_seat_cashout_locked"",""ca_union_statement_board"",""calculate_agent_settlement"",""calculate_agent_spread"",""calculate_cascading_commission"",""fn_admin_kick_player"",""fn_admin_remove_player_chips"",""fn_admin_update_agent"",""fn_agent_attach_player"",""fn_agent_claim_commission"",""fn_agent_downline_commission"",""fn_agent_unsettled_commission"",""fn_agent_wallet_claim_back"",""fn_agent_wallet_reversible"",""fn_agent_wallet_send"",""fn_apply_credit_payment"",""fn_batch_club_member_counts"",""fn_cancel_club_join_request"",""fn_cancel_managed_game_schedule"",""fn_card_slide_adoption"",""fn_cashout_approve"",""fn_cashout_queue"",""fn_cashout_release"",""fn_cashout_request"",""fn_check_level_advancement"",""fn_claim_referral_milestone"",""fn_club_name_available"",""fn_create_agent"",""fn_create_club_atomic"",""fn_discover_clubs"",""fn_execute_managed_game_command"",""fn_execute_union_rakeback"",""fn_expire_stale_cashouts"",""fn_generate_all_credit_invoices"",""fn_generate_credit_invoice"",""fn_get_club_creation_eligibility"",""fn_get_club_entry_flags"",""fn_get_club_member_count"",""fn_get_game_management_health"",""fn_get_game_management_scale_health"",""fn_get_managed_game_command_receipt"",""fn_get_managed_game_command_receipts"",""fn_get_managed_game_contract_history"",""fn_get_managed_game_contracts"",""fn_join_club"",""fn_join_club_atomic"",""fn_launch_table_from_template"",""fn_list_managed_games"",""fn_member_leave_to_treasury"",""fn_open_settlement_period"",""fn_pay_credit_invoice_from_wallet"",""fn_player_spendable_balance"",""fn_preview_club_join"",""fn_promo_disburse"",""fn_raise_financial_alert"",""fn_rakeback_settlement_status"",""fn_redeem_club_invite_code"",""fn_retire_settled_club"",""fn_run_pending_rakeback_settlement"",""fn_schedule_managed_game_close"",""fn_set_settlement_period_status"",""fn_tournament_primary_table"",""fn_track_club_entry_event"",""fn_wallet_type_transfer"",""generate_period_commissions"",""generate_period_settlements"",""get_current_settlement_period"",""get_user_level_stats"",""record_arena_session"",""redeem_referral_code"",""settle_club_rakeback"",""transfer_club_ownership"",""wallet_user_transfer""]","[""agent_commissions"",""agents"",""arena_sessions"",""atob(encoded)"",""audit_trail"",""byId.values()"",""cashout_requests"",""club-assets"",""club_announcements"",""club_challenges"",""club_members"",""clubs"",""commission_rate_audit"",""credit_invoices"",""credit_requests"",""diamond_transactions"",""disputes"",""financial_alerts"",""hand_history"",""messages"",""new Set(clubIds.filter((id): id is string => !!id).map((id) => `referral_${id}`))"",""notifications"",""player_sessions"",""player_stats"",""profiles"",""rake_records"",""referral_codes"",""referral_redemptions"",""root.querySelectorAll<HTMLElement>(\n          'button:not([disabled]), [href], input:not([disabled]), select:not([disabled]), textarea:not([disabled]), [tabindex]:not([tabindex=\""-1\""])'\n        )"",""settlement_periods"",""state.leakSignals.entries()"",""state.previouslySeenQuestionIds"",""sub_agents"",""table_activity"",""table_seats"",""table_templates"",""table_waitlist"",""tables"",""this.channelRegistry.entries()"",""this.subscriptions.entries()"",""unionMap.values()"",""union_admins"",""union_clubs"",""unions"",""uuidCache.entries()"",""v_agent_commissions"",""wallet_transactions"",""{ length: t.max_players || 9 }""]",Not End-To-End Verified,"Reachability and role/club/union scope; all tabs, buttons, forms and modals; exact data source and pagination; loading/empty/error states; receipt and concurrency for mutations; stale session/cache/reload/reconnect; desktop/mobile/touch/keyboard/accessibility; tests and deployed behavior"
src/pages/AgentDashboardPage.tsx,runtime-or-tooling-source,10;11,"[""agent-dashboard""]","[""src/App.tsx""]","[""src/components/agent/AgentBackOffice.tsx"",""src/components/agent/AgentScoreCard.tsx"",""src/components/common/EmptyState.tsx"",""src/components/common/Toast.tsx"",""src/components/common/TransactionLedgerView.tsx"",""src/components/common/confirmDialog.tsx"",""src/core/MasterBus.ts"",""src/hooks/useAuthUser.ts"",""src/hooks/useIsMounted.ts"",""src/hooks/useVisibilityRefresh.ts"",""src/lib/export.ts"",""src/lib/supabase.ts"",""src/pages/AdminDashboardPage.css"",""src/services/CashoutService.ts"",""src/services/CreditService.ts"",""src/services/WalletService.ts"",""src/types/clubRoles.ts"",""src/types/database.types.ts"",""src/utils/clubIdResolver.ts"",""src/utils/errorReporter.ts"",""src/utils/format.ts"",""src/utils/playerDisplayName.ts"",""src/utils/resolvePageClubId.ts"",""src/utils/retryFetch.ts"",""src/utils/safeErrorMessage.ts""]",92,"[""atomic_deduct_wallet_and_log"",""atomic_seat_cashout_locked"",""ca_club_chip_ledger"",""ca_union_statement_board"",""calculate_agent_settlement"",""calculate_agent_spread"",""calculate_cascading_commission"",""fn_admin_kick_player"",""fn_admin_remove_player_chips"",""fn_admin_update_agent"",""fn_agent_attach_player"",""fn_agent_claim_commission"",""fn_agent_downline_commission"",""fn_agent_roster_report"",""fn_agent_unsettled_commission"",""fn_agent_wallet_claim_back"",""fn_agent_wallet_reversible"",""fn_agent_wallet_send"",""fn_agent_weekly_statement"",""fn_apply_credit_payment"",""fn_assign_agent_to_super_agent"",""fn_assign_player_to_agent"",""fn_batch_club_member_counts"",""fn_cancel_club_join_request"",""fn_cancel_managed_game_schedule"",""fn_cashout_approve"",""fn_cashout_queue"",""fn_cashout_release"",""fn_cashout_request"",""fn_check_level_advancement"",""fn_claim_referral_milestone"",""fn_club_name_available"",""fn_create_agent"",""fn_create_club_atomic"",""fn_discover_clubs"",""fn_execute_managed_game_command"",""fn_execute_union_rakeback"",""fn_expire_stale_cashouts"",""fn_generate_all_credit_invoices"",""fn_generate_credit_invoice"",""fn_get_club_creation_eligibility"",""fn_get_club_entry_flags"",""fn_get_club_member_count"",""fn_get_game_management_health"",""fn_get_game_management_scale_health"",""fn_get_managed_game_command_receipt"",""fn_get_managed_game_command_receipts"",""fn_get_managed_game_contract_history"",""fn_get_managed_game_contracts"",""fn_join_club"",""fn_join_club_atomic"",""fn_list_managed_games"",""fn_member_leave_to_treasury"",""fn_pay_credit_invoice_from_wallet"",""fn_player_spendable_balance"",""fn_preview_club_join"",""fn_promo_disburse"",""fn_raise_financial_alert"",""fn_rakeback_settlement_status"",""fn_redeem_club_invite_code"",""fn_retire_settled_club"",""fn_run_pending_rakeback_settlement"",""fn_schedule_managed_game_close"",""fn_set_settlement_period_status"",""fn_tournament_primary_table"",""fn_track_club_entry_event"",""fn_union_agent_coverage"",""fn_union_agent_risk_report"",""fn_union_club_exit_blockers"",""fn_union_distribution_check"",""fn_union_expel_club"",""fn_union_integrity_sweep"",""fn_union_law_selftest"",""fn_union_settlement_cascade"",""fn_union_settlement_preview"",""fn_union_weekly_agent_statements"",""fn_wallet_type_transfer"",""generate_period_commissions"",""generate_period_settlements"",""get_current_settlement_period"",""get_user_level_stats"",""record_arena_session"",""redeem_referral_code"",""settle_club_rakeback"",""wallet_user_transfer""]","[""agent_commissions"",""agents"",""arena_sessions"",""atob(encoded)"",""byId.values()"",""cashout_requests"",""chip_ledger"",""chip_transactions"",""club-assets"",""club_challenges"",""club_members"",""clubs"",""commission_rate_audit"",""credit_invoices"",""credit_requests"",""diamond_transactions"",""disputes"",""financial_alerts"",""hand_history"",""messages"",""new Set(clubIds.filter((id): id is string => !!id).map((id) => `referral_${id}`))"",""notifications"",""profiles"",""rake_records"",""referral_codes"",""referral_redemptions"",""root.querySelectorAll<HTMLElement>(\n          'button:not([disabled]), [href], input:not([disabled]), select:not([disabled]), textarea:not([disabled]), [tabindex]:not([tabindex=\""-1\""])'\n        )"",""settlement_periods"",""state.leakSignals.entries()"",""state.previouslySeenQuestionIds"",""sub_agents"",""table_activity"",""table_seats"",""table_waitlist"",""tables"",""this.channelRegistry.entries()"",""this.subscriptions.entries()"",""unionMap.values()"",""union_admins"",""union_clubs"",""union_settlement_rounds"",""unions"",""uuidCache.entries()"",""v_agent_commissions"",""wallet_transactions""]",Not End-To-End Verified,"Reachability and role/club/union scope; all tabs, buttons, forms and modals; exact data source and pagination; loading/empty/error states; receipt and concurrency for mutations; stale session/cache/reload/reconnect; desktop/mobile/touch/keyboard/accessibility; tests and deployed behavior"
src/pages/AgentManagementPage.tsx,runtime-or-tooling-source,10;11,"[""clubs/:clubId/agents""]","[""src/App.tsx""]","[""src/components/admin/PlayerSearch.tsx"",""src/components/agent/AgentAnalyticsDashboard.tsx"",""src/components/agent/AgentAssignmentPanel.tsx"",""src/components/agent/AgentCashoutPanel.tsx"",""src/components/agent/AgentCommissionDashboard.tsx"",""src/components/agent/AgentTree.tsx"",""src/components/agent/ChipTransferModal.tsx"",""src/components/agent/CommissionHistoryModal.tsx"",""src/components/agent/DistributionHistory.tsx"",""src/components/agent/PlayerInviteModal.tsx"",""src/components/club/AdminReports.tsx"",""src/components/club/AgentManager.tsx"",""src/components/club/SecurityAuditLog.tsx"",""src/components/common/ConfirmModal.tsx"",""src/components/common/EmptyState.tsx"",""src/components/common/PageSkeleton.tsx"",""src/components/common/Toast.tsx"",""src/components/common/confirmDialog.tsx"",""src/components/dashboard/AgentFinancialPortal.tsx"",""src/core/MasterBus.ts"",""src/hooks/useAuthUser.ts"",""src/hooks/useIsMounted.ts"",""src/hooks/useSwipeTabs.ts"",""src/hooks/useVisibilityRefresh.ts"",""src/lib/constants.ts"",""src/lib/export.ts"",""src/lib/supabase.ts"",""src/pages/AgentManagementPage.module.css"",""src/services/AgentService.ts"",""src/services/CreditService.ts"",""src/services/IntegrityActionService.ts"",""src/services/MembershipService.ts"",""src/services/PermissionService.ts"",""src/utils/clubDashboard.ts"",""src/utils/clubIdResolver.ts"",""src/utils/errorReporter.ts"",""src/utils/format.ts"",""src/utils/retryFetch.ts"",""src/utils/safeErrorMessage.ts""]",125,"[""atomic_deduct_wallet_and_log"",""atomic_seat_cashout_locked"",""ca_union_statement_board"",""calculate_agent_settlement"",""calculate_agent_spread"",""calculate_cascading_commission"",""fn_admin_kick_player"",""fn_admin_remove_player_chips"",""fn_admin_update_agent"",""fn_agent_attach_player"",""fn_agent_claim_commission"",""fn_agent_downline_commission"",""fn_agent_roster_report"",""fn_agent_unsettled_commission"",""fn_agent_wallet_claim_back"",""fn_agent_wallet_reversible"",""fn_agent_wallet_send"",""fn_agent_weekly_statement"",""fn_apply_credit_payment"",""fn_assign_agent_to_super_agent"",""fn_assign_player_to_agent"",""fn_batch_club_member_counts"",""fn_ca_agent_payables"",""fn_ca_ban_club_player"",""fn_cancel_club_join_request"",""fn_cancel_managed_game_schedule"",""fn_cashout_approve"",""fn_cashout_queue"",""fn_cashout_release"",""fn_cashout_request"",""fn_check_level_advancement"",""fn_claim_referral_milestone"",""fn_club_cashier_members"",""fn_club_member_counts"",""fn_club_name_available"",""fn_club_set_member_role"",""fn_create_agent"",""fn_create_club_atomic"",""fn_discover_clubs"",""fn_execute_managed_game_command"",""fn_execute_union_rakeback"",""fn_expire_stale_cashouts"",""fn_generate_all_credit_invoices"",""fn_generate_credit_invoice"",""fn_get_agent_commission_summary"",""fn_get_club_creation_eligibility"",""fn_get_club_entry_flags"",""fn_get_club_member_count"",""fn_get_game_management_health"",""fn_get_game_management_scale_health"",""fn_get_managed_game_command_receipt"",""fn_get_managed_game_command_receipts"",""fn_get_managed_game_contract_history"",""fn_get_managed_game_contracts"",""fn_join_club"",""fn_join_club_atomic"",""fn_list_managed_games"",""fn_member_leave_to_treasury"",""fn_pay_credit_invoice_from_wallet"",""fn_player_spendable_balance"",""fn_preview_club_join"",""fn_promo_disburse"",""fn_raise_financial_alert"",""fn_rakeback_settlement_status"",""fn_redeem_club_invite_code"",""fn_remove_settled_club_member"",""fn_retire_settled_club"",""fn_run_pending_rakeback_settlement"",""fn_schedule_managed_game_close"",""fn_set_settlement_period_status"",""fn_tournament_primary_table"",""fn_track_club_entry_event"",""fn_union_agent_coverage"",""fn_union_agent_risk_report"",""fn_union_club_exit_blockers"",""fn_union_distribution_check"",""fn_union_expel_club"",""fn_union_integrity_sweep"",""fn_union_law_selftest"",""fn_union_settlement_cascade"",""fn_union_settlement_preview"",""fn_union_weekly_agent_statements"",""fn_wallet_type_transfer"",""generate_period_commissions"",""generate_period_settlements"",""get_current_settlement_period"",""get_user_level_stats"",""record_arena_session"",""redeem_referral_code"",""settle_club_rakeback"",""viaClubBank ? 'fn_club_bank_send' : 'fn_agent_wallet_send'"",""wallet_user_transfer""]","[""agent_commissions"",""agents"",""arena_sessions"",""atob(encoded)"",""cashout_requests"",""chip_transactions"",""club-assets"",""club_challenges"",""club_members"",""clubs"",""commission_rate_audit"",""credit_invoices"",""credit_requests"",""diamond_transactions"",""disputes"",""financial_alerts"",""hand_history"",""messages"",""metrics.recipientMap.entries()"",""modalRef.current?.querySelectorAll<HTMLElement>(\n            'button:not([disabled]), input:not([disabled]), select:not([disabled]), [tabindex]:not([tabindex=\""-1\""])'\n          ) ?? []"",""new Set(clubIds.filter((id): id is string => !!id).map((id) => `referral_${id}`))"",""notifications"",""profiles"",""rake_records"",""referral_codes"",""referral_redemptions"",""root.querySelectorAll<HTMLElement>(\n          'button:not([disabled]), [href], input:not([disabled]), select:not([disabled]), textarea:not([disabled]), [tabindex]:not([tabindex=\""-1\""])'\n        )"",""settlement_locks"",""settlement_periods"",""state.leakSignals.entries()"",""state.previouslySeenQuestionIds"",""sub_agents"",""table_activity"",""table_seats"",""table_waitlist"",""tables"",""this.channelRegistry.entries()"",""this.subscriptions.entries()"",""unionMap.values()"",""union_admins"",""union_clubs"",""union_settlement_rounds"",""unions"",""uuidCache.entries()"",""v_agent_commissions"",""wallet_transactions"",""{ length: 3 }"",""{ length: 5 }"",""{ length: itemCount }""]",Not End-To-End Verified,"Reachability and role/club/union scope; all tabs, buttons, forms and modals; exact data source and pagination; loading/empty/error states; receipt and concurrency for mutations; stale session/cache/reload/reconnect; desktop/mobile/touch/keyboard/accessibility; tests and deployed behavior"
src/pages/AgentPage.tsx,runtime-or-tooling-source,10;11,[],[],[],1,[],[],Not End-To-End Verified,"Reachability and role/club/union scope; all tabs, buttons, forms and modals; exact data source and pagination; loading/empty/error states; receipt and concurrency for mutations; stale session/cache/reload/reconnect; desktop/mobile/touch/keyboard/accessibility; tests and deployed behavior"
src/pages/AgentPortalPage.tsx,runtime-or-tooling-source,10;11,"[""agent-portal""]","[""src/App.tsx""]","[""src/components/agent/AgentInvoicesPanel.tsx"",""src/components/common/PageSkeleton.tsx"",""src/components/common/Toast.tsx"",""src/components/common/TransactionLedgerView.tsx"",""src/core/MasterBus.ts"",""src/hooks/useAuthUser.ts"",""src/hooks/useIsMounted.ts"",""src/hooks/useVisibilityRefresh.ts"",""src/lib/supabase.ts"",""src/services/CreditService.ts"",""src/services/WalletService.ts"",""src/utils/errorReporter.ts""]",79,"[""atomic_deduct_wallet_and_log"",""atomic_seat_cashout_locked"",""ca_club_chip_ledger"",""ca_union_statement_board"",""calculate_agent_settlement"",""calculate_agent_spread"",""calculate_cascading_commission"",""fn_admin_kick_player"",""fn_admin_remove_player_chips"",""fn_admin_update_agent"",""fn_agent_attach_player"",""fn_agent_claim_commission"",""fn_agent_downline_commission"",""fn_agent_unsettled_commission"",""fn_agent_wallet_claim_back"",""fn_agent_wallet_reversible"",""fn_agent_wallet_send"",""fn_apply_credit_payment"",""fn_batch_club_member_counts"",""fn_cancel_club_join_request"",""fn_cancel_managed_game_schedule"",""fn_cashout_approve"",""fn_cashout_queue"",""fn_cashout_release"",""fn_cashout_request"",""fn_check_level_advancement"",""fn_claim_referral_milestone"",""fn_club_name_available"",""fn_create_agent"",""fn_create_club_atomic"",""fn_discover_clubs"",""fn_execute_managed_game_command"",""fn_execute_union_rakeback"",""fn_expire_stale_cashouts"",""fn_generate_all_credit_invoices"",""fn_generate_credit_invoice"",""fn_get_club_creation_eligibility"",""fn_get_club_entry_flags"",""fn_get_club_member_count"",""fn_get_game_management_health"",""fn_get_game_management_scale_health"",""fn_get_managed_game_command_receipt"",""fn_get_managed_game_command_receipts"",""fn_get_managed_game_contract_history"",""fn_get_managed_game_contracts"",""fn_join_club"",""fn_join_club_atomic"",""fn_list_managed_games"",""fn_member_leave_to_treasury"",""fn_pay_credit_invoice_from_wallet"",""fn_player_spendable_balance"",""fn_preview_club_join"",""fn_promo_disburse"",""fn_raise_financial_alert"",""fn_rakeback_settlement_status"",""fn_redeem_club_invite_code"",""fn_retire_settled_club"",""fn_run_pending_rakeback_settlement"",""fn_schedule_managed_game_close"",""fn_set_settlement_period_status"",""fn_tournament_primary_table"",""fn_track_club_entry_event"",""fn_wallet_type_transfer"",""generate_period_commissions"",""generate_period_settlements"",""get_current_settlement_period"",""get_user_level_stats"",""record_arena_session"",""redeem_referral_code"",""settle_club_rakeback"",""wallet_user_transfer""]","[""agent_commissions"",""agents"",""arena_sessions"",""atob(encoded)"",""cashout_requests"",""chip_ledger"",""club-assets"",""club_challenges"",""club_members"",""clubs"",""commission_rate_audit"",""credit_invoices"",""credit_requests"",""diamond_transactions"",""disputes"",""financial_alerts"",""hand_history"",""messages"",""new Set(clubIds.filter((id): id is string => !!id).map((id) => `referral_${id}`))"",""notifications"",""profiles"",""rake_records"",""referral_codes"",""referral_redemptions"",""settlement_periods"",""state.leakSignals.entries()"",""state.previouslySeenQuestionIds"",""sub_agents"",""table_activity"",""table_seats"",""table_waitlist"",""tables"",""this.channelRegistry.entries()"",""this.subscriptions.entries()"",""unionMap.values()"",""union_admins"",""union_clubs"",""unions"",""uuidCache.entries()"",""wallet_transactions""]",Not End-To-End Verified,"Reachability and role/club/union scope; all tabs, buttons, forms and modals; exact data source and pagination; loading/empty/error states; receipt and concurrency for mutations; stale session/cache/reload/reconnect; desktop/mobile/touch/keyboard/accessibility; tests and deployed behavior"
src/pages/AntiCheatPage.tsx,runtime-or-tooling-source,10;11,"[""clubs/:clubId/anti-cheat""]","[""src/App.tsx"",""tests/components/anti-cheat-console.test.tsx""]","[""src/components/common/PageSkeleton.tsx"",""src/components/common/Toast.tsx"",""src/components/common/confirmDialog.tsx"",""src/core/MasterBus.ts"",""src/hooks/useAuthUser.ts"",""src/hooks/useIsMounted.ts"",""src/hooks/useVisibilityRefresh.ts"",""src/lib/export.ts"",""src/lib/supabase.ts"",""src/pages/AntiCheatPage.module.css"",""src/services/IntegrityActionService.ts"",""src/utils/clubDashboard.ts"",""src/utils/clubIdResolver.ts"",""src/utils/errorReporter.ts"",""src/utils/format.ts"",""src/utils/playerDisplayName.ts"",""src/utils/retryFetch.ts""]",83,"[""atomic_deduct_wallet_and_log"",""atomic_seat_cashout_locked"",""ca_union_statement_board"",""calculate_agent_settlement"",""calculate_agent_spread"",""calculate_cascading_commission"",""detect_collusion_pairs"",""detect_suspicious_plays"",""fn_admin_kick_player"",""fn_admin_remove_player_chips"",""fn_admin_update_agent"",""fn_agent_attach_player"",""fn_agent_claim_commission"",""fn_agent_downline_commission"",""fn_agent_unsettled_commission"",""fn_agent_wallet_claim_back"",""fn_agent_wallet_reversible"",""fn_agent_wallet_send"",""fn_apply_credit_payment"",""fn_batch_club_member_counts"",""fn_ca_dismiss_collusion_pair"",""fn_cancel_club_join_request"",""fn_cancel_managed_game_schedule"",""fn_cashout_approve"",""fn_cashout_queue"",""fn_cashout_release"",""fn_cashout_request"",""fn_check_level_advancement"",""fn_claim_referral_milestone"",""fn_club_anti_cheat_flags"",""fn_club_name_available"",""fn_create_agent"",""fn_create_club_atomic"",""fn_discover_clubs"",""fn_execute_managed_game_command"",""fn_execute_union_rakeback"",""fn_expire_stale_cashouts"",""fn_generate_all_credit_invoices"",""fn_generate_credit_invoice"",""fn_get_club_creation_eligibility"",""fn_get_club_entry_flags"",""fn_get_club_member_count"",""fn_get_game_management_health"",""fn_get_game_management_scale_health"",""fn_get_managed_game_command_receipt"",""fn_get_managed_game_command_receipts"",""fn_get_managed_game_contract_history"",""fn_get_managed_game_contracts"",""fn_join_club"",""fn_join_club_atomic"",""fn_list_managed_games"",""fn_member_leave_to_treasury"",""fn_pay_credit_invoice_from_wallet"",""fn_player_spendable_balance"",""fn_preview_club_join"",""fn_promo_disburse"",""fn_raise_financial_alert"",""fn_rakeback_settlement_status"",""fn_redeem_club_invite_code"",""fn_retire_settled_club"",""fn_review_anti_cheat_flag"",""fn_run_pending_rakeback_settlement"",""fn_schedule_managed_game_close"",""fn_set_settlement_period_status"",""fn_tournament_primary_table"",""fn_track_club_entry_event"",""fn_wallet_type_transfer"",""generate_period_commissions"",""generate_period_settlements"",""get_anti_cheat_stats"",""get_current_settlement_period"",""get_user_level_stats"",""record_arena_session"",""redeem_referral_code"",""settle_club_rakeback"",""wallet_user_transfer""]","[""agent_commissions"",""agents"",""anti_cheat_events"",""arena_sessions"",""atob(encoded)"",""cashout_requests"",""club-assets"",""club_challenges"",""club_members"",""clubs"",""commission_rate_audit"",""credit_invoices"",""credit_requests"",""diamond_transactions"",""disputes"",""financial_alerts"",""hand_history"",""messages"",""new Set(clubIds.filter((id): id is string => !!id).map((id) => `referral_${id}`))"",""notifications"",""profiles"",""rake_records"",""referral_codes"",""referral_redemptions"",""root.querySelectorAll<HTMLElement>(\n          'button:not([disabled]), [href], input:not([disabled]), select:not([disabled]), textarea:not([disabled]), [tabindex]:not([tabindex=\""-1\""])'\n        )"",""settlement_periods"",""state.leakSignals.entries()"",""state.previouslySeenQuestionIds"",""sub_agents"",""table_activity"",""table_seats"",""table_waitlist"",""tables"",""this.channelRegistry.entries()"",""this.subscriptions.entries()"",""unionMap.values()"",""union_admins"",""union_clubs"",""unions"",""uuidCache.entries()"",""wallet_transactions""]",Not End-To-End Verified,"Reachability and role/club/union scope; all tabs, buttons, forms and modals; exact data source and pagination; loading/empty/error states; receipt and concurrency for mutations; stale session/cache/reload/reconnect; desktop/mobile/touch/keyboard/accessibility; tests and deployed behavior"
src/pages/AuthPage.tsx,runtime-or-tooling-source,6;11,"[""/auth""]","[""src/App.tsx""]","[""src/core/MasterBus.ts"",""src/hooks/useIsMounted.ts"",""src/lib/age.ts"",""src/lib/appBase.ts"",""src/lib/authReturnUrl.ts"",""src/lib/signIn.ts"",""src/lib/supabase.ts"",""src/pages/AuthPage.module.css"",""src/services/ReferralService.ts"",""src/utils/errorReporter.ts"",""src/utils/mediaBase.ts"",""src/utils/safeErrorMessage.ts""]",73,"[""atomic_deduct_wallet_and_log"",""atomic_seat_cashout_locked"",""ca_union_statement_board"",""calculate_agent_settlement"",""calculate_agent_spread"",""calculate_cascading_commission"",""fn_admin_kick_player"",""fn_admin_remove_player_chips"",""fn_admin_update_agent"",""fn_agent_attach_player"",""fn_agent_claim_commission"",""fn_agent_downline_commission"",""fn_agent_unsettled_commission"",""fn_agent_wallet_claim_back"",""fn_agent_wallet_reversible"",""fn_agent_wallet_send"",""fn_apply_credit_payment"",""fn_batch_club_member_counts"",""fn_cancel_club_join_request"",""fn_cancel_managed_game_schedule"",""fn_cashout_approve"",""fn_cashout_queue"",""fn_cashout_release"",""fn_cashout_request"",""fn_check_level_advancement"",""fn_claim_referral_milestone"",""fn_club_name_available"",""fn_create_agent"",""fn_create_club_atomic"",""fn_discover_clubs"",""fn_execute_managed_game_command"",""fn_execute_union_rakeback"",""fn_expire_stale_cashouts"",""fn_generate_all_credit_invoices"",""fn_generate_credit_invoice"",""fn_get_club_creation_eligibility"",""fn_get_club_entry_flags"",""fn_get_club_member_count"",""fn_get_game_management_health"",""fn_get_game_management_scale_health"",""fn_get_managed_game_command_receipt"",""fn_get_managed_game_command_receipts"",""fn_get_managed_game_contract_history"",""fn_get_managed_game_contracts"",""fn_join_club"",""fn_join_club_atomic"",""fn_list_managed_games"",""fn_member_leave_to_treasury"",""fn_pay_credit_invoice_from_wallet"",""fn_player_spendable_balance"",""fn_preview_club_join"",""fn_promo_disburse"",""fn_raise_financial_alert"",""fn_rakeback_settlement_status"",""fn_redeem_club_invite_code"",""fn_retire_settled_club"",""fn_run_pending_rakeback_settlement"",""fn_schedule_managed_game_close"",""fn_set_my_birthday"",""fn_set_settlement_period_status"",""fn_tournament_primary_table"",""fn_track_club_entry_event"",""fn_wallet_type_transfer"",""generate_period_commissions"",""generate_period_settlements"",""get_current_settlement_period"",""get_user_level_stats"",""record_arena_session"",""redeem_referral_code"",""settle_club_rakeback"",""wallet_user_transfer""]","[""agent_commissions"",""agents"",""arena_sessions"",""atob(encoded)"",""cashout_requests"",""club-assets"",""club_challenges"",""club_members"",""clubs"",""commission_rate_audit"",""credit_invoices"",""credit_requests"",""diamond_transactions"",""disputes"",""financial_alerts"",""hand_history"",""messages"",""new Set(clubIds.filter((id): id is string => !!id).map((id) => `referral_${id}`))"",""notifications"",""profiles"",""rake_records"",""referral_codes"",""referral_redemptions"",""settlement_periods"",""state.leakSignals.entries()"",""state.previouslySeenQuestionIds"",""sub_agents"",""table_activity"",""table_seats"",""table_waitlist"",""tables"",""this.channelRegistry.entries()"",""this.subscriptions.entries()"",""unionMap.values()"",""union_admins"",""union_clubs"",""unions"",""users"",""uuidCache.entries()"",""wallet_transactions""]",Not End-To-End Verified,"Reachability and role/club/union scope; all tabs, buttons, forms and modals; exact data source and pagination; loading/empty/error states; receipt and concurrency for mutations; stale session/cache/reload/reconnect; desktop/mobile/touch/keyboard/accessibility; tests and deployed behavior"
src/pages/BadBeatJackpotPage.tsx,runtime-or-tooling-source,2;5;11,"[""clubs/:clubId/jackpot""]","[""src/App.tsx""]","[""src/components/bbj/BBJAdminAnalytics.tsx"",""src/components/bbj/BBJHandDetail.tsx"",""src/components/bbj/BBJRecentHits.tsx"",""src/components/bbj/BBJRulesPanel.tsx"",""src/components/club-buttons/index.ts"",""src/components/common/PageSkeleton.tsx"",""src/components/common/Toast.tsx"",""src/components/common/confirmDialog.tsx"",""src/core/MasterBus.ts"",""src/hooks/useAuthUser.ts"",""src/hooks/useVisibilityRefresh.ts"",""src/lib/bbjPoolFeed.ts"",""src/lib/supabase.ts"",""src/pages/BadBeatJackpotPage.css"",""src/services/BBJService.ts"",""src/utils/clubIdResolver.ts"",""src/utils/errorReporter.ts"",""src/utils/playerDisplayName.ts""]",110,"[""atomic_deduct_wallet_and_log"",""atomic_seat_cashout_locked"",""ca_union_statement_board"",""calculate_agent_settlement"",""calculate_agent_spread"",""calculate_cascading_commission"",""fn_admin_kick_player"",""fn_admin_remove_player_chips"",""fn_admin_update_agent"",""fn_agent_attach_player"",""fn_agent_claim_commission"",""fn_agent_downline_commission"",""fn_agent_unsettled_commission"",""fn_agent_wallet_claim_back"",""fn_agent_wallet_reversible"",""fn_agent_wallet_send"",""fn_apply_credit_payment"",""fn_batch_club_member_counts"",""fn_bbj_analytics"",""fn_bbj_hand_detail"",""fn_bbj_my_contribution"",""fn_bbj_pool_facts"",""fn_bbj_pool_for_club"",""fn_bbj_promo_rain"",""fn_bbj_recent_hits"",""fn_cancel_club_join_request"",""fn_cancel_managed_game_schedule"",""fn_cashout_approve"",""fn_cashout_queue"",""fn_cashout_release"",""fn_cashout_request"",""fn_check_level_advancement"",""fn_claim_referral_milestone"",""fn_club_name_available"",""fn_create_agent"",""fn_create_club_atomic"",""fn_discover_clubs"",""fn_execute_managed_game_command"",""fn_execute_union_rakeback"",""fn_expire_stale_cashouts"",""fn_generate_all_credit_invoices"",""fn_generate_credit_invoice"",""fn_get_club_creation_eligibility"",""fn_get_club_entry_flags"",""fn_get_club_member_count"",""fn_get_game_management_health"",""fn_get_game_management_scale_health"",""fn_get_managed_game_command_receipt"",""fn_get_managed_game_command_receipts"",""fn_get_managed_game_contract_history"",""fn_get_managed_game_contracts"",""fn_join_club"",""fn_join_club_atomic"",""fn_list_managed_games"",""fn_member_leave_to_treasury"",""fn_pay_credit_invoice_from_wallet"",""fn_player_spendable_balance"",""fn_preview_club_join"",""fn_promo_disburse"",""fn_raise_financial_alert"",""fn_rakeback_settlement_status"",""fn_redeem_club_invite_code"",""fn_retire_settled_club"",""fn_run_pending_rakeback_settlement"",""fn_schedule_managed_game_close"",""fn_set_settlement_period_status"",""fn_tournament_primary_table"",""fn_track_club_entry_event"",""fn_wallet_type_transfer"",""generate_period_commissions"",""generate_period_settlements"",""get_current_settlement_period"",""get_user_level_stats"",""record_arena_session"",""redeem_referral_code"",""settle_club_rakeback"",""wallet_user_transfer""]","[""agent_commissions"",""agents"",""arena_sessions"",""atob(encoded)"",""bbj_pools"",""ca_hand_facts"",""cashout_requests"",""club-assets"",""club_challenges"",""club_members"",""clubs"",""commission_rate_audit"",""credit_invoices"",""credit_requests"",""diamond_transactions"",""disputes"",""financial_alerts"",""hand_discards"",""hand_history"",""messages"",""new Set(clubIds.filter((id): id is string => !!id).map((id) => `referral_${id}`))"",""notifications"",""profiles"",""rake_records"",""referral_codes"",""referral_redemptions"",""root.querySelectorAll<HTMLElement>(\n          'button:not([disabled]), [href], input:not([disabled]), select:not([disabled]), textarea:not([disabled]), [tabindex]:not([tabindex=\""-1\""])'\n        )"",""settlement_periods"",""state.leakSignals.entries()"",""state.previouslySeenQuestionIds"",""sub_agents"",""table_activity"",""table_seats"",""table_waitlist"",""tables"",""this.channelRegistry.entries()"",""this.subscriptions.entries()"",""unionMap.values()"",""union_admins"",""union_clubs"",""unions"",""uuidCache.entries()"",""wallet_transactions"",""{ length: muckCount }""]",Not End-To-End Verified,"Reachability and role/club/union scope; all tabs, buttons, forms and modals; exact data source and pagination; loading/empty/error states; receipt and concurrency for mutations; stale session/cache/reload/reconnect; desktop/mobile/touch/keyboard/accessibility; tests and deployed behavior"
src/pages/BlacklistManagerPage.tsx,runtime-or-tooling-source,11,"[""clubs/:clubId/blacklist""]","[""src/App.tsx""]","[""src/components/club/ClubIntegrityHeader.tsx"",""src/hooks/useAuthUser.ts"",""src/lib/supabase.ts"",""src/pages/BlacklistManagerPage.module.css"",""src/services/IntegrityActionService.ts"",""src/types/club.types.ts"",""src/utils/clubIdResolver.ts"",""src/utils/playerDisplayName.ts"",""src/utils/safeErrorMessage.ts""]",81,"[""atomic_deduct_wallet_and_log"",""atomic_seat_cashout_locked"",""ca_club_members"",""ca_union_statement_board"",""calculate_agent_settlement"",""calculate_agent_spread"",""calculate_cascading_commission"",""fn_admin_kick_player"",""fn_admin_remove_player_chips"",""fn_admin_update_agent"",""fn_agent_attach_player"",""fn_agent_claim_commission"",""fn_agent_downline_commission"",""fn_agent_unsettled_commission"",""fn_agent_wallet_claim_back"",""fn_agent_wallet_reversible"",""fn_agent_wallet_send"",""fn_apply_credit_payment"",""fn_batch_club_member_counts"",""fn_cancel_club_join_request"",""fn_cancel_managed_game_schedule"",""fn_cashout_approve"",""fn_cashout_queue"",""fn_cashout_release"",""fn_cashout_request"",""fn_check_level_advancement"",""fn_claim_referral_milestone"",""fn_club_name_available"",""fn_create_agent"",""fn_create_club_atomic"",""fn_discover_clubs"",""fn_execute_managed_game_command"",""fn_execute_union_rakeback"",""fn_expire_stale_cashouts"",""fn_generate_all_credit_invoices"",""fn_generate_credit_invoice"",""fn_get_club_creation_eligibility"",""fn_get_club_entry_flags"",""fn_get_club_member_count"",""fn_get_game_management_health"",""fn_get_game_management_scale_health"",""fn_get_managed_game_command_receipt"",""fn_get_managed_game_command_receipts"",""fn_get_managed_game_contract_history"",""fn_get_managed_game_contracts"",""fn_join_club"",""fn_join_club_atomic"",""fn_list_managed_games"",""fn_member_leave_to_treasury"",""fn_pay_credit_invoice_from_wallet"",""fn_player_spendable_balance"",""fn_preview_club_join"",""fn_promo_disburse"",""fn_raise_financial_alert"",""fn_rakeback_settlement_status"",""fn_redeem_club_invite_code"",""fn_retire_settled_club"",""fn_run_pending_rakeback_settlement"",""fn_schedule_managed_game_close"",""fn_set_settlement_period_status"",""fn_tournament_primary_table"",""fn_track_club_entry_event"",""fn_wallet_type_transfer"",""generate_period_commissions"",""generate_period_settlements"",""get_current_settlement_period"",""get_user_level_stats"",""record_arena_session"",""redeem_referral_code"",""settle_club_rakeback"",""wallet_user_transfer""]","[""agent_commissions"",""agents"",""arena_sessions"",""atob(encoded)"",""blacklists"",""cashout_requests"",""club-assets"",""club_challenges"",""club_members"",""clubs"",""commission_rate_audit"",""credit_invoices"",""credit_requests"",""diamond_transactions"",""disputes"",""financial_alerts"",""hand_history"",""messages"",""new Set(clubIds.filter((id): id is string => !!id).map((id) => `referral_${id}`))"",""notifications"",""profiles"",""rake_records"",""referral_codes"",""referral_redemptions"",""settlement_periods"",""state.leakSignals.entries()"",""state.previouslySeenQuestionIds"",""sub_agents"",""table_activity"",""table_seats"",""table_waitlist"",""tables"",""this.channelRegistry.entries()"",""this.subscriptions.entries()"",""unionMap.values()"",""union_admins"",""union_clubs"",""unions"",""uuidCache.entries()"",""wallet_transactions""]",Not End-To-End Verified,"Reachability and role/club/union scope; all tabs, buttons, forms and modals; exact data source and pagination; loading/empty/error states; receipt and concurrency for mutations; stale session/cache/reload/reconnect; desktop/mobile/touch/keyboard/accessibility; tests and deployed behavior"
src/pages/BusDevToolsPage.tsx,runtime-or-tooling-source,11,"[""dev/bus""]","[""src/App.tsx""]","[""src/core/MasterBus.ts"",""src/hooks/useAuthUser.ts"",""src/lib/date.ts"",""src/lib/supabase.ts"",""src/pages/BusDevToolsPage.css"",""src/services/BusEventLogger.ts"",""src/services/OfflineQueueService.ts""]",72,"[""atomic_deduct_wallet_and_log"",""atomic_seat_cashout_locked"",""ca_union_statement_board"",""calculate_agent_settlement"",""calculate_agent_spread"",""calculate_cascading_commission"",""fn_admin_kick_player"",""fn_admin_remove_player_chips"",""fn_admin_update_agent"",""fn_agent_attach_player"",""fn_agent_claim_commission"",""fn_agent_downline_commission"",""fn_agent_unsettled_commission"",""fn_agent_wallet_claim_back"",""fn_agent_wallet_reversible"",""fn_agent_wallet_send"",""fn_apply_credit_payment"",""fn_batch_club_member_counts"",""fn_cancel_club_join_request"",""fn_cancel_managed_game_schedule"",""fn_cashout_approve"",""fn_cashout_queue"",""fn_cashout_release"",""fn_cashout_request"",""fn_check_level_advancement"",""fn_claim_referral_milestone"",""fn_club_name_available"",""fn_create_agent"",""fn_create_club_atomic"",""fn_discover_clubs"",""fn_execute_managed_game_command"",""fn_execute_union_rakeback"",""fn_expire_stale_cashouts"",""fn_generate_all_credit_invoices"",""fn_generate_credit_invoice"",""fn_get_club_creation_eligibility"",""fn_get_club_entry_flags"",""fn_get_club_member_count"",""fn_get_game_management_health"",""fn_get_game_management_scale_health"",""fn_get_managed_game_command_receipt"",""fn_get_managed_game_command_receipts"",""fn_get_managed_game_contract_history"",""fn_get_managed_game_contracts"",""fn_join_club"",""fn_join_club_atomic"",""fn_list_managed_games"",""fn_member_leave_to_treasury"",""fn_pay_credit_invoice_from_wallet"",""fn_player_spendable_balance"",""fn_preview_club_join"",""fn_promo_disburse"",""fn_raise_financial_alert"",""fn_rakeback_settlement_status"",""fn_redeem_club_invite_code"",""fn_retire_settled_club"",""fn_run_pending_rakeback_settlement"",""fn_schedule_managed_game_close"",""fn_set_settlement_period_status"",""fn_tournament_primary_table"",""fn_track_club_entry_event"",""fn_wallet_type_transfer"",""generate_period_commissions"",""generate_period_settlements"",""get_current_settlement_period"",""get_user_level_stats"",""record_arena_session"",""redeem_referral_code"",""settle_club_rakeback"",""wallet_user_transfer""]","[""agent_commissions"",""agents"",""arena_sessions"",""atob(encoded)"",""bus_event_log"",""cashout_requests"",""club-assets"",""club_challenges"",""club_members"",""clubs"",""commission_rate_audit"",""credit_invoices"",""credit_requests"",""diamond_transactions"",""disputes"",""financial_alerts"",""hand_history"",""messages"",""new Set(clubIds.filter((id): id is string => !!id).map((id) => `referral_${id}`))"",""notifications"",""profiles"",""rake_records"",""referral_codes"",""referral_redemptions"",""settlement_periods"",""state.leakSignals.entries()"",""state.previouslySeenQuestionIds"",""sub_agents"",""table_activity"",""table_seats"",""table_waitlist"",""tables"",""this.channelRegistry.entries()"",""this.subscriptions.entries()"",""unionMap.values()"",""union_admins"",""union_clubs"",""unions"",""uuidCache.entries()"",""wallet_transactions""]",Not End-To-End Verified,"Reachability and role/club/union scope; all tabs, buttons, forms and modals; exact data source and pagination; loading/empty/error states; receipt and concurrency for mutations; stale session/cache/reload/reconnect; desktop/mobile/touch/keyboard/accessibility; tests and deployed behavior"
src/pages/CashierPage.tsx,runtime-or-tooling-source,4;11,"[""cashier"",""clubs/:clubId/cashier-classic""]","[""src/App.tsx"",""src/utils/ChunkPreloader.ts"",""tests/unit/CashierAmountValidation.test.ts""]","[""src/components/agent/AgentPromoPanel.tsx"",""src/components/club/CashierClubSwitcher.tsx"",""src/components/common/Toast.tsx"",""src/components/layouts/StandardContentLayout.tsx"",""src/components/wallet/CashoutRequestModal.tsx"",""src/components/wallet/DynamicWallet.tsx"",""src/components/wallet/PlayerWalletModal.tsx"",""src/components/wallet/WalletCashierModal.tsx"",""src/components/wallet/cashierModes.ts"",""src/components/wallet/walletRows.ts"",""src/core/MasterBus.ts"",""src/hooks/useAuthUser.ts"",""src/hooks/useIsMounted.ts"",""src/hooks/useMasterBusChannel.ts"",""src/hooks/useMasterBusSubscription.ts"",""src/hooks/useRealtimeFinancials.ts"",""src/hooks/useVisibilityRefresh.ts"",""src/lib/supabase.ts"",""src/pages/CashierPage.module.css"",""src/services/CashoutService.ts"",""src/stores/useWalletStore.ts"",""src/types/clubRoles.ts"",""src/utils/clubIdResolver.ts"",""src/utils/clubQuickLink.ts"",""src/utils/clubScopedPath.ts"",""src/utils/errorReporter.ts"",""src/utils/playerDisplayName.ts"",""src/utils/popupStyle.ts"",""src/utils/retryFetch.ts"",""src/utils/safeErrorMessage.ts"",""src/utils/settlementLock.ts""]",113,"[""atomic_deduct_wallet_and_log"",""atomic_seat_cashout_locked"",""ca_union_statement_board"",""calculate_agent_settlement"",""calculate_agent_spread"",""calculate_cascading_commission"",""fn_admin_kick_player"",""fn_admin_remove_player_chips"",""fn_admin_update_agent"",""fn_agent_attach_player"",""fn_agent_claim_commission"",""fn_agent_downline_commission"",""fn_agent_unsettled_commission"",""fn_agent_wallet_claim_back"",""fn_agent_wallet_reversible"",""fn_agent_wallet_send"",""fn_apply_credit_payment"",""fn_batch_club_member_counts"",""fn_bbj_pool_for_club"",""fn_cancel_club_join_request"",""fn_cancel_managed_game_schedule"",""fn_cashout_approve"",""fn_cashout_queue"",""fn_cashout_release"",""fn_cashout_request"",""fn_check_level_advancement"",""fn_claim_referral_milestone"",""fn_club_bank_claim_back"",""fn_club_bank_ledger"",""fn_club_bank_reverse"",""fn_club_bank_send"",""fn_club_cashier_members"",""fn_club_money_panel"",""fn_club_name_available"",""fn_create_agent"",""fn_create_club_atomic"",""fn_discover_clubs"",""fn_execute_managed_game_command"",""fn_execute_union_rakeback"",""fn_expire_stale_cashouts"",""fn_generate_all_credit_invoices"",""fn_generate_credit_invoice"",""fn_get_club_creation_eligibility"",""fn_get_club_entry_flags"",""fn_get_club_member_count"",""fn_get_game_management_health"",""fn_get_game_management_scale_health"",""fn_get_managed_game_command_receipt"",""fn_get_managed_game_command_receipts"",""fn_get_managed_game_contract_history"",""fn_get_managed_game_contracts"",""fn_join_club"",""fn_join_club_atomic"",""fn_list_managed_games"",""fn_member_leave_to_treasury"",""fn_mint_chips_from_diamonds"",""fn_my_wallet_ledger"",""fn_pay_credit_invoice_from_wallet"",""fn_player_spendable_balance"",""fn_preview_club_join"",""fn_promo_disburse"",""fn_promo_wallet_ledger"",""fn_promo_wallet_send"",""fn_raise_financial_alert"",""fn_rakeback_settlement_status"",""fn_redeem_club_invite_code"",""fn_retire_settled_club"",""fn_run_pending_rakeback_settlement"",""fn_schedule_managed_game_close"",""fn_set_settlement_period_status"",""fn_tournament_primary_table"",""fn_track_club_entry_event"",""fn_wallet_type_transfer"",""generate_period_commissions"",""generate_period_settlements"",""get_current_settlement_period"",""get_user_level_stats"",""promoSendRpc(promoSource)"",""record_arena_session"",""redeem_referral_code"",""settle_club_rakeback"",""viaClubBank ? 'fn_club_bank_send' : 'fn_agent_wallet_send'"",""wallet_user_transfer""]","[""agent_commissions"",""agents"",""arena_sessions"",""atob(encoded)"",""byId.values()"",""cashout_requests"",""chip_ledger"",""club-assets"",""club_challenges"",""club_members"",""clubs"",""commission_rate_audit"",""credit_invoices"",""credit_requests"",""diamond_transactions"",""disputes"",""financial_alerts"",""hand_history"",""messages"",""new Set(clubIds.filter((id): id is string => !!id).map((id) => `referral_${id}`))"",""notifications"",""profiles"",""rake_records"",""referral_codes"",""referral_redemptions"",""settlement_locks"",""settlement_periods"",""state.leakSignals.entries()"",""state.previouslySeenQuestionIds"",""sub_agents"",""table_activity"",""table_seats"",""table_waitlist"",""tables"",""this.channelRegistry.entries()"",""this.subscriptions.entries()"",""unionMap.values()"",""union_admins"",""union_clubs"",""unions"",""uuidCache.entries()"",""wallet_transactions"",""{ length: 3 }"",""{ length: 5 }"",""{ length: compactLobby ? 3 : 4 }""]",Not End-To-End Verified,"Reachability and role/club/union scope; all tabs, buttons, forms and modals; exact data source and pagination; loading/empty/error states; receipt and concurrency for mutations; stale session/cache/reload/reconnect; desktop/mobile/touch/keyboard/accessibility; tests and deployed behavior"
src/pages/CashierTradePage.tsx,runtime-or-tooling-source,4;11,"[""clubs/:clubId/cashier""]","[""src/App.tsx"",""src/utils/ChunkPreloader.ts"",""tests/cashier-club-load-order.test.tsx""]","[""src/components/common/Toast.tsx"",""src/components/wallet/WalletCashierModal.tsx"",""src/components/wallet/cashierModes.ts"",""src/components/wallet/describeChipTransaction.ts"",""src/components/wallet/walletRows.ts"",""src/core/MasterBus.ts"",""src/hooks/useAuthUser.ts"",""src/lib/cashierRoster.ts"",""src/lib/supabase.ts"",""src/pages/CashierTradePage.module.css"",""src/services/CashierOperationsTelemetry.ts"",""src/services/CashierResilience.ts"",""src/services/UnionService.ts"",""src/types/clubRoles.ts"",""src/utils/clubIdResolver.ts"",""src/utils/clubQuickLink.ts"",""src/utils/errorReporter.ts"",""src/utils/playerDisplayName.ts"",""src/utils/unionIdResolver.ts""]",96,"[""action === 'redeem' ? 'fn_redeem_tournament_ticket' : 'fn_cancel_tournament_ticket'"",""atomic_deduct_wallet_and_log"",""atomic_seat_cashout_locked"",""ca_club_member_detail"",""ca_club_member_downline"",""ca_club_member_notes_update"",""ca_club_member_statistics"",""ca_club_members_export"",""ca_club_members_overview"",""ca_club_members_page"",""ca_club_members_summary"",""ca_union_statement_board"",""calculate_agent_settlement"",""calculate_agent_spread"",""calculate_cascading_commission"",""fn_admin_kick_player"",""fn_admin_remove_player_chips"",""fn_admin_update_agent"",""fn_agent_attach_player"",""fn_agent_claim_commission"",""fn_agent_downline_commission"",""fn_agent_unsettled_commission"",""fn_agent_wallet_claim_back"",""fn_agent_wallet_reversible"",""fn_agent_wallet_send"",""fn_apply_credit_payment"",""fn_batch_club_member_counts"",""fn_cancel_club_join_request"",""fn_cancel_managed_game_schedule"",""fn_cashier_batch_transfer"",""fn_cashout_approve"",""fn_cashout_queue"",""fn_cashout_release"",""fn_cashout_request"",""fn_check_level_advancement"",""fn_claim_referral_milestone"",""fn_club_bank_claim_back"",""fn_club_bank_ledger"",""fn_club_bank_reverse"",""fn_club_bank_send"",""fn_club_cashier_members"",""fn_club_cashier_members_page_v3"",""fn_club_name_available"",""fn_club_trade_ledger"",""fn_create_agent"",""fn_create_club_atomic"",""fn_discover_clubs"",""fn_execute_managed_game_command"",""fn_execute_union_rakeback"",""fn_expire_stale_cashouts"",""fn_generate_all_credit_invoices"",""fn_generate_credit_invoice"",""fn_get_club_creation_eligibility"",""fn_get_club_entry_flags"",""fn_get_club_member_count"",""fn_get_game_management_health"",""fn_get_game_management_scale_health"",""fn_get_managed_game_command_receipt"",""fn_get_managed_game_command_receipts"",""fn_get_managed_game_contract_history"",""fn_get_managed_game_contracts"",""fn_join_club"",""fn_join_club_atomic"",""fn_list_managed_games"",""fn_member_leave_to_treasury"",""fn_mint_chips_from_diamonds"",""fn_pay_credit_invoice_from_wallet"",""fn_player_spendable_balance"",""fn_preview_club_join"",""fn_promo_disburse"",""fn_promo_wallet_ledger"",""fn_raise_financial_alert"",""fn_rakeback_settlement_status"",""fn_record_cashier_operation"",""fn_redeem_club_invite_code"",""fn_request_chips"",""fn_respond_chip_request"",""fn_retire_settled_club"",""fn_run_pending_rakeback_settlement"",""fn_schedule_managed_game_close"",""fn_set_settlement_period_status"",""fn_tournament_primary_table"",""fn_track_club_entry_event"",""fn_wallet_type_transfer"",""generate_period_commissions"",""generate_period_settlements"",""get_current_settlement_period"",""get_user_level_stats"",""promoSendRpc(promoSource)"",""record_arena_session"",""redeem_referral_code"",""settle_club_rakeback"",""wallet_user_transfer""]","[""agent_commissions"",""agents"",""arena_sessions"",""atob(encoded)"",""byId.values()"",""cashout_requests"",""chip_requests"",""club-assets"",""club_challenges"",""club_members"",""clubs"",""commission_rate_audit"",""credit_invoices"",""credit_requests"",""dialogRef.current.querySelectorAll<HTMLElement>(\n          'a[href], button:not(:disabled), input:not(:disabled), select:not(:disabled), textarea:not(:disabled), [tabindex]:not([tabindex=\""-1\""])'\n        )"",""diamond_transactions"",""disputes"",""event.currentTarget.querySelectorAll<HTMLButtonElement>('[role=\""tab\""]')"",""financial_alerts"",""hand_history"",""ids"",""messages"",""new Set(clubIds.filter((id): id is string => !!id).map((id) => `referral_${id}`))"",""notifications"",""pickerRef.current?.querySelectorAll<HTMLElement>('[role=\""option\""]') || []"",""profiles"",""rake_records"",""referral_codes"",""referral_redemptions"",""settlement_invoices"",""settlement_periods"",""state.leakSignals.entries()"",""state.previouslySeenQuestionIds"",""sub_agents"",""table_activity"",""table_seats"",""table_waitlist"",""tables"",""this.channelRegistry.entries()"",""this.subscriptions.entries()"",""tournament_tickets"",""unionMap.values()"",""union_admins"",""union_clubs"",""unions"",""uuidCache.entries()"",""wallet_transactions""]",Not End-To-End Verified,"Reachability and role/club/union scope; all tabs, buttons, forms and modals; exact data source and pagination; loading/empty/error states; receipt and concurrency for mutations; stale session/cache/reload/reconnect; desktop/mobile/touch/keyboard/accessibility; tests and deployed behavior"
src/pages/ClubAnnouncementsPage.tsx,runtime-or-tooling-source,10;11,"[""clubs/:clubId/announcements""]","[""src/App.tsx""]","[""src/components/common/ConfirmModal.tsx"",""src/components/common/PageSkeleton.tsx"",""src/components/common/Toast.tsx"",""src/core/MasterBus.ts"",""src/hooks/useAuthUser.ts"",""src/hooks/useVisibilityRefresh.ts"",""src/lib/supabase.ts"",""src/pages/ClubAnnouncementsPage.css"",""src/types/clubRoles.ts"",""src/utils/clubIdResolver.ts"",""src/utils/errorReporter.ts"",""src/utils/format.ts"",""src/utils/sanitizeInput.ts""]",78,"[""atomic_deduct_wallet_and_log"",""atomic_seat_cashout_locked"",""ca_union_statement_board"",""calculate_agent_settlement"",""calculate_agent_spread"",""calculate_cascading_commission"",""fn_admin_kick_player"",""fn_admin_remove_player_chips"",""fn_admin_update_agent"",""fn_agent_attach_player"",""fn_agent_claim_commission"",""fn_agent_downline_commission"",""fn_agent_unsettled_commission"",""fn_agent_wallet_claim_back"",""fn_agent_wallet_reversible"",""fn_agent_wallet_send"",""fn_apply_credit_payment"",""fn_batch_club_member_counts"",""fn_cancel_club_join_request"",""fn_cancel_managed_game_schedule"",""fn_cashout_approve"",""fn_cashout_queue"",""fn_cashout_release"",""fn_cashout_request"",""fn_check_level_advancement"",""fn_claim_referral_milestone"",""fn_club_name_available"",""fn_create_agent"",""fn_create_club_atomic"",""fn_discover_clubs"",""fn_execute_managed_game_command"",""fn_execute_union_rakeback"",""fn_expire_stale_cashouts"",""fn_generate_all_credit_invoices"",""fn_generate_credit_invoice"",""fn_get_club_creation_eligibility"",""fn_get_club_entry_flags"",""fn_get_club_member_count"",""fn_get_game_management_health"",""fn_get_game_management_scale_health"",""fn_get_managed_game_command_receipt"",""fn_get_managed_game_command_receipts"",""fn_get_managed_game_contract_history"",""fn_get_managed_game_contracts"",""fn_join_club"",""fn_join_club_atomic"",""fn_list_managed_games"",""fn_member_leave_to_treasury"",""fn_pay_credit_invoice_from_wallet"",""fn_player_spendable_balance"",""fn_preview_club_join"",""fn_promo_disburse"",""fn_raise_financial_alert"",""fn_rakeback_settlement_status"",""fn_redeem_club_invite_code"",""fn_retire_settled_club"",""fn_run_pending_rakeback_settlement"",""fn_schedule_managed_game_close"",""fn_set_settlement_period_status"",""fn_tournament_primary_table"",""fn_track_club_entry_event"",""fn_wallet_type_transfer"",""generate_period_commissions"",""generate_period_settlements"",""get_current_settlement_period"",""get_user_level_stats"",""record_arena_session"",""redeem_referral_code"",""settle_club_rakeback"",""wallet_user_transfer""]","[""agent_commissions"",""agents"",""arena_sessions"",""atob(encoded)"",""cashout_requests"",""club-assets"",""club_announcements"",""club_challenges"",""club_members"",""clubs"",""commission_rate_audit"",""credit_invoices"",""credit_requests"",""diamond_transactions"",""disputes"",""financial_alerts"",""hand_history"",""messages"",""new Set(clubIds.filter((id): id is string => !!id).map((id) => `referral_${id}`))"",""notifications"",""profiles"",""rake_records"",""referral_codes"",""referral_redemptions"",""root.querySelectorAll<HTMLElement>(\n          'button:not([disabled]), [href], input:not([disabled]), select:not([disabled]), textarea:not([disabled]), [tabindex]:not([tabindex=\""-1\""])'\n        )"",""settlement_periods"",""state.leakSignals.entries()"",""state.previouslySeenQuestionIds"",""sub_agents"",""table_activity"",""table_seats"",""table_waitlist"",""tables"",""this.channelRegistry.entries()"",""this.subscriptions.entries()"",""unionMap.values()"",""union_admins"",""union_clubs"",""unions"",""uuidCache.entries()"",""wallet_transactions""]",Not End-To-End Verified,"Reachability and role/club/union scope; all tabs, buttons, forms and modals; exact data source and pagination; loading/empty/error states; receipt and concurrency for mutations; stale session/cache/reload/reconnect; desktop/mobile/touch/keyboard/accessibility; tests and deployed behavior"
src/pages/ClubDetailPage.tsx,runtime-or-tooling-source,10;11,[],[],"[""src/components/admin/AdminCommandPalette.tsx"",""src/components/admin/SecurityDashboard.tsx"",""src/components/club/ClubActivityFeed.tsx"",""src/components/club/RoleBadge.tsx"",""src/components/club/TableOperationsPanel.tsx"",""src/components/common/ActivityHeatmap.tsx"",""src/components/common/CircularGauge.tsx"",""src/components/common/ConfirmModal.tsx"",""src/components/common/GlobalUXIndicators.tsx"",""src/components/common/PageSkeleton.tsx"",""src/components/common/Toast.tsx"",""src/core/MasterBus.ts"",""src/hooks/useSwipeTabs.ts"",""src/hooks/useVisibilityRefresh.ts"",""src/lib/storage.ts"",""src/lib/supabase.ts"",""src/pages/ClubDetailPage.module.css"",""src/services/AgentService.ts"",""src/services/ClubsService.ts"",""src/services/GameManagementService.ts"",""src/services/MembershipService.ts"",""src/services/PresenceService.ts"",""src/types/clubRoles.ts"",""src/utils/clubIdResolver.ts"",""src/utils/errorReporter.ts"",""src/utils/fetchAllRows.ts"",""src/utils/formatGameTitle.ts"",""src/utils/playerDisplayName.ts"",""src/utils/retryFetch.ts"",""src/utils/sanitizeInput.ts""]",99,"[""atomic_deduct_wallet_and_log"",""atomic_seat_cashout_locked"",""ca_club_activity"",""ca_union_statement_board"",""calculate_agent_settlement"",""calculate_agent_spread"",""calculate_cascading_commission"",""fn_admin_kick_player"",""fn_admin_remove_player_chips"",""fn_admin_update_agent"",""fn_agent_attach_player"",""fn_agent_claim_commission"",""fn_agent_downline_commission"",""fn_agent_unsettled_commission"",""fn_agent_wallet_claim_back"",""fn_agent_wallet_reversible"",""fn_agent_wallet_send"",""fn_apply_credit_payment"",""fn_batch_club_member_counts"",""fn_cancel_club_join_request"",""fn_cancel_managed_game_schedule"",""fn_cashout_approve"",""fn_cashout_queue"",""fn_cashout_release"",""fn_cashout_request"",""fn_check_level_advancement"",""fn_claim_referral_milestone"",""fn_club_member_counts"",""fn_club_name_available"",""fn_club_set_member_role"",""fn_create_agent"",""fn_create_club_atomic"",""fn_discover_clubs"",""fn_execute_managed_game_command"",""fn_execute_union_rakeback"",""fn_expire_stale_cashouts"",""fn_generate_all_credit_invoices"",""fn_generate_credit_invoice"",""fn_get_club_creation_eligibility"",""fn_get_club_entry_flags"",""fn_get_club_member_count"",""fn_get_game_management_health"",""fn_get_game_management_scale_health"",""fn_get_managed_game_command_receipt"",""fn_get_managed_game_command_receipts"",""fn_get_managed_game_contract_history"",""fn_get_managed_game_contracts"",""fn_join_club"",""fn_join_club_atomic"",""fn_list_managed_games"",""fn_list_pending_members"",""fn_member_leave_to_treasury"",""fn_pay_credit_invoice_from_wallet"",""fn_player_spendable_balance"",""fn_preview_club_join"",""fn_promo_disburse"",""fn_raise_financial_alert"",""fn_rakeback_settlement_status"",""fn_redeem_club_invite_code"",""fn_remove_settled_club_member"",""fn_retire_settled_club"",""fn_review_join_request"",""fn_run_pending_rakeback_settlement"",""fn_schedule_managed_game_close"",""fn_set_settlement_period_status"",""fn_tournament_primary_table"",""fn_track_club_entry_event"",""fn_wallet_type_transfer"",""generate_period_commissions"",""generate_period_settlements"",""get_current_settlement_period"",""get_user_level_stats"",""record_arena_session"",""redeem_referral_code"",""settle_club_rakeback"",""wallet_user_transfer""]","[""agent_commissions"",""agents"",""arena_sessions"",""atob(encoded)"",""cashout_requests"",""club-assets"",""club_challenges"",""club_members"",""clubs"",""commission_rate_audit"",""credit_invoices"",""credit_requests"",""diamond_transactions"",""disputes"",""financial_alerts"",""grouped.entries()"",""hand_history"",""messages"",""new Set(clubIds.filter((id): id is string => !!id).map((id) => `referral_${id}`))"",""notifications"",""profiles"",""rake_records"",""referral_codes"",""referral_redemptions"",""root.querySelectorAll<HTMLElement>(\n          'button:not([disabled]), [href], input:not([disabled]), select:not([disabled]), textarea:not([disabled]), [tabindex]:not([tabindex=\""-1\""])'\n        )"",""settlement_periods"",""state.leakSignals.entries()"",""state.previouslySeenQuestionIds"",""sub_agents"",""table_activity"",""table_seats"",""table_waitlist"",""tables"",""this.channelRegistry.entries()"",""this.subscriptions.entries()"",""unionMap.values()"",""union_admins"",""union_clubs"",""unions"",""uuidCache.entries()"",""wallet_transactions"",""{ length: 7 }"",""{ length: weeks }""]",Not End-To-End Verified,"Reachability and role/club/union scope; all tabs, buttons, forms and modals; exact data source and pagination; loading/empty/error states; receipt and concurrency for mutations; stale session/cache/reload/reconnect; desktop/mobile/touch/keyboard/accessibility; tests and deployed behavior"
src/pages/ClubFinancialsPage.tsx,runtime-or-tooling-source,10;11,"[""clubs/:clubId/financials""]","[""src/App.tsx""]","[""src/components/admin/RakeReports.tsx"",""src/components/charts/FinancialChart.tsx"",""src/components/common/EmptyState.tsx"",""src/components/common/PageSkeleton.tsx"",""src/components/common/Toast.tsx"",""src/components/common/TransactionLedgerView.tsx"",""src/components/dashboard/ClubFinancialDashboard.tsx"",""src/components/wallet/ChipStatement.tsx"",""src/components/wallet/DynamicWallet.tsx"",""src/components/wallet/PlayerWalletModal.tsx"",""src/components/wallet/WalletCashierModal.tsx"",""src/components/wallet/cashierModes.ts"",""src/core/MasterBus.ts"",""src/hooks/useAuthUser.ts"",""src/hooks/useIsMounted.ts"",""src/hooks/useVisibilityRefresh.ts"",""src/lib/supabase.ts"",""src/pages/ClubFinancialsPage.css"",""src/types/clubRoles.ts"",""src/utils/clubDashboard.ts"",""src/utils/clubIdResolver.ts"",""src/utils/clubScopedPath.ts"",""src/utils/downloadCsv.ts"",""src/utils/errorReporter.ts"",""src/utils/format.ts"",""src/utils/popupStyle.ts"",""src/utils/strictClubIdResolver.ts""]",114,"[""atomic_deduct_wallet_and_log"",""atomic_seat_cashout_locked"",""ca_club_chip_ledger"",""ca_club_financials"",""ca_union_statement_board"",""calculate_agent_settlement"",""calculate_agent_spread"",""calculate_cascading_commission"",""fn_admin_kick_player"",""fn_admin_remove_player_chips"",""fn_admin_update_agent"",""fn_agent_attach_player"",""fn_agent_claim_commission"",""fn_agent_downline_commission"",""fn_agent_unsettled_commission"",""fn_agent_wallet_claim_back"",""fn_agent_wallet_reversible"",""fn_agent_wallet_send"",""fn_apply_credit_payment"",""fn_batch_club_member_counts"",""fn_bbj_pool_for_club"",""fn_ca_chip_statement"",""fn_cancel_club_join_request"",""fn_cancel_managed_game_schedule"",""fn_cashout_approve"",""fn_cashout_queue"",""fn_cashout_release"",""fn_cashout_request"",""fn_check_level_advancement"",""fn_claim_referral_milestone"",""fn_club_bank_claim_back"",""fn_club_bank_ledger"",""fn_club_bank_reverse"",""fn_club_bank_send"",""fn_club_cashier_members"",""fn_club_money_panel"",""fn_club_name_available"",""fn_create_agent"",""fn_create_club_atomic"",""fn_discover_clubs"",""fn_execute_managed_game_command"",""fn_execute_union_rakeback"",""fn_expire_stale_cashouts"",""fn_generate_all_credit_invoices"",""fn_generate_credit_invoice"",""fn_get_club_creation_eligibility"",""fn_get_club_entry_flags"",""fn_get_club_member_count"",""fn_get_game_management_health"",""fn_get_game_management_scale_health"",""fn_get_managed_game_command_receipt"",""fn_get_managed_game_command_receipts"",""fn_get_managed_game_contract_history"",""fn_get_managed_game_contracts"",""fn_hand_rake_breakdown"",""fn_join_club"",""fn_join_club_atomic"",""fn_list_managed_games"",""fn_member_leave_to_treasury"",""fn_mint_chips_from_diamonds"",""fn_my_wallet_ledger"",""fn_pay_credit_invoice_from_wallet"",""fn_player_spendable_balance"",""fn_preview_club_join"",""fn_promo_disburse"",""fn_promo_wallet_ledger"",""fn_raise_financial_alert"",""fn_rakeback_settlement_status"",""fn_redeem_club_invite_code"",""fn_retire_settled_club"",""fn_run_pending_rakeback_settlement"",""fn_schedule_managed_game_close"",""fn_set_settlement_period_status"",""fn_tournament_primary_table"",""fn_track_club_entry_event"",""fn_wallet_type_transfer"",""generate_period_commissions"",""generate_period_settlements"",""get_current_settlement_period"",""get_user_level_stats"",""promoSendRpc(promoSource)"",""record_arena_session"",""redeem_referral_code"",""settle_club_rakeback"",""wallet_user_transfer""]","[""agent_commissions"",""agents"",""arena_sessions"",""atob(encoded)"",""cashout_requests"",""chip_ledger"",""club-assets"",""club_challenges"",""club_diamond_wallets"",""club_members"",""clubs"",""commission_rate_audit"",""credit_invoices"",""credit_requests"",""diamond_transactions"",""disputes"",""financial_alerts"",""hand_history"",""messages"",""new Set(clubIds.filter((id): id is string => !!id).map((id) => `referral_${id}`))"",""notifications"",""profiles"",""rake_records"",""referral_codes"",""referral_redemptions"",""settlement_periods"",""state.leakSignals.entries()"",""state.previouslySeenQuestionIds"",""sub_agents"",""table_activity"",""table_seats"",""table_waitlist"",""tables"",""this.channelRegistry.entries()"",""this.subscriptions.entries()"",""unionMap.values()"",""union_admins"",""union_clubs"",""unions"",""uuidCache.entries()"",""wallet_transactions"",""{ length: compactLobby ? 3 : 4 }"",""{ length: itemCount }""]",Not End-To-End Verified,"Reachability and role/club/union scope; all tabs, buttons, forms and modals; exact data source and pagination; loading/empty/error states; receipt and concurrency for mutations; stale session/cache/reload/reconnect; desktop/mobile/touch/keyboard/accessibility; tests and deployed behavior"
src/pages/ClubHandReviewPage.tsx,runtime-or-tooling-source,10;11,"[""clubs/:clubId/hand-review""]","[""src/App.tsx""]","[""src/components/club/ClubIntegrityHeader.tsx"",""src/components/common/PageSkeleton.tsx"",""src/components/common/Toast.tsx"",""src/components/handdetail/HandDetailView.tsx"",""src/hooks/useClubNavigationAccess.ts"",""src/pages/ClubHandReviewPage.css"",""src/services/HandFlagService.ts"",""src/utils/clubIdResolver.ts"",""src/utils/errorReporter.ts"",""src/utils/handReplay.ts""]",98,"[""atomic_deduct_wallet_and_log"",""atomic_seat_cashout_locked"",""ca_union_statement_board"",""calculate_agent_settlement"",""calculate_agent_spread"",""calculate_cascading_commission"",""fn_admin_kick_player"",""fn_admin_remove_player_chips"",""fn_admin_update_agent"",""fn_agent_attach_player"",""fn_agent_claim_commission"",""fn_agent_downline_commission"",""fn_agent_unsettled_commission"",""fn_agent_wallet_claim_back"",""fn_agent_wallet_reversible"",""fn_agent_wallet_send"",""fn_apply_credit_payment"",""fn_batch_club_member_counts"",""fn_ca_club_hand_flags"",""fn_ca_flag_hand"",""fn_ca_operator_read_hand"",""fn_ca_resolve_hand_flag"",""fn_cancel_club_join_request"",""fn_cancel_managed_game_schedule"",""fn_cashout_approve"",""fn_cashout_queue"",""fn_cashout_release"",""fn_cashout_request"",""fn_check_level_advancement"",""fn_claim_referral_milestone"",""fn_club_name_available"",""fn_create_agent"",""fn_create_club_atomic"",""fn_discover_clubs"",""fn_execute_managed_game_command"",""fn_execute_union_rakeback"",""fn_expire_stale_cashouts"",""fn_generate_all_credit_invoices"",""fn_generate_credit_invoice"",""fn_get_club_creation_eligibility"",""fn_get_club_entry_flags"",""fn_get_club_member_count"",""fn_get_game_management_health"",""fn_get_game_management_scale_health"",""fn_get_managed_game_command_receipt"",""fn_get_managed_game_command_receipts"",""fn_get_managed_game_contract_history"",""fn_get_managed_game_contracts"",""fn_join_club"",""fn_join_club_atomic"",""fn_list_managed_games"",""fn_member_leave_to_treasury"",""fn_pay_credit_invoice_from_wallet"",""fn_player_spendable_balance"",""fn_preview_club_join"",""fn_promo_disburse"",""fn_raise_financial_alert"",""fn_rakeback_settlement_status"",""fn_redeem_club_invite_code"",""fn_retire_settled_club"",""fn_run_pending_rakeback_settlement"",""fn_schedule_managed_game_close"",""fn_set_settlement_period_status"",""fn_tournament_primary_table"",""fn_track_club_entry_event"",""fn_wallet_type_transfer"",""generate_period_commissions"",""generate_period_settlements"",""get_current_settlement_period"",""get_user_level_stats"",""record_arena_session"",""redeem_referral_code"",""settle_club_rakeback"",""wallet_user_transfer""]","[""agent_commissions"",""agents"",""arena_sessions"",""atob(encoded)"",""ca_hand_facts"",""ca_hand_flags"",""cashout_requests"",""club-assets"",""club_challenges"",""club_members"",""clubs"",""commission_rate_audit"",""credit_invoices"",""credit_requests"",""diamond_transactions"",""disputes"",""financial_alerts"",""hand_discards"",""hand_history"",""messages"",""new Set(clubIds.filter((id): id is string => !!id).map((id) => `referral_${id}`))"",""notifications"",""profiles"",""rake_records"",""referral_codes"",""referral_redemptions"",""settlement_periods"",""state.leakSignals.entries()"",""state.previouslySeenQuestionIds"",""sub_agents"",""table_activity"",""table_seats"",""table_waitlist"",""tables"",""this.channelRegistry.entries()"",""this.subscriptions.entries()"",""unionMap.values()"",""union_admins"",""union_clubs"",""unions"",""uuidCache.entries()"",""wallet_transactions"",""{ length: muckCount }""]",Not End-To-End Verified,"Reachability and role/club/union scope; all tabs, buttons, forms and modals; exact data source and pagination; loading/empty/error states; receipt and concurrency for mutations; stale session/cache/reload/reconnect; desktop/mobile/touch/keyboard/accessibility; tests and deployed behavior"
src/pages/ClubHomePage.tsx,runtime-or-tooling-source,10;11,"[""clubs/:clubId"",""clubs/:clubId/lobby""]","[""src/App.tsx"",""src/pages/MultiTablePage.tsx"",""src/utils/ChunkPreloader.ts"",""tests/unit/lobbyCardsDoNotFlicker.test.ts""]","[""src/components/admin/RakeReports.tsx"",""src/components/ads/HouseAdCard.tsx"",""src/components/bbj/BBJInfoModal.tsx"",""src/components/club-buttons/index.ts"",""src/components/club/ClubEntryMessage.tsx"",""src/components/club/ClubLaunchProgress.tsx"",""src/components/club/ClubOpeningWizard.tsx"",""src/components/club/GameCreationActions.tsx"",""src/components/club/SpinActivationPanel.tsx"",""src/components/common/ConfirmModal.tsx"",""src/components/common/GlobalUXIndicators.tsx"",""src/components/common/MaintenanceBreakBanner.tsx"",""src/components/common/Modal.tsx"",""src/components/common/PageErrorBoundary.tsx"",""src/components/common/Toast.tsx"",""src/components/icons/LobbyIcons.tsx"",""src/components/lobby/AdvancedFilters.tsx"",""src/components/lobby/ClubLobbyCommandTop.css"",""src/components/lobby/ClubLobbyCommandTop.tsx"",""src/components/lobby/GameLobbyPanel.tsx"",""src/components/lobby/LobbyTable.tsx"",""src/components/lobby/advancedFilterSpec.ts"",""src/components/lobby/lobbyEntries.ts"",""src/components/lobby/lobbyViewPrefs.ts"",""src/components/union/UnionTreasuryDetailModal.tsx"",""src/components/union/UnionWalletModal.tsx"",""src/components/wallet/ClubWalletArtwork.tsx"",""src/components/wallet/DiamondWalletModal.tsx"",""src/components/wallet/DynamicWallet.tsx"",""src/components/wallet/PlayerWalletModal.tsx"",""src/components/wallet/WalletCashierModal.tsx"",""src/components/wallet/cashierModes.ts"",""src/context/InTabLobbyContext.tsx"",""src/core/MasterBus.ts"",""src/hooks/useCoalescedRefresh.ts"",""src/hooks/useIsMounted.ts"",""src/hooks/useMasterBusChannel.ts"",""src/hooks/useTournamentRegistration.ts"",""src/hooks/useVisibilityRefresh.ts"",""src/lib/appBase.ts"",""src/lib/authUtils.ts"",""src/lib/bbjHitFeed.ts"",""src/lib/bbjPoolFeed.ts"",""src/lib/bettingStructure.ts"",""src/lib/constants.ts"",""src/lib/supabase.ts"",""src/pages/ClubHomeMobilePremium.css"",""src/pages/ClubHomePage.css"",""src/services/ClubOpeningSetupService.ts"",""src/services/GameManagementService.ts"",""src/services/HapticService.ts"",""src/services/TableService.ts"",""src/services/TournamentService.ts"",""src/services/WaitlistService.ts"",""src/services/cashGameLobby.ts"",""src/services/tableWarmup.ts"",""src/stores/useUserStore.ts"",""src/types/clubRoles.ts"",""src/utils/ChunkPreloader.ts"",""src/utils/avatarGenerator.ts"",""src/utils/clearUserCaches.ts"",""src/utils/clubIdResolver.ts"",""src/utils/clubLevels.ts"",""src/utils/clubOpeningEligibility.ts"",""src/utils/clubScope.ts"",""src/utils/clubScopedPath.ts"",""src/utils/errorReporter.ts"",""src/utils/mediaBase.ts"",""src/utils/playerDisplayName.ts"",""src/utils/retryFetch.ts"",""src/utils/tournamentFilters.ts"",""src/utils/tournamentScheduleWindow.ts""]",1078,"[""'fn_complete_club_opening_setup' as never"",""accept_friendship"",""action === 'redeem' ? 'fn_redeem_tournament_ticket' : 'fn_cancel_tournament_ticket'"",""add_to_promo_wallet"",""atomic_deduct_wallet_and_log"",""atomic_seat_cashout_locked"",""atomic_table_buyin"",""atomic_table_rebuy"",""balance_tournament_tables"",""buy_streak_freeze"",""ca_club_activity"",""ca_club_dashboard_stats"",""ca_club_financials"",""ca_club_member_detail"",""ca_club_member_downline"",""ca_club_member_notes_update"",""ca_club_member_statistics"",""ca_club_members"",""ca_club_members_export"",""ca_club_members_overview"",""ca_club_members_page"",""ca_club_members_summary"",""ca_club_revenue"",""ca_club_tables"",""ca_club_top_players"",""ca_club_tournaments"",""ca_player_hands_v2"",""ca_player_stats_overview_v2"",""ca_player_stats_pulse"",""ca_union_statement_board"",""calculate_agent_settlement"",""calculate_agent_spread"",""calculate_cascading_commission"",""claim_daily_challenges"",""fn"",""fn_achievement_record_progress"",""fn_admin_kick_player"",""fn_admin_remove_player_chips"",""fn_admin_update_agent"",""fn_agent_attach_player"",""fn_agent_claim_commission"",""fn_agent_downline_commission"",""fn_agent_downline_rake"",""fn_agent_downline_rake_summary"",""fn_agent_unsettled_commission"",""fn_agent_wallet_claim_back"",""fn_agent_wallet_reversible"",""fn_agent_wallet_send"",""fn_apply_credit_payment"",""fn_apply_mystery_bounty_config"",""fn_batch_club_member_counts"",""fn_batch_club_realtime_active_counts"",""fn_batch_club_realtime_member_counts"",""fn_batch_union_realtime_active_counts"",""fn_batch_union_realtime_member_counts"",""fn_bbj_hand_detail"",""fn_bbj_pool_for_club"",""fn_bbj_recent_hits"",""fn_bump_friend_challenge_progress"",""fn_ca_chip_statement"",""fn_ca_club_hand_flags"",""fn_ca_daily_bonus_claim"",""fn_ca_daily_bonus_status"",""fn_ca_flag_hand"",""fn_ca_operator_read_hand"",""fn_ca_resolve_hand_flag"",""fn_can_i_create_a_union"",""fn_can_i_operate_the_union_network"",""fn_cancel_club_join_request"",""fn_cancel_managed_game_schedule"",""fn_cash_effective_buyin"",""fn_cash_game_join"",""fn_cash_game_lobby"",""fn_cash_seat_change_cancel"",""fn_cash_seat_change_request"",""fn_cash_vpip_status"",""fn_cashier_batch_transfer"",""fn_cashout_approve"",""fn_cashout_queue"",""fn_cashout_release"",""fn_cashout_request"",""fn_cast_tournament_deal_vote"",""fn_check_level_advancement"",""fn_claim_referral_milestone"",""fn_club_bank_claim_back"",""fn_club_bank_ledger"",""fn_club_bank_reverse"",""fn_club_bank_send"",""fn_club_cashier_members"",""fn_club_cashier_members_page_v3"",""fn_club_leaderboard_by_dates"",""fn_club_leaderboard_period_v2"",""fn_club_member_counts"",""fn_club_money_panel"",""fn_club_name_available"",""fn_club_set_member_role"",""fn_club_tournament_stats"",""fn_club_trade_ledger"",""fn_community_search"",""fn_consume_feature_use"",""fn_create_agent"",""fn_create_club_atomic"",""fn_create_tournament"",""fn_discover_clubs"",""fn_dismiss_club_message"",""fn_dispute_escalate"",""fn_dispute_start_review"",""fn_execute_managed_game_command"",""fn_execute_union_rakeback"",""fn_expire_stale_cashouts"",""fn_game_creation_access"",""fn_generate_all_credit_invoices"",""fn_generate_credit_invoice"",""fn_get_club_creation_eligibility"",""fn_get_club_entry_flags"",""fn_get_club_entry_message"",""fn_get_club_member_count"",""fn_get_club_realtime_member_count"",""fn_get_game_management_health"",""fn_get_game_management_scale_health"",""fn_get_leaderboard_reward_plan"",""fn_get_leaderboard_reward_setup"",""fn_get_leaderboard_settlement_status"",""fn_get_managed_game_command_receipt"",""fn_get_managed_game_command_receipts"",""fn_get_managed_game_contract_history"",""fn_get_managed_game_contracts"",""fn_get_player_search_preferences"",""fn_get_table_watch_access"",""fn_global_leaderboard_by_dates"",""fn_global_leaderboard_period"",""fn_hand_rake_breakdown"",""fn_increment_vip_usage"",""fn_join_club"",""fn_join_club_atomic"",""fn_leaderboard_period_window"",""fn_leaderboard_reward_contexts"",""fn_leave_seat_and_refund"",""fn_list_managed_games"",""fn_maintenance_break_state"",""fn_mark_table_setting_touched"",""fn_member_leave_to_treasury"",""fn_mint_chips_from_diamonds"",""fn_mutate_table_studio_preferences"",""fn_my_agent_roles"",""fn_my_wallet_ledger"",""fn_mystery_bounty_awards"",""fn_mystery_bounty_inventory"",""fn_mystery_bounty_leaderboard"",""fn_mystery_bounty_reveal"",""fn_mystery_bounty_table_state"",""fn_owner_start_tournament_now"",""fn_pay_credit_invoice_from_wallet"",""fn_player_spendable_balance"",""fn_preview_club_join"",""fn_promo_disburse"",""fn_promo_wallet_ledger"",""fn_promo_wallet_send"",""fn_purchase_feature"",""fn_purchase_time_banks_v2"",""fn_raise_financial_alert"",""fn_rakeback_settlement_status"",""fn_record_card_slide_usage"",""fn_record_cashier_operation"",""fn_redeem_club_invite_code"",""fn_redeem_shop_item"",""fn_register_for_tournament"",""fn_remove_settled_club_member"",""fn_request_chips"",""fn_request_manual_bomb_pot"",""fn_resolve_ads"",""fn_resolve_dispute"",""fn_respond_chip_request"",""fn_respond_friend_challenge"",""fn_retire_settled_club"",""fn_run_pending_rakeback_settlement"",""fn_save_leaderboard_reward_setup"",""fn_schedule_managed_game_close"",""fn_search_players"",""fn_seed_table_studio_preferences"",""fn_set_club_lobby_message"",""fn_set_interface_theme"",""fn_set_player_search_preferences"",""fn_set_settlement_period_status"",""fn_spin_leaderboards"",""fn_table_chat_is_silenced"",""fn_take_seat_and_buy_in"",""fn_time_bank_allowance"",""fn_tournament_primary_table"",""fn_track_club_entry_event"",""fn_union_leaderboard_period_v2"",""fn_union_player_directory"",""fn_union_send_to_member"",""fn_unregister_from_tournament"",""fn_use_throwable_v2"",""fn_user_rank_by_dates"",""fn_user_rank_global_by_dates"",""fn_user_rank_global_period"",""fn_user_rank_period"",""fn_wallet_type_transfer"",""generate_period_commissions"",""generate_period_settlements"",""get_club_home"",""get_club_players_playing"",""get_current_settlement_period"",""get_daily_challenge_dashboard_v3"",""get_mutual_friends"",""get_user_level_stats"",""increment_tournament_rake"",""isPromoPull ? 'fn_union_clawback_promo_from_club' : 'fn_union_clawback_from_club'"",""process_tournament_rebuy"",""promoSendRpc(promoSource)"",""recompute_club_levels"",""record_arena_session"",""record_daily_mission_operation"",""redeem_referral_code"",""reroll_daily_challenge"",""settle_club_rakeback"",""update_player_hand_stats"",""viaClubBank ? 'fn_club_bank_send' : 'fn_agent_wallet_send'"",""wallet_user_transfer""]","[""'club_opening_setups' as never"",""String(text ?? '')"",""activeDialog?.querySelectorAll<HTMLElement>(\n          'button:not([disabled]), input:not([disabled]), select:not([disabled]), [tabindex=\""0\""]'\n        ) || []"",""activeSessions.keys()"",""ad_event"",""agent_commissions"",""agents"",""arena_sessions"",""atob(encoded)"",""avatar_unlocks"",""bbj_pools"",""bbj_stakes_tiers"",""byId.values()"",""ca_hand_facts"",""ca_hand_flags"",""ca_hand_notes"",""ca_stat_distribution"",""candidateClubIds"",""cash_games"",""cashout_requests"",""chipAnimStartedAtRef.current.keys()"",""chip_ledger"",""chip_requests"",""client_crash_log"",""club-assets"",""club_challenges"",""club_chat"",""club_members"",""club_shop_inventory"",""club_shop_items"",""clubs"",""commission_rate_audit"",""conversations"",""credit_invoices"",""credit_requests"",""customization_operations"",""daily_challenge_dashboard_revisions"",""dialogRef.current.querySelectorAll<HTMLElement>(\n          'a[href], button:not(:disabled), input:not(:disabled), select:not(:disabled), textarea:not(:disabled), [tabindex]:not([tabindex=\""-1\""])'\n        )"",""dialogRef.current?.querySelectorAll<HTMLElement>(\n          'button:not([disabled]), [href], [tabindex=\""0\""]'\n        ) || []"",""dialogRef.current?.querySelectorAll<HTMLElement>(\n          'button:not([disabled]), input:not([disabled]), [href], [tabindex=\""0\""]'\n        ) || []"",""dialogRef.current?.querySelectorAll<HTMLElement>(\n        'button:not([disabled]), textarea:not([disabled]), input:not([disabled]), a[href]'\n      ) || []"",""diamond_transactions"",""disputes"",""drawer.querySelectorAll<HTMLElement>(\n          'button:not([disabled]), [href], input:not([disabled]), select:not([disabled]), textarea:not([disabled]), [tabindex]:not([tabindex=\""-1\""])'\n        )"",""engineSeen.keys()"",""event.currentTarget.querySelectorAll<HTMLButtonElement>('[role=\""tab\""]')"",""favorite_tables"",""feature_pricing"",""feature_purchases"",""financial_alerts"",""focusableElements"",""friendIds"",""friend_challenges"",""friendships"",""hand_discards"",""hand_history"",""horse_bug_reports"",""ids"",""images"",""items"",""messages"",""modalRef.current?.querySelectorAll<HTMLElement>(\n          'button:not([disabled]), a[href], input:not([disabled]), select:not([disabled]), [tabindex]:not([tabindex=\""-1\""])'\n        ) ?? []"",""new Set(\n        normalizedAvatarLedger\n          .map(({ styleToken }) => styleToken)\n          .filter((styleToken) => styleTokens.has(styleToken))\n      )"",""new Set(\n      [\n        ...(themeAssets.data || [])\n          .filter((row) => row.category === 'theme_id')\n          .map((row) => String(row.asset_id)),\n        // Legacy rows remain readable during rolling deployment and preserve the\n        // receipt trail; the migration backfills every recognised one above.\n        ...(th.data || []).map((row) => normalizeThemePresetId(String(row.theme_id))),\n      ].filter((themeId): themeId is string => !!themeId)\n    )"",""new Set((av.data || []).map((row) => String(row.avatar_id)))"",""new Set([\n          ...(out || []).map((r) => r.friend_id as string),\n          ...(inn || []).map((r) => r.user_id as string),\n        ])"",""new Set([tableClubId, club].filter(Boolean) as string[])"",""new Set(clubIds.filter((id): id is string => !!id).map((id) => `referral_${id}`))"",""new Set(entries.map((e) => e.userId).filter(Boolean))"",""new Set(entries.map((e) => e.user_id).filter(Boolean))"",""new Set(ids)"",""new Set(mySeats.map((s: { table_id: string }) => s.table_id).filter(Boolean))"",""new Set(rows.map((r) => r.table_id).filter(Boolean))"",""new Set(rows.map((r) => r.user_id).filter(Boolean))"",""new Set(seatedUserIds.filter((id): id is string => typeof id === 'string' && id.length > 0))"",""node.querySelectorAll<HTMLElement>(\n        'button:not([disabled]), [href], input:not([disabled]), [tabindex]:not([tabindex=\""-1\""])'\n      )"",""node.querySelectorAll<HTMLElement>(\n        'button:not([disabled]), input:not([disabled]), [tabindex]:not([tabindex=\""-1\""])'\n      )"",""notifications"",""openIds"",""overrides.keys()"",""panelRef.current.querySelectorAll<HTMLElement>(FOCUSABLE)"",""pickerRef.current?.querySelectorAll<HTMLElement>('[role=\""option\""]') || []"",""player_notes"",""player_stats"",""presenceMap.values()"",""profiles"",""rake_records"",""referral_codes"",""referral_redemptions"",""root.querySelectorAll<HTMLElement>(\n          'button:not([disabled]), [href], input, select, textarea, [tabindex]:not([tabindex=\""-1\""])'\n        )"",""root.querySelectorAll<HTMLElement>(\n          'button:not([disabled]), [href], input:not([disabled]), select:not([disabled]), textarea:not([disabled]), [tabindex]:not([tabindex=\""-1\""])'\n        )"",""rungs"",""session_history"",""settlement_invoices"",""settlement_locks"",""settlement_periods"",""sittingOutIdsRef.current"",""state.leakSignals.entries()"",""state.previouslySeenQuestionIds"",""statsMap.values()"",""sub_agents"",""table_activity"",""table_chat"",""table_hole_cards"",""table_seats"",""table_waitlist"",""tables"",""tabsRowRef.current.querySelectorAll<HTMLElement>('[data-tabid]')"",""theme_asset_unlocks"",""theme_unlocks"",""this.active.values()"",""this.channelRegistry.entries()"",""this.laneProgress.keys()"",""this.listeners"",""this.peers.keys()"",""this.processed.keys()"",""this.subscriptions.entries()"",""throw_usage"",""tokens"",""tournament_bounties"",""tournament_deal_votes"",""tournament_players"",""tournament_registration_approvals"",""tournament_tickets"",""tournament_waitlists"",""tournaments"",""training_user_achievements"",""unionMap.values()"",""union_admins"",""union_clubs"",""union_wallet_transactions"",""unions"",""unique.values()"",""user_avatars"",""user_blocks"",""user_daily_challenges"",""user_daily_rewards"",""user_feedback"",""user_lobby_filters"",""user_lucky_wheel_spins"",""user_notification_preferences"",""user_table_settings"",""user_table_studio_preferences"",""user_theme_settings"",""users"",""uuidCache.entries()"",""v_spin_tier_availability"",""vip_feature_usage_monthly"",""wallet_transactions"",""{\n          length: Math.max(currentBets.length, recorded.length),\n        }"",""{\n          length: Math.max(finalBets.length, finalRecorded.length),\n        }"",""{ length: 14 }"",""{ length: 16 }"",""{ length: 20 }"",""{ length: 3 }"",""{ length: 4 }"",""{ length: 46 }"",""{ length: 5 }"",""{ length: 7 }"",""{ length: 8 }"",""{ length: 9 }"",""{ length: Math.min(chipCount, 5) }"",""{ length: SEGMENTS }"",""{ length: backs }"",""{ length: cap }"",""{ length: celebration.confettiPieces }"",""{ length: compactLobby ? 3 : 4 }"",""{ length: count }"",""{ length: emptySlots > 0 ? 1 : 0 }"",""{ length: entry.capacity }"",""{ length: faceDownCount }"",""{ length: group.length }"",""{ length: itemCount }"",""{ length: lines }"",""{ length: muckCount }"",""{ length: opponentCardCount }"",""{ length: particleCount }"",""{ length: runsOnFelt }"",""{ length: safeTotal }"",""{ length: t.max_players }"",""{ length: tier === 'daily' ? 5 : tier === 'weekly' ? 3 : 2 }"",""{ length: undealt }"",""{ length: weeks }""]",Not End-To-End Verified,"Reachability and role/club/union scope; all tabs, buttons, forms and modals; exact data source and pagination; loading/empty/error states; receipt and concurrency for mutations; stale session/cache/reload/reconnect; desktop/mobile/touch/keyboard/accessibility; tests and deployed behavior"
src/pages/ClubMembersPage.tsx,runtime-or-tooling-source,10;11,"[""clubs/:clubId/members""]","[""src/App.tsx""]","[""src/components/club/RoleBadge.tsx"",""src/components/club/RosterConnectionStatus.tsx"",""src/components/common/PageSkeleton.tsx"",""src/components/common/Toast.tsx"",""src/hooks/useAuthUser.ts"",""src/hooks/useDebounce.ts"",""src/hooks/useMasterBusChannel.ts"",""src/hooks/useMasterBusSubscription.ts"",""src/hooks/useVirtualScroll.ts"",""src/lib/export.ts"",""src/lib/rosterCache.ts"",""src/lib/rosterLoadPolicy.ts"",""src/pages/ClubMembersPage.css"",""src/services/ClubRosterService.ts"",""src/types/clubRoles.ts"",""src/utils/avatarGenerator.ts"",""src/utils/errorReporter.ts"",""src/utils/rosterReadReliability.ts"",""src/utils/safeErrorMessage.ts"",""src/utils/strictClubIdResolver.ts"",""src/utils/titleCase.ts""]",90,"[""atomic_deduct_wallet_and_log"",""atomic_seat_cashout_locked"",""ca_club_member_detail"",""ca_club_member_downline"",""ca_club_member_notes_update"",""ca_club_member_statistics"",""ca_club_members_export"",""ca_club_members_overview"",""ca_club_members_page"",""ca_club_members_summary"",""ca_union_statement_board"",""calculate_agent_settlement"",""calculate_agent_spread"",""calculate_cascading_commission"",""fn_admin_kick_player"",""fn_admin_remove_player_chips"",""fn_admin_update_agent"",""fn_agent_attach_player"",""fn_agent_claim_commission"",""fn_agent_downline_commission"",""fn_agent_unsettled_commission"",""fn_agent_wallet_claim_back"",""fn_agent_wallet_reversible"",""fn_agent_wallet_send"",""fn_apply_credit_payment"",""fn_batch_club_member_counts"",""fn_cancel_club_join_request"",""fn_cancel_managed_game_schedule"",""fn_cashout_approve"",""fn_cashout_queue"",""fn_cashout_release"",""fn_cashout_request"",""fn_check_level_advancement"",""fn_claim_referral_milestone"",""fn_club_name_available"",""fn_create_agent"",""fn_create_club_atomic"",""fn_discover_clubs"",""fn_execute_managed_game_command"",""fn_execute_union_rakeback"",""fn_expire_stale_cashouts"",""fn_generate_all_credit_invoices"",""fn_generate_credit_invoice"",""fn_get_club_creation_eligibility"",""fn_get_club_entry_flags"",""fn_get_club_member_count"",""fn_get_game_management_health"",""fn_get_game_management_scale_health"",""fn_get_managed_game_command_receipt"",""fn_get_managed_game_command_receipts"",""fn_get_managed_game_contract_history"",""fn_get_managed_game_contracts"",""fn_join_club"",""fn_join_club_atomic"",""fn_list_managed_games"",""fn_member_leave_to_treasury"",""fn_pay_credit_invoice_from_wallet"",""fn_player_spendable_balance"",""fn_preview_club_join"",""fn_promo_disburse"",""fn_raise_financial_alert"",""fn_rakeback_settlement_status"",""fn_redeem_club_invite_code"",""fn_retire_settled_club"",""fn_run_pending_rakeback_settlement"",""fn_schedule_managed_game_close"",""fn_set_settlement_period_status"",""fn_tournament_primary_table"",""fn_track_club_entry_event"",""fn_wallet_type_transfer"",""generate_period_commissions"",""generate_period_settlements"",""get_current_settlement_period"",""get_user_level_stats"",""record_arena_session"",""redeem_referral_code"",""settle_club_rakeback"",""wallet_user_transfer""]","[""agent_commissions"",""agents"",""arena_sessions"",""atob(encoded)"",""cashout_requests"",""club-assets"",""club_challenges"",""club_members"",""clubs"",""commission_rate_audit"",""credit_invoices"",""credit_requests"",""diamond_transactions"",""disputes"",""financial_alerts"",""hand_history"",""messages"",""new Set(clubIds.filter((id): id is string => !!id).map((id) => `referral_${id}`))"",""notifications"",""profiles"",""rake_records"",""referral_codes"",""referral_redemptions"",""settlement_periods"",""state.leakSignals.entries()"",""state.previouslySeenQuestionIds"",""sub_agents"",""table_activity"",""table_seats"",""table_waitlist"",""tables"",""this.channelRegistry.entries()"",""this.subscriptions.entries()"",""unionMap.values()"",""union_admins"",""union_clubs"",""unions"",""uuidCache.entries()"",""wallet_transactions""]",Not End-To-End Verified,"Reachability and role/club/union scope; all tabs, buttons, forms and modals; exact data source and pagination; loading/empty/error states; receipt and concurrency for mutations; stale session/cache/reload/reconnect; desktop/mobile/touch/keyboard/accessibility; tests and deployed behavior"
src/pages/ClubRulesPage.tsx,runtime-or-tooling-source,10;11,"[""clubs/:clubId/rules""]","[""src/App.tsx""]","[""src/components/common/PageSkeleton.tsx"",""src/components/common/Toast.tsx"",""src/components/layouts/StandardContentLayout.tsx"",""src/core/MasterBus.ts"",""src/hooks/useAuthUser.ts"",""src/hooks/useVisibilityRefresh.ts"",""src/lib/supabase.ts"",""src/pages/ClubRulesPage.css"",""src/types/clubRoles.ts"",""src/utils/clubIdResolver.ts"",""src/utils/errorReporter.ts"",""src/utils/sanitizeInput.ts""]",77,"[""atomic_deduct_wallet_and_log"",""atomic_seat_cashout_locked"",""ca_union_statement_board"",""calculate_agent_settlement"",""calculate_agent_spread"",""calculate_cascading_commission"",""fn_admin_kick_player"",""fn_admin_remove_player_chips"",""fn_admin_update_agent"",""fn_agent_attach_player"",""fn_agent_claim_commission"",""fn_agent_downline_commission"",""fn_agent_unsettled_commission"",""fn_agent_wallet_claim_back"",""fn_agent_wallet_reversible"",""fn_agent_wallet_send"",""fn_apply_credit_payment"",""fn_batch_club_member_counts"",""fn_cancel_club_join_request"",""fn_cancel_managed_game_schedule"",""fn_cashout_approve"",""fn_cashout_queue"",""fn_cashout_release"",""fn_cashout_request"",""fn_check_level_advancement"",""fn_claim_referral_milestone"",""fn_club_name_available"",""fn_create_agent"",""fn_create_club_atomic"",""fn_discover_clubs"",""fn_execute_managed_game_command"",""fn_execute_union_rakeback"",""fn_expire_stale_cashouts"",""fn_generate_all_credit_invoices"",""fn_generate_credit_invoice"",""fn_get_club_creation_eligibility"",""fn_get_club_entry_flags"",""fn_get_club_member_count"",""fn_get_game_management_health"",""fn_get_game_management_scale_health"",""fn_get_managed_game_command_receipt"",""fn_get_managed_game_command_receipts"",""fn_get_managed_game_contract_history"",""fn_get_managed_game_contracts"",""fn_join_club"",""fn_join_club_atomic"",""fn_list_managed_games"",""fn_member_leave_to_treasury"",""fn_pay_credit_invoice_from_wallet"",""fn_player_spendable_balance"",""fn_preview_club_join"",""fn_promo_disburse"",""fn_raise_financial_alert"",""fn_rakeback_settlement_status"",""fn_redeem_club_invite_code"",""fn_retire_settled_club"",""fn_run_pending_rakeback_settlement"",""fn_schedule_managed_game_close"",""fn_set_club_rules"",""fn_set_settlement_period_status"",""fn_tournament_primary_table"",""fn_track_club_entry_event"",""fn_wallet_type_transfer"",""generate_period_commissions"",""generate_period_settlements"",""get_current_settlement_period"",""get_user_level_stats"",""record_arena_session"",""redeem_referral_code"",""settle_club_rakeback"",""wallet_user_transfer""]","[""agent_commissions"",""agents"",""arena_sessions"",""atob(encoded)"",""cashout_requests"",""club-assets"",""club_challenges"",""club_members"",""clubs"",""commission_rate_audit"",""credit_invoices"",""credit_requests"",""diamond_transactions"",""disputes"",""financial_alerts"",""hand_history"",""messages"",""new Set(clubIds.filter((id): id is string => !!id).map((id) => `referral_${id}`))"",""notifications"",""profiles"",""rake_records"",""referral_codes"",""referral_redemptions"",""settlement_periods"",""state.leakSignals.entries()"",""state.previouslySeenQuestionIds"",""sub_agents"",""table_activity"",""table_seats"",""table_waitlist"",""tables"",""this.channelRegistry.entries()"",""this.subscriptions.entries()"",""unionMap.values()"",""union_admins"",""union_clubs"",""unions"",""uuidCache.entries()"",""wallet_transactions""]",Not End-To-End Verified,"Reachability and role/club/union scope; all tabs, buttons, forms and modals; exact data source and pagination; loading/empty/error states; receipt and concurrency for mutations; stale session/cache/reload/reconnect; desktop/mobile/touch/keyboard/accessibility; tests and deployed behavior"
src/pages/ClubSettingsPage.tsx,runtime-or-tooling-source,10;11,"[""clubs/:clubId/settings""]","[""src/App.tsx""]","[""src/components/admin/AuditLog.tsx"",""src/components/admin/StatsExport.tsx"",""src/components/bbj/BBJThresholdPanel.tsx"",""src/components/club/SpinActivationPanel.tsx"",""src/components/common/ButtonSpinner.css"",""src/components/common/PageSkeleton.tsx"",""src/components/common/Toast.tsx"",""src/config/RakeConfig.ts"",""src/core/MasterBus.ts"",""src/hooks/useAuthUser.ts"",""src/hooks/useIsMounted.ts"",""src/hooks/useVisibilityRefresh.ts"",""src/lib/appBase.ts"",""src/lib/constants.ts"",""src/lib/supabase.ts"",""src/pages/ClubSettingsPage.css"",""src/services/ClubsService.ts"",""src/services/MembershipService.ts"",""src/types/clubRoles.ts"",""src/utils/clubIdResolver.ts"",""src/utils/clubSettingsRules.ts"",""src/utils/errorReporter.ts"",""src/utils/retryFetch.ts"",""src/utils/safeErrorMessage.ts"",""src/utils/sanitizeInput.ts""]",95,"[""atomic_deduct_wallet_and_log"",""atomic_seat_cashout_locked"",""ca_union_statement_board"",""calculate_agent_settlement"",""calculate_agent_spread"",""calculate_cascading_commission"",""fn_admin_kick_player"",""fn_admin_remove_player_chips"",""fn_admin_update_agent"",""fn_agent_attach_player"",""fn_agent_claim_commission"",""fn_agent_downline_commission"",""fn_agent_unsettled_commission"",""fn_agent_wallet_claim_back"",""fn_agent_wallet_reversible"",""fn_agent_wallet_send"",""fn_apply_credit_payment"",""fn_batch_club_member_counts"",""fn_bbj_pool_for_club"",""fn_cancel_club_join_request"",""fn_cancel_managed_game_schedule"",""fn_cashout_approve"",""fn_cashout_queue"",""fn_cashout_release"",""fn_cashout_request"",""fn_check_level_advancement"",""fn_claim_referral_milestone"",""fn_club_member_counts"",""fn_club_name_available"",""fn_club_retirement_impact"",""fn_club_set_member_role"",""fn_create_agent"",""fn_create_club_atomic"",""fn_discover_clubs"",""fn_execute_managed_game_command"",""fn_execute_union_rakeback"",""fn_expire_stale_cashouts"",""fn_generate_all_credit_invoices"",""fn_generate_credit_invoice"",""fn_get_club_creation_eligibility"",""fn_get_club_entry_flags"",""fn_get_club_member_count"",""fn_get_game_management_health"",""fn_get_game_management_scale_health"",""fn_get_managed_game_command_receipt"",""fn_get_managed_game_command_receipts"",""fn_get_managed_game_contract_history"",""fn_get_managed_game_contracts"",""fn_join_club"",""fn_join_club_atomic"",""fn_list_managed_games"",""fn_member_leave_to_treasury"",""fn_pay_credit_invoice_from_wallet"",""fn_player_spendable_balance"",""fn_preview_club_join"",""fn_promo_disburse"",""fn_raise_financial_alert"",""fn_rakeback_settlement_status"",""fn_redeem_club_invite_code"",""fn_remove_settled_club_member"",""fn_retire_settled_club"",""fn_run_pending_rakeback_settlement"",""fn_schedule_managed_game_close"",""fn_set_settlement_period_status"",""fn_tournament_primary_table"",""fn_track_club_entry_event"",""fn_wallet_type_transfer"",""generate_period_commissions"",""generate_period_settlements"",""get_current_settlement_period"",""get_user_level_stats"",""record_arena_session"",""redeem_referral_code"",""settle_club_rakeback"",""transfer_club_ownership"",""wallet_user_transfer""]","[""agent_commissions"",""agents"",""arena_sessions"",""atob(encoded)"",""audit_trail"",""bbj_notify_thresholds"",""cashout_requests"",""club-assets"",""club_challenges"",""club_members"",""clubs"",""commission_rate_audit"",""credit_invoices"",""credit_requests"",""diamond_transactions"",""disputes"",""financial_alerts"",""hand_history"",""messages"",""new Set(clubIds.filter((id): id is string => !!id).map((id) => `referral_${id}`))"",""notifications"",""profiles"",""rake_records"",""referral_codes"",""referral_redemptions"",""settlement_periods"",""state.leakSignals.entries()"",""state.previouslySeenQuestionIds"",""sub_agents"",""table_activity"",""table_seats"",""table_waitlist"",""tables"",""this.channelRegistry.entries()"",""this.subscriptions.entries()"",""unionMap.values()"",""union_admins"",""union_clubs"",""unions"",""uuidCache.entries()"",""wallet_transactions"",""{ length: 5 }""]",Not End-To-End Verified,"Reachability and role/club/union scope; all tabs, buttons, forms and modals; exact data source and pagination; loading/empty/error states; receipt and concurrency for mutations; stale session/cache/reload/reconnect; desktop/mobile/touch/keyboard/accessibility; tests and deployed behavior"
src/pages/ClubsPage.tsx,runtime-or-tooling-source,10;11,"[""clubs-list""]","[""src/App.tsx""]","[""src/components/IntroVideo.tsx"",""src/components/clubs/ClubDiscovery.tsx"",""src/components/common/EmptyState.tsx"",""src/components/common/Toast.tsx"",""src/components/modals/CreateClubModal.tsx"",""src/components/modals/JoinClubModal.tsx"",""src/components/skeletons/CardSkeleton.tsx"",""src/core/MasterBus.ts"",""src/hooks/useVisibilityRefresh.ts"",""src/lib/storage.ts"",""src/lib/supabase.ts"",""src/pages/ClubsPage.module.css"",""src/services/ClubJoinService.ts"",""src/services/ClubsService.ts"",""src/services/HapticService.ts"",""src/services/UnionService.ts"",""src/types/clubRoles.ts"",""src/utils/clubCode.ts"",""src/utils/clubLevels.ts"",""src/utils/errorReporter.ts""]",97,"[""atomic_deduct_wallet_and_log"",""atomic_seat_cashout_locked"",""ca_union_statement_board"",""calculate_agent_settlement"",""calculate_agent_spread"",""calculate_cascading_commission"",""fn_admin_kick_player"",""fn_admin_remove_player_chips"",""fn_admin_update_agent"",""fn_agent_attach_player"",""fn_agent_claim_commission"",""fn_agent_downline_commission"",""fn_agent_unsettled_commission"",""fn_agent_wallet_claim_back"",""fn_agent_wallet_reversible"",""fn_agent_wallet_send"",""fn_apply_credit_payment"",""fn_batch_club_member_counts"",""fn_cancel_club_join_request"",""fn_cancel_managed_game_schedule"",""fn_cashout_approve"",""fn_cashout_queue"",""fn_cashout_release"",""fn_cashout_request"",""fn_check_level_advancement"",""fn_claim_referral_milestone"",""fn_club_name_available"",""fn_create_agent"",""fn_create_club_atomic"",""fn_discover_clubs"",""fn_execute_managed_game_command"",""fn_execute_union_rakeback"",""fn_expire_stale_cashouts"",""fn_generate_all_credit_invoices"",""fn_generate_credit_invoice"",""fn_get_club_creation_eligibility"",""fn_get_club_entry_flags"",""fn_get_club_member_count"",""fn_get_game_management_health"",""fn_get_game_management_scale_health"",""fn_get_managed_game_command_receipt"",""fn_get_managed_game_command_receipts"",""fn_get_managed_game_contract_history"",""fn_get_managed_game_contracts"",""fn_join_club"",""fn_join_club_atomic"",""fn_list_managed_games"",""fn_member_leave_to_treasury"",""fn_pay_credit_invoice_from_wallet"",""fn_player_spendable_balance"",""fn_preview_club_join"",""fn_promo_disburse"",""fn_raise_financial_alert"",""fn_rakeback_settlement_status"",""fn_redeem_club_invite_code"",""fn_retire_settled_club"",""fn_run_pending_rakeback_settlement"",""fn_schedule_managed_game_close"",""fn_set_settlement_period_status"",""fn_tournament_primary_table"",""fn_track_club_entry_event"",""fn_wallet_type_transfer"",""generate_period_commissions"",""generate_period_settlements"",""get_current_settlement_period"",""get_user_level_stats"",""record_arena_session"",""redeem_referral_code"",""settle_club_rakeback"",""wallet_user_transfer""]","[""agent_commissions"",""agents"",""arena_sessions"",""atob(encoded)"",""cashout_requests"",""club-assets"",""club_challenges"",""club_members"",""clubs"",""commission_rate_audit"",""credit_invoices"",""credit_requests"",""diamond_transactions"",""disputes"",""financial_alerts"",""focusableElements"",""hand_history"",""messages"",""new Set(clubIds.filter((id): id is string => !!id).map((id) => `referral_${id}`))"",""notifications"",""profiles"",""rake_records"",""referral_codes"",""referral_redemptions"",""settlement_periods"",""state.leakSignals.entries()"",""state.previouslySeenQuestionIds"",""sub_agents"",""table_activity"",""table_seats"",""table_waitlist"",""tables"",""this.channelRegistry.entries()"",""this.subscriptions.entries()"",""unionMap.values()"",""union_admins"",""union_clubs"",""unions"",""uuidCache.entries()"",""wallet_transactions"",""{ length: 4 }"",""{ length: lines }"",""{ length: totalItems }""]",Not End-To-End Verified,"Reachability and role/club/union scope; all tabs, buttons, forms and modals; exact data source and pagination; loading/empty/error states; receipt and concurrency for mutations; stale session/cache/reload/reconnect; desktop/mobile/touch/keyboard/accessibility; tests and deployed behavior"
src/pages/CreateTablePage.tsx,runtime-or-tooling-source,11,"[""clubs/:clubId/create-table""]","[""src/App.tsx"",""src/pages/GameManagementPage.tsx""]","[""src/pages/CreateTablePage.css""]",2,[],[],Not End-To-End Verified,"Reachability and role/club/union scope; all tabs, buttons, forms and modals; exact data source and pagination; loading/empty/error states; receipt and concurrency for mutations; stale session/cache/reload/reconnect; desktop/mobile/touch/keyboard/accessibility; tests and deployed behavior"
src/pages/CreateUnionPage.tsx,runtime-or-tooling-source,10;11,"[""unions/create""]","[""src/App.tsx""]","[""src/components/common/Toast.tsx"",""src/components/rewards/RewardsSurfaceHeader.tsx"",""src/core/MasterBus.ts"",""src/hooks/useAuthUser.ts"",""src/lib/supabase.ts"",""src/pages/CreateUnionPage.module.css"",""src/services/UnionApiService.ts"",""src/utils/errorReporter.ts"",""src/utils/safeErrorMessage.ts"",""src/utils/sanitizeInput.ts""]",79,"[""atomic_deduct_wallet_and_log"",""atomic_seat_cashout_locked"",""ca_union_statement_board"",""calculate_agent_settlement"",""calculate_agent_spread"",""calculate_cascading_commission"",""fn_admin_kick_player"",""fn_admin_remove_player_chips"",""fn_admin_update_agent"",""fn_agent_attach_player"",""fn_agent_claim_commission"",""fn_agent_downline_commission"",""fn_agent_unsettled_commission"",""fn_agent_wallet_claim_back"",""fn_agent_wallet_reversible"",""fn_agent_wallet_send"",""fn_apply_credit_payment"",""fn_batch_club_member_counts"",""fn_cancel_club_join_request"",""fn_cancel_managed_game_schedule"",""fn_cashout_approve"",""fn_cashout_queue"",""fn_cashout_release"",""fn_cashout_request"",""fn_check_level_advancement"",""fn_claim_referral_milestone"",""fn_club_name_available"",""fn_create_agent"",""fn_create_club_atomic"",""fn_discover_clubs"",""fn_execute_managed_game_command"",""fn_execute_union_rakeback"",""fn_expire_stale_cashouts"",""fn_generate_all_credit_invoices"",""fn_generate_credit_invoice"",""fn_get_club_creation_eligibility"",""fn_get_club_entry_flags"",""fn_get_club_member_count"",""fn_get_game_management_health"",""fn_get_game_management_scale_health"",""fn_get_managed_game_command_receipt"",""fn_get_managed_game_command_receipts"",""fn_get_managed_game_contract_history"",""fn_get_managed_game_contracts"",""fn_join_club"",""fn_join_club_atomic"",""fn_list_managed_games"",""fn_member_leave_to_treasury"",""fn_pay_credit_invoice_from_wallet"",""fn_player_spendable_balance"",""fn_preview_club_join"",""fn_promo_disburse"",""fn_raise_financial_alert"",""fn_rakeback_settlement_status"",""fn_redeem_club_invite_code"",""fn_retire_settled_club"",""fn_run_pending_rakeback_settlement"",""fn_schedule_managed_game_close"",""fn_set_settlement_period_status"",""fn_tournament_primary_table"",""fn_track_club_entry_event"",""fn_wallet_type_transfer"",""generate_period_commissions"",""generate_period_settlements"",""get_current_settlement_period"",""get_user_level_stats"",""record_arena_session"",""redeem_referral_code"",""settle_club_rakeback"",""wallet_user_transfer""]","[""agent_commissions"",""agents"",""arena_sessions"",""atob(encoded)"",""cashout_requests"",""club-assets"",""club_challenges"",""club_members"",""clubs"",""commission_rate_audit"",""credit_invoices"",""credit_requests"",""diamond_transactions"",""disputes"",""financial_alerts"",""hand_history"",""messages"",""new Set(clubIds.filter((id): id is string => !!id).map((id) => `referral_${id}`))"",""notifications"",""profiles"",""rake_records"",""referral_codes"",""referral_redemptions"",""settlement_periods"",""state.leakSignals.entries()"",""state.previouslySeenQuestionIds"",""sub_agents"",""table_activity"",""table_seats"",""table_waitlist"",""tables"",""this.channelRegistry.entries()"",""this.subscriptions.entries()"",""unionMap.values()"",""union_admins"",""union_clubs"",""unions"",""uuidCache.entries()"",""wallet_transactions""]",Not End-To-End Verified,"Reachability and role/club/union scope; all tabs, buttons, forms and modals; exact data source and pagination; loading/empty/error states; receipt and concurrency for mutations; stale session/cache/reload/reconnect; desktop/mobile/touch/keyboard/accessibility; tests and deployed behavior"
src/pages/CreditAdminPanel.tsx,runtime-or-tooling-source,4;11,"[""credit-admin""]","[""src/App.tsx""]","[""src/components/common/PageSkeleton.tsx"",""src/components/common/Toast.tsx"",""src/core/MasterBus.ts"",""src/hooks/useAuthUser.ts"",""src/hooks/useIsMounted.ts"",""src/hooks/useVisibilityRefresh.ts"",""src/lib/export.ts"",""src/lib/supabase.ts"",""src/services/AgentService.ts"",""src/utils/errorReporter.ts"",""src/utils/playerDisplayName.ts"",""src/utils/retryFetch.ts""]",76,"[""atomic_deduct_wallet_and_log"",""atomic_seat_cashout_locked"",""ca_union_statement_board"",""calculate_agent_settlement"",""calculate_agent_spread"",""calculate_cascading_commission"",""fn_admin_kick_player"",""fn_admin_remove_player_chips"",""fn_admin_update_agent"",""fn_agent_attach_player"",""fn_agent_claim_commission"",""fn_agent_downline_commission"",""fn_agent_unsettled_commission"",""fn_agent_wallet_claim_back"",""fn_agent_wallet_reversible"",""fn_agent_wallet_send"",""fn_apply_credit_payment"",""fn_batch_club_member_counts"",""fn_cancel_club_join_request"",""fn_cancel_managed_game_schedule"",""fn_cashout_approve"",""fn_cashout_queue"",""fn_cashout_release"",""fn_cashout_request"",""fn_check_level_advancement"",""fn_claim_referral_milestone"",""fn_club_name_available"",""fn_create_agent"",""fn_create_club_atomic"",""fn_discover_clubs"",""fn_execute_managed_game_command"",""fn_execute_union_rakeback"",""fn_expire_stale_cashouts"",""fn_generate_all_credit_invoices"",""fn_generate_credit_invoice"",""fn_get_club_creation_eligibility"",""fn_get_club_entry_flags"",""fn_get_club_member_count"",""fn_get_game_management_health"",""fn_get_game_management_scale_health"",""fn_get_managed_game_command_receipt"",""fn_get_managed_game_command_receipts"",""fn_get_managed_game_contract_history"",""fn_get_managed_game_contracts"",""fn_join_club"",""fn_join_club_atomic"",""fn_list_managed_games"",""fn_member_leave_to_treasury"",""fn_pay_credit_invoice_from_wallet"",""fn_player_spendable_balance"",""fn_preview_club_join"",""fn_promo_disburse"",""fn_raise_financial_alert"",""fn_rakeback_settlement_status"",""fn_redeem_club_invite_code"",""fn_retire_settled_club"",""fn_run_pending_rakeback_settlement"",""fn_schedule_managed_game_close"",""fn_set_settlement_period_status"",""fn_tournament_primary_table"",""fn_track_club_entry_event"",""fn_wallet_type_transfer"",""generate_period_commissions"",""generate_period_settlements"",""get_current_settlement_period"",""get_user_level_stats"",""record_arena_session"",""redeem_referral_code"",""settle_club_rakeback"",""wallet_user_transfer""]","[""agent_commissions"",""agents"",""arena_sessions"",""atob(encoded)"",""cashout_requests"",""club-assets"",""club_challenges"",""club_members"",""clubs"",""commission_rate_audit"",""credit_invoices"",""credit_requests"",""diamond_transactions"",""disputes"",""financial_alerts"",""hand_history"",""messages"",""new Set(clubIds.filter((id): id is string => !!id).map((id) => `referral_${id}`))"",""notifications"",""profiles"",""rake_records"",""referral_codes"",""referral_redemptions"",""settlement_periods"",""state.leakSignals.entries()"",""state.previouslySeenQuestionIds"",""sub_agents"",""table_activity"",""table_seats"",""table_waitlist"",""tables"",""this.channelRegistry.entries()"",""this.subscriptions.entries()"",""unionMap.values()"",""union_admins"",""union_clubs"",""unions"",""uuidCache.entries()"",""wallet_transactions""]",Not End-To-End Verified,"Reachability and role/club/union scope; all tabs, buttons, forms and modals; exact data source and pagination; loading/empty/error states; receipt and concurrency for mutations; stale session/cache/reload/reconnect; desktop/mobile/touch/keyboard/accessibility; tests and deployed behavior"
src/pages/DailyBonusPage.tsx,runtime-or-tooling-source,11,"[""bonuses""]","[""src/App.tsx""]","[""src/components/daily-bonus/DailyBonusSheet.tsx"",""src/components/layouts/StandardContentLayout.tsx"",""src/components/rewards/RewardsSurfaceHeader.tsx"",""src/pages/DailyBonusPage.css""]",99,"[""atomic_deduct_wallet_and_log"",""atomic_seat_cashout_locked"",""ca_union_statement_board"",""calculate_agent_settlement"",""calculate_agent_spread"",""calculate_cascading_commission"",""fn_admin_kick_player"",""fn_admin_remove_player_chips"",""fn_admin_update_agent"",""fn_agent_attach_player"",""fn_agent_claim_commission"",""fn_agent_downline_commission"",""fn_agent_unsettled_commission"",""fn_agent_wallet_claim_back"",""fn_agent_wallet_reversible"",""fn_agent_wallet_send"",""fn_apply_credit_payment"",""fn_batch_club_member_counts"",""fn_ca_daily_bonus_claim"",""fn_ca_daily_bonus_status"",""fn_cancel_club_join_request"",""fn_cancel_managed_game_schedule"",""fn_cashout_approve"",""fn_cashout_queue"",""fn_cashout_release"",""fn_cashout_request"",""fn_check_level_advancement"",""fn_claim_referral_milestone"",""fn_club_name_available"",""fn_create_agent"",""fn_create_club_atomic"",""fn_discover_clubs"",""fn_execute_managed_game_command"",""fn_execute_union_rakeback"",""fn_expire_stale_cashouts"",""fn_generate_all_credit_invoices"",""fn_generate_credit_invoice"",""fn_get_club_creation_eligibility"",""fn_get_club_entry_flags"",""fn_get_club_member_count"",""fn_get_game_management_health"",""fn_get_game_management_scale_health"",""fn_get_managed_game_command_receipt"",""fn_get_managed_game_command_receipts"",""fn_get_managed_game_contract_history"",""fn_get_managed_game_contracts"",""fn_join_club"",""fn_join_club_atomic"",""fn_list_managed_games"",""fn_member_leave_to_treasury"",""fn_pay_credit_invoice_from_wallet"",""fn_player_spendable_balance"",""fn_preview_club_join"",""fn_promo_disburse"",""fn_raise_financial_alert"",""fn_rakeback_settlement_status"",""fn_redeem_club_invite_code"",""fn_retire_settled_club"",""fn_run_pending_rakeback_settlement"",""fn_schedule_managed_game_close"",""fn_set_settlement_period_status"",""fn_tournament_primary_table"",""fn_track_club_entry_event"",""fn_use_throwable_v2"",""fn_wallet_type_transfer"",""generate_period_commissions"",""generate_period_settlements"",""get_current_settlement_period"",""get_user_level_stats"",""record_arena_session"",""redeem_referral_code"",""settle_club_rakeback"",""wallet_user_transfer""]","[""agent_commissions"",""agents"",""arena_sessions"",""atob(encoded)"",""cashout_requests"",""club-assets"",""club_challenges"",""club_members"",""clubs"",""commission_rate_audit"",""credit_invoices"",""credit_requests"",""diamond_transactions"",""disputes"",""feature_purchases"",""financial_alerts"",""hand_history"",""images"",""messages"",""new Set(clubIds.filter((id): id is string => !!id).map((id) => `referral_${id}`))"",""notifications"",""profiles"",""rake_records"",""referral_codes"",""referral_redemptions"",""settlement_periods"",""state.leakSignals.entries()"",""state.previouslySeenQuestionIds"",""sub_agents"",""table_activity"",""table_seats"",""table_waitlist"",""tables"",""this.channelRegistry.entries()"",""this.subscriptions.entries()"",""throw_usage"",""unionMap.values()"",""union_admins"",""union_clubs"",""unions"",""uuidCache.entries()"",""wallet_transactions"",""{ length: 46 }"",""{ length: 8 }""]",Not End-To-End Verified,"Reachability and role/club/union scope; all tabs, buttons, forms and modals; exact data source and pagination; loading/empty/error states; receipt and concurrency for mutations; stale session/cache/reload/reconnect; desktop/mobile/touch/keyboard/accessibility; tests and deployed behavior"
src/pages/DailyChallengesPage.tsx,runtime-or-tooling-source,11,"[""challenges/:cycle?""]","[""src/App.tsx"",""src/utils/ChunkPreloader.ts""]","[""src/components/challenges/index.ts"",""src/components/common/Toast.tsx"",""src/components/effects/ConfettiEffect.tsx"",""src/components/layouts/StandardContentLayout.tsx"",""src/core/MasterBus.ts"",""src/hooks/useChallengeClock.ts"",""src/hooks/useFocusTrap.ts"",""src/hooks/useIsMounted.ts"",""src/hooks/useMasterBusBroadcastChannel.ts"",""src/lib/analytics.ts"",""src/lib/pushClient.ts"",""src/lib/signIn.ts"",""src/lib/supabase.ts"",""src/pages/DailyChallengesPage.module.css"",""src/services/DailyChallengeService.ts"",""src/services/DailyMissionNotificationService.ts"",""src/services/DailyMissionTelemetryService.ts"",""src/services/HapticService.ts"",""src/utils/ChunkPreloader.ts"",""src/utils/challengeMissionAction.ts"",""src/utils/challengeReset.ts"",""src/utils/dailyMissionReceipt.ts"",""src/utils/errorReporter.ts"",""src/utils/mediaBase.ts""]",1078,"[""'fn_complete_club_opening_setup' as never"",""accept_friendship"",""action === 'redeem' ? 'fn_redeem_tournament_ticket' : 'fn_cancel_tournament_ticket'"",""add_to_promo_wallet"",""atomic_deduct_wallet_and_log"",""atomic_seat_cashout_locked"",""atomic_table_buyin"",""atomic_table_rebuy"",""balance_tournament_tables"",""buy_streak_freeze"",""ca_club_activity"",""ca_club_dashboard_stats"",""ca_club_financials"",""ca_club_member_detail"",""ca_club_member_downline"",""ca_club_member_notes_update"",""ca_club_member_statistics"",""ca_club_members"",""ca_club_members_export"",""ca_club_members_overview"",""ca_club_members_page"",""ca_club_members_summary"",""ca_club_revenue"",""ca_club_tables"",""ca_club_top_players"",""ca_club_tournaments"",""ca_player_hands_v2"",""ca_player_stats_overview_v2"",""ca_player_stats_pulse"",""ca_union_statement_board"",""calculate_agent_settlement"",""calculate_agent_spread"",""calculate_cascading_commission"",""claim_daily_challenges"",""fn"",""fn_achievement_record_progress"",""fn_admin_kick_player"",""fn_admin_remove_player_chips"",""fn_admin_update_agent"",""fn_agent_attach_player"",""fn_agent_claim_commission"",""fn_agent_downline_commission"",""fn_agent_downline_rake"",""fn_agent_downline_rake_summary"",""fn_agent_unsettled_commission"",""fn_agent_wallet_claim_back"",""fn_agent_wallet_reversible"",""fn_agent_wallet_send"",""fn_apply_credit_payment"",""fn_apply_mystery_bounty_config"",""fn_batch_club_member_counts"",""fn_batch_club_realtime_active_counts"",""fn_batch_club_realtime_member_counts"",""fn_batch_union_realtime_active_counts"",""fn_batch_union_realtime_member_counts"",""fn_bbj_hand_detail"",""fn_bbj_pool_for_club"",""fn_bbj_recent_hits"",""fn_bump_friend_challenge_progress"",""fn_ca_chip_statement"",""fn_ca_club_hand_flags"",""fn_ca_daily_bonus_claim"",""fn_ca_daily_bonus_status"",""fn_ca_flag_hand"",""fn_ca_operator_read_hand"",""fn_ca_resolve_hand_flag"",""fn_can_i_create_a_union"",""fn_can_i_operate_the_union_network"",""fn_cancel_club_join_request"",""fn_cancel_managed_game_schedule"",""fn_cash_effective_buyin"",""fn_cash_game_join"",""fn_cash_game_lobby"",""fn_cash_seat_change_cancel"",""fn_cash_seat_change_request"",""fn_cash_vpip_status"",""fn_cashier_batch_transfer"",""fn_cashout_approve"",""fn_cashout_queue"",""fn_cashout_release"",""fn_cashout_request"",""fn_cast_tournament_deal_vote"",""fn_check_level_advancement"",""fn_claim_referral_milestone"",""fn_club_bank_claim_back"",""fn_club_bank_ledger"",""fn_club_bank_reverse"",""fn_club_bank_send"",""fn_club_cashier_members"",""fn_club_cashier_members_page_v3"",""fn_club_leaderboard_by_dates"",""fn_club_leaderboard_period_v2"",""fn_club_member_counts"",""fn_club_money_panel"",""fn_club_name_available"",""fn_club_set_member_role"",""fn_club_tournament_stats"",""fn_club_trade_ledger"",""fn_community_search"",""fn_consume_feature_use"",""fn_create_agent"",""fn_create_club_atomic"",""fn_create_tournament"",""fn_discover_clubs"",""fn_dismiss_club_message"",""fn_dispute_escalate"",""fn_dispute_start_review"",""fn_execute_managed_game_command"",""fn_execute_union_rakeback"",""fn_expire_stale_cashouts"",""fn_game_creation_access"",""fn_generate_all_credit_invoices"",""fn_generate_credit_invoice"",""fn_get_club_creation_eligibility"",""fn_get_club_entry_flags"",""fn_get_club_entry_message"",""fn_get_club_member_count"",""fn_get_club_realtime_member_count"",""fn_get_game_management_health"",""fn_get_game_management_scale_health"",""fn_get_leaderboard_reward_plan"",""fn_get_leaderboard_reward_setup"",""fn_get_leaderboard_settlement_status"",""fn_get_managed_game_command_receipt"",""fn_get_managed_game_command_receipts"",""fn_get_managed_game_contract_history"",""fn_get_managed_game_contracts"",""fn_get_player_search_preferences"",""fn_get_table_watch_access"",""fn_global_leaderboard_by_dates"",""fn_global_leaderboard_period"",""fn_hand_rake_breakdown"",""fn_increment_vip_usage"",""fn_join_club"",""fn_join_club_atomic"",""fn_leaderboard_period_window"",""fn_leaderboard_reward_contexts"",""fn_leave_seat_and_refund"",""fn_list_managed_games"",""fn_maintenance_break_state"",""fn_mark_table_setting_touched"",""fn_member_leave_to_treasury"",""fn_mint_chips_from_diamonds"",""fn_mutate_table_studio_preferences"",""fn_my_agent_roles"",""fn_my_wallet_ledger"",""fn_mystery_bounty_awards"",""fn_mystery_bounty_inventory"",""fn_mystery_bounty_leaderboard"",""fn_mystery_bounty_reveal"",""fn_mystery_bounty_table_state"",""fn_owner_start_tournament_now"",""fn_pay_credit_invoice_from_wallet"",""fn_player_spendable_balance"",""fn_preview_club_join"",""fn_promo_disburse"",""fn_promo_wallet_ledger"",""fn_promo_wallet_send"",""fn_purchase_feature"",""fn_purchase_time_banks_v2"",""fn_raise_financial_alert"",""fn_rakeback_settlement_status"",""fn_record_card_slide_usage"",""fn_record_cashier_operation"",""fn_redeem_club_invite_code"",""fn_redeem_shop_item"",""fn_register_for_tournament"",""fn_remove_settled_club_member"",""fn_request_chips"",""fn_request_manual_bomb_pot"",""fn_resolve_ads"",""fn_resolve_dispute"",""fn_respond_chip_request"",""fn_respond_friend_challenge"",""fn_retire_settled_club"",""fn_run_pending_rakeback_settlement"",""fn_save_leaderboard_reward_setup"",""fn_schedule_managed_game_close"",""fn_search_players"",""fn_seed_table_studio_preferences"",""fn_set_club_lobby_message"",""fn_set_interface_theme"",""fn_set_player_search_preferences"",""fn_set_settlement_period_status"",""fn_spin_leaderboards"",""fn_table_chat_is_silenced"",""fn_take_seat_and_buy_in"",""fn_time_bank_allowance"",""fn_tournament_primary_table"",""fn_track_club_entry_event"",""fn_union_leaderboard_period_v2"",""fn_union_player_directory"",""fn_union_send_to_member"",""fn_unregister_from_tournament"",""fn_use_throwable_v2"",""fn_user_rank_by_dates"",""fn_user_rank_global_by_dates"",""fn_user_rank_global_period"",""fn_user_rank_period"",""fn_wallet_type_transfer"",""generate_period_commissions"",""generate_period_settlements"",""get_club_home"",""get_club_players_playing"",""get_current_settlement_period"",""get_daily_challenge_dashboard_v3"",""get_mutual_friends"",""get_user_level_stats"",""increment_tournament_rake"",""isPromoPull ? 'fn_union_clawback_promo_from_club' : 'fn_union_clawback_from_club'"",""process_tournament_rebuy"",""promoSendRpc(promoSource)"",""recompute_club_levels"",""record_arena_session"",""record_daily_mission_operation"",""redeem_referral_code"",""reroll_daily_challenge"",""settle_club_rakeback"",""update_player_hand_stats"",""viaClubBank ? 'fn_club_bank_send' : 'fn_agent_wallet_send'"",""wallet_user_transfer""]","[""'club_opening_setups' as never"",""String(text ?? '')"",""activeDialog?.querySelectorAll<HTMLElement>(\n          'button:not([disabled]), input:not([disabled]), select:not([disabled]), [tabindex=\""0\""]'\n        ) || []"",""activeSessions.keys()"",""ad_event"",""agent_commissions"",""agents"",""arena_sessions"",""atob(encoded)"",""avatar_unlocks"",""bbj_pools"",""bbj_stakes_tiers"",""byId.values()"",""ca_hand_facts"",""ca_hand_flags"",""ca_hand_notes"",""ca_stat_distribution"",""candidateClubIds"",""cash_games"",""cashout_requests"",""chipAnimStartedAtRef.current.keys()"",""chip_ledger"",""chip_requests"",""client_crash_log"",""club-assets"",""club_challenges"",""club_chat"",""club_members"",""club_shop_inventory"",""club_shop_items"",""clubs"",""commission_rate_audit"",""conversations"",""credit_invoices"",""credit_requests"",""customization_operations"",""daily_challenge_dashboard_revisions"",""dialogRef.current.querySelectorAll<HTMLElement>(\n          'a[href], button:not(:disabled), input:not(:disabled), select:not(:disabled), textarea:not(:disabled), [tabindex]:not([tabindex=\""-1\""])'\n        )"",""dialogRef.current?.querySelectorAll<HTMLElement>(\n          'button:not([disabled]), [href], [tabindex=\""0\""]'\n        ) || []"",""dialogRef.current?.querySelectorAll<HTMLElement>(\n          'button:not([disabled]), input:not([disabled]), [href], [tabindex=\""0\""]'\n        ) || []"",""dialogRef.current?.querySelectorAll<HTMLElement>(\n        'button:not([disabled]), textarea:not([disabled]), input:not([disabled]), a[href]'\n      ) || []"",""diamond_transactions"",""disputes"",""drawer.querySelectorAll<HTMLElement>(\n          'button:not([disabled]), [href], input:not([disabled]), select:not([disabled]), textarea:not([disabled]), [tabindex]:not([tabindex=\""-1\""])'\n        )"",""engineSeen.keys()"",""event.currentTarget.querySelectorAll<HTMLButtonElement>('[role=\""tab\""]')"",""favorite_tables"",""feature_pricing"",""feature_purchases"",""financial_alerts"",""focusableElements"",""friendIds"",""friend_challenges"",""friendships"",""hand_discards"",""hand_history"",""horse_bug_reports"",""ids"",""images"",""items"",""messages"",""modalRef.current?.querySelectorAll<HTMLElement>(\n          'button:not([disabled]), a[href], input:not([disabled]), select:not([disabled]), [tabindex]:not([tabindex=\""-1\""])'\n        ) ?? []"",""new Set(\n        normalizedAvatarLedger\n          .map(({ styleToken }) => styleToken)\n          .filter((styleToken) => styleTokens.has(styleToken))\n      )"",""new Set(\n      [\n        ...(themeAssets.data || [])\n          .filter((row) => row.category === 'theme_id')\n          .map((row) => String(row.asset_id)),\n        // Legacy rows remain readable during rolling deployment and preserve the\n        // receipt trail; the migration backfills every recognised one above.\n        ...(th.data || []).map((row) => normalizeThemePresetId(String(row.theme_id))),\n      ].filter((themeId): themeId is string => !!themeId)\n    )"",""new Set((av.data || []).map((row) => String(row.avatar_id)))"",""new Set([\n          ...(out || []).map((r) => r.friend_id as string),\n          ...(inn || []).map((r) => r.user_id as string),\n        ])"",""new Set([tableClubId, club].filter(Boolean) as string[])"",""new Set(clubIds.filter((id): id is string => !!id).map((id) => `referral_${id}`))"",""new Set(entries.map((e) => e.userId).filter(Boolean))"",""new Set(entries.map((e) => e.user_id).filter(Boolean))"",""new Set(ids)"",""new Set(mySeats.map((s: { table_id: string }) => s.table_id).filter(Boolean))"",""new Set(rows.map((r) => r.table_id).filter(Boolean))"",""new Set(rows.map((r) => r.user_id).filter(Boolean))"",""new Set(seatedUserIds.filter((id): id is string => typeof id === 'string' && id.length > 0))"",""node.querySelectorAll<HTMLElement>(\n        'button:not([disabled]), [href], input:not([disabled]), [tabindex]:not([tabindex=\""-1\""])'\n      )"",""node.querySelectorAll<HTMLElement>(\n        'button:not([disabled]), input:not([disabled]), [tabindex]:not([tabindex=\""-1\""])'\n      )"",""notifications"",""openIds"",""overrides.keys()"",""panelRef.current.querySelectorAll<HTMLElement>(FOCUSABLE)"",""pickerRef.current?.querySelectorAll<HTMLElement>('[role=\""option\""]') || []"",""player_notes"",""player_stats"",""presenceMap.values()"",""profiles"",""rake_records"",""referral_codes"",""referral_redemptions"",""root.querySelectorAll<HTMLElement>(\n          'button:not([disabled]), [href], input, select, textarea, [tabindex]:not([tabindex=\""-1\""])'\n        )"",""root.querySelectorAll<HTMLElement>(\n          'button:not([disabled]), [href], input:not([disabled]), select:not([disabled]), textarea:not([disabled]), [tabindex]:not([tabindex=\""-1\""])'\n        )"",""rungs"",""session_history"",""settlement_invoices"",""settlement_locks"",""settlement_periods"",""sittingOutIdsRef.current"",""state.leakSignals.entries()"",""state.previouslySeenQuestionIds"",""statsMap.values()"",""sub_agents"",""table_activity"",""table_chat"",""table_hole_cards"",""table_seats"",""table_waitlist"",""tables"",""tabsRowRef.current.querySelectorAll<HTMLElement>('[data-tabid]')"",""theme_asset_unlocks"",""theme_unlocks"",""this.active.values()"",""this.channelRegistry.entries()"",""this.laneProgress.keys()"",""this.listeners"",""this.peers.keys()"",""this.processed.keys()"",""this.subscriptions.entries()"",""throw_usage"",""tokens"",""tournament_bounties"",""tournament_deal_votes"",""tournament_players"",""tournament_registration_approvals"",""tournament_tickets"",""tournament_waitlists"",""tournaments"",""training_user_achievements"",""unionMap.values()"",""union_admins"",""union_clubs"",""union_wallet_transactions"",""unions"",""unique.values()"",""user_avatars"",""user_blocks"",""user_daily_challenges"",""user_daily_rewards"",""user_feedback"",""user_lobby_filters"",""user_lucky_wheel_spins"",""user_notification_preferences"",""user_table_settings"",""user_table_studio_preferences"",""user_theme_settings"",""users"",""uuidCache.entries()"",""v_spin_tier_availability"",""vip_feature_usage_monthly"",""wallet_transactions"",""{\n          length: Math.max(currentBets.length, recorded.length),\n        }"",""{\n          length: Math.max(finalBets.length, finalRecorded.length),\n        }"",""{ length: 14 }"",""{ length: 16 }"",""{ length: 20 }"",""{ length: 3 }"",""{ length: 4 }"",""{ length: 46 }"",""{ length: 5 }"",""{ length: 7 }"",""{ length: 8 }"",""{ length: 9 }"",""{ length: Math.min(chipCount, 5) }"",""{ length: SEGMENTS }"",""{ length: backs }"",""{ length: cap }"",""{ length: celebration.confettiPieces }"",""{ length: compactLobby ? 3 : 4 }"",""{ length: count }"",""{ length: emptySlots > 0 ? 1 : 0 }"",""{ length: entry.capacity }"",""{ length: faceDownCount }"",""{ length: group.length }"",""{ length: itemCount }"",""{ length: lines }"",""{ length: muckCount }"",""{ length: opponentCardCount }"",""{ length: particleCount }"",""{ length: runsOnFelt }"",""{ length: safeTotal }"",""{ length: t.max_players }"",""{ length: tier === 'daily' ? 5 : tier === 'weekly' ? 3 : 2 }"",""{ length: undealt }"",""{ length: weeks }""]",Not End-To-End Verified,"Reachability and role/club/union scope; all tabs, buttons, forms and modals; exact data source and pagination; loading/empty/error states; receipt and concurrency for mutations; stale session/cache/reload/reconnect; desktop/mobile/touch/keyboard/accessibility; tests and deployed behavior"
src/pages/DisputeManagementPage.tsx,runtime-or-tooling-source,10;11,"[""disputes"",""clubs/:clubId/disputes""]","[""src/App.tsx""]","[""src/components/club/ClubIntegrityHeader.tsx"",""src/components/common/PageSkeleton.tsx"",""src/components/common/Toast.tsx"",""src/core/MasterBus.ts"",""src/hooks/useAuthUser.ts"",""src/hooks/useIsMounted.ts"",""src/hooks/useVisibilityRefresh.ts"",""src/pages/DisputeManagementPage.css"",""src/services/DisputeService.ts"",""src/utils/clubIdResolver.ts"",""src/utils/errorReporter.ts""]",87,"[""atomic_deduct_wallet_and_log"",""atomic_seat_cashout_locked"",""ca_union_statement_board"",""calculate_agent_settlement"",""calculate_agent_spread"",""calculate_cascading_commission"",""fn_admin_kick_player"",""fn_admin_remove_player_chips"",""fn_admin_update_agent"",""fn_agent_attach_player"",""fn_agent_claim_commission"",""fn_agent_downline_commission"",""fn_agent_unsettled_commission"",""fn_agent_wallet_claim_back"",""fn_agent_wallet_reversible"",""fn_agent_wallet_send"",""fn_apply_credit_payment"",""fn_batch_club_member_counts"",""fn_cancel_club_join_request"",""fn_cancel_managed_game_schedule"",""fn_cashout_approve"",""fn_cashout_queue"",""fn_cashout_release"",""fn_cashout_request"",""fn_check_level_advancement"",""fn_claim_referral_milestone"",""fn_club_name_available"",""fn_create_agent"",""fn_create_club_atomic"",""fn_discover_clubs"",""fn_dispute_escalate"",""fn_dispute_start_review"",""fn_execute_managed_game_command"",""fn_execute_union_rakeback"",""fn_expire_stale_cashouts"",""fn_generate_all_credit_invoices"",""fn_generate_credit_invoice"",""fn_get_club_creation_eligibility"",""fn_get_club_entry_flags"",""fn_get_club_member_count"",""fn_get_game_management_health"",""fn_get_game_management_scale_health"",""fn_get_managed_game_command_receipt"",""fn_get_managed_game_command_receipts"",""fn_get_managed_game_contract_history"",""fn_get_managed_game_contracts"",""fn_join_club"",""fn_join_club_atomic"",""fn_list_managed_games"",""fn_member_leave_to_treasury"",""fn_pay_credit_invoice_from_wallet"",""fn_player_spendable_balance"",""fn_preview_club_join"",""fn_promo_disburse"",""fn_raise_financial_alert"",""fn_rakeback_settlement_status"",""fn_redeem_club_invite_code"",""fn_resolve_dispute"",""fn_retire_settled_club"",""fn_run_pending_rakeback_settlement"",""fn_schedule_managed_game_close"",""fn_set_settlement_period_status"",""fn_tournament_primary_table"",""fn_track_club_entry_event"",""fn_wallet_type_transfer"",""generate_period_commissions"",""generate_period_settlements"",""get_current_settlement_period"",""get_user_level_stats"",""record_arena_session"",""redeem_referral_code"",""settle_club_rakeback"",""wallet_user_transfer""]","[""agent_commissions"",""agents"",""arena_sessions"",""atob(encoded)"",""cashout_requests"",""club-assets"",""club_challenges"",""club_members"",""clubs"",""commission_rate_audit"",""credit_invoices"",""credit_requests"",""diamond_transactions"",""disputes"",""financial_alerts"",""hand_history"",""messages"",""new Set(clubIds.filter((id): id is string => !!id).map((id) => `referral_${id}`))"",""notifications"",""profiles"",""rake_records"",""referral_codes"",""referral_redemptions"",""settlement_periods"",""state.leakSignals.entries()"",""state.previouslySeenQuestionIds"",""sub_agents"",""table_activity"",""table_seats"",""table_waitlist"",""tables"",""this.channelRegistry.entries()"",""this.subscriptions.entries()"",""unionMap.values()"",""union_admins"",""union_clubs"",""unions"",""uuidCache.entries()"",""wallet_transactions""]",Not End-To-End Verified,"Reachability and role/club/union scope; all tabs, buttons, forms and modals; exact data source and pagination; loading/empty/error states; receipt and concurrency for mutations; stale session/cache/reload/reconnect; desktop/mobile/touch/keyboard/accessibility; tests and deployed behavior"
src/pages/DriftGatePanel.tsx,runtime-or-tooling-source,11,[],"[""src/pages/DriftIncidentsPage.tsx""]","[""src/services/DriftIncidentService.ts""]",11,"[""fn_ca_balance_asof_admin"",""fn_ca_drift_metrics"",""fn_ca_gate_panel"",""fn_ca_incident_action"",""fn_ca_incident_dashboard""]","[""atob(encoded)""]",Not End-To-End Verified,"Reachability and role/club/union scope; all tabs, buttons, forms and modals; exact data source and pagination; loading/empty/error states; receipt and concurrency for mutations; stale session/cache/reload/reconnect; desktop/mobile/touch/keyboard/accessibility; tests and deployed behavior"
src/pages/DriftIncidentsPage.tsx,runtime-or-tooling-source,11,"[""financial-incidents""]","[""src/App.tsx""]","[""src/components/common/PageSkeleton.tsx"",""src/components/common/Toast.tsx"",""src/hooks/useVisibilityRefresh.ts"",""src/pages/DriftGatePanel.tsx"",""src/pages/DriftIncidentsPage.css"",""src/services/DriftIncidentService.ts"",""src/utils/errorReporter.ts""]",19,"[""fn_ca_balance_asof_admin"",""fn_ca_drift_metrics"",""fn_ca_gate_panel"",""fn_ca_incident_action"",""fn_ca_incident_dashboard""]","[""atob(encoded)""]",Not End-To-End Verified,"Reachability and role/club/union scope; all tabs, buttons, forms and modals; exact data source and pagination; loading/empty/error states; receipt and concurrency for mutations; stale session/cache/reload/reconnect; desktop/mobile/touch/keyboard/accessibility; tests and deployed behavior"
src/pages/FinancialAdminHub.tsx,runtime-or-tooling-source,11,"[""financial-admin""]","[""src/App.tsx""]","[""src/components/common/PageSkeleton.tsx"",""src/components/common/Toast.tsx"",""src/components/union/UnionOpsPanel.tsx"",""src/core/MasterBus.ts"",""src/hooks/useAuthUser.ts"",""src/hooks/useIsMounted.ts"",""src/hooks/useVisibilityRefresh.ts"",""src/lib/supabase.ts"",""src/utils/errorReporter.ts""]",77,"[""atomic_deduct_wallet_and_log"",""atomic_seat_cashout_locked"",""ca_union_statement_board"",""calculate_agent_settlement"",""calculate_agent_spread"",""calculate_cascading_commission"",""fn_admin_kick_player"",""fn_admin_remove_player_chips"",""fn_admin_update_agent"",""fn_agent_attach_player"",""fn_agent_claim_commission"",""fn_agent_downline_commission"",""fn_agent_roster_report"",""fn_agent_unsettled_commission"",""fn_agent_wallet_claim_back"",""fn_agent_wallet_reversible"",""fn_agent_wallet_send"",""fn_agent_weekly_statement"",""fn_apply_credit_payment"",""fn_assign_agent_to_super_agent"",""fn_assign_player_to_agent"",""fn_batch_club_member_counts"",""fn_ca_incident_dashboard"",""fn_cancel_club_join_request"",""fn_cancel_managed_game_schedule"",""fn_cashout_approve"",""fn_cashout_queue"",""fn_cashout_release"",""fn_cashout_request"",""fn_check_level_advancement"",""fn_claim_referral_milestone"",""fn_club_name_available"",""fn_create_agent"",""fn_create_club_atomic"",""fn_discover_clubs"",""fn_execute_managed_game_command"",""fn_execute_union_rakeback"",""fn_expire_stale_cashouts"",""fn_generate_all_credit_invoices"",""fn_generate_credit_invoice"",""fn_get_club_creation_eligibility"",""fn_get_club_entry_flags"",""fn_get_club_member_count"",""fn_get_game_management_health"",""fn_get_game_management_scale_health"",""fn_get_managed_game_command_receipt"",""fn_get_managed_game_command_receipts"",""fn_get_managed_game_contract_history"",""fn_get_managed_game_contracts"",""fn_join_club"",""fn_join_club_atomic"",""fn_list_managed_games"",""fn_member_leave_to_treasury"",""fn_pay_credit_invoice_from_wallet"",""fn_player_spendable_balance"",""fn_preview_club_join"",""fn_promo_disburse"",""fn_raise_financial_alert"",""fn_rakeback_settlement_status"",""fn_redeem_club_invite_code"",""fn_retire_settled_club"",""fn_run_pending_rakeback_settlement"",""fn_schedule_managed_game_close"",""fn_set_settlement_period_status"",""fn_tournament_primary_table"",""fn_track_club_entry_event"",""fn_union_agent_coverage"",""fn_union_agent_risk_report"",""fn_union_club_exit_blockers"",""fn_union_distribution_check"",""fn_union_expel_club"",""fn_union_integrity_sweep"",""fn_union_law_selftest"",""fn_union_settlement_cascade"",""fn_union_settlement_preview"",""fn_union_weekly_agent_statements"",""fn_wallet_type_transfer"",""generate_period_commissions"",""generate_period_settlements"",""get_current_settlement_period"",""get_user_level_stats"",""record_arena_session"",""redeem_referral_code"",""settle_club_rakeback"",""wallet_user_transfer""]","[""agent_commissions"",""agents"",""arena_sessions"",""atob(encoded)"",""cashout_requests"",""club-assets"",""club_challenges"",""club_members"",""clubs"",""commission_rate_audit"",""credit_invoices"",""credit_requests"",""diamond_transactions"",""disputes"",""financial_alerts"",""financial_health_checks"",""hand_history"",""messages"",""new Set(clubIds.filter((id): id is string => !!id).map((id) => `referral_${id}`))"",""notifications"",""profiles"",""rake_rate_audit"",""rake_records"",""referral_codes"",""referral_redemptions"",""settlement_periods"",""state.leakSignals.entries()"",""state.previouslySeenQuestionIds"",""sub_agents"",""table_activity"",""table_seats"",""table_waitlist"",""tables"",""this.channelRegistry.entries()"",""this.subscriptions.entries()"",""unionMap.values()"",""union_admins"",""union_clubs"",""union_settlement_rounds"",""unions"",""uuidCache.entries()"",""wallet_transactions""]",Not End-To-End Verified,"Reachability and role/club/union scope; all tabs, buttons, forms and modals; exact data source and pagination; loading/empty/error states; receipt and concurrency for mutations; stale session/cache/reload/reconnect; desktop/mobile/touch/keyboard/accessibility; tests and deployed behavior"
src/pages/FinancialAlertsPage.tsx,runtime-or-tooling-source,11,"[""financial-alerts""]","[""src/App.tsx""]","[""src/components/common/PageSkeleton.tsx"",""src/components/common/Toast.tsx"",""src/core/MasterBus.ts"",""src/hooks/useAuthUser.ts"",""src/hooks/useVisibilityRefresh.ts"",""src/lib/supabase.ts"",""src/pages/FinancialAlertsPage.css"",""src/services/FinancialAlertService.ts"",""src/services/FinancialExportService.ts"",""src/utils/errorReporter.ts""]",76,"[""atomic_deduct_wallet_and_log"",""atomic_seat_cashout_locked"",""ca_union_statement_board"",""calculate_agent_settlement"",""calculate_agent_spread"",""calculate_cascading_commission"",""fn_admin_kick_player"",""fn_admin_remove_player_chips"",""fn_admin_update_agent"",""fn_agent_attach_player"",""fn_agent_claim_commission"",""fn_agent_downline_commission"",""fn_agent_unsettled_commission"",""fn_agent_wallet_claim_back"",""fn_agent_wallet_reversible"",""fn_agent_wallet_send"",""fn_apply_credit_payment"",""fn_batch_club_member_counts"",""fn_cancel_club_join_request"",""fn_cancel_managed_game_schedule"",""fn_cashout_approve"",""fn_cashout_queue"",""fn_cashout_release"",""fn_cashout_request"",""fn_check_level_advancement"",""fn_claim_referral_milestone"",""fn_club_name_available"",""fn_create_agent"",""fn_create_club_atomic"",""fn_discover_clubs"",""fn_execute_managed_game_command"",""fn_execute_union_rakeback"",""fn_expire_stale_cashouts"",""fn_generate_all_credit_invoices"",""fn_generate_credit_invoice"",""fn_get_club_creation_eligibility"",""fn_get_club_entry_flags"",""fn_get_club_member_count"",""fn_get_game_management_health"",""fn_get_game_management_scale_health"",""fn_get_managed_game_command_receipt"",""fn_get_managed_game_command_receipts"",""fn_get_managed_game_contract_history"",""fn_get_managed_game_contracts"",""fn_join_club"",""fn_join_club_atomic"",""fn_list_managed_games"",""fn_member_leave_to_treasury"",""fn_pay_credit_invoice_from_wallet"",""fn_player_spendable_balance"",""fn_preview_club_join"",""fn_promo_disburse"",""fn_raise_financial_alert"",""fn_rakeback_settlement_status"",""fn_redeem_club_invite_code"",""fn_retire_settled_club"",""fn_run_pending_rakeback_settlement"",""fn_schedule_managed_game_close"",""fn_set_settlement_period_status"",""fn_tournament_primary_table"",""fn_track_club_entry_event"",""fn_wallet_type_transfer"",""generate_period_commissions"",""generate_period_settlements"",""get_current_settlement_period"",""get_user_level_stats"",""record_arena_session"",""redeem_referral_code"",""settle_club_rakeback"",""wallet_user_transfer""]","[""agent_commissions"",""agents"",""arena_sessions"",""atob(encoded)"",""buckets.values()"",""cashout_requests"",""club-assets"",""club_challenges"",""club_members"",""clubs"",""commission_rate_audit"",""credit_invoices"",""credit_requests"",""diamond_transactions"",""disputes"",""financial_alerts"",""hand_history"",""messages"",""new Set(clubIds.filter((id): id is string => !!id).map((id) => `referral_${id}`))"",""notifications"",""profiles"",""rake_records"",""referral_codes"",""referral_redemptions"",""settlement_invoices"",""settlement_periods"",""state.leakSignals.entries()"",""state.previouslySeenQuestionIds"",""sub_agents"",""table_activity"",""table_seats"",""table_waitlist"",""tables"",""this.channelRegistry.entries()"",""this.subscriptions.entries()"",""unionMap.values()"",""union_admins"",""union_clubs"",""unions"",""uuidCache.entries()"",""wallet_transactions""]",Not End-To-End Verified,"Reachability and role/club/union scope; all tabs, buttons, forms and modals; exact data source and pagination; loading/empty/error states; receipt and concurrency for mutations; stale session/cache/reload/reconnect; desktop/mobile/touch/keyboard/accessibility; tests and deployed behavior"
src/pages/FinancialHealthPage.tsx,runtime-or-tooling-source,11,"[""financial-health""]","[""src/App.tsx""]","[""src/components/common/Toast.tsx"",""src/core/MasterBus.ts"",""src/hooks/useAuthUser.ts"",""src/hooks/useVisibilityRefresh.ts"",""src/lib/date.ts"",""src/pages/FinancialHealthPage.css"",""src/services/FinancialCronService.ts"",""src/utils/errorReporter.ts""]",75,"[""atomic_deduct_wallet_and_log"",""atomic_seat_cashout_locked"",""ca_union_statement_board"",""calculate_agent_settlement"",""calculate_agent_spread"",""calculate_cascading_commission"",""fn_admin_kick_player"",""fn_admin_remove_player_chips"",""fn_admin_update_agent"",""fn_agent_attach_player"",""fn_agent_claim_commission"",""fn_agent_downline_commission"",""fn_agent_unsettled_commission"",""fn_agent_wallet_claim_back"",""fn_agent_wallet_reversible"",""fn_agent_wallet_send"",""fn_apply_credit_payment"",""fn_batch_club_member_counts"",""fn_cancel_club_join_request"",""fn_cancel_managed_game_schedule"",""fn_cashout_approve"",""fn_cashout_queue"",""fn_cashout_release"",""fn_cashout_request"",""fn_check_level_advancement"",""fn_claim_referral_milestone"",""fn_club_name_available"",""fn_create_agent"",""fn_create_club_atomic"",""fn_discover_clubs"",""fn_execute_managed_game_command"",""fn_execute_union_rakeback"",""fn_expire_stale_cashouts"",""fn_generate_all_credit_invoices"",""fn_generate_credit_invoice"",""fn_get_club_creation_eligibility"",""fn_get_club_entry_flags"",""fn_get_club_member_count"",""fn_get_game_management_health"",""fn_get_game_management_scale_health"",""fn_get_managed_game_command_receipt"",""fn_get_managed_game_command_receipts"",""fn_get_managed_game_contract_history"",""fn_get_managed_game_contracts"",""fn_join_club"",""fn_join_club_atomic"",""fn_list_managed_games"",""fn_member_leave_to_treasury"",""fn_pay_credit_invoice_from_wallet"",""fn_player_spendable_balance"",""fn_preview_club_join"",""fn_promo_disburse"",""fn_raise_financial_alert"",""fn_rakeback_settlement_status"",""fn_redeem_club_invite_code"",""fn_retire_settled_club"",""fn_run_pending_rakeback_settlement"",""fn_schedule_managed_game_close"",""fn_set_settlement_period_status"",""fn_tournament_primary_table"",""fn_track_club_entry_event"",""fn_wallet_type_transfer"",""generate_period_commissions"",""generate_period_settlements"",""get_current_settlement_period"",""get_user_level_stats"",""record_arena_session"",""redeem_referral_code"",""settle_club_rakeback"",""wallet_user_transfer""]","[""agent_commissions"",""agents"",""arena_sessions"",""atob(encoded)"",""cashout_requests"",""club-assets"",""club_challenges"",""club_members"",""clubs"",""commission_rate_audit"",""credit_invoices"",""credit_requests"",""diamond_transactions"",""disputes"",""financial_alerts"",""hand_history"",""messages"",""new Set(clubIds.filter((id): id is string => !!id).map((id) => `referral_${id}`))"",""notifications"",""profiles"",""rake_records"",""referral_codes"",""referral_redemptions"",""settlement_periods"",""state.leakSignals.entries()"",""state.previouslySeenQuestionIds"",""sub_agents"",""table_activity"",""table_seats"",""table_waitlist"",""tables"",""this.channelRegistry.entries()"",""this.subscriptions.entries()"",""unionMap.values()"",""union_admins"",""union_clubs"",""unions"",""uuidCache.entries()"",""wallet_transactions""]",Not End-To-End Verified,"Reachability and role/club/union scope; all tabs, buttons, forms and modals; exact data source and pagination; loading/empty/error states; receipt and concurrency for mutations; stale session/cache/reload/reconnect; desktop/mobile/touch/keyboard/accessibility; tests and deployed behavior"
src/pages/FlashPoolPage.tsx,runtime-or-tooling-source,11,"[""flash-pool""]","[""src/App.tsx""]","[""src/components/common/PageSkeleton.tsx"",""src/components/common/Toast.tsx"",""src/core/MasterBus.ts"",""src/hooks/useAuthUser.ts"",""src/hooks/useIsMounted.ts"",""src/hooks/useVisibilityRefresh.ts"",""src/lib/supabase.ts"",""src/utils/errorReporter.ts"",""src/utils/resolvePageClubId.ts""]",78,"[""atomic_deduct_wallet_and_log"",""atomic_seat_cashout_locked"",""ca_union_statement_board"",""calculate_agent_settlement"",""calculate_agent_spread"",""calculate_cascading_commission"",""fn_admin_kick_player"",""fn_admin_remove_player_chips"",""fn_admin_update_agent"",""fn_agent_attach_player"",""fn_agent_claim_commission"",""fn_agent_downline_commission"",""fn_agent_unsettled_commission"",""fn_agent_wallet_claim_back"",""fn_agent_wallet_reversible"",""fn_agent_wallet_send"",""fn_apply_credit_payment"",""fn_batch_club_member_counts"",""fn_cancel_club_join_request"",""fn_cancel_managed_game_schedule"",""fn_cashout_approve"",""fn_cashout_queue"",""fn_cashout_release"",""fn_cashout_request"",""fn_check_level_advancement"",""fn_claim_referral_milestone"",""fn_club_name_available"",""fn_create_agent"",""fn_create_club_atomic"",""fn_discover_clubs"",""fn_execute_managed_game_command"",""fn_execute_union_rakeback"",""fn_expire_stale_cashouts"",""fn_generate_all_credit_invoices"",""fn_generate_credit_invoice"",""fn_get_club_creation_eligibility"",""fn_get_club_entry_flags"",""fn_get_club_member_count"",""fn_get_game_management_health"",""fn_get_game_management_scale_health"",""fn_get_managed_game_command_receipt"",""fn_get_managed_game_command_receipts"",""fn_get_managed_game_contract_history"",""fn_get_managed_game_contracts"",""fn_join_club"",""fn_join_club_atomic"",""fn_list_managed_games"",""fn_member_leave_to_treasury"",""fn_pay_credit_invoice_from_wallet"",""fn_player_spendable_balance"",""fn_preview_club_join"",""fn_promo_disburse"",""fn_raise_financial_alert"",""fn_rakeback_settlement_status"",""fn_redeem_club_invite_code"",""fn_retire_settled_club"",""fn_run_pending_rakeback_settlement"",""fn_schedule_managed_game_close"",""fn_set_settlement_period_status"",""fn_tournament_primary_table"",""fn_track_club_entry_event"",""fn_wallet_type_transfer"",""generate_period_commissions"",""generate_period_settlements"",""get_current_settlement_period"",""get_user_level_stats"",""join_flash_pool"",""record_arena_session"",""redeem_referral_code"",""settle_club_rakeback"",""wallet_user_transfer""]","[""agent_commissions"",""agents"",""arena_sessions"",""atob(encoded)"",""byId.values()"",""cashout_requests"",""club-assets"",""club_challenges"",""club_members"",""clubs"",""commission_rate_audit"",""credit_invoices"",""credit_requests"",""diamond_transactions"",""disputes"",""financial_alerts"",""flash_pools"",""hand_history"",""messages"",""new Set(clubIds.filter((id): id is string => !!id).map((id) => `referral_${id}`))"",""notifications"",""profiles"",""rake_records"",""referral_codes"",""referral_redemptions"",""settlement_periods"",""state.leakSignals.entries()"",""state.previouslySeenQuestionIds"",""sub_agents"",""table_activity"",""table_seats"",""table_waitlist"",""tables"",""this.channelRegistry.entries()"",""this.subscriptions.entries()"",""unionMap.values()"",""union_admins"",""union_clubs"",""unions"",""uuidCache.entries()"",""wallet_transactions""]",Not End-To-End Verified,"Reachability and role/club/union scope; all tabs, buttons, forms and modals; exact data source and pagination; loading/empty/error states; receipt and concurrency for mutations; stale session/cache/reload/reconnect; desktop/mobile/touch/keyboard/accessibility; tests and deployed behavior"
src/pages/FriendsPage.tsx,runtime-or-tooling-source,10;11,"[""friends""]","[""src/App.tsx"",""src/utils/ChunkPreloader.ts""]","[""src/components/common/ConfirmModal.tsx"",""src/components/common/Toast.tsx"",""src/components/community/CommunitySurfaceHeader.tsx"",""src/components/social/FriendActivityFeed.tsx"",""src/components/social/FriendChallengeModal.tsx"",""src/components/social/FriendChallengesPanel.tsx"",""src/components/social/FriendSuggestions.tsx"",""src/core/MasterBus.ts"",""src/hooks/useAuthUser.ts"",""src/hooks/useIsMounted.ts"",""src/hooks/useMasterBusChannel.ts"",""src/hooks/useVisibilityRefresh.ts"",""src/lib/export.ts"",""src/lib/supabase.ts"",""src/pages/FriendsPage.css"",""src/utils/avatarGenerator.ts"",""src/utils/errorReporter.ts"",""src/utils/fetchAllRows.ts"",""src/utils/playerDisplayName.ts"",""src/utils/retryFetch.ts"",""src/utils/socialGraph.ts""]",97,"[""accept_friendship"",""atomic_deduct_wallet_and_log"",""atomic_seat_cashout_locked"",""ca_union_statement_board"",""calculate_agent_settlement"",""calculate_agent_spread"",""calculate_cascading_commission"",""fn_admin_kick_player"",""fn_admin_remove_player_chips"",""fn_admin_update_agent"",""fn_agent_attach_player"",""fn_agent_claim_commission"",""fn_agent_downline_commission"",""fn_agent_unsettled_commission"",""fn_agent_wallet_claim_back"",""fn_agent_wallet_reversible"",""fn_agent_wallet_send"",""fn_apply_credit_payment"",""fn_batch_club_member_counts"",""fn_cancel_club_join_request"",""fn_cancel_managed_game_schedule"",""fn_cashout_approve"",""fn_cashout_queue"",""fn_cashout_release"",""fn_cashout_request"",""fn_check_level_advancement"",""fn_claim_referral_milestone"",""fn_club_name_available"",""fn_create_agent"",""fn_create_club_atomic"",""fn_discover_clubs"",""fn_execute_managed_game_command"",""fn_execute_union_rakeback"",""fn_expire_stale_cashouts"",""fn_generate_all_credit_invoices"",""fn_generate_credit_invoice"",""fn_get_club_creation_eligibility"",""fn_get_club_entry_flags"",""fn_get_club_member_count"",""fn_get_game_management_health"",""fn_get_game_management_scale_health"",""fn_get_managed_game_command_receipt"",""fn_get_managed_game_command_receipts"",""fn_get_managed_game_contract_history"",""fn_get_managed_game_contracts"",""fn_join_club"",""fn_join_club_atomic"",""fn_list_managed_games"",""fn_member_leave_to_treasury"",""fn_pay_credit_invoice_from_wallet"",""fn_player_spendable_balance"",""fn_preview_club_join"",""fn_promo_disburse"",""fn_raise_financial_alert"",""fn_rakeback_settlement_status"",""fn_redeem_club_invite_code"",""fn_respond_friend_challenge"",""fn_retire_settled_club"",""fn_run_pending_rakeback_settlement"",""fn_schedule_managed_game_close"",""fn_set_settlement_period_status"",""fn_tournament_primary_table"",""fn_track_club_entry_event"",""fn_wallet_type_transfer"",""generate_period_commissions"",""generate_period_settlements"",""get_current_settlement_period"",""get_mutual_friends"",""get_user_level_stats"",""record_arena_session"",""redeem_referral_code"",""settle_club_rakeback"",""wallet_user_transfer""]","[""agent_commissions"",""agents"",""arena_sessions"",""atob(encoded)"",""cashout_requests"",""club-assets"",""club_challenges"",""club_members"",""clubs"",""commission_rate_audit"",""credit_invoices"",""credit_requests"",""diamond_transactions"",""disputes"",""financial_alerts"",""focusableElements"",""friend_challenges"",""friendships"",""hand_history"",""messages"",""new Set(clubIds.filter((id): id is string => !!id).map((id) => `referral_${id}`))"",""new Set(mySeats.map((s: { table_id: string }) => s.table_id).filter(Boolean))"",""notifications"",""profiles"",""rake_records"",""referral_codes"",""referral_redemptions"",""root.querySelectorAll<HTMLElement>(\n          'button:not([disabled]), [href], input:not([disabled]), select:not([disabled]), textarea:not([disabled]), [tabindex]:not([tabindex=\""-1\""])'\n        )"",""settlement_periods"",""state.leakSignals.entries()"",""state.previouslySeenQuestionIds"",""sub_agents"",""table_activity"",""table_seats"",""table_waitlist"",""tables"",""this.channelRegistry.entries()"",""this.subscriptions.entries()"",""training_user_achievements"",""unionMap.values()"",""union_admins"",""union_clubs"",""unions"",""unique.values()"",""user_blocks"",""user_daily_challenges"",""uuidCache.entries()"",""wallet_transactions"",""{ length: 3 }"",""{ length: 5 }""]",Not End-To-End Verified,"Reachability and role/club/union scope; all tabs, buttons, forms and modals; exact data source and pagination; loading/empty/error states; receipt and concurrency for mutations; stale session/cache/reload/reconnect; desktop/mobile/touch/keyboard/accessibility; tests and deployed behavior"
src/pages/GameManagementPage.tsx,runtime-or-tooling-source,11,"[""clubs/:clubId/table-management"",""unions/:unionId/table-management""]","[""src/App.tsx"",""tests/unit/gameManagementDialogs.accessibility.test.tsx"",""tests/unit/tableManagementBoardBuckets.test.tsx"",""tests/unit/tableManagementHealthIsNotAssumed.test.tsx"",""tests/unit/tableManagementRefreshStorm.test.tsx"",""tests/unit/theTotalCountsWhatTheBoardCanReach.test.tsx""]","[""src/components/club/ClubMessageManagementPanel.tsx"",""src/components/club/CreateTournamentModal.tsx"",""src/components/club/GameCreationActions.tsx"",""src/components/club/TickerManagementPanel.tsx"",""src/components/common/Toast.tsx"",""src/components/common/confirmDialog.tsx"",""src/hooks/useAuthUser.ts"",""src/hooks/useCoalescedRefresh.ts"",""src/hooks/useDialogEscape.ts"",""src/hooks/useFocusTrap.ts"",""src/hooks/useGameManagementRealtime.ts"",""src/hooks/useMasterBusSubscription.ts"",""src/hooks/useUnionRouteId.ts"",""src/lib/supabase.ts"",""src/pages/CreateTablePage.tsx"",""src/pages/GameManagementPage.module.css"",""src/pages/TableConfigPage.tsx"",""src/pages/gameManagementIdentity.ts"",""src/services/GameAccessService.ts"",""src/services/GameManagementService.ts"",""src/services/UnionService.ts"",""src/utils/clubIdResolver.ts"",""src/utils/errorReporter.ts"",""src/utils/mergeById.ts""]",137,"[""atomic_deduct_wallet_and_log"",""atomic_seat_cashout_locked"",""balance_tournament_tables"",""ca_union_statement_board"",""calculate_agent_settlement"",""calculate_agent_spread"",""calculate_cascading_commission"",""fn_admin_kick_player"",""fn_admin_remove_player_chips"",""fn_admin_update_agent"",""fn_agent_attach_player"",""fn_agent_claim_commission"",""fn_agent_downline_commission"",""fn_agent_unsettled_commission"",""fn_agent_wallet_claim_back"",""fn_agent_wallet_reversible"",""fn_agent_wallet_send"",""fn_apply_credit_payment"",""fn_apply_mystery_bounty_config"",""fn_batch_club_member_counts"",""fn_cancel_club_join_request"",""fn_cancel_managed_game_schedule"",""fn_cash_game_create"",""fn_cash_template_defaults"",""fn_cashout_approve"",""fn_cashout_queue"",""fn_cashout_release"",""fn_cashout_request"",""fn_check_level_advancement"",""fn_claim_referral_milestone"",""fn_club_name_available"",""fn_create_agent"",""fn_create_club_atomic"",""fn_create_tournament"",""fn_delete_tournament_schedule"",""fn_discover_clubs"",""fn_execute_managed_game_command"",""fn_execute_union_rakeback"",""fn_expire_stale_cashouts"",""fn_game_creation_access"",""fn_generate_all_credit_invoices"",""fn_generate_credit_invoice"",""fn_get_club_creation_eligibility"",""fn_get_club_entry_flags"",""fn_get_club_member_count"",""fn_get_club_message_management"",""fn_get_game_management_health"",""fn_get_game_management_scale_health"",""fn_get_game_ticker_settings"",""fn_get_game_ticker_settings_for_management"",""fn_get_managed_game_command_receipt"",""fn_get_managed_game_command_receipts"",""fn_get_managed_game_contract_history"",""fn_get_managed_game_contracts"",""fn_join_club"",""fn_join_club_atomic"",""fn_list_managed_games"",""fn_manage_club_announcement_versioned"",""fn_member_leave_to_treasury"",""fn_owner_start_tournament_now"",""fn_pay_credit_invoice_from_wallet"",""fn_player_spendable_balance"",""fn_preview_club_join"",""fn_promo_disburse"",""fn_raise_financial_alert"",""fn_rakeback_settlement_status"",""fn_redeem_club_invite_code"",""fn_register_for_tournament"",""fn_retire_settled_club"",""fn_run_pending_rakeback_settlement"",""fn_save_club_identity_messages_versioned"",""fn_save_game_ticker_settings_versioned"",""fn_schedule_managed_game_close"",""fn_set_settlement_period_status"",""fn_tournament_primary_table"",""fn_track_club_entry_event"",""fn_unregister_from_tournament"",""fn_upsert_tournament_schedule"",""fn_wallet_type_transfer"",""generate_period_commissions"",""generate_period_settlements"",""get_current_settlement_period"",""get_user_level_stats"",""increment_tournament_rake"",""process_tournament_rebuy"",""record_arena_session"",""redeem_referral_code"",""settle_club_rakeback"",""wallet_user_transfer""]","[""agent_commissions"",""agents"",""arena_sessions"",""atob(encoded)"",""cashout_requests"",""changedRef.current"",""club-assets"",""club_challenges"",""club_members"",""clubs"",""commission_rate_audit"",""credit_invoices"",""credit_requests"",""diamond_transactions"",""disputes"",""financial_alerts"",""focusableElements"",""hand_history"",""messages"",""new Set(clubIds.filter((id): id is string => !!id).map((id) => `referral_${id}`))"",""notifications"",""profiles"",""rake_records"",""referral_codes"",""referral_redemptions"",""root.querySelectorAll<HTMLElement>(\n          'button:not([disabled]), [href], input:not([disabled]), select:not([disabled]), textarea:not([disabled]), [tabindex]:not([tabindex=\""-1\""])'\n        )"",""settlement_periods"",""state.leakSignals.entries()"",""state.previouslySeenQuestionIds"",""sub_agents"",""table_activity"",""table_seats"",""table_templates"",""table_waitlist"",""tables"",""this.channelRegistry.entries()"",""this.subscriptions.entries()"",""tournament_bounties"",""tournament_players"",""tournament_schedules"",""tournament_waitlists"",""tournaments"",""unionMap.values()"",""union_admins"",""union_clubs"",""unions"",""uuidCache.entries()"",""wallet_transactions"",""{ length: 366 }"",""{ length: 96 }"",""{ length: paidPlaces }""]",Not End-To-End Verified,"Reachability and role/club/union scope; all tabs, buttons, forms and modals; exact data source and pagination; loading/empty/error states; receipt and concurrency for mutations; stale session/cache/reload/reconnect; desktop/mobile/touch/keyboard/accessibility; tests and deployed behavior"
src/pages/HandHistoryPage.tsx,runtime-or-tooling-source,9;11,"[""hand-history""]","[""src/App.tsx"",""src/utils/ChunkPreloader.ts""]","[""src/components/common/PageSkeleton.tsx"",""src/components/common/Toast.tsx"",""src/components/handdetail/HandDetailView.tsx"",""src/components/handdetail/HandFlagControl.tsx"",""src/components/handdetail/HandNoteEditor.tsx"",""src/components/replay/HandReplay.tsx"",""src/components/rewards/RewardsSurfaceHeader.tsx"",""src/components/table/HandHistoryPanel.tsx"",""src/components/table/ShareHand.tsx"",""src/core/MasterBus.ts"",""src/hooks/useAuthUser.ts"",""src/hooks/useIsMounted.ts"",""src/hooks/useVisibilityRefresh.ts"",""src/lib/export.ts"",""src/lib/handHistoryAdapter.ts"",""src/lib/handHistoryDrilldown.ts"",""src/lib/handSearch.ts"",""src/lib/openExternal.ts"",""src/pages/HandHistoryPage.css"",""src/services/HandFlagService.ts"",""src/services/HandHistoryService.ts"",""src/services/HandNotesService.ts"",""src/utils/errorReporter.ts"",""src/utils/handFormat.ts"",""src/utils/pokerStarsExport.ts"",""src/utils/retryFetch.ts""]",143,"[""atomic_deduct_wallet_and_log"",""atomic_seat_cashout_locked"",""ca_union_statement_board"",""calculate_agent_settlement"",""calculate_agent_spread"",""calculate_cascading_commission"",""fn_admin_kick_player"",""fn_admin_remove_player_chips"",""fn_admin_update_agent"",""fn_agent_attach_player"",""fn_agent_claim_commission"",""fn_agent_downline_commission"",""fn_agent_unsettled_commission"",""fn_agent_wallet_claim_back"",""fn_agent_wallet_reversible"",""fn_agent_wallet_send"",""fn_apply_credit_payment"",""fn_batch_club_member_counts"",""fn_ca_club_hand_flags"",""fn_ca_flag_hand"",""fn_ca_operator_read_hand"",""fn_ca_resolve_hand_flag"",""fn_cancel_club_join_request"",""fn_cancel_managed_game_schedule"",""fn_cashout_approve"",""fn_cashout_queue"",""fn_cashout_release"",""fn_cashout_request"",""fn_check_level_advancement"",""fn_claim_referral_milestone"",""fn_club_name_available"",""fn_create_agent"",""fn_create_club_atomic"",""fn_discover_clubs"",""fn_execute_managed_game_command"",""fn_execute_union_rakeback"",""fn_expire_stale_cashouts"",""fn_generate_all_credit_invoices"",""fn_generate_credit_invoice"",""fn_get_club_creation_eligibility"",""fn_get_club_entry_flags"",""fn_get_club_member_count"",""fn_get_game_management_health"",""fn_get_game_management_scale_health"",""fn_get_managed_game_command_receipt"",""fn_get_managed_game_command_receipts"",""fn_get_managed_game_contract_history"",""fn_get_managed_game_contracts"",""fn_join_club"",""fn_join_club_atomic"",""fn_list_managed_games"",""fn_member_leave_to_treasury"",""fn_pay_credit_invoice_from_wallet"",""fn_player_spendable_balance"",""fn_preview_club_join"",""fn_promo_disburse"",""fn_raise_financial_alert"",""fn_rakeback_settlement_status"",""fn_redeem_club_invite_code"",""fn_retire_settled_club"",""fn_run_pending_rakeback_settlement"",""fn_schedule_managed_game_close"",""fn_set_settlement_period_status"",""fn_tournament_primary_table"",""fn_track_club_entry_event"",""fn_wallet_type_transfer"",""generate_period_commissions"",""generate_period_settlements"",""get_current_settlement_period"",""get_user_level_stats"",""record_arena_session"",""redeem_referral_code"",""settle_club_rakeback"",""wallet_user_transfer""]","[""String(text ?? '')"",""agent_commissions"",""agents"",""arena_sessions"",""atob(encoded)"",""ca_hand_facts"",""ca_hand_flags"",""ca_hand_notes"",""cashout_requests"",""club-assets"",""club_challenges"",""club_members"",""clubs"",""commission_rate_audit"",""credit_invoices"",""credit_requests"",""diamond_transactions"",""disputes"",""financial_alerts"",""hand_discards"",""hand_history"",""messages"",""new Set(clubIds.filter((id): id is string => !!id).map((id) => `referral_${id}`))"",""notifications"",""panelRef.current.querySelectorAll<HTMLElement>(FOCUSABLE)"",""profiles"",""rake_records"",""referral_codes"",""referral_redemptions"",""settlement_periods"",""state.leakSignals.entries()"",""state.previouslySeenQuestionIds"",""sub_agents"",""table_activity"",""table_seats"",""table_waitlist"",""tables"",""this.active.values()"",""this.channelRegistry.entries()"",""this.laneProgress.keys()"",""this.listeners"",""this.processed.keys()"",""this.subscriptions.entries()"",""unionMap.values()"",""union_admins"",""union_clubs"",""unions"",""uuidCache.entries()"",""wallet_transactions"",""{ length: 46 }"",""{ length: backs }"",""{ length: muckCount }""]",Not End-To-End Verified,"Reachability and role/club/union scope; all tabs, buttons, forms and modals; exact data source and pagination; loading/empty/error states; receipt and concurrency for mutations; stale session/cache/reload/reconnect; desktop/mobile/touch/keyboard/accessibility; tests and deployed behavior"
src/pages/HealthCheckPage.tsx,runtime-or-tooling-source,11,"[""health""]","[""src/App.tsx""]","[""src/hooks/useSystemHealth.ts""]",10,[],"[""atob(encoded)"",""settlement_periods""]",Not End-To-End Verified,"Reachability and role/club/union scope; all tabs, buttons, forms and modals; exact data source and pagination; loading/empty/error states; receipt and concurrency for mutations; stale session/cache/reload/reconnect; desktop/mobile/touch/keyboard/accessibility; tests and deployed behavior"
src/pages/HelpPage.tsx,runtime-or-tooling-source,11,"[""help""]","[""src/App.tsx"",""src/utils/ChunkPreloader.ts"",""tests/unit/supportTrustWorkspace.test.tsx""]","[""src/components/support/FeedbackForm.tsx"",""src/components/support/SystemStatus.tsx"",""src/pages/HelpPage.module.css"",""src/utils/mediaBase.ts""]",79,"[""atomic_deduct_wallet_and_log"",""atomic_seat_cashout_locked"",""ca_union_statement_board"",""calculate_agent_settlement"",""calculate_agent_spread"",""calculate_cascading_commission"",""fn_admin_kick_player"",""fn_admin_remove_player_chips"",""fn_admin_update_agent"",""fn_agent_attach_player"",""fn_agent_claim_commission"",""fn_agent_downline_commission"",""fn_agent_unsettled_commission"",""fn_agent_wallet_claim_back"",""fn_agent_wallet_reversible"",""fn_agent_wallet_send"",""fn_apply_credit_payment"",""fn_batch_club_member_counts"",""fn_cancel_club_join_request"",""fn_cancel_managed_game_schedule"",""fn_cashout_approve"",""fn_cashout_queue"",""fn_cashout_release"",""fn_cashout_request"",""fn_check_level_advancement"",""fn_claim_referral_milestone"",""fn_club_name_available"",""fn_create_agent"",""fn_create_club_atomic"",""fn_discover_clubs"",""fn_execute_managed_game_command"",""fn_execute_union_rakeback"",""fn_expire_stale_cashouts"",""fn_generate_all_credit_invoices"",""fn_generate_credit_invoice"",""fn_get_club_creation_eligibility"",""fn_get_club_entry_flags"",""fn_get_club_member_count"",""fn_get_game_management_health"",""fn_get_game_management_scale_health"",""fn_get_managed_game_command_receipt"",""fn_get_managed_game_command_receipts"",""fn_get_managed_game_contract_history"",""fn_get_managed_game_contracts"",""fn_join_club"",""fn_join_club_atomic"",""fn_list_managed_games"",""fn_member_leave_to_treasury"",""fn_pay_credit_invoice_from_wallet"",""fn_player_spendable_balance"",""fn_preview_club_join"",""fn_promo_disburse"",""fn_raise_financial_alert"",""fn_rakeback_settlement_status"",""fn_redeem_club_invite_code"",""fn_retire_settled_club"",""fn_run_pending_rakeback_settlement"",""fn_schedule_managed_game_close"",""fn_set_settlement_period_status"",""fn_tournament_primary_table"",""fn_track_club_entry_event"",""fn_wallet_type_transfer"",""generate_period_commissions"",""generate_period_settlements"",""get_current_settlement_period"",""get_user_level_stats"",""record_arena_session"",""redeem_referral_code"",""settle_club_rakeback"",""wallet_user_transfer""]","[""agent_commissions"",""agents"",""arena_sessions"",""atob(encoded)"",""cashout_requests"",""club-assets"",""club_challenges"",""club_members"",""clubs"",""commission_rate_audit"",""credit_invoices"",""credit_requests"",""dialogRef.current?.querySelectorAll<HTMLElement>(\n        'button:not([disabled]), textarea:not([disabled]), input:not([disabled]), a[href]'\n      ) || []"",""diamond_transactions"",""disputes"",""financial_alerts"",""hand_history"",""messages"",""new Set(clubIds.filter((id): id is string => !!id).map((id) => `referral_${id}`))"",""notifications"",""profiles"",""rake_records"",""referral_codes"",""referral_redemptions"",""settlement_periods"",""state.leakSignals.entries()"",""state.previouslySeenQuestionIds"",""sub_agents"",""table_activity"",""table_seats"",""table_waitlist"",""tables"",""this.channelRegistry.entries()"",""this.subscriptions.entries()"",""unionMap.values()"",""union_admins"",""union_clubs"",""unions"",""user_feedback"",""uuidCache.entries()"",""wallet_transactions""]",Not End-To-End Verified,"Reachability and role/club/union scope; all tabs, buttons, forms and modals; exact data source and pagination; loading/empty/error states; receipt and concurrency for mutations; stale session/cache/reload/reconnect; desktop/mobile/touch/keyboard/accessibility; tests and deployed behavior"
src/pages/HomePage.tsx,runtime-or-tooling-source,11,"[""/""]","[""src/App.tsx"",""src/pages/MultiTablePage.tsx"",""src/utils/ChunkPreloader.ts""]","[""src/components/common/Toast.tsx"",""src/components/daily-bonus/DailyBonusEntry.tsx"",""src/components/home/CarouselSection.tsx"",""src/components/home/ClubContextMenu.tsx"",""src/components/home/ClubEntryActionBar.tsx"",""src/components/home/ClubQuickLinkTile.tsx"",""src/components/home/FloatingOrbs.tsx"",""src/components/modals/CreateClubModal.tsx"",""src/components/modals/FindPlayerModal.tsx"",""src/components/modals/JoinClubModal.tsx"",""src/components/navigation/GlobalHeader.tsx"",""src/config/lobbyTiles.config.ts"",""src/context/InTabLobbyContext.tsx"",""src/hooks/useFocusTrap.ts"",""src/hooks/useMasterBusSubscription.ts"",""src/lib/constants.ts"",""src/lib/storage.ts"",""src/lib/supabase.ts"",""src/pages/HomePage.module.css"",""src/services/ClubCardBackfill.ts"",""src/services/ClubEntryTrustService.ts"",""src/services/ClubJoinService.ts"",""src/services/ClubsService.ts"",""src/services/HapticService.ts"",""src/services/UnionService.ts"",""src/utils/ChunkPreloader.ts"",""src/utils/clubLevels.ts"",""src/utils/clubQuickLink.ts"",""src/utils/errorReporter.ts"",""src/utils/lazyWithRetry.ts"",""src/utils/playPremiumSfx.ts"",""src/utils/unionIdResolver.ts""]",1078,"[""'fn_complete_club_opening_setup' as never"",""accept_friendship"",""action === 'redeem' ? 'fn_redeem_tournament_ticket' : 'fn_cancel_tournament_ticket'"",""add_to_promo_wallet"",""atomic_deduct_wallet_and_log"",""atomic_seat_cashout_locked"",""atomic_table_buyin"",""atomic_table_rebuy"",""balance_tournament_tables"",""buy_streak_freeze"",""ca_club_activity"",""ca_club_dashboard_stats"",""ca_club_financials"",""ca_club_member_detail"",""ca_club_member_downline"",""ca_club_member_notes_update"",""ca_club_member_statistics"",""ca_club_members"",""ca_club_members_export"",""ca_club_members_overview"",""ca_club_members_page"",""ca_club_members_summary"",""ca_club_revenue"",""ca_club_tables"",""ca_club_top_players"",""ca_club_tournaments"",""ca_player_hands_v2"",""ca_player_stats_overview_v2"",""ca_player_stats_pulse"",""ca_union_statement_board"",""calculate_agent_settlement"",""calculate_agent_spread"",""calculate_cascading_commission"",""claim_daily_challenges"",""fn"",""fn_achievement_record_progress"",""fn_admin_kick_player"",""fn_admin_remove_player_chips"",""fn_admin_update_agent"",""fn_agent_attach_player"",""fn_agent_claim_commission"",""fn_agent_downline_commission"",""fn_agent_downline_rake"",""fn_agent_downline_rake_summary"",""fn_agent_unsettled_commission"",""fn_agent_wallet_claim_back"",""fn_agent_wallet_reversible"",""fn_agent_wallet_send"",""fn_apply_credit_payment"",""fn_apply_mystery_bounty_config"",""fn_batch_club_member_counts"",""fn_batch_club_realtime_active_counts"",""fn_batch_club_realtime_member_counts"",""fn_batch_union_realtime_active_counts"",""fn_batch_union_realtime_member_counts"",""fn_bbj_hand_detail"",""fn_bbj_pool_for_club"",""fn_bbj_recent_hits"",""fn_bump_friend_challenge_progress"",""fn_ca_chip_statement"",""fn_ca_club_hand_flags"",""fn_ca_daily_bonus_claim"",""fn_ca_daily_bonus_status"",""fn_ca_flag_hand"",""fn_ca_operator_read_hand"",""fn_ca_resolve_hand_flag"",""fn_can_i_create_a_union"",""fn_can_i_operate_the_union_network"",""fn_cancel_club_join_request"",""fn_cancel_managed_game_schedule"",""fn_cash_effective_buyin"",""fn_cash_game_join"",""fn_cash_game_lobby"",""fn_cash_seat_change_cancel"",""fn_cash_seat_change_request"",""fn_cash_vpip_status"",""fn_cashier_batch_transfer"",""fn_cashout_approve"",""fn_cashout_queue"",""fn_cashout_release"",""fn_cashout_request"",""fn_cast_tournament_deal_vote"",""fn_check_level_advancement"",""fn_claim_referral_milestone"",""fn_club_bank_claim_back"",""fn_club_bank_ledger"",""fn_club_bank_reverse"",""fn_club_bank_send"",""fn_club_cashier_members"",""fn_club_cashier_members_page_v3"",""fn_club_leaderboard_by_dates"",""fn_club_leaderboard_period_v2"",""fn_club_member_counts"",""fn_club_money_panel"",""fn_club_name_available"",""fn_club_set_member_role"",""fn_club_tournament_stats"",""fn_club_trade_ledger"",""fn_community_search"",""fn_consume_feature_use"",""fn_create_agent"",""fn_create_club_atomic"",""fn_create_tournament"",""fn_discover_clubs"",""fn_dismiss_club_message"",""fn_dispute_escalate"",""fn_dispute_start_review"",""fn_execute_managed_game_command"",""fn_execute_union_rakeback"",""fn_expire_stale_cashouts"",""fn_game_creation_access"",""fn_generate_all_credit_invoices"",""fn_generate_credit_invoice"",""fn_get_club_creation_eligibility"",""fn_get_club_entry_flags"",""fn_get_club_entry_message"",""fn_get_club_member_count"",""fn_get_club_realtime_member_count"",""fn_get_game_management_health"",""fn_get_game_management_scale_health"",""fn_get_leaderboard_reward_plan"",""fn_get_leaderboard_reward_setup"",""fn_get_leaderboard_settlement_status"",""fn_get_managed_game_command_receipt"",""fn_get_managed_game_command_receipts"",""fn_get_managed_game_contract_history"",""fn_get_managed_game_contracts"",""fn_get_player_search_preferences"",""fn_get_table_watch_access"",""fn_global_leaderboard_by_dates"",""fn_global_leaderboard_period"",""fn_hand_rake_breakdown"",""fn_increment_vip_usage"",""fn_join_club"",""fn_join_club_atomic"",""fn_leaderboard_period_window"",""fn_leaderboard_reward_contexts"",""fn_leave_seat_and_refund"",""fn_list_managed_games"",""fn_maintenance_break_state"",""fn_mark_table_setting_touched"",""fn_member_leave_to_treasury"",""fn_mint_chips_from_diamonds"",""fn_mutate_table_studio_preferences"",""fn_my_agent_roles"",""fn_my_wallet_ledger"",""fn_mystery_bounty_awards"",""fn_mystery_bounty_inventory"",""fn_mystery_bounty_leaderboard"",""fn_mystery_bounty_reveal"",""fn_mystery_bounty_table_state"",""fn_owner_start_tournament_now"",""fn_pay_credit_invoice_from_wallet"",""fn_player_spendable_balance"",""fn_preview_club_join"",""fn_promo_disburse"",""fn_promo_wallet_ledger"",""fn_promo_wallet_send"",""fn_purchase_feature"",""fn_purchase_time_banks_v2"",""fn_raise_financial_alert"",""fn_rakeback_settlement_status"",""fn_record_card_slide_usage"",""fn_record_cashier_operation"",""fn_redeem_club_invite_code"",""fn_redeem_shop_item"",""fn_register_for_tournament"",""fn_remove_settled_club_member"",""fn_request_chips"",""fn_request_manual_bomb_pot"",""fn_resolve_ads"",""fn_resolve_dispute"",""fn_respond_chip_request"",""fn_respond_friend_challenge"",""fn_retire_settled_club"",""fn_run_pending_rakeback_settlement"",""fn_save_leaderboard_reward_setup"",""fn_schedule_managed_game_close"",""fn_search_players"",""fn_seed_table_studio_preferences"",""fn_set_club_lobby_message"",""fn_set_interface_theme"",""fn_set_player_search_preferences"",""fn_set_settlement_period_status"",""fn_spin_leaderboards"",""fn_table_chat_is_silenced"",""fn_take_seat_and_buy_in"",""fn_time_bank_allowance"",""fn_tournament_primary_table"",""fn_track_club_entry_event"",""fn_union_leaderboard_period_v2"",""fn_union_player_directory"",""fn_union_send_to_member"",""fn_unregister_from_tournament"",""fn_use_throwable_v2"",""fn_user_rank_by_dates"",""fn_user_rank_global_by_dates"",""fn_user_rank_global_period"",""fn_user_rank_period"",""fn_wallet_type_transfer"",""generate_period_commissions"",""generate_period_settlements"",""get_club_home"",""get_club_players_playing"",""get_current_settlement_period"",""get_daily_challenge_dashboard_v3"",""get_mutual_friends"",""get_user_level_stats"",""increment_tournament_rake"",""isPromoPull ? 'fn_union_clawback_promo_from_club' : 'fn_union_clawback_from_club'"",""process_tournament_rebuy"",""promoSendRpc(promoSource)"",""recompute_club_levels"",""record_arena_session"",""record_daily_mission_operation"",""redeem_referral_code"",""reroll_daily_challenge"",""settle_club_rakeback"",""update_player_hand_stats"",""viaClubBank ? 'fn_club_bank_send' : 'fn_agent_wallet_send'"",""wallet_user_transfer""]","[""'club_opening_setups' as never"",""String(text ?? '')"",""activeDialog?.querySelectorAll<HTMLElement>(\n          'button:not([disabled]), input:not([disabled]), select:not([disabled]), [tabindex=\""0\""]'\n        ) || []"",""activeSessions.keys()"",""ad_event"",""agent_commissions"",""agents"",""arena_sessions"",""atob(encoded)"",""avatar_unlocks"",""bbj_pools"",""bbj_stakes_tiers"",""byId.values()"",""ca_hand_facts"",""ca_hand_flags"",""ca_hand_notes"",""ca_stat_distribution"",""candidateClubIds"",""cash_games"",""cashout_requests"",""chipAnimStartedAtRef.current.keys()"",""chip_ledger"",""chip_requests"",""client_crash_log"",""club-assets"",""club_challenges"",""club_chat"",""club_members"",""club_shop_inventory"",""club_shop_items"",""clubs"",""commission_rate_audit"",""conversations"",""credit_invoices"",""credit_requests"",""customization_operations"",""daily_challenge_dashboard_revisions"",""dialogRef.current.querySelectorAll<HTMLElement>(\n          'a[href], button:not(:disabled), input:not(:disabled), select:not(:disabled), textarea:not(:disabled), [tabindex]:not([tabindex=\""-1\""])'\n        )"",""dialogRef.current?.querySelectorAll<HTMLElement>(\n          'button:not([disabled]), [href], [tabindex=\""0\""]'\n        ) || []"",""dialogRef.current?.querySelectorAll<HTMLElement>(\n          'button:not([disabled]), input:not([disabled]), [href], [tabindex=\""0\""]'\n        ) || []"",""dialogRef.current?.querySelectorAll<HTMLElement>(\n        'button:not([disabled]), textarea:not([disabled]), input:not([disabled]), a[href]'\n      ) || []"",""diamond_transactions"",""disputes"",""drawer.querySelectorAll<HTMLElement>(\n          'button:not([disabled]), [href], input:not([disabled]), select:not([disabled]), textarea:not([disabled]), [tabindex]:not([tabindex=\""-1\""])'\n        )"",""engineSeen.keys()"",""event.currentTarget.querySelectorAll<HTMLButtonElement>('[role=\""tab\""]')"",""favorite_tables"",""feature_pricing"",""feature_purchases"",""financial_alerts"",""focusableElements"",""friendIds"",""friend_challenges"",""friendships"",""hand_discards"",""hand_history"",""horse_bug_reports"",""ids"",""images"",""items"",""messages"",""modalRef.current?.querySelectorAll<HTMLElement>(\n          'button:not([disabled]), a[href], input:not([disabled]), select:not([disabled]), [tabindex]:not([tabindex=\""-1\""])'\n        ) ?? []"",""new Set(\n        normalizedAvatarLedger\n          .map(({ styleToken }) => styleToken)\n          .filter((styleToken) => styleTokens.has(styleToken))\n      )"",""new Set(\n      [\n        ...(themeAssets.data || [])\n          .filter((row) => row.category === 'theme_id')\n          .map((row) => String(row.asset_id)),\n        // Legacy rows remain readable during rolling deployment and preserve the\n        // receipt trail; the migration backfills every recognised one above.\n        ...(th.data || []).map((row) => normalizeThemePresetId(String(row.theme_id))),\n      ].filter((themeId): themeId is string => !!themeId)\n    )"",""new Set((av.data || []).map((row) => String(row.avatar_id)))"",""new Set([\n          ...(out || []).map((r) => r.friend_id as string),\n          ...(inn || []).map((r) => r.user_id as string),\n        ])"",""new Set([tableClubId, club].filter(Boolean) as string[])"",""new Set(clubIds.filter((id): id is string => !!id).map((id) => `referral_${id}`))"",""new Set(entries.map((e) => e.userId).filter(Boolean))"",""new Set(entries.map((e) => e.user_id).filter(Boolean))"",""new Set(ids)"",""new Set(mySeats.map((s: { table_id: string }) => s.table_id).filter(Boolean))"",""new Set(rows.map((r) => r.table_id).filter(Boolean))"",""new Set(rows.map((r) => r.user_id).filter(Boolean))"",""new Set(seatedUserIds.filter((id): id is string => typeof id === 'string' && id.length > 0))"",""node.querySelectorAll<HTMLElement>(\n        'button:not([disabled]), [href], input:not([disabled]), [tabindex]:not([tabindex=\""-1\""])'\n      )"",""node.querySelectorAll<HTMLElement>(\n        'button:not([disabled]), input:not([disabled]), [tabindex]:not([tabindex=\""-1\""])'\n      )"",""notifications"",""openIds"",""overrides.keys()"",""panelRef.current.querySelectorAll<HTMLElement>(FOCUSABLE)"",""pickerRef.current?.querySelectorAll<HTMLElement>('[role=\""option\""]') || []"",""player_notes"",""player_stats"",""presenceMap.values()"",""profiles"",""rake_records"",""referral_codes"",""referral_redemptions"",""root.querySelectorAll<HTMLElement>(\n          'button:not([disabled]), [href], input, select, textarea, [tabindex]:not([tabindex=\""-1\""])'\n        )"",""root.querySelectorAll<HTMLElement>(\n          'button:not([disabled]), [href], input:not([disabled]), select:not([disabled]), textarea:not([disabled]), [tabindex]:not([tabindex=\""-1\""])'\n        )"",""rungs"",""session_history"",""settlement_invoices"",""settlement_locks"",""settlement_periods"",""sittingOutIdsRef.current"",""state.leakSignals.entries()"",""state.previouslySeenQuestionIds"",""statsMap.values()"",""sub_agents"",""table_activity"",""table_chat"",""table_hole_cards"",""table_seats"",""table_waitlist"",""tables"",""tabsRowRef.current.querySelectorAll<HTMLElement>('[data-tabid]')"",""theme_asset_unlocks"",""theme_unlocks"",""this.active.values()"",""this.channelRegistry.entries()"",""this.laneProgress.keys()"",""this.listeners"",""this.peers.keys()"",""this.processed.keys()"",""this.subscriptions.entries()"",""throw_usage"",""tokens"",""tournament_bounties"",""tournament_deal_votes"",""tournament_players"",""tournament_registration_approvals"",""tournament_tickets"",""tournament_waitlists"",""tournaments"",""training_user_achievements"",""unionMap.values()"",""union_admins"",""union_clubs"",""union_wallet_transactions"",""unions"",""unique.values()"",""user_avatars"",""user_blocks"",""user_daily_challenges"",""user_daily_rewards"",""user_feedback"",""user_lobby_filters"",""user_lucky_wheel_spins"",""user_notification_preferences"",""user_table_settings"",""user_table_studio_preferences"",""user_theme_settings"",""users"",""uuidCache.entries()"",""v_spin_tier_availability"",""vip_feature_usage_monthly"",""wallet_transactions"",""{\n          length: Math.max(currentBets.length, recorded.length),\n        }"",""{\n          length: Math.max(finalBets.length, finalRecorded.length),\n        }"",""{ length: 14 }"",""{ length: 16 }"",""{ length: 20 }"",""{ length: 3 }"",""{ length: 4 }"",""{ length: 46 }"",""{ length: 5 }"",""{ length: 7 }"",""{ length: 8 }"",""{ length: 9 }"",""{ length: Math.min(chipCount, 5) }"",""{ length: SEGMENTS }"",""{ length: backs }"",""{ length: cap }"",""{ length: celebration.confettiPieces }"",""{ length: compactLobby ? 3 : 4 }"",""{ length: count }"",""{ length: emptySlots > 0 ? 1 : 0 }"",""{ length: entry.capacity }"",""{ length: faceDownCount }"",""{ length: group.length }"",""{ length: itemCount }"",""{ length: lines }"",""{ length: muckCount }"",""{ length: opponentCardCount }"",""{ length: particleCount }"",""{ length: runsOnFelt }"",""{ length: safeTotal }"",""{ length: t.max_players }"",""{ length: tier === 'daily' ? 5 : tier === 'weekly' ? 3 : 2 }"",""{ length: undealt }"",""{ length: weeks }""]",Not End-To-End Verified,"Reachability and role/club/union scope; all tabs, buttons, forms and modals; exact data source and pagination; loading/empty/error states; receipt and concurrency for mutations; stale session/cache/reload/reconnect; desktop/mobile/touch/keyboard/accessibility; tests and deployed behavior"
src/pages/InvitePage.tsx,runtime-or-tooling-source,11,"[""invite/:clubId""]","[""src/App.tsx""]","[""src/components/common/PageSkeleton.tsx"",""src/components/common/Toast.tsx"",""src/core/MasterBus.ts"",""src/hooks/useAuthUser.ts"",""src/hooks/useVisibilityRefresh.ts"",""src/lib/supabase.ts"",""src/pages/InvitePage.css"",""src/services/ClubJoinService.ts"",""src/utils/avatarGenerator.ts"",""src/utils/clubIdResolver.ts"",""src/utils/errorReporter.ts"",""src/utils/mediaBase.ts"",""src/utils/safeErrorMessage.ts""]",77,"[""atomic_deduct_wallet_and_log"",""atomic_seat_cashout_locked"",""ca_union_statement_board"",""calculate_agent_settlement"",""calculate_agent_spread"",""calculate_cascading_commission"",""fn_admin_kick_player"",""fn_admin_remove_player_chips"",""fn_admin_update_agent"",""fn_agent_attach_player"",""fn_agent_claim_commission"",""fn_agent_downline_commission"",""fn_agent_unsettled_commission"",""fn_agent_wallet_claim_back"",""fn_agent_wallet_reversible"",""fn_agent_wallet_send"",""fn_apply_credit_payment"",""fn_batch_club_member_counts"",""fn_cancel_club_join_request"",""fn_cancel_managed_game_schedule"",""fn_cashout_approve"",""fn_cashout_queue"",""fn_cashout_release"",""fn_cashout_request"",""fn_check_level_advancement"",""fn_claim_referral_milestone"",""fn_club_name_available"",""fn_create_agent"",""fn_create_club_atomic"",""fn_discover_clubs"",""fn_execute_managed_game_command"",""fn_execute_union_rakeback"",""fn_expire_stale_cashouts"",""fn_generate_all_credit_invoices"",""fn_generate_credit_invoice"",""fn_get_club_creation_eligibility"",""fn_get_club_entry_flags"",""fn_get_club_member_count"",""fn_get_game_management_health"",""fn_get_game_management_scale_health"",""fn_get_managed_game_command_receipt"",""fn_get_managed_game_command_receipts"",""fn_get_managed_game_contract_history"",""fn_get_managed_game_contracts"",""fn_join_club"",""fn_join_club_atomic"",""fn_list_managed_games"",""fn_member_leave_to_treasury"",""fn_pay_credit_invoice_from_wallet"",""fn_player_spendable_balance"",""fn_preview_club_join"",""fn_promo_disburse"",""fn_raise_financial_alert"",""fn_rakeback_settlement_status"",""fn_redeem_club_invite_code"",""fn_retire_settled_club"",""fn_run_pending_rakeback_settlement"",""fn_schedule_managed_game_close"",""fn_set_settlement_period_status"",""fn_tournament_primary_table"",""fn_track_club_entry_event"",""fn_wallet_type_transfer"",""generate_period_commissions"",""generate_period_settlements"",""get_current_settlement_period"",""get_user_level_stats"",""record_arena_session"",""redeem_referral_code"",""settle_club_rakeback"",""wallet_user_transfer""]","[""agent_commissions"",""agents"",""arena_sessions"",""atob(encoded)"",""cashout_requests"",""club-assets"",""club_challenges"",""club_members"",""clubs"",""commission_rate_audit"",""credit_invoices"",""credit_requests"",""diamond_transactions"",""disputes"",""financial_alerts"",""hand_history"",""messages"",""new Set(clubIds.filter((id): id is string => !!id).map((id) => `referral_${id}`))"",""notifications"",""profiles"",""rake_records"",""referral_codes"",""referral_redemptions"",""settlement_periods"",""state.leakSignals.entries()"",""state.previouslySeenQuestionIds"",""sub_agents"",""table_activity"",""table_seats"",""table_waitlist"",""tables"",""this.channelRegistry.entries()"",""this.subscriptions.entries()"",""unionMap.values()"",""union_admins"",""union_clubs"",""unions"",""uuidCache.entries()"",""wallet_transactions""]",Not End-To-End Verified,"Reachability and role/club/union scope; all tabs, buttons, forms and modals; exact data source and pagination; loading/empty/error states; receipt and concurrency for mutations; stale session/cache/reload/reconnect; desktop/mobile/touch/keyboard/accessibility; tests and deployed behavior"
src/pages/LeaderboardPage.tsx,runtime-or-tooling-source,11,"[""leaderboard""]","[""src/App.tsx"",""src/utils/ChunkPreloader.ts""]","[""src/components/avatars/PlayerAvatar.tsx"",""src/components/common/Toast.tsx"",""src/components/leaderboard/LeaderboardPrizeWizard.tsx"",""src/components/leaderboard/LeaderboardSettlementCard.tsx"",""src/core/MasterBus.ts"",""src/hooks/useAuthUser.ts"",""src/hooks/useVisibilityRefresh.ts"",""src/lib/export.ts"",""src/pages/LeaderboardPage.css"",""src/services/ClubsService.ts"",""src/services/LeaderboardService.ts"",""src/utils/clubScopedPath.ts"",""src/utils/errorReporter.ts"",""src/utils/leaderboardPrizePlans.ts"",""src/utils/retryFetch.ts""]",87,"[""atomic_deduct_wallet_and_log"",""atomic_seat_cashout_locked"",""ca_union_statement_board"",""calculate_agent_settlement"",""calculate_agent_spread"",""calculate_cascading_commission"",""fn_admin_kick_player"",""fn_admin_remove_player_chips"",""fn_admin_update_agent"",""fn_agent_attach_player"",""fn_agent_claim_commission"",""fn_agent_downline_commission"",""fn_agent_unsettled_commission"",""fn_agent_wallet_claim_back"",""fn_agent_wallet_reversible"",""fn_agent_wallet_send"",""fn_apply_credit_payment"",""fn_batch_club_member_counts"",""fn_cancel_club_join_request"",""fn_cancel_managed_game_schedule"",""fn_cashout_approve"",""fn_cashout_queue"",""fn_cashout_release"",""fn_cashout_request"",""fn_check_level_advancement"",""fn_claim_referral_milestone"",""fn_club_leaderboard_by_dates"",""fn_club_leaderboard_period_v2"",""fn_club_name_available"",""fn_club_tournament_stats"",""fn_create_agent"",""fn_create_club_atomic"",""fn_discover_clubs"",""fn_execute_managed_game_command"",""fn_execute_union_rakeback"",""fn_expire_stale_cashouts"",""fn_generate_all_credit_invoices"",""fn_generate_credit_invoice"",""fn_get_club_creation_eligibility"",""fn_get_club_entry_flags"",""fn_get_club_member_count"",""fn_get_game_management_health"",""fn_get_game_management_scale_health"",""fn_get_leaderboard_reward_plan"",""fn_get_leaderboard_reward_setup"",""fn_get_leaderboard_settlement_status"",""fn_get_managed_game_command_receipt"",""fn_get_managed_game_command_receipts"",""fn_get_managed_game_contract_history"",""fn_get_managed_game_contracts"",""fn_global_leaderboard_by_dates"",""fn_global_leaderboard_period"",""fn_join_club"",""fn_join_club_atomic"",""fn_leaderboard_period_window"",""fn_leaderboard_reward_contexts"",""fn_list_managed_games"",""fn_member_leave_to_treasury"",""fn_pay_credit_invoice_from_wallet"",""fn_player_spendable_balance"",""fn_preview_club_join"",""fn_promo_disburse"",""fn_raise_financial_alert"",""fn_rakeback_settlement_status"",""fn_redeem_club_invite_code"",""fn_retire_settled_club"",""fn_run_pending_rakeback_settlement"",""fn_save_leaderboard_reward_setup"",""fn_schedule_managed_game_close"",""fn_set_settlement_period_status"",""fn_tournament_primary_table"",""fn_track_club_entry_event"",""fn_union_leaderboard_period_v2"",""fn_user_rank_by_dates"",""fn_user_rank_global_by_dates"",""fn_user_rank_global_period"",""fn_user_rank_period"",""fn_wallet_type_transfer"",""generate_period_commissions"",""generate_period_settlements"",""get_current_settlement_period"",""get_user_level_stats"",""record_arena_session"",""redeem_referral_code"",""settle_club_rakeback"",""update_player_hand_stats"",""wallet_user_transfer""]","[""activeSessions.keys()"",""agent_commissions"",""agents"",""arena_sessions"",""atob(encoded)"",""cashout_requests"",""club-assets"",""club_challenges"",""club_members"",""clubs"",""commission_rate_audit"",""credit_invoices"",""credit_requests"",""diamond_transactions"",""disputes"",""financial_alerts"",""focusableElements"",""hand_history"",""messages"",""new Set(clubIds.filter((id): id is string => !!id).map((id) => `referral_${id}`))"",""notifications"",""player_stats"",""profiles"",""rake_records"",""referral_codes"",""referral_redemptions"",""settlement_periods"",""state.leakSignals.entries()"",""state.previouslySeenQuestionIds"",""statsMap.values()"",""sub_agents"",""table_activity"",""table_seats"",""table_waitlist"",""tables"",""this.channelRegistry.entries()"",""this.subscriptions.entries()"",""tournament_players"",""unionMap.values()"",""union_admins"",""union_clubs"",""unions"",""uuidCache.entries()"",""wallet_transactions"",""{ length: 5 }"",""{ length: group.length }""]",Not End-To-End Verified,"Reachability and role/club/union scope; all tabs, buttons, forms and modals; exact data source and pagination; loading/empty/error states; receipt and concurrency for mutations; stale session/cache/reload/reconnect; desktop/mobile/touch/keyboard/accessibility; tests and deployed behavior"
src/pages/MarketplacePage.tsx,runtime-or-tooling-source,11,"[""marketplace""]","[""src/App.tsx"",""src/utils/ChunkPreloader.ts""]","[""src/components/common/Toast.tsx"",""src/components/rewards/RewardsSurfaceHeader.tsx"",""src/core/MasterBus.ts"",""src/hooks/useAuthUser.ts"",""src/hooks/useIsMounted.ts"",""src/hooks/useVisibilityRefresh.ts"",""src/lib/supabase.ts"",""src/pages/MarketplacePage.module.css"",""src/pages/marketplace/DiamondsTab.tsx"",""src/pages/marketplace/ManageTab.tsx"",""src/pages/marketplace/MembershipTab.tsx"",""src/pages/marketplace/MyItemsTab.tsx"",""src/pages/marketplace/StoreTab.tsx"",""src/pages/marketplace/marketplaceShared.ts"",""src/stores/useUserStore.ts"",""src/utils/clubIdResolver.ts"",""src/utils/errorReporter.ts"",""src/utils/format.ts"",""src/utils/popupStyle.ts"",""src/utils/retryAsync.ts""]",150,"[""atomic_deduct_wallet_and_log"",""atomic_seat_cashout_locked"",""ca_union_statement_board"",""calculate_agent_settlement"",""calculate_agent_spread"",""calculate_cascading_commission"",""fn_admin_kick_player"",""fn_admin_remove_player_chips"",""fn_admin_update_agent"",""fn_agent_attach_player"",""fn_agent_claim_commission"",""fn_agent_downline_commission"",""fn_agent_unsettled_commission"",""fn_agent_wallet_claim_back"",""fn_agent_wallet_reversible"",""fn_agent_wallet_send"",""fn_apply_credit_payment"",""fn_batch_club_member_counts"",""fn_cancel_club_join_request"",""fn_cancel_managed_game_schedule"",""fn_cashout_approve"",""fn_cashout_queue"",""fn_cashout_release"",""fn_cashout_request"",""fn_check_level_advancement"",""fn_claim_referral_milestone"",""fn_club_name_available"",""fn_create_agent"",""fn_create_club_atomic"",""fn_discover_clubs"",""fn_execute_managed_game_command"",""fn_execute_union_rakeback"",""fn_expire_stale_cashouts"",""fn_generate_all_credit_invoices"",""fn_generate_credit_invoice"",""fn_get_club_creation_eligibility"",""fn_get_club_entry_flags"",""fn_get_club_member_count"",""fn_get_game_management_health"",""fn_get_game_management_scale_health"",""fn_get_managed_game_command_receipt"",""fn_get_managed_game_command_receipts"",""fn_get_managed_game_contract_history"",""fn_get_managed_game_contracts"",""fn_join_club"",""fn_join_club_atomic"",""fn_list_managed_games"",""fn_member_leave_to_treasury"",""fn_pay_credit_invoice_from_wallet"",""fn_player_spendable_balance"",""fn_preview_club_join"",""fn_promo_disburse"",""fn_raise_financial_alert"",""fn_rakeback_settlement_status"",""fn_redeem_club_invite_code"",""fn_redeem_shop_item"",""fn_retire_settled_club"",""fn_run_pending_rakeback_settlement"",""fn_schedule_managed_game_close"",""fn_set_settlement_period_status"",""fn_tournament_primary_table"",""fn_track_club_entry_event"",""fn_wallet_type_transfer"",""generate_period_commissions"",""generate_period_settlements"",""get_current_settlement_period"",""get_user_level_stats"",""record_arena_session"",""redeem_referral_code"",""settle_club_rakeback"",""wallet_user_transfer""]","[""agent_commissions"",""agents"",""arena_sessions"",""atob(encoded)"",""avatar_unlocks"",""cashout_requests"",""club-assets"",""club_challenges"",""club_members"",""club_shop_inventory"",""club_shop_items"",""clubs"",""commission_rate_audit"",""credit_invoices"",""credit_requests"",""diamond_transactions"",""disputes"",""feature_purchases"",""financial_alerts"",""hand_history"",""messages"",""modalRef.current?.querySelectorAll<HTMLElement>(\n          'button:not([disabled]), a[href], input:not([disabled]), select:not([disabled]), [tabindex]:not([tabindex=\""-1\""])'\n        ) ?? []"",""new Set(\n        normalizedAvatarLedger\n          .map(({ styleToken }) => styleToken)\n          .filter((styleToken) => styleTokens.has(styleToken))\n      )"",""new Set(\n      [\n        ...(themeAssets.data || [])\n          .filter((row) => row.category === 'theme_id')\n          .map((row) => String(row.asset_id)),\n        // Legacy rows remain readable during rolling deployment and preserve the\n        // receipt trail; the migration backfills every recognised one above.\n        ...(th.data || []).map((row) => normalizeThemePresetId(String(row.theme_id))),\n      ].filter((themeId): themeId is string => !!themeId)\n    )"",""new Set((av.data || []).map((row) => String(row.avatar_id)))"",""new Set(clubIds.filter((id): id is string => !!id).map((id) => `referral_${id}`))"",""notifications"",""profiles"",""rake_records"",""referral_codes"",""referral_redemptions"",""root.querySelectorAll<HTMLElement>(\n          'button:not([disabled]), [href], input:not([disabled]), select:not([disabled]), textarea:not([disabled]), [tabindex]:not([tabindex=\""-1\""])'\n        )"",""settlement_periods"",""state.leakSignals.entries()"",""state.previouslySeenQuestionIds"",""sub_agents"",""table_activity"",""table_seats"",""table_waitlist"",""tables"",""theme_asset_unlocks"",""theme_unlocks"",""this.channelRegistry.entries()"",""this.subscriptions.entries()"",""tokens"",""unionMap.values()"",""union_admins"",""union_clubs"",""unions"",""user_avatars"",""uuidCache.entries()"",""wallet_transactions""]",Not End-To-End Verified,"Reachability and role/club/union scope; all tabs, buttons, forms and modals; exact data source and pagination; loading/empty/error states; receipt and concurrency for mutations; stale session/cache/reload/reconnect; desktop/mobile/touch/keyboard/accessibility; tests and deployed behavior"
src/pages/MemberManagementPage.tsx,runtime-or-tooling-source,10;11,"[""clubs/:clubId/members/:userId""]","[""src/App.tsx"",""tests/components/players-casino-realism-pages.test.tsx""]","[""src/components/agent/ChipTransferModal.tsx"",""src/components/club/RoleBadge.tsx"",""src/components/common/PageSkeleton.tsx"",""src/components/common/Toast.tsx"",""src/core/MasterBus.ts"",""src/hooks/useAuthUser.ts"",""src/hooks/useIsMounted.ts"",""src/lib/supabase.ts"",""src/pages/MemberManagementPage.css"",""src/services/ClubRosterService.ts"",""src/types/clubRoles.ts"",""src/utils/avatarGenerator.ts"",""src/utils/clubIdResolver.ts"",""src/utils/errorReporter.ts"",""src/utils/safeErrorMessage.ts"",""src/utils/strictClubIdResolver.ts"",""src/utils/titleCase.ts""]",85,"[""atomic_deduct_wallet_and_log"",""atomic_seat_cashout_locked"",""ca_club_grantable_roles"",""ca_club_member_detail"",""ca_club_member_downline"",""ca_club_member_notes_update"",""ca_club_member_statistics"",""ca_club_members_export"",""ca_club_members_overview"",""ca_club_members_page"",""ca_club_members_summary"",""ca_union_statement_board"",""calculate_agent_settlement"",""calculate_agent_spread"",""calculate_cascading_commission"",""fn_admin_kick_player"",""fn_admin_remove_player_chips"",""fn_admin_update_agent"",""fn_agent_attach_player"",""fn_agent_claim_commission"",""fn_agent_downline_commission"",""fn_agent_unsettled_commission"",""fn_agent_wallet_claim_back"",""fn_agent_wallet_reversible"",""fn_agent_wallet_send"",""fn_apply_credit_payment"",""fn_batch_club_member_counts"",""fn_cancel_club_join_request"",""fn_cancel_managed_game_schedule"",""fn_cashout_approve"",""fn_cashout_queue"",""fn_cashout_release"",""fn_cashout_request"",""fn_check_level_advancement"",""fn_claim_referral_milestone"",""fn_club_cashier_members"",""fn_club_name_available"",""fn_club_set_member_role"",""fn_create_agent"",""fn_create_club_atomic"",""fn_discover_clubs"",""fn_execute_managed_game_command"",""fn_execute_union_rakeback"",""fn_expire_stale_cashouts"",""fn_generate_all_credit_invoices"",""fn_generate_credit_invoice"",""fn_get_club_creation_eligibility"",""fn_get_club_entry_flags"",""fn_get_club_member_count"",""fn_get_game_management_health"",""fn_get_game_management_scale_health"",""fn_get_managed_game_command_receipt"",""fn_get_managed_game_command_receipts"",""fn_get_managed_game_contract_history"",""fn_get_managed_game_contracts"",""fn_join_club"",""fn_join_club_atomic"",""fn_list_managed_games"",""fn_member_leave_to_treasury"",""fn_pay_credit_invoice_from_wallet"",""fn_player_spendable_balance"",""fn_preview_club_join"",""fn_promo_disburse"",""fn_raise_financial_alert"",""fn_rakeback_settlement_status"",""fn_redeem_club_invite_code"",""fn_retire_settled_club"",""fn_run_pending_rakeback_settlement"",""fn_schedule_managed_game_close"",""fn_set_settlement_period_status"",""fn_tournament_primary_table"",""fn_track_club_entry_event"",""fn_wallet_type_transfer"",""generate_period_commissions"",""generate_period_settlements"",""get_current_settlement_period"",""get_user_level_stats"",""record_arena_session"",""redeem_referral_code"",""settle_club_rakeback"",""viaClubBank ? 'fn_club_bank_send' : 'fn_agent_wallet_send'"",""wallet_user_transfer""]","[""agent_commissions"",""agents"",""arena_sessions"",""atob(encoded)"",""cashout_requests"",""club-assets"",""club_challenges"",""club_members"",""clubs"",""commission_rate_audit"",""credit_invoices"",""credit_requests"",""diamond_transactions"",""disputes"",""financial_alerts"",""hand_history"",""messages"",""modalRef.current?.querySelectorAll<HTMLElement>(\n            'button:not([disabled]), input:not([disabled]), select:not([disabled]), [tabindex]:not([tabindex=\""-1\""])'\n          ) ?? []"",""new Set(clubIds.filter((id): id is string => !!id).map((id) => `referral_${id}`))"",""notifications"",""profiles"",""rake_records"",""referral_codes"",""referral_redemptions"",""settlement_periods"",""state.leakSignals.entries()"",""state.previouslySeenQuestionIds"",""sub_agents"",""table_activity"",""table_seats"",""table_waitlist"",""tables"",""this.channelRegistry.entries()"",""this.subscriptions.entries()"",""unionMap.values()"",""union_admins"",""union_clubs"",""unions"",""uuidCache.entries()"",""wallet_transactions""]",Not End-To-End Verified,"Reachability and role/club/union scope; all tabs, buttons, forms and modals; exact data source and pagination; loading/empty/error states; receipt and concurrency for mutations; stale session/cache/reload/reconnect; desktop/mobile/touch/keyboard/accessibility; tests and deployed behavior"
src/pages/MultiTablePage.tsx,runtime-or-tooling-source,8;11,[],"[""src/components/table/PersistentTableLayer.tsx"",""src/utils/ChunkPreloader.ts""]","[""src/assets/lobby-button.webp"",""src/components/club/inTabLobbySurface.ts"",""src/components/common/TableErrorBoundary.tsx"",""src/components/common/Toast.tsx"",""src/components/navigation/GlobalHeader.tsx"",""src/components/quickactions/favoriteTables.ts"",""src/components/table/ActionPanel.tsx"",""src/components/table/HubFrame.tsx"",""src/components/table/LiveTablesBar.tsx"",""src/components/table/TableTabBar.tsx"",""src/context/InTabLobbyContext.tsx"",""src/core/MasterBus.ts"",""src/hooks/useAuthUser.ts"",""src/hooks/useMasterBusSubscription.ts"",""src/hooks/useUserTableSettings.ts"",""src/lib/appBase.ts"",""src/lib/bettingStructure.ts"",""src/lib/openExternal.ts"",""src/lib/quickJoinRanking.ts"",""src/lib/quickJoinSpins.ts"",""src/lib/sitOutDeadline.ts"",""src/lib/supabase.ts"",""src/pages/ClubHomePage.tsx"",""src/pages/HomePage.tsx"",""src/pages/MultiTablePage.css"",""src/pages/TablePage.tsx"",""src/pages/tournament/TournamentDetails.tsx"",""src/services/GameServerAPI.ts"",""src/services/SessionStatsService.ts"",""src/services/SoundService.ts"",""src/stores/useUserStore.ts"",""src/utils/clubQuickLink.ts"",""src/utils/formatGameTitle.ts"",""src/utils/gameCode.ts"",""src/utils/hubTab.ts"",""src/utils/lazyWithRetry.ts"",""src/utils/serverClock.ts"",""src/utils/swipeTarget.ts"",""src/utils/tabSlots.ts""]",1078,"[""'fn_complete_club_opening_setup' as never"",""accept_friendship"",""action === 'redeem' ? 'fn_redeem_tournament_ticket' : 'fn_cancel_tournament_ticket'"",""add_to_promo_wallet"",""atomic_deduct_wallet_and_log"",""atomic_seat_cashout_locked"",""atomic_table_buyin"",""atomic_table_rebuy"",""balance_tournament_tables"",""buy_streak_freeze"",""ca_club_activity"",""ca_club_dashboard_stats"",""ca_club_financials"",""ca_club_member_detail"",""ca_club_member_downline"",""ca_club_member_notes_update"",""ca_club_member_statistics"",""ca_club_members"",""ca_club_members_export"",""ca_club_members_overview"",""ca_club_members_page"",""ca_club_members_summary"",""ca_club_revenue"",""ca_club_tables"",""ca_club_top_players"",""ca_club_tournaments"",""ca_player_hands_v2"",""ca_player_stats_overview_v2"",""ca_player_stats_pulse"",""ca_union_statement_board"",""calculate_agent_settlement"",""calculate_agent_spread"",""calculate_cascading_commission"",""claim_daily_challenges"",""fn"",""fn_achievement_record_progress"",""fn_admin_kick_player"",""fn_admin_remove_player_chips"",""fn_admin_update_agent"",""fn_agent_attach_player"",""fn_agent_claim_commission"",""fn_agent_downline_commission"",""fn_agent_downline_rake"",""fn_agent_downline_rake_summary"",""fn_agent_unsettled_commission"",""fn_agent_wallet_claim_back"",""fn_agent_wallet_reversible"",""fn_agent_wallet_send"",""fn_apply_credit_payment"",""fn_apply_mystery_bounty_config"",""fn_batch_club_member_counts"",""fn_batch_club_realtime_active_counts"",""fn_batch_club_realtime_member_counts"",""fn_batch_union_realtime_active_counts"",""fn_batch_union_realtime_member_counts"",""fn_bbj_hand_detail"",""fn_bbj_pool_for_club"",""fn_bbj_recent_hits"",""fn_bump_friend_challenge_progress"",""fn_ca_chip_statement"",""fn_ca_club_hand_flags"",""fn_ca_daily_bonus_claim"",""fn_ca_daily_bonus_status"",""fn_ca_flag_hand"",""fn_ca_operator_read_hand"",""fn_ca_resolve_hand_flag"",""fn_can_i_create_a_union"",""fn_can_i_operate_the_union_network"",""fn_cancel_club_join_request"",""fn_cancel_managed_game_schedule"",""fn_cash_effective_buyin"",""fn_cash_game_join"",""fn_cash_game_lobby"",""fn_cash_seat_change_cancel"",""fn_cash_seat_change_request"",""fn_cash_vpip_status"",""fn_cashier_batch_transfer"",""fn_cashout_approve"",""fn_cashout_queue"",""fn_cashout_release"",""fn_cashout_request"",""fn_cast_tournament_deal_vote"",""fn_check_level_advancement"",""fn_claim_referral_milestone"",""fn_club_bank_claim_back"",""fn_club_bank_ledger"",""fn_club_bank_reverse"",""fn_club_bank_send"",""fn_club_cashier_members"",""fn_club_cashier_members_page_v3"",""fn_club_leaderboard_by_dates"",""fn_club_leaderboard_period_v2"",""fn_club_member_counts"",""fn_club_money_panel"",""fn_club_name_available"",""fn_club_set_member_role"",""fn_club_tournament_stats"",""fn_club_trade_ledger"",""fn_community_search"",""fn_consume_feature_use"",""fn_create_agent"",""fn_create_club_atomic"",""fn_create_tournament"",""fn_discover_clubs"",""fn_dismiss_club_message"",""fn_dispute_escalate"",""fn_dispute_start_review"",""fn_execute_managed_game_command"",""fn_execute_union_rakeback"",""fn_expire_stale_cashouts"",""fn_game_creation_access"",""fn_generate_all_credit_invoices"",""fn_generate_credit_invoice"",""fn_get_club_creation_eligibility"",""fn_get_club_entry_flags"",""fn_get_club_entry_message"",""fn_get_club_member_count"",""fn_get_club_realtime_member_count"",""fn_get_game_management_health"",""fn_get_game_management_scale_health"",""fn_get_leaderboard_reward_plan"",""fn_get_leaderboard_reward_setup"",""fn_get_leaderboard_settlement_status"",""fn_get_managed_game_command_receipt"",""fn_get_managed_game_command_receipts"",""fn_get_managed_game_contract_history"",""fn_get_managed_game_contracts"",""fn_get_player_search_preferences"",""fn_get_table_watch_access"",""fn_global_leaderboard_by_dates"",""fn_global_leaderboard_period"",""fn_hand_rake_breakdown"",""fn_increment_vip_usage"",""fn_join_club"",""fn_join_club_atomic"",""fn_leaderboard_period_window"",""fn_leaderboard_reward_contexts"",""fn_leave_seat_and_refund"",""fn_list_managed_games"",""fn_maintenance_break_state"",""fn_mark_table_setting_touched"",""fn_member_leave_to_treasury"",""fn_mint_chips_from_diamonds"",""fn_mutate_table_studio_preferences"",""fn_my_agent_roles"",""fn_my_wallet_ledger"",""fn_mystery_bounty_awards"",""fn_mystery_bounty_inventory"",""fn_mystery_bounty_leaderboard"",""fn_mystery_bounty_reveal"",""fn_mystery_bounty_table_state"",""fn_owner_start_tournament_now"",""fn_pay_credit_invoice_from_wallet"",""fn_player_spendable_balance"",""fn_preview_club_join"",""fn_promo_disburse"",""fn_promo_wallet_ledger"",""fn_promo_wallet_send"",""fn_purchase_feature"",""fn_purchase_time_banks_v2"",""fn_raise_financial_alert"",""fn_rakeback_settlement_status"",""fn_record_card_slide_usage"",""fn_record_cashier_operation"",""fn_redeem_club_invite_code"",""fn_redeem_shop_item"",""fn_register_for_tournament"",""fn_remove_settled_club_member"",""fn_request_chips"",""fn_request_manual_bomb_pot"",""fn_resolve_ads"",""fn_resolve_dispute"",""fn_respond_chip_request"",""fn_respond_friend_challenge"",""fn_retire_settled_club"",""fn_run_pending_rakeback_settlement"",""fn_save_leaderboard_reward_setup"",""fn_schedule_managed_game_close"",""fn_search_players"",""fn_seed_table_studio_preferences"",""fn_set_club_lobby_message"",""fn_set_interface_theme"",""fn_set_player_search_preferences"",""fn_set_settlement_period_status"",""fn_spin_leaderboards"",""fn_table_chat_is_silenced"",""fn_take_seat_and_buy_in"",""fn_time_bank_allowance"",""fn_tournament_primary_table"",""fn_track_club_entry_event"",""fn_union_leaderboard_period_v2"",""fn_union_player_directory"",""fn_union_send_to_member"",""fn_unregister_from_tournament"",""fn_use_throwable_v2"",""fn_user_rank_by_dates"",""fn_user_rank_global_by_dates"",""fn_user_rank_global_period"",""fn_user_rank_period"",""fn_wallet_type_transfer"",""generate_period_commissions"",""generate_period_settlements"",""get_club_home"",""get_club_players_playing"",""get_current_settlement_period"",""get_daily_challenge_dashboard_v3"",""get_mutual_friends"",""get_user_level_stats"",""increment_tournament_rake"",""isPromoPull ? 'fn_union_clawback_promo_from_club' : 'fn_union_clawback_from_club'"",""process_tournament_rebuy"",""promoSendRpc(promoSource)"",""recompute_club_levels"",""record_arena_session"",""record_daily_mission_operation"",""redeem_referral_code"",""reroll_daily_challenge"",""settle_club_rakeback"",""update_player_hand_stats"",""viaClubBank ? 'fn_club_bank_send' : 'fn_agent_wallet_send'"",""wallet_user_transfer""]","[""'club_opening_setups' as never"",""String(text ?? '')"",""activeDialog?.querySelectorAll<HTMLElement>(\n          'button:not([disabled]), input:not([disabled]), select:not([disabled]), [tabindex=\""0\""]'\n        ) || []"",""activeSessions.keys()"",""ad_event"",""agent_commissions"",""agents"",""arena_sessions"",""atob(encoded)"",""avatar_unlocks"",""bbj_pools"",""bbj_stakes_tiers"",""byId.values()"",""ca_hand_facts"",""ca_hand_flags"",""ca_hand_notes"",""ca_stat_distribution"",""candidateClubIds"",""cash_games"",""cashout_requests"",""chipAnimStartedAtRef.current.keys()"",""chip_ledger"",""chip_requests"",""client_crash_log"",""club-assets"",""club_challenges"",""club_chat"",""club_members"",""club_shop_inventory"",""club_shop_items"",""clubs"",""commission_rate_audit"",""conversations"",""credit_invoices"",""credit_requests"",""customization_operations"",""daily_challenge_dashboard_revisions"",""dialogRef.current.querySelectorAll<HTMLElement>(\n          'a[href], button:not(:disabled), input:not(:disabled), select:not(:disabled), textarea:not(:disabled), [tabindex]:not([tabindex=\""-1\""])'\n        )"",""dialogRef.current?.querySelectorAll<HTMLElement>(\n          'button:not([disabled]), [href], [tabindex=\""0\""]'\n        ) || []"",""dialogRef.current?.querySelectorAll<HTMLElement>(\n          'button:not([disabled]), input:not([disabled]), [href], [tabindex=\""0\""]'\n        ) || []"",""dialogRef.current?.querySelectorAll<HTMLElement>(\n        'button:not([disabled]), textarea:not([disabled]), input:not([disabled]), a[href]'\n      ) || []"",""diamond_transactions"",""disputes"",""drawer.querySelectorAll<HTMLElement>(\n          'button:not([disabled]), [href], input:not([disabled]), select:not([disabled]), textarea:not([disabled]), [tabindex]:not([tabindex=\""-1\""])'\n        )"",""engineSeen.keys()"",""event.currentTarget.querySelectorAll<HTMLButtonElement>('[role=\""tab\""]')"",""favorite_tables"",""feature_pricing"",""feature_purchases"",""financial_alerts"",""focusableElements"",""friendIds"",""friend_challenges"",""friendships"",""hand_discards"",""hand_history"",""horse_bug_reports"",""ids"",""images"",""items"",""messages"",""modalRef.current?.querySelectorAll<HTMLElement>(\n          'button:not([disabled]), a[href], input:not([disabled]), select:not([disabled]), [tabindex]:not([tabindex=\""-1\""])'\n        ) ?? []"",""new Set(\n        normalizedAvatarLedger\n          .map(({ styleToken }) => styleToken)\n          .filter((styleToken) => styleTokens.has(styleToken))\n      )"",""new Set(\n      [\n        ...(themeAssets.data || [])\n          .filter((row) => row.category === 'theme_id')\n          .map((row) => String(row.asset_id)),\n        // Legacy rows remain readable during rolling deployment and preserve the\n        // receipt trail; the migration backfills every recognised one above.\n        ...(th.data || []).map((row) => normalizeThemePresetId(String(row.theme_id))),\n      ].filter((themeId): themeId is string => !!themeId)\n    )"",""new Set((av.data || []).map((row) => String(row.avatar_id)))"",""new Set([\n          ...(out || []).map((r) => r.friend_id as string),\n          ...(inn || []).map((r) => r.user_id as string),\n        ])"",""new Set([tableClubId, club].filter(Boolean) as string[])"",""new Set(clubIds.filter((id): id is string => !!id).map((id) => `referral_${id}`))"",""new Set(entries.map((e) => e.userId).filter(Boolean))"",""new Set(entries.map((e) => e.user_id).filter(Boolean))"",""new Set(ids)"",""new Set(mySeats.map((s: { table_id: string }) => s.table_id).filter(Boolean))"",""new Set(rows.map((r) => r.table_id).filter(Boolean))"",""new Set(rows.map((r) => r.user_id).filter(Boolean))"",""new Set(seatedUserIds.filter((id): id is string => typeof id === 'string' && id.length > 0))"",""node.querySelectorAll<HTMLElement>(\n        'button:not([disabled]), [href], input:not([disabled]), [tabindex]:not([tabindex=\""-1\""])'\n      )"",""node.querySelectorAll<HTMLElement>(\n        'button:not([disabled]), input:not([disabled]), [tabindex]:not([tabindex=\""-1\""])'\n      )"",""notifications"",""openIds"",""overrides.keys()"",""panelRef.current.querySelectorAll<HTMLElement>(FOCUSABLE)"",""pickerRef.current?.querySelectorAll<HTMLElement>('[role=\""option\""]') || []"",""player_notes"",""player_stats"",""presenceMap.values()"",""profiles"",""rake_records"",""referral_codes"",""referral_redemptions"",""root.querySelectorAll<HTMLElement>(\n          'button:not([disabled]), [href], input, select, textarea, [tabindex]:not([tabindex=\""-1\""])'\n        )"",""root.querySelectorAll<HTMLElement>(\n          'button:not([disabled]), [href], input:not([disabled]), select:not([disabled]), textarea:not([disabled]), [tabindex]:not([tabindex=\""-1\""])'\n        )"",""rungs"",""session_history"",""settlement_invoices"",""settlement_locks"",""settlement_periods"",""sittingOutIdsRef.current"",""state.leakSignals.entries()"",""state.previouslySeenQuestionIds"",""statsMap.values()"",""sub_agents"",""table_activity"",""table_chat"",""table_hole_cards"",""table_seats"",""table_waitlist"",""tables"",""tabsRowRef.current.querySelectorAll<HTMLElement>('[data-tabid]')"",""theme_asset_unlocks"",""theme_unlocks"",""this.active.values()"",""this.channelRegistry.entries()"",""this.laneProgress.keys()"",""this.listeners"",""this.peers.keys()"",""this.processed.keys()"",""this.subscriptions.entries()"",""throw_usage"",""tokens"",""tournament_bounties"",""tournament_deal_votes"",""tournament_players"",""tournament_registration_approvals"",""tournament_tickets"",""tournament_waitlists"",""tournaments"",""training_user_achievements"",""unionMap.values()"",""union_admins"",""union_clubs"",""union_wallet_transactions"",""unions"",""unique.values()"",""user_avatars"",""user_blocks"",""user_daily_challenges"",""user_daily_rewards"",""user_feedback"",""user_lobby_filters"",""user_lucky_wheel_spins"",""user_notification_preferences"",""user_table_settings"",""user_table_studio_preferences"",""user_theme_settings"",""users"",""uuidCache.entries()"",""v_spin_tier_availability"",""vip_feature_usage_monthly"",""wallet_transactions"",""{\n          length: Math.max(currentBets.length, recorded.length),\n        }"",""{\n          length: Math.max(finalBets.length, finalRecorded.length),\n        }"",""{ length: 14 }"",""{ length: 16 }"",""{ length: 20 }"",""{ length: 3 }"",""{ length: 4 }"",""{ length: 46 }"",""{ length: 5 }"",""{ length: 7 }"",""{ length: 8 }"",""{ length: 9 }"",""{ length: Math.min(chipCount, 5) }"",""{ length: SEGMENTS }"",""{ length: backs }"",""{ length: cap }"",""{ length: celebration.confettiPieces }"",""{ length: compactLobby ? 3 : 4 }"",""{ length: count }"",""{ length: emptySlots > 0 ? 1 : 0 }"",""{ length: entry.capacity }"",""{ length: faceDownCount }"",""{ length: group.length }"",""{ length: itemCount }"",""{ length: lines }"",""{ length: muckCount }"",""{ length: opponentCardCount }"",""{ length: particleCount }"",""{ length: runsOnFelt }"",""{ length: safeTotal }"",""{ length: t.max_players }"",""{ length: tier === 'daily' ? 5 : tier === 'weekly' ? 3 : 2 }"",""{ length: undealt }"",""{ length: weeks }""]",Not End-To-End Verified,"Reachability and role/club/union scope; all tabs, buttons, forms and modals; exact data source and pagination; loading/empty/error states; receipt and concurrency for mutations; stale session/cache/reload/reconnect; desktop/mobile/touch/keyboard/accessibility; tests and deployed behavior"
src/pages/NavigateToMessenger.tsx,runtime-or-tooling-source,11,"[""clubs/:clubId/messages"",""messages"",""messages/new"",""messages/:conversationId"",""messages/clubs"",""messages/clubs/:conversationId""]","[""src/App.tsx"",""src/components/navigation/GlobalHeader.tsx"",""src/utils/ChunkPreloader.ts""]","[""src/lib/openExternal.ts""]",7,[],[],Not End-To-End Verified,"Reachability and role/club/union scope; all tabs, buttons, forms and modals; exact data source and pagination; loading/empty/error states; receipt and concurrency for mutations; stale session/cache/reload/reconnect; desktop/mobile/touch/keyboard/accessibility; tests and deployed behavior"
src/pages/NotFoundPage.tsx,runtime-or-tooling-source,11,"[""*""]","[""src/App.tsx""]","[""src/components/common/EmptyState.tsx""]",4,[],[],Not End-To-End Verified,"Reachability and role/club/union scope; all tabs, buttons, forms and modals; exact data source and pagination; loading/empty/error states; receipt and concurrency for mutations; stale session/cache/reload/reconnect; desktop/mobile/touch/keyboard/accessibility; tests and deployed behavior"
src/pages/NotificationCenter.tsx,runtime-or-tooling-source,10;11,"[""notification-center""]","[""src/App.tsx""]",[],1,[],[],Not End-To-End Verified,"Reachability and role/club/union scope; all tabs, buttons, forms and modals; exact data source and pagination; loading/empty/error states; receipt and concurrency for mutations; stale session/cache/reload/reconnect; desktop/mobile/touch/keyboard/accessibility; tests and deployed behavior"
src/pages/NotificationsPage.tsx,runtime-or-tooling-source,10;11,"[""notifications""]","[""src/App.tsx"",""src/utils/ChunkPreloader.ts""]","[""src/components/account/AccountSurfaceHeader.tsx"",""src/components/notifications/PushEnableBanner.tsx"",""src/core/MasterBus.ts"",""src/hooks/useAuthUser.ts"",""src/hooks/useMasterBusChannel.ts"",""src/hooks/useVisibilityRefresh.ts"",""src/lib/openExternal.ts"",""src/lib/supabase.ts"",""src/pages/NotificationsPage.css""]",82,"[""atomic_deduct_wallet_and_log"",""atomic_seat_cashout_locked"",""ca_union_statement_board"",""calculate_agent_settlement"",""calculate_agent_spread"",""calculate_cascading_commission"",""fn_admin_kick_player"",""fn_admin_remove_player_chips"",""fn_admin_update_agent"",""fn_agent_attach_player"",""fn_agent_claim_commission"",""fn_agent_downline_commission"",""fn_agent_unsettled_commission"",""fn_agent_wallet_claim_back"",""fn_agent_wallet_reversible"",""fn_agent_wallet_send"",""fn_apply_credit_payment"",""fn_batch_club_member_counts"",""fn_cancel_club_join_request"",""fn_cancel_managed_game_schedule"",""fn_cashout_approve"",""fn_cashout_queue"",""fn_cashout_release"",""fn_cashout_request"",""fn_check_level_advancement"",""fn_claim_referral_milestone"",""fn_club_name_available"",""fn_create_agent"",""fn_create_club_atomic"",""fn_discover_clubs"",""fn_execute_managed_game_command"",""fn_execute_union_rakeback"",""fn_expire_stale_cashouts"",""fn_generate_all_credit_invoices"",""fn_generate_credit_invoice"",""fn_get_club_creation_eligibility"",""fn_get_club_entry_flags"",""fn_get_club_member_count"",""fn_get_game_management_health"",""fn_get_game_management_scale_health"",""fn_get_managed_game_command_receipt"",""fn_get_managed_game_command_receipts"",""fn_get_managed_game_contract_history"",""fn_get_managed_game_contracts"",""fn_join_club"",""fn_join_club_atomic"",""fn_list_managed_games"",""fn_member_leave_to_treasury"",""fn_pay_credit_invoice_from_wallet"",""fn_player_spendable_balance"",""fn_preview_club_join"",""fn_promo_disburse"",""fn_raise_financial_alert"",""fn_rakeback_settlement_status"",""fn_redeem_club_invite_code"",""fn_retire_settled_club"",""fn_run_pending_rakeback_settlement"",""fn_schedule_managed_game_close"",""fn_set_settlement_period_status"",""fn_tournament_primary_table"",""fn_track_club_entry_event"",""fn_wallet_type_transfer"",""generate_period_commissions"",""generate_period_settlements"",""get_current_settlement_period"",""get_user_level_stats"",""record_arena_session"",""redeem_referral_code"",""settle_club_rakeback"",""wallet_user_transfer""]","[""agent_commissions"",""agents"",""arena_sessions"",""atob(encoded)"",""cashout_requests"",""club-assets"",""club_challenges"",""club_members"",""clubs"",""commission_rate_audit"",""credit_invoices"",""credit_requests"",""diamond_transactions"",""disputes"",""financial_alerts"",""hand_history"",""messages"",""new Set(clubIds.filter((id): id is string => !!id).map((id) => `referral_${id}`))"",""notifications"",""profiles"",""rake_records"",""referral_codes"",""referral_redemptions"",""settlement_periods"",""state.leakSignals.entries()"",""state.previouslySeenQuestionIds"",""sub_agents"",""table_activity"",""table_seats"",""table_waitlist"",""tables"",""this.channelRegistry.entries()"",""this.subscriptions.entries()"",""unionMap.values()"",""union_admins"",""union_clubs"",""unions"",""uuidCache.entries()"",""wallet_transactions""]",Not End-To-End Verified,"Reachability and role/club/union scope; all tabs, buttons, forms and modals; exact data source and pagination; loading/empty/error states; receipt and concurrency for mutations; stale session/cache/reload/reconnect; desktop/mobile/touch/keyboard/accessibility; tests and deployed behavior"
src/pages/PlayerSessionsPage.tsx,runtime-or-tooling-source,11,[],[],"[""src/components/common/EmptyState.tsx"",""src/core/MasterBus.ts"",""src/hooks/useAuthUser.ts"",""src/hooks/useIsMounted.ts"",""src/hooks/useVisibilityRefresh.ts"",""src/lib/export.ts"",""src/lib/supabase.ts"",""src/pages/AdminDashboardPage.css"",""src/services/WalletService.ts"",""src/utils/clubIdResolver.ts"",""src/utils/errorReporter.ts"",""src/utils/format.ts"",""src/utils/playerDisplayName.ts"",""src/utils/retryFetch.ts"",""src/utils/safeErrorMessage.ts""]",77,"[""atomic_deduct_wallet_and_log"",""atomic_seat_cashout_locked"",""ca_union_statement_board"",""calculate_agent_settlement"",""calculate_agent_spread"",""calculate_cascading_commission"",""fn_admin_kick_player"",""fn_admin_remove_player_chips"",""fn_admin_update_agent"",""fn_agent_attach_player"",""fn_agent_claim_commission"",""fn_agent_downline_commission"",""fn_agent_unsettled_commission"",""fn_agent_wallet_claim_back"",""fn_agent_wallet_reversible"",""fn_agent_wallet_send"",""fn_apply_credit_payment"",""fn_batch_club_member_counts"",""fn_cancel_club_join_request"",""fn_cancel_managed_game_schedule"",""fn_cashout_approve"",""fn_cashout_queue"",""fn_cashout_release"",""fn_cashout_request"",""fn_check_level_advancement"",""fn_claim_referral_milestone"",""fn_club_name_available"",""fn_create_agent"",""fn_create_club_atomic"",""fn_discover_clubs"",""fn_execute_managed_game_command"",""fn_execute_union_rakeback"",""fn_expire_stale_cashouts"",""fn_generate_all_credit_invoices"",""fn_generate_credit_invoice"",""fn_get_club_creation_eligibility"",""fn_get_club_entry_flags"",""fn_get_club_member_count"",""fn_get_game_management_health"",""fn_get_game_management_scale_health"",""fn_get_managed_game_command_receipt"",""fn_get_managed_game_command_receipts"",""fn_get_managed_game_contract_history"",""fn_get_managed_game_contracts"",""fn_join_club"",""fn_join_club_atomic"",""fn_list_managed_games"",""fn_member_leave_to_treasury"",""fn_pay_credit_invoice_from_wallet"",""fn_player_spendable_balance"",""fn_preview_club_join"",""fn_promo_disburse"",""fn_raise_financial_alert"",""fn_rakeback_settlement_status"",""fn_redeem_club_invite_code"",""fn_retire_settled_club"",""fn_run_pending_rakeback_settlement"",""fn_schedule_managed_game_close"",""fn_set_settlement_period_status"",""fn_tournament_primary_table"",""fn_track_club_entry_event"",""fn_wallet_type_transfer"",""generate_period_commissions"",""generate_period_settlements"",""get_current_settlement_period"",""get_user_level_stats"",""record_arena_session"",""redeem_referral_code"",""settle_club_rakeback"",""wallet_user_transfer""]","[""agent_commissions"",""agents"",""arena_sessions"",""atob(encoded)"",""cashout_requests"",""chip_transactions"",""club-assets"",""club_challenges"",""club_members"",""clubs"",""commission_rate_audit"",""credit_invoices"",""credit_requests"",""diamond_transactions"",""disputes"",""financial_alerts"",""hand_history"",""messages"",""new Set(clubIds.filter((id): id is string => !!id).map((id) => `referral_${id}`))"",""notifications"",""player_notes"",""profiles"",""rake_records"",""referral_codes"",""referral_redemptions"",""settlement_periods"",""state.leakSignals.entries()"",""state.previouslySeenQuestionIds"",""sub_agents"",""table_activity"",""table_seats"",""table_waitlist"",""tables"",""this.channelRegistry.entries()"",""this.subscriptions.entries()"",""unionMap.values()"",""union_admins"",""union_clubs"",""unions"",""uuidCache.entries()"",""wallet_transactions""]",Not End-To-End Verified,"Reachability and role/club/union scope; all tabs, buttons, forms and modals; exact data source and pagination; loading/empty/error states; receipt and concurrency for mutations; stale session/cache/reload/reconnect; desktop/mobile/touch/keyboard/accessibility; tests and deployed behavior"
src/pages/PlayerStatisticsPage.tsx,runtime-or-tooling-source,9;11,"[""clubs/:clubId/members/:userId/statistics""]","[""src/App.tsx"",""tests/components/players-casino-realism-pages.test.tsx""]","[""src/components/common/PageSkeleton.tsx"",""src/components/common/Toast.tsx"",""src/hooks/useIsMounted.ts"",""src/pages/PlayerStatisticsPage.css"",""src/services/ClubRosterService.ts"",""src/utils/clubIdResolver.ts"",""src/utils/errorReporter.ts"",""src/utils/strictClubIdResolver.ts"",""src/utils/titleCase.ts""]",22,"[""ca_club_member_detail"",""ca_club_member_downline"",""ca_club_member_notes_update"",""ca_club_member_statistics"",""ca_club_members_export"",""ca_club_members_overview"",""ca_club_members_page"",""ca_club_members_summary""]","[""atob(encoded)"",""clubs"",""merged"",""uuidCache.entries()""]",Not End-To-End Verified,"Reachability and role/club/union scope; all tabs, buttons, forms and modals; exact data source and pagination; loading/empty/error states; receipt and concurrency for mutations; stale session/cache/reload/reconnect; desktop/mobile/touch/keyboard/accessibility; tests and deployed behavior"
src/pages/PlayerStatsPage.tsx,runtime-or-tooling-source,9;11,"[""stats"",""stats/:userId""]","[""src/App.tsx"",""src/utils/ChunkPreloader.ts"",""tests/components/player-stats-page-renders.test.tsx""]","[""src/components/agent/DownlineRakePanel.tsx"",""src/components/common/PageSkeleton.tsx"",""src/components/common/Toast.tsx"",""src/components/stats/AdvancedStatsSummary.tsx"",""src/components/stats/BankrollTracker.tsx"",""src/components/stats/BenchmarkPanel.tsx"",""src/components/stats/EVLuckChart.tsx"",""src/components/stats/HoleCardHeatmap.tsx"",""src/components/stats/NemesisPanel.tsx"",""src/components/stats/PositionWinRates.tsx"",""src/components/stats/PositionalRadar.tsx"",""src/components/stats/SessionHistory.tsx"",""src/components/stats/StatsCharts.tsx"",""src/components/stats/StatsShareCard.tsx"",""src/components/stats/TrophyRoom.tsx"",""src/components/stats/playerStyleFromStats.ts"",""src/components/stats/statsIntelligenceBrief.ts"",""src/components/stats/statsMotion.ts"",""src/core/MasterBus.ts"",""src/hooks/useAuthUser.ts"",""src/hooks/useIsMounted.ts"",""src/hooks/useStatsPulse.ts"",""src/hooks/useSwipeTabs.ts"",""src/lib/analytics.ts"",""src/lib/export.ts"",""src/lib/localTime.ts"",""src/lib/statsCache.ts"",""src/lib/supabase.ts"",""src/pages/PlayerStatsPage.css"",""src/pages/stats/AnalysisTab.tsx"",""src/pages/stats/HandsTab.tsx"",""src/pages/stats/OverviewTab.tsx"",""src/pages/stats/PerformanceTab.tsx"",""src/pages/stats/PositionsTab.tsx"",""src/pages/stats/RakeTab.tsx"",""src/pages/stats/TournamentsTab.tsx"",""src/pages/stats/TrophiesTab.tsx"",""src/pages/stats/types.ts"",""src/services/AgentRakeService.ts"",""src/services/StatsFactsService.ts"",""src/services/statsContract.ts"",""src/utils/errorReporter.ts"",""src/utils/retryFetch.ts""]",133,"[""atomic_deduct_wallet_and_log"",""atomic_seat_cashout_locked"",""ca_player_hands_v2"",""ca_player_stats_overview_v2"",""ca_player_stats_pulse"",""ca_union_statement_board"",""calculate_agent_settlement"",""calculate_agent_spread"",""calculate_cascading_commission"",""fn"",""fn_admin_kick_player"",""fn_admin_remove_player_chips"",""fn_admin_update_agent"",""fn_agent_attach_player"",""fn_agent_claim_commission"",""fn_agent_downline_commission"",""fn_agent_downline_rake"",""fn_agent_downline_rake_summary"",""fn_agent_unsettled_commission"",""fn_agent_wallet_claim_back"",""fn_agent_wallet_reversible"",""fn_agent_wallet_send"",""fn_apply_credit_payment"",""fn_batch_club_member_counts"",""fn_cancel_club_join_request"",""fn_cancel_managed_game_schedule"",""fn_cashout_approve"",""fn_cashout_queue"",""fn_cashout_release"",""fn_cashout_request"",""fn_check_level_advancement"",""fn_claim_referral_milestone"",""fn_club_name_available"",""fn_create_agent"",""fn_create_club_atomic"",""fn_discover_clubs"",""fn_execute_managed_game_command"",""fn_execute_union_rakeback"",""fn_expire_stale_cashouts"",""fn_generate_all_credit_invoices"",""fn_generate_credit_invoice"",""fn_get_club_creation_eligibility"",""fn_get_club_entry_flags"",""fn_get_club_member_count"",""fn_get_game_management_health"",""fn_get_game_management_scale_health"",""fn_get_managed_game_command_receipt"",""fn_get_managed_game_command_receipts"",""fn_get_managed_game_contract_history"",""fn_get_managed_game_contracts"",""fn_join_club"",""fn_join_club_atomic"",""fn_list_managed_games"",""fn_member_leave_to_treasury"",""fn_my_agent_roles"",""fn_pay_credit_invoice_from_wallet"",""fn_player_spendable_balance"",""fn_preview_club_join"",""fn_promo_disburse"",""fn_raise_financial_alert"",""fn_rakeback_settlement_status"",""fn_redeem_club_invite_code"",""fn_retire_settled_club"",""fn_run_pending_rakeback_settlement"",""fn_schedule_managed_game_close"",""fn_set_settlement_period_status"",""fn_tournament_primary_table"",""fn_track_club_entry_event"",""fn_wallet_type_transfer"",""generate_period_commissions"",""generate_period_settlements"",""get_current_settlement_period"",""get_user_level_stats"",""record_arena_session"",""redeem_referral_code"",""settle_club_rakeback"",""wallet_user_transfer""]","[""agent_commissions"",""agents"",""arena_sessions"",""atob(encoded)"",""ca_stat_distribution"",""cashout_requests"",""client_crash_log"",""club-assets"",""club_challenges"",""club_members"",""clubs"",""commission_rate_audit"",""credit_invoices"",""credit_requests"",""diamond_transactions"",""disputes"",""financial_alerts"",""hand_history"",""messages"",""new Set(clubIds.filter((id): id is string => !!id).map((id) => `referral_${id}`))"",""notifications"",""profiles"",""rake_records"",""referral_codes"",""referral_redemptions"",""settlement_periods"",""state.leakSignals.entries()"",""state.previouslySeenQuestionIds"",""sub_agents"",""table_activity"",""table_seats"",""table_waitlist"",""tables"",""this.channelRegistry.entries()"",""this.subscriptions.entries()"",""unionMap.values()"",""union_admins"",""union_clubs"",""unions"",""uuidCache.entries()"",""wallet_transactions""]",Not End-To-End Verified,"Reachability and role/club/union scope; all tabs, buttons, forms and modals; exact data source and pagination; loading/empty/error states; receipt and concurrency for mutations; stale session/cache/reload/reconnect; desktop/mobile/touch/keyboard/accessibility; tests and deployed behavior"
src/pages/PlayerWalletPage.tsx,runtime-or-tooling-source,4;11,"[""wallet""]","[""src/App.tsx"",""src/utils/ChunkPreloader.ts""]","[""src/components/common/Toast.tsx"",""src/components/common/confirmDialog.tsx"",""src/components/rewards/RewardsSurfaceHeader.tsx"",""src/components/wallet/ChipStatement.tsx"",""src/components/wallet/DepositWithdrawModal.tsx"",""src/components/wallet/DiamondWalletModal.tsx"",""src/components/wallet/DisputeSubmitModal.tsx"",""src/components/wallet/TransactionHistory.tsx"",""src/core/MasterBus.ts"",""src/hooks/useAuthUser.ts"",""src/hooks/useIsMounted.ts"",""src/hooks/useRealtimeFinancials.ts"",""src/hooks/useVisibilityRefresh.ts"",""src/lib/appBase.ts"",""src/lib/supabase.ts"",""src/pages/PlayerWalletPage.css"",""src/pages/marketplace/marketplaceShared.ts"",""src/services/DiamondService.ts"",""src/stores/useUserStore.ts"",""src/stores/useWalletStore.ts"",""src/utils/clubScopedPath.ts"",""src/utils/errorReporter.ts"",""src/utils/mediaBase.ts"",""src/utils/playerDisplayName.ts"",""src/utils/popupStyle.ts"",""src/utils/resolvePageClubId.ts""]",156,"[""atomic_deduct_wallet_and_log"",""atomic_seat_cashout_locked"",""ca_union_statement_board"",""calculate_agent_settlement"",""calculate_agent_spread"",""calculate_cascading_commission"",""fn_admin_kick_player"",""fn_admin_remove_player_chips"",""fn_admin_update_agent"",""fn_agent_attach_player"",""fn_agent_claim_commission"",""fn_agent_downline_commission"",""fn_agent_unsettled_commission"",""fn_agent_wallet_claim_back"",""fn_agent_wallet_reversible"",""fn_agent_wallet_send"",""fn_apply_credit_payment"",""fn_batch_club_member_counts"",""fn_ca_chip_statement"",""fn_cancel_club_join_request"",""fn_cancel_managed_game_schedule"",""fn_cashout_approve"",""fn_cashout_queue"",""fn_cashout_release"",""fn_cashout_request"",""fn_check_level_advancement"",""fn_claim_referral_milestone"",""fn_club_name_available"",""fn_create_agent"",""fn_create_club_atomic"",""fn_discover_clubs"",""fn_dispute_escalate"",""fn_dispute_start_review"",""fn_execute_managed_game_command"",""fn_execute_union_rakeback"",""fn_expire_stale_cashouts"",""fn_generate_all_credit_invoices"",""fn_generate_credit_invoice"",""fn_get_club_creation_eligibility"",""fn_get_club_entry_flags"",""fn_get_club_member_count"",""fn_get_game_management_health"",""fn_get_game_management_scale_health"",""fn_get_managed_game_command_receipt"",""fn_get_managed_game_command_receipts"",""fn_get_managed_game_contract_history"",""fn_get_managed_game_contracts"",""fn_join_club"",""fn_join_club_atomic"",""fn_list_managed_games"",""fn_member_leave_to_treasury"",""fn_pay_credit_invoice_from_wallet"",""fn_player_spendable_balance"",""fn_preview_club_join"",""fn_promo_disburse"",""fn_raise_financial_alert"",""fn_rakeback_settlement_status"",""fn_redeem_club_invite_code"",""fn_resolve_dispute"",""fn_retire_settled_club"",""fn_run_pending_rakeback_settlement"",""fn_schedule_managed_game_close"",""fn_set_settlement_period_status"",""fn_tournament_primary_table"",""fn_track_club_entry_event"",""fn_wallet_type_transfer"",""generate_period_commissions"",""generate_period_settlements"",""get_current_settlement_period"",""get_user_level_stats"",""record_arena_session"",""redeem_referral_code"",""settle_club_rakeback"",""wallet_user_transfer""]","[""agent_commissions"",""agents"",""arena_sessions"",""atob(encoded)"",""avatar_unlocks"",""byId.values()"",""cashout_requests"",""club-assets"",""club_challenges"",""club_members"",""clubs"",""commission_rate_audit"",""credit_invoices"",""credit_requests"",""diamond_transactions"",""disputes"",""feature_purchases"",""financial_alerts"",""friendships"",""hand_history"",""messages"",""new Set(\n        normalizedAvatarLedger\n          .map(({ styleToken }) => styleToken)\n          .filter((styleToken) => styleTokens.has(styleToken))\n      )"",""new Set(\n      [\n        ...(themeAssets.data || [])\n          .filter((row) => row.category === 'theme_id')\n          .map((row) => String(row.asset_id)),\n        // Legacy rows remain readable during rolling deployment and preserve the\n        // receipt trail; the migration backfills every recognised one above.\n        ...(th.data || []).map((row) => normalizeThemePresetId(String(row.theme_id))),\n      ].filter((themeId): themeId is string => !!themeId)\n    )"",""new Set((av.data || []).map((row) => String(row.avatar_id)))"",""new Set([\n          ...(out || []).map((r) => r.friend_id as string),\n          ...(inn || []).map((r) => r.user_id as string),\n        ])"",""new Set(clubIds.filter((id): id is string => !!id).map((id) => `referral_${id}`))"",""notifications"",""profiles"",""rake_records"",""referral_codes"",""referral_redemptions"",""root.querySelectorAll<HTMLElement>(\n          'button:not([disabled]), [href], input:not([disabled]), select:not([disabled]), textarea:not([disabled]), [tabindex]:not([tabindex=\""-1\""])'\n        )"",""settlement_periods"",""state.leakSignals.entries()"",""state.previouslySeenQuestionIds"",""sub_agents"",""table_activity"",""table_seats"",""table_waitlist"",""tables"",""theme_asset_unlocks"",""theme_unlocks"",""this.channelRegistry.entries()"",""this.subscriptions.entries()"",""unionMap.values()"",""union_admins"",""union_clubs"",""unions"",""uuidCache.entries()"",""wallet_transactions"",""{ length: 5 }"",""{ length: itemCount }""]",Not End-To-End Verified,"Reachability and role/club/union scope; all tabs, buttons, forms and modals; exact data source and pagination; loading/empty/error states; receipt and concurrency for mutations; stale session/cache/reload/reconnect; desktop/mobile/touch/keyboard/accessibility; tests and deployed behavior"
src/pages/ProfilePage.tsx,runtime-or-tooling-source,11,"[""profile""]","[""src/App.tsx"",""src/utils/ChunkPreloader.ts""]","[""src/components/common/CircularGauge.tsx"",""src/components/common/EmptyState.tsx"",""src/components/common/Toast.tsx"",""src/components/customization/AvatarGallery.tsx"",""src/components/effects/DiamondRainEffect.tsx"",""src/components/gamification/StreakFire.tsx"",""src/components/gamification/StreakMultiplier.tsx"",""src/components/layouts/StandardContentLayout.tsx"",""src/components/profile/ProfitChart.tsx"",""src/components/social/FriendListPanel.tsx"",""src/components/social/PlayerActivityFeed.tsx"",""src/components/social/ReferralDashboard.tsx"",""src/components/social/UserProfileEdit.tsx"",""src/core/MasterBus.ts"",""src/hooks/useIsMounted.ts"",""src/hooks/useSwipeTabs.ts"",""src/hooks/useVisibilityRefresh.ts"",""src/lib/supabase.ts"",""src/pages/ProfilePage.module.css"",""src/services/AchievementService.ts"",""src/services/DiamondService.ts"",""src/services/VIPService.ts"",""src/stores/useHeaderDataStore.ts"",""src/utils/avatarGenerator.ts"",""src/utils/errorReporter.ts"",""src/utils/format.ts"",""src/utils/lazyWithRetry.ts"",""src/utils/mediaBase.ts"",""src/utils/playerDisplayName.ts"",""src/utils/popupStyle.ts"",""src/utils/profileStats.ts"",""src/utils/retryFetch.ts"",""src/utils/streakMultiplier.ts"",""src/utils/vipStatus.ts""]",122,"[""add_to_promo_wallet"",""atomic_deduct_wallet_and_log"",""atomic_seat_cashout_locked"",""ca_player_stats_overview_v2"",""ca_union_statement_board"",""calculate_agent_settlement"",""calculate_agent_spread"",""calculate_cascading_commission"",""fn_achievement_record_progress"",""fn_admin_kick_player"",""fn_admin_remove_player_chips"",""fn_admin_update_agent"",""fn_agent_attach_player"",""fn_agent_claim_commission"",""fn_agent_downline_commission"",""fn_agent_unsettled_commission"",""fn_agent_wallet_claim_back"",""fn_agent_wallet_reversible"",""fn_agent_wallet_send"",""fn_apply_credit_payment"",""fn_batch_club_member_counts"",""fn_cancel_club_join_request"",""fn_cancel_managed_game_schedule"",""fn_cashout_approve"",""fn_cashout_queue"",""fn_cashout_release"",""fn_cashout_request"",""fn_check_level_advancement"",""fn_claim_referral_milestone"",""fn_club_name_available"",""fn_consume_feature_use"",""fn_create_agent"",""fn_create_club_atomic"",""fn_discover_clubs"",""fn_execute_managed_game_command"",""fn_execute_union_rakeback"",""fn_expire_stale_cashouts"",""fn_generate_all_credit_invoices"",""fn_generate_credit_invoice"",""fn_get_club_creation_eligibility"",""fn_get_club_entry_flags"",""fn_get_club_member_count"",""fn_get_game_management_health"",""fn_get_game_management_scale_health"",""fn_get_managed_game_command_receipt"",""fn_get_managed_game_command_receipts"",""fn_get_managed_game_contract_history"",""fn_get_managed_game_contracts"",""fn_increment_vip_usage"",""fn_join_club"",""fn_join_club_atomic"",""fn_list_managed_games"",""fn_member_leave_to_treasury"",""fn_pay_credit_invoice_from_wallet"",""fn_player_spendable_balance"",""fn_preview_club_join"",""fn_promo_disburse"",""fn_purchase_feature"",""fn_raise_financial_alert"",""fn_rakeback_settlement_status"",""fn_redeem_club_invite_code"",""fn_retire_settled_club"",""fn_run_pending_rakeback_settlement"",""fn_schedule_managed_game_close"",""fn_set_settlement_period_status"",""fn_tournament_primary_table"",""fn_track_club_entry_event"",""fn_wallet_type_transfer"",""generate_period_commissions"",""generate_period_settlements"",""get_current_settlement_period"",""get_user_level_stats"",""record_arena_session"",""redeem_referral_code"",""settle_club_rakeback"",""wallet_user_transfer""]","[""agent_commissions"",""agents"",""arena_sessions"",""atob(encoded)"",""avatar_unlocks"",""cashout_requests"",""club-assets"",""club_challenges"",""club_members"",""clubs"",""commission_rate_audit"",""credit_invoices"",""credit_requests"",""dialogRef.current?.querySelectorAll<HTMLElement>(\n          'button:not([disabled]), input:not([disabled]), [href], [tabindex=\""0\""]'\n        ) || []"",""diamond_transactions"",""disputes"",""feature_pricing"",""feature_purchases"",""financial_alerts"",""friendships"",""hand_history"",""messages"",""new Set(clubIds.filter((id): id is string => !!id).map((id) => `referral_${id}`))"",""notifications"",""profiles"",""rake_records"",""referral_codes"",""referral_redemptions"",""settlement_periods"",""state.leakSignals.entries()"",""state.previouslySeenQuestionIds"",""sub_agents"",""table_activity"",""table_seats"",""table_waitlist"",""tables"",""this.channelRegistry.entries()"",""this.subscriptions.entries()"",""throw_usage"",""tokens"",""training_user_achievements"",""unionMap.values()"",""union_admins"",""union_clubs"",""unions"",""user_avatars"",""user_daily_challenges"",""user_daily_rewards"",""user_lucky_wheel_spins"",""users"",""uuidCache.entries()"",""vip_feature_usage_monthly"",""wallet_transactions"",""{ length: 46 }"",""{ length: count }""]",Not End-To-End Verified,"Reachability and role/club/union scope; all tabs, buttons, forms and modals; exact data source and pagination; loading/empty/error states; receipt and concurrency for mutations; stale session/cache/reload/reconnect; desktop/mobile/touch/keyboard/accessibility; tests and deployed behavior"
src/pages/PromoVaultPage.tsx,runtime-or-tooling-source,5;11,"[""clubs/:clubId/promo-vault""]","[""src/App.tsx""]","[""src/components/club/RoleBadge.tsx"",""src/components/common/EmptyState.tsx"",""src/components/common/PageSkeleton.tsx"",""src/components/common/Toast.tsx"",""src/hooks/useAuthUser.ts"",""src/hooks/useIsMounted.ts"",""src/lib/supabase.ts"",""src/pages/PromoVaultPage.css"",""src/services/ClubRosterService.ts"",""src/types/clubRoles.ts"",""src/utils/clubIdResolver.ts"",""src/utils/errorReporter.ts"",""src/utils/titleCase.ts""]",82,"[""atomic_deduct_wallet_and_log"",""atomic_seat_cashout_locked"",""ca_club_member_detail"",""ca_club_member_downline"",""ca_club_member_notes_update"",""ca_club_member_statistics"",""ca_club_members_export"",""ca_club_members_overview"",""ca_club_members_page"",""ca_club_members_summary"",""ca_promo_vault_buy"",""ca_promo_vault_catalog"",""ca_promo_vault_grant"",""ca_promo_vault_records"",""ca_union_statement_board"",""calculate_agent_settlement"",""calculate_agent_spread"",""calculate_cascading_commission"",""fn_admin_kick_player"",""fn_admin_remove_player_chips"",""fn_admin_update_agent"",""fn_agent_attach_player"",""fn_agent_claim_commission"",""fn_agent_downline_commission"",""fn_agent_unsettled_commission"",""fn_agent_wallet_claim_back"",""fn_agent_wallet_reversible"",""fn_agent_wallet_send"",""fn_apply_credit_payment"",""fn_batch_club_member_counts"",""fn_cancel_club_join_request"",""fn_cancel_managed_game_schedule"",""fn_cashout_approve"",""fn_cashout_queue"",""fn_cashout_release"",""fn_cashout_request"",""fn_check_level_advancement"",""fn_claim_referral_milestone"",""fn_club_name_available"",""fn_create_agent"",""fn_create_club_atomic"",""fn_discover_clubs"",""fn_execute_managed_game_command"",""fn_execute_union_rakeback"",""fn_expire_stale_cashouts"",""fn_generate_all_credit_invoices"",""fn_generate_credit_invoice"",""fn_get_club_creation_eligibility"",""fn_get_club_entry_flags"",""fn_get_club_member_count"",""fn_get_game_management_health"",""fn_get_game_management_scale_health"",""fn_get_managed_game_command_receipt"",""fn_get_managed_game_command_receipts"",""fn_get_managed_game_contract_history"",""fn_get_managed_game_contracts"",""fn_join_club"",""fn_join_club_atomic"",""fn_list_managed_games"",""fn_member_leave_to_treasury"",""fn_pay_credit_invoice_from_wallet"",""fn_player_spendable_balance"",""fn_preview_club_join"",""fn_promo_disburse"",""fn_raise_financial_alert"",""fn_rakeback_settlement_status"",""fn_redeem_club_invite_code"",""fn_retire_settled_club"",""fn_run_pending_rakeback_settlement"",""fn_schedule_managed_game_close"",""fn_set_settlement_period_status"",""fn_tournament_primary_table"",""fn_track_club_entry_event"",""fn_wallet_type_transfer"",""generate_period_commissions"",""generate_period_settlements"",""get_current_settlement_period"",""get_user_level_stats"",""record_arena_session"",""redeem_referral_code"",""settle_club_rakeback"",""wallet_user_transfer""]","[""agent_commissions"",""agents"",""arena_sessions"",""atob(encoded)"",""cashout_requests"",""club-assets"",""club_challenges"",""club_diamond_wallets"",""club_members"",""clubs"",""commission_rate_audit"",""credit_invoices"",""credit_requests"",""diamond_transactions"",""disputes"",""financial_alerts"",""hand_history"",""messages"",""new Set(clubIds.filter((id): id is string => !!id).map((id) => `referral_${id}`))"",""notifications"",""profiles"",""rake_records"",""referral_codes"",""referral_redemptions"",""settlement_periods"",""state.leakSignals.entries()"",""state.previouslySeenQuestionIds"",""sub_agents"",""table_activity"",""table_seats"",""table_waitlist"",""tables"",""this.channelRegistry.entries()"",""this.subscriptions.entries()"",""unionMap.values()"",""union_admins"",""union_clubs"",""unions"",""uuidCache.entries()"",""wallet_transactions""]",Not End-To-End Verified,"Reachability and role/club/union scope; all tabs, buttons, forms and modals; exact data source and pagination; loading/empty/error states; receipt and concurrency for mutations; stale session/cache/reload/reconnect; desktop/mobile/touch/keyboard/accessibility; tests and deployed behavior"
src/pages/PromotionsPage.tsx,runtime-or-tooling-source,5;11,"[""promotions"",""clubs/:clubId/promotions""]","[""src/App.tsx""]","[""src/components/club-buttons/ClubButtons.tsx"",""src/components/common/EmptyState.tsx"",""src/components/common/PageSkeleton.tsx"",""src/components/common/Toast.tsx"",""src/components/layouts/StandardContentLayout.tsx"",""src/components/leaderboard/LeaderboardCard.tsx"",""src/components/rewards/RewardsSurfaceHeader.tsx"",""src/components/social/ReferralModal.tsx"",""src/core/MasterBus.ts"",""src/hooks/useAuthUser.ts"",""src/hooks/useIsMounted.ts"",""src/hooks/useMasterBusSubscription.ts"",""src/hooks/useVisibilityRefresh.ts"",""src/lib/appBase.ts"",""src/lib/supabase.ts"",""src/pages/PromotionsPage.css"",""src/services/PromotionService.ts"",""src/utils/clubIdResolver.ts"",""src/utils/clubScopedPath.ts"",""src/utils/errorReporter.ts"",""src/utils/format.ts"",""src/utils/retryFetch.ts""]",97,"[""add_to_promo_wallet"",""atomic_deduct_wallet_and_log"",""atomic_seat_cashout_locked"",""ca_union_statement_board"",""calculate_agent_settlement"",""calculate_agent_spread"",""calculate_cascading_commission"",""fn_admin_kick_player"",""fn_admin_remove_player_chips"",""fn_admin_update_agent"",""fn_agent_attach_player"",""fn_agent_claim_commission"",""fn_agent_downline_commission"",""fn_agent_unsettled_commission"",""fn_agent_wallet_claim_back"",""fn_agent_wallet_reversible"",""fn_agent_wallet_send"",""fn_apply_credit_payment"",""fn_batch_club_member_counts"",""fn_cancel_club_join_request"",""fn_cancel_managed_game_schedule"",""fn_cashout_approve"",""fn_cashout_queue"",""fn_cashout_release"",""fn_cashout_request"",""fn_check_level_advancement"",""fn_claim_referral_milestone"",""fn_club_name_available"",""fn_create_agent"",""fn_create_club_atomic"",""fn_discover_clubs"",""fn_execute_managed_game_command"",""fn_execute_union_rakeback"",""fn_expire_stale_cashouts"",""fn_generate_all_credit_invoices"",""fn_generate_credit_invoice"",""fn_get_club_creation_eligibility"",""fn_get_club_entry_flags"",""fn_get_club_member_count"",""fn_get_game_management_health"",""fn_get_game_management_scale_health"",""fn_get_managed_game_command_receipt"",""fn_get_managed_game_command_receipts"",""fn_get_managed_game_contract_history"",""fn_get_managed_game_contracts"",""fn_join_club"",""fn_join_club_atomic"",""fn_list_managed_games"",""fn_member_leave_to_treasury"",""fn_pay_credit_invoice_from_wallet"",""fn_player_spendable_balance"",""fn_preview_club_join"",""fn_promo_disburse"",""fn_raise_financial_alert"",""fn_rakeback_settlement_status"",""fn_redeem_club_invite_code"",""fn_retire_settled_club"",""fn_run_pending_rakeback_settlement"",""fn_schedule_managed_game_close"",""fn_set_settlement_period_status"",""fn_tournament_primary_table"",""fn_track_club_entry_event"",""fn_wallet_type_transfer"",""generate_period_commissions"",""generate_period_settlements"",""get_current_settlement_period"",""get_user_level_stats"",""increment_promotion_claim_count"",""recalculate_leaderboard_ranks"",""record_arena_session"",""redeem_referral_code"",""settle_club_rakeback"",""wallet_user_transfer""]","[""agent_commissions"",""agents"",""arena_sessions"",""atob(encoded)"",""cashout_requests"",""club-assets"",""club_challenges"",""club_members"",""clubs"",""commission_rate_audit"",""credit_invoices"",""credit_requests"",""diamond_transactions"",""disputes"",""financial_alerts"",""hand_history"",""messages"",""new Set(clubIds.filter((id): id is string => !!id).map((id) => `referral_${id}`))"",""notifications"",""profiles"",""promotion_claims"",""promotion_leaderboards"",""promotions"",""rake_records"",""referral_codes"",""referral_redemptions"",""referrals"",""settlement_periods"",""state.leakSignals.entries()"",""state.previouslySeenQuestionIds"",""sub_agents"",""table_activity"",""table_seats"",""table_waitlist"",""tables"",""this.channelRegistry.entries()"",""this.subscriptions.entries()"",""unionMap.values()"",""union_admins"",""union_clubs"",""unions"",""uuidCache.entries()"",""wallet_transactions"",""{ length: 3 }""]",Not End-To-End Verified,"Reachability and role/club/union scope; all tabs, buttons, forms and modals; exact data source and pagination; loading/empty/error states; receipt and concurrency for mutations; stale session/cache/reload/reconnect; desktop/mobile/touch/keyboard/accessibility; tests and deployed behavior"
src/pages/PublicProfilePage.tsx,runtime-or-tooling-source,11,"[""profile/:userId""]","[""src/App.tsx""]","[""src/components/avatars/PlayerAvatar.tsx"",""src/components/common/PageSkeleton.tsx"",""src/components/common/Toast.tsx"",""src/components/social/PlayerBlockModal.tsx"",""src/core/MasterBus.ts"",""src/hooks/useAuthUser.ts"",""src/hooks/useIsMounted.ts"",""src/hooks/useVisibilityRefresh.ts"",""src/lib/supabase.ts"",""src/pages/PublicProfilePage.module.css"",""src/services/BlockService.ts"",""src/services/FriendSuggestionService.ts"",""src/services/PlayerStatusService.ts"",""src/services/ProfileService.ts"",""src/utils/arenaRecord.ts"",""src/utils/avatarGenerator.ts"",""src/utils/errorReporter.ts"",""src/utils/format.ts"",""src/utils/mediaBase.ts"",""src/utils/vipStatus.ts""]",88,"[""accept_friendship"",""atomic_deduct_wallet_and_log"",""atomic_seat_cashout_locked"",""ca_union_statement_board"",""calculate_agent_settlement"",""calculate_agent_spread"",""calculate_cascading_commission"",""fn_admin_kick_player"",""fn_admin_remove_player_chips"",""fn_admin_update_agent"",""fn_agent_attach_player"",""fn_agent_claim_commission"",""fn_agent_downline_commission"",""fn_agent_unsettled_commission"",""fn_agent_wallet_claim_back"",""fn_agent_wallet_reversible"",""fn_agent_wallet_send"",""fn_apply_credit_payment"",""fn_batch_club_member_counts"",""fn_cancel_club_join_request"",""fn_cancel_managed_game_schedule"",""fn_cashout_approve"",""fn_cashout_queue"",""fn_cashout_release"",""fn_cashout_request"",""fn_check_level_advancement"",""fn_claim_referral_milestone"",""fn_club_name_available"",""fn_create_agent"",""fn_create_club_atomic"",""fn_discover_clubs"",""fn_execute_managed_game_command"",""fn_execute_union_rakeback"",""fn_expire_stale_cashouts"",""fn_generate_all_credit_invoices"",""fn_generate_credit_invoice"",""fn_get_club_creation_eligibility"",""fn_get_club_entry_flags"",""fn_get_club_member_count"",""fn_get_game_management_health"",""fn_get_game_management_scale_health"",""fn_get_managed_game_command_receipt"",""fn_get_managed_game_command_receipts"",""fn_get_managed_game_contract_history"",""fn_get_managed_game_contracts"",""fn_join_club"",""fn_join_club_atomic"",""fn_list_managed_games"",""fn_member_leave_to_treasury"",""fn_pay_credit_invoice_from_wallet"",""fn_player_spendable_balance"",""fn_preview_club_join"",""fn_promo_disburse"",""fn_raise_financial_alert"",""fn_rakeback_settlement_status"",""fn_redeem_club_invite_code"",""fn_retire_settled_club"",""fn_run_pending_rakeback_settlement"",""fn_schedule_managed_game_close"",""fn_set_settlement_period_status"",""fn_tournament_primary_table"",""fn_track_club_entry_event"",""fn_wallet_type_transfer"",""generate_period_commissions"",""generate_period_settlements"",""get_current_settlement_period"",""get_mutual_friends"",""get_user_level_stats"",""record_arena_session"",""redeem_referral_code"",""settle_club_rakeback"",""wallet_user_transfer""]","[""agent_commissions"",""agents"",""arena_sessions"",""atob(encoded)"",""cashout_requests"",""club-assets"",""club_challenges"",""club_members"",""clubs"",""commission_rate_audit"",""conversations"",""credit_invoices"",""credit_requests"",""diamond_transactions"",""disputes"",""financial_alerts"",""friendIds"",""friendships"",""hand_history"",""messages"",""new Set(clubIds.filter((id): id is string => !!id).map((id) => `referral_${id}`))"",""new Set(mySeats.map((s: { table_id: string }) => s.table_id).filter(Boolean))"",""notifications"",""player_stats"",""profiles"",""rake_records"",""referral_codes"",""referral_redemptions"",""settlement_periods"",""state.leakSignals.entries()"",""state.previouslySeenQuestionIds"",""sub_agents"",""table_activity"",""table_seats"",""table_waitlist"",""tables"",""this.channelRegistry.entries()"",""this.subscriptions.entries()"",""unionMap.values()"",""union_admins"",""union_clubs"",""unions"",""user_blocks"",""uuidCache.entries()"",""wallet_transactions""]",Not End-To-End Verified,"Reachability and role/club/union scope; all tabs, buttons, forms and modals; exact data source and pagination; loading/empty/error states; receipt and concurrency for mutations; stale session/cache/reload/reconnect; desktop/mobile/touch/keyboard/accessibility; tests and deployed behavior"
src/pages/RakebackDashboard.tsx,runtime-or-tooling-source,5;11,[],[],"[""src/components/common/PageSkeleton.tsx"",""src/components/common/Toast.tsx"",""src/core/MasterBus.ts"",""src/hooks/useAuthUser.ts"",""src/hooks/useIsMounted.ts"",""src/hooks/useVisibilityRefresh.ts"",""src/lib/supabase.ts"",""src/utils/errorReporter.ts""]",75,"[""atomic_deduct_wallet_and_log"",""atomic_seat_cashout_locked"",""ca_union_statement_board"",""calculate_agent_settlement"",""calculate_agent_spread"",""calculate_cascading_commission"",""fn_admin_kick_player"",""fn_admin_remove_player_chips"",""fn_admin_update_agent"",""fn_agent_attach_player"",""fn_agent_claim_commission"",""fn_agent_downline_commission"",""fn_agent_unsettled_commission"",""fn_agent_wallet_claim_back"",""fn_agent_wallet_reversible"",""fn_agent_wallet_send"",""fn_apply_credit_payment"",""fn_batch_club_member_counts"",""fn_cancel_club_join_request"",""fn_cancel_managed_game_schedule"",""fn_cashout_approve"",""fn_cashout_queue"",""fn_cashout_release"",""fn_cashout_request"",""fn_check_level_advancement"",""fn_claim_referral_milestone"",""fn_club_name_available"",""fn_create_agent"",""fn_create_club_atomic"",""fn_discover_clubs"",""fn_execute_managed_game_command"",""fn_execute_union_rakeback"",""fn_expire_stale_cashouts"",""fn_generate_all_credit_invoices"",""fn_generate_credit_invoice"",""fn_get_club_creation_eligibility"",""fn_get_club_entry_flags"",""fn_get_club_member_count"",""fn_get_game_management_health"",""fn_get_game_management_scale_health"",""fn_get_managed_game_command_receipt"",""fn_get_managed_game_command_receipts"",""fn_get_managed_game_contract_history"",""fn_get_managed_game_contracts"",""fn_join_club"",""fn_join_club_atomic"",""fn_list_managed_games"",""fn_member_leave_to_treasury"",""fn_pay_credit_invoice_from_wallet"",""fn_player_spendable_balance"",""fn_preview_club_join"",""fn_promo_disburse"",""fn_raise_financial_alert"",""fn_rakeback_settlement_status"",""fn_redeem_club_invite_code"",""fn_retire_settled_club"",""fn_run_pending_rakeback_settlement"",""fn_schedule_managed_game_close"",""fn_set_settlement_period_status"",""fn_tournament_primary_table"",""fn_track_club_entry_event"",""fn_wallet_type_transfer"",""generate_period_commissions"",""generate_period_settlements"",""get_current_settlement_period"",""get_user_level_stats"",""record_arena_session"",""redeem_referral_code"",""settle_club_rakeback"",""wallet_user_transfer""]","[""agent_commissions"",""agents"",""arena_sessions"",""atob(encoded)"",""cashout_requests"",""club-assets"",""club_challenges"",""club_members"",""clubs"",""commission_rate_audit"",""credit_invoices"",""credit_requests"",""diamond_transactions"",""disputes"",""financial_alerts"",""hand_history"",""messages"",""new Set(clubIds.filter((id): id is string => !!id).map((id) => `referral_${id}`))"",""notifications"",""player_stats"",""profiles"",""rake_records"",""rakeback_periods"",""referral_codes"",""referral_redemptions"",""settlement_periods"",""state.leakSignals.entries()"",""state.previouslySeenQuestionIds"",""sub_agents"",""table_activity"",""table_seats"",""table_waitlist"",""tables"",""this.channelRegistry.entries()"",""this.subscriptions.entries()"",""unionMap.values()"",""union_admins"",""union_clubs"",""unions"",""uuidCache.entries()"",""wallet_transactions""]",Not End-To-End Verified,"Reachability and role/club/union scope; all tabs, buttons, forms and modals; exact data source and pagination; loading/empty/error states; receipt and concurrency for mutations; stale session/cache/reload/reconnect; desktop/mobile/touch/keyboard/accessibility; tests and deployed behavior"
src/pages/RakebackPage.tsx,runtime-or-tooling-source,5;11,"[""rakeback""]","[""src/App.tsx""]","[""src/components/common/EmptyState.tsx"",""src/components/common/PageSkeleton.tsx"",""src/components/common/Toast.tsx"",""src/components/rewards/RewardsSurfaceHeader.tsx"",""src/core/MasterBus.ts"",""src/hooks/useAuthUser.ts"",""src/hooks/useMasterBusChannel.ts"",""src/hooks/useVisibilityRefresh.ts"",""src/lib/supabase.ts"",""src/pages/RakebackPage.css"",""src/utils/errorReporter.ts"",""src/utils/format.ts"",""src/utils/retryAsync.ts""]",85,"[""atomic_deduct_wallet_and_log"",""atomic_seat_cashout_locked"",""ca_union_statement_board"",""calculate_agent_settlement"",""calculate_agent_spread"",""calculate_cascading_commission"",""fn_admin_kick_player"",""fn_admin_remove_player_chips"",""fn_admin_update_agent"",""fn_agent_attach_player"",""fn_agent_claim_commission"",""fn_agent_downline_commission"",""fn_agent_unsettled_commission"",""fn_agent_wallet_claim_back"",""fn_agent_wallet_reversible"",""fn_agent_wallet_send"",""fn_apply_credit_payment"",""fn_batch_club_member_counts"",""fn_cancel_club_join_request"",""fn_cancel_managed_game_schedule"",""fn_cashout_approve"",""fn_cashout_queue"",""fn_cashout_release"",""fn_cashout_request"",""fn_check_level_advancement"",""fn_claim_rakeback"",""fn_claim_referral_milestone"",""fn_club_name_available"",""fn_create_agent"",""fn_create_club_atomic"",""fn_discover_clubs"",""fn_execute_managed_game_command"",""fn_execute_union_rakeback"",""fn_expire_stale_cashouts"",""fn_generate_all_credit_invoices"",""fn_generate_credit_invoice"",""fn_get_club_creation_eligibility"",""fn_get_club_entry_flags"",""fn_get_club_member_count"",""fn_get_game_management_health"",""fn_get_game_management_scale_health"",""fn_get_managed_game_command_receipt"",""fn_get_managed_game_command_receipts"",""fn_get_managed_game_contract_history"",""fn_get_managed_game_contracts"",""fn_join_club"",""fn_join_club_atomic"",""fn_list_managed_games"",""fn_member_leave_to_treasury"",""fn_pay_credit_invoice_from_wallet"",""fn_player_spendable_balance"",""fn_preview_club_join"",""fn_promo_disburse"",""fn_raise_financial_alert"",""fn_rakeback_settlement_status"",""fn_redeem_club_invite_code"",""fn_retire_settled_club"",""fn_run_pending_rakeback_settlement"",""fn_schedule_managed_game_close"",""fn_set_settlement_period_status"",""fn_tournament_primary_table"",""fn_track_club_entry_event"",""fn_wallet_type_transfer"",""generate_period_commissions"",""generate_period_settlements"",""get_current_settlement_period"",""get_user_level_stats"",""record_arena_session"",""redeem_referral_code"",""settle_club_rakeback"",""wallet_user_transfer""]","[""agent_commissions"",""agents"",""arena_sessions"",""atob(encoded)"",""cashout_requests"",""club-assets"",""club_challenges"",""club_members"",""clubs"",""commission_rate_audit"",""credit_invoices"",""credit_requests"",""diamond_transactions"",""disputes"",""financial_alerts"",""hand_history"",""messages"",""new Set(clubIds.filter((id): id is string => !!id).map((id) => `referral_${id}`))"",""notifications"",""profiles"",""rake_records"",""rakeback_periods"",""referral_codes"",""referral_redemptions"",""settlement_periods"",""state.leakSignals.entries()"",""state.previouslySeenQuestionIds"",""sub_agents"",""table_activity"",""table_seats"",""table_waitlist"",""tables"",""this.channelRegistry.entries()"",""this.subscriptions.entries()"",""unionMap.values()"",""union_admins"",""union_clubs"",""unions"",""uuidCache.entries()"",""wallet_transactions""]",Not End-To-End Verified,"Reachability and role/club/union scope; all tabs, buttons, forms and modals; exact data source and pagination; loading/empty/error states; receipt and concurrency for mutations; stale session/cache/reload/reconnect; desktop/mobile/touch/keyboard/accessibility; tests and deployed behavior"
src/pages/RateAuditPage.tsx,runtime-or-tooling-source,11,"[""rate-audit""]","[""src/App.tsx""]","[""src/components/common/PageSkeleton.tsx"",""src/components/common/Toast.tsx"",""src/core/MasterBus.ts"",""src/hooks/useAuthUser.ts"",""src/hooks/useIsMounted.ts"",""src/hooks/useVisibilityRefresh.ts"",""src/lib/supabase.ts"",""src/utils/errorReporter.ts""]",75,"[""atomic_deduct_wallet_and_log"",""atomic_seat_cashout_locked"",""ca_union_statement_board"",""calculate_agent_settlement"",""calculate_agent_spread"",""calculate_cascading_commission"",""fn_admin_kick_player"",""fn_admin_remove_player_chips"",""fn_admin_update_agent"",""fn_agent_attach_player"",""fn_agent_claim_commission"",""fn_agent_downline_commission"",""fn_agent_unsettled_commission"",""fn_agent_wallet_claim_back"",""fn_agent_wallet_reversible"",""fn_agent_wallet_send"",""fn_apply_credit_payment"",""fn_batch_club_member_counts"",""fn_cancel_club_join_request"",""fn_cancel_managed_game_schedule"",""fn_cashout_approve"",""fn_cashout_queue"",""fn_cashout_release"",""fn_cashout_request"",""fn_check_level_advancement"",""fn_claim_referral_milestone"",""fn_club_name_available"",""fn_create_agent"",""fn_create_club_atomic"",""fn_discover_clubs"",""fn_execute_managed_game_command"",""fn_execute_union_rakeback"",""fn_expire_stale_cashouts"",""fn_generate_all_credit_invoices"",""fn_generate_credit_invoice"",""fn_get_club_creation_eligibility"",""fn_get_club_entry_flags"",""fn_get_club_member_count"",""fn_get_game_management_health"",""fn_get_game_management_scale_health"",""fn_get_managed_game_command_receipt"",""fn_get_managed_game_command_receipts"",""fn_get_managed_game_contract_history"",""fn_get_managed_game_contracts"",""fn_join_club"",""fn_join_club_atomic"",""fn_list_managed_games"",""fn_member_leave_to_treasury"",""fn_pay_credit_invoice_from_wallet"",""fn_player_spendable_balance"",""fn_preview_club_join"",""fn_promo_disburse"",""fn_raise_financial_alert"",""fn_rakeback_settlement_status"",""fn_redeem_club_invite_code"",""fn_retire_settled_club"",""fn_run_pending_rakeback_settlement"",""fn_schedule_managed_game_close"",""fn_set_settlement_period_status"",""fn_tournament_primary_table"",""fn_track_club_entry_event"",""fn_wallet_type_transfer"",""generate_period_commissions"",""generate_period_settlements"",""get_current_settlement_period"",""get_user_level_stats"",""record_arena_session"",""redeem_referral_code"",""settle_club_rakeback"",""wallet_user_transfer""]","[""agent_commissions"",""agents"",""arena_sessions"",""atob(encoded)"",""cashout_requests"",""club-assets"",""club_challenges"",""club_members"",""clubs"",""commission_rate_audit"",""credit_invoices"",""credit_requests"",""diamond_transactions"",""disputes"",""financial_alerts"",""hand_history"",""messages"",""new Set(clubIds.filter((id): id is string => !!id).map((id) => `referral_${id}`))"",""notifications"",""profiles"",""rake_rate_audit"",""rake_records"",""referral_codes"",""referral_redemptions"",""settlement_periods"",""state.leakSignals.entries()"",""state.previouslySeenQuestionIds"",""sub_agents"",""table_activity"",""table_seats"",""table_waitlist"",""tables"",""this.channelRegistry.entries()"",""this.subscriptions.entries()"",""unionMap.values()"",""union_admins"",""union_clubs"",""unions"",""uuidCache.entries()"",""wallet_transactions""]",Not End-To-End Verified,"Reachability and role/club/union scope; all tabs, buttons, forms and modals; exact data source and pagination; loading/empty/error states; receipt and concurrency for mutations; stale session/cache/reload/reconnect; desktop/mobile/touch/keyboard/accessibility; tests and deployed behavior"
src/pages/ReportPlayerPage.tsx,runtime-or-tooling-source,9;11,"[""report/:playerId""]","[""src/App.tsx""]","[""src/hooks/useAuthUser.ts"",""src/lib/supabase.ts"",""src/pages/ReportPlayerPage.css"",""src/utils/errorReporter.ts"",""src/utils/safeErrorMessage.ts"",""src/utils/sanitizeInput.ts""]",70,"[""atomic_deduct_wallet_and_log"",""atomic_seat_cashout_locked"",""ca_union_statement_board"",""calculate_agent_settlement"",""calculate_agent_spread"",""calculate_cascading_commission"",""fn_admin_kick_player"",""fn_admin_remove_player_chips"",""fn_admin_update_agent"",""fn_agent_attach_player"",""fn_agent_claim_commission"",""fn_agent_downline_commission"",""fn_agent_unsettled_commission"",""fn_agent_wallet_claim_back"",""fn_agent_wallet_reversible"",""fn_agent_wallet_send"",""fn_apply_credit_payment"",""fn_batch_club_member_counts"",""fn_cancel_club_join_request"",""fn_cancel_managed_game_schedule"",""fn_cashout_approve"",""fn_cashout_queue"",""fn_cashout_release"",""fn_cashout_request"",""fn_check_level_advancement"",""fn_claim_referral_milestone"",""fn_club_name_available"",""fn_create_agent"",""fn_create_club_atomic"",""fn_discover_clubs"",""fn_execute_managed_game_command"",""fn_execute_union_rakeback"",""fn_expire_stale_cashouts"",""fn_generate_all_credit_invoices"",""fn_generate_credit_invoice"",""fn_get_club_creation_eligibility"",""fn_get_club_entry_flags"",""fn_get_club_member_count"",""fn_get_game_management_health"",""fn_get_game_management_scale_health"",""fn_get_managed_game_command_receipt"",""fn_get_managed_game_command_receipts"",""fn_get_managed_game_contract_history"",""fn_get_managed_game_contracts"",""fn_join_club"",""fn_join_club_atomic"",""fn_list_managed_games"",""fn_member_leave_to_treasury"",""fn_pay_credit_invoice_from_wallet"",""fn_player_spendable_balance"",""fn_preview_club_join"",""fn_promo_disburse"",""fn_raise_financial_alert"",""fn_rakeback_settlement_status"",""fn_redeem_club_invite_code"",""fn_retire_settled_club"",""fn_run_pending_rakeback_settlement"",""fn_schedule_managed_game_close"",""fn_set_settlement_period_status"",""fn_tournament_primary_table"",""fn_track_club_entry_event"",""fn_wallet_type_transfer"",""generate_period_commissions"",""generate_period_settlements"",""get_current_settlement_period"",""get_user_level_stats"",""record_arena_session"",""redeem_referral_code"",""settle_club_rakeback"",""wallet_user_transfer""]","[""agent_commissions"",""agents"",""arena_sessions"",""atob(encoded)"",""cashout_requests"",""club-assets"",""club_challenges"",""club_members"",""clubs"",""commission_rate_audit"",""credit_invoices"",""credit_requests"",""diamond_transactions"",""disputes"",""financial_alerts"",""hand_history"",""messages"",""new Set(clubIds.filter((id): id is string => !!id).map((id) => `referral_${id}`))"",""notifications"",""profiles"",""rake_records"",""referral_codes"",""referral_redemptions"",""settlement_periods"",""state.leakSignals.entries()"",""state.previouslySeenQuestionIds"",""sub_agents"",""table_activity"",""table_seats"",""table_waitlist"",""tables"",""this.channelRegistry.entries()"",""this.subscriptions.entries()"",""unionMap.values()"",""union_admins"",""union_clubs"",""unions"",""user_reports"",""uuidCache.entries()"",""wallet_transactions""]",Not End-To-End Verified,"Reachability and role/club/union scope; all tabs, buttons, forms and modals; exact data source and pagination; loading/empty/error states; receipt and concurrency for mutations; stale session/cache/reload/reconnect; desktop/mobile/touch/keyboard/accessibility; tests and deployed behavior"
src/pages/ReportReviewPage.tsx,runtime-or-tooling-source,9;11,"[""clubs/:clubId/reports""]","[""src/App.tsx""]","[""src/components/club/ClubIntegrityHeader.tsx"",""src/components/common/PageSkeleton.tsx"",""src/components/common/Toast.tsx"",""src/hooks/useAuthUser.ts"",""src/lib/supabase.ts"",""src/pages/ReportReviewPage.css"",""src/utils/clubIdResolver.ts"",""src/utils/errorReporter.ts"",""src/utils/sanitizeInput.ts""]",84,"[""atomic_deduct_wallet_and_log"",""atomic_seat_cashout_locked"",""ca_union_statement_board"",""calculate_agent_settlement"",""calculate_agent_spread"",""calculate_cascading_commission"",""fn_action_player_report"",""fn_admin_kick_player"",""fn_admin_remove_player_chips"",""fn_admin_update_agent"",""fn_agent_attach_player"",""fn_agent_claim_commission"",""fn_agent_downline_commission"",""fn_agent_unsettled_commission"",""fn_agent_wallet_claim_back"",""fn_agent_wallet_reversible"",""fn_agent_wallet_send"",""fn_apply_credit_payment"",""fn_batch_club_member_counts"",""fn_cancel_club_join_request"",""fn_cancel_managed_game_schedule"",""fn_cashout_approve"",""fn_cashout_queue"",""fn_cashout_release"",""fn_cashout_request"",""fn_check_level_advancement"",""fn_claim_referral_milestone"",""fn_club_name_available"",""fn_create_agent"",""fn_create_club_atomic"",""fn_discover_clubs"",""fn_execute_managed_game_command"",""fn_execute_union_rakeback"",""fn_expire_stale_cashouts"",""fn_generate_all_credit_invoices"",""fn_generate_credit_invoice"",""fn_get_club_creation_eligibility"",""fn_get_club_entry_flags"",""fn_get_club_member_count"",""fn_get_game_management_health"",""fn_get_game_management_scale_health"",""fn_get_managed_game_command_receipt"",""fn_get_managed_game_command_receipts"",""fn_get_managed_game_contract_history"",""fn_get_managed_game_contracts"",""fn_join_club"",""fn_join_club_atomic"",""fn_list_managed_games"",""fn_list_player_reports"",""fn_member_leave_to_treasury"",""fn_pay_credit_invoice_from_wallet"",""fn_player_spendable_balance"",""fn_preview_club_join"",""fn_promo_disburse"",""fn_raise_financial_alert"",""fn_rakeback_settlement_status"",""fn_redeem_club_invite_code"",""fn_retire_settled_club"",""fn_run_pending_rakeback_settlement"",""fn_schedule_managed_game_close"",""fn_set_settlement_period_status"",""fn_tournament_primary_table"",""fn_track_club_entry_event"",""fn_wallet_type_transfer"",""generate_period_commissions"",""generate_period_settlements"",""get_current_settlement_period"",""get_user_level_stats"",""record_arena_session"",""redeem_referral_code"",""settle_club_rakeback"",""wallet_user_transfer""]","[""agent_commissions"",""agents"",""arena_sessions"",""atob(encoded)"",""cashout_requests"",""club-assets"",""club_challenges"",""club_members"",""clubs"",""commission_rate_audit"",""credit_invoices"",""credit_requests"",""diamond_transactions"",""disputes"",""financial_alerts"",""hand_history"",""messages"",""new Set(clubIds.filter((id): id is string => !!id).map((id) => `referral_${id}`))"",""notifications"",""profiles"",""rake_records"",""referral_codes"",""referral_redemptions"",""settlement_periods"",""state.leakSignals.entries()"",""state.previouslySeenQuestionIds"",""sub_agents"",""table_activity"",""table_seats"",""table_waitlist"",""tables"",""this.channelRegistry.entries()"",""this.subscriptions.entries()"",""unionMap.values()"",""union_admins"",""union_clubs"",""unions"",""uuidCache.entries()"",""wallet_transactions""]",Not End-To-End Verified,"Reachability and role/club/union scope; all tabs, buttons, forms and modals; exact data source and pagination; loading/empty/error states; receipt and concurrency for mutations; stale session/cache/reload/reconnect; desktop/mobile/touch/keyboard/accessibility; tests and deployed behavior"
src/pages/SearchPage.tsx,runtime-or-tooling-source,11,"[""search""]","[""src/App.tsx"",""src/utils/ChunkPreloader.ts"",""tests/unit/searchPageHelpers.test.ts""]","[""src/components/common/Toast.tsx"",""src/components/community/CommunitySurfaceHeader.tsx"",""src/core/MasterBus.ts"",""src/hooks/useAuthUser.ts"",""src/hooks/useDebounce.ts"",""src/lib/storage.ts"",""src/lib/supabase.ts"",""src/pages/SearchPage.module.css"",""src/services/PlayerSearchService.ts"",""src/utils/avatarGenerator.ts"",""src/utils/buyIn.ts"",""src/utils/errorReporter.ts""]",81,"[""atomic_deduct_wallet_and_log"",""atomic_seat_cashout_locked"",""ca_union_statement_board"",""calculate_agent_settlement"",""calculate_agent_spread"",""calculate_cascading_commission"",""fn_admin_kick_player"",""fn_admin_remove_player_chips"",""fn_admin_update_agent"",""fn_agent_attach_player"",""fn_agent_claim_commission"",""fn_agent_downline_commission"",""fn_agent_unsettled_commission"",""fn_agent_wallet_claim_back"",""fn_agent_wallet_reversible"",""fn_agent_wallet_send"",""fn_apply_credit_payment"",""fn_batch_club_member_counts"",""fn_cancel_club_join_request"",""fn_cancel_managed_game_schedule"",""fn_cashout_approve"",""fn_cashout_queue"",""fn_cashout_release"",""fn_cashout_request"",""fn_check_level_advancement"",""fn_claim_referral_milestone"",""fn_club_name_available"",""fn_community_search"",""fn_create_agent"",""fn_create_club_atomic"",""fn_discover_clubs"",""fn_execute_managed_game_command"",""fn_execute_union_rakeback"",""fn_expire_stale_cashouts"",""fn_generate_all_credit_invoices"",""fn_generate_credit_invoice"",""fn_get_club_creation_eligibility"",""fn_get_club_entry_flags"",""fn_get_club_member_count"",""fn_get_game_management_health"",""fn_get_game_management_scale_health"",""fn_get_managed_game_command_receipt"",""fn_get_managed_game_command_receipts"",""fn_get_managed_game_contract_history"",""fn_get_managed_game_contracts"",""fn_get_player_search_preferences"",""fn_get_table_watch_access"",""fn_join_club"",""fn_join_club_atomic"",""fn_list_managed_games"",""fn_member_leave_to_treasury"",""fn_pay_credit_invoice_from_wallet"",""fn_player_spendable_balance"",""fn_preview_club_join"",""fn_promo_disburse"",""fn_raise_financial_alert"",""fn_rakeback_settlement_status"",""fn_redeem_club_invite_code"",""fn_retire_settled_club"",""fn_run_pending_rakeback_settlement"",""fn_schedule_managed_game_close"",""fn_search_players"",""fn_set_player_search_preferences"",""fn_set_settlement_period_status"",""fn_tournament_primary_table"",""fn_track_club_entry_event"",""fn_wallet_type_transfer"",""generate_period_commissions"",""generate_period_settlements"",""get_current_settlement_period"",""get_user_level_stats"",""record_arena_session"",""redeem_referral_code"",""settle_club_rakeback"",""wallet_user_transfer""]","[""agent_commissions"",""agents"",""arena_sessions"",""atob(encoded)"",""cashout_requests"",""club-assets"",""club_challenges"",""club_members"",""clubs"",""commission_rate_audit"",""credit_invoices"",""credit_requests"",""diamond_transactions"",""disputes"",""financial_alerts"",""friendships"",""hand_history"",""messages"",""new Set(clubIds.filter((id): id is string => !!id).map((id) => `referral_${id}`))"",""notifications"",""profiles"",""rake_records"",""referral_codes"",""referral_redemptions"",""settlement_periods"",""state.leakSignals.entries()"",""state.previouslySeenQuestionIds"",""sub_agents"",""table_activity"",""table_seats"",""table_waitlist"",""tables"",""this.channelRegistry.entries()"",""this.subscriptions.entries()"",""unionMap.values()"",""union_admins"",""union_clubs"",""unions"",""uuidCache.entries()"",""wallet_transactions"",""{ length: 4 }""]",Not End-To-End Verified,"Reachability and role/club/union scope; all tabs, buttons, forms and modals; exact data source and pagination; loading/empty/error states; receipt and concurrency for mutations; stale session/cache/reload/reconnect; desktop/mobile/touch/keyboard/accessibility; tests and deployed behavior"
src/pages/SessionHistoryPage.tsx,runtime-or-tooling-source,9;11,"[""session-history""]","[""src/App.tsx""]","[""src/components/common/PageSkeleton.tsx"",""src/components/common/Toast.tsx"",""src/components/rewards/RewardsSurfaceHeader.tsx"",""src/core/MasterBus.ts"",""src/hooks/useAuthUser.ts"",""src/hooks/useIsMounted.ts"",""src/hooks/useVisibilityRefresh.ts"",""src/lib/export.ts"",""src/lib/supabase.ts"",""src/pages/SessionHistoryPage.css"",""src/utils/errorReporter.ts"",""src/utils/retryFetch.ts""]",83,"[""atomic_deduct_wallet_and_log"",""atomic_seat_cashout_locked"",""ca_union_statement_board"",""calculate_agent_settlement"",""calculate_agent_spread"",""calculate_cascading_commission"",""fn_admin_kick_player"",""fn_admin_remove_player_chips"",""fn_admin_update_agent"",""fn_agent_attach_player"",""fn_agent_claim_commission"",""fn_agent_downline_commission"",""fn_agent_unsettled_commission"",""fn_agent_wallet_claim_back"",""fn_agent_wallet_reversible"",""fn_agent_wallet_send"",""fn_apply_credit_payment"",""fn_batch_club_member_counts"",""fn_cancel_club_join_request"",""fn_cancel_managed_game_schedule"",""fn_cashout_approve"",""fn_cashout_queue"",""fn_cashout_release"",""fn_cashout_request"",""fn_check_level_advancement"",""fn_claim_referral_milestone"",""fn_club_name_available"",""fn_create_agent"",""fn_create_club_atomic"",""fn_discover_clubs"",""fn_execute_managed_game_command"",""fn_execute_union_rakeback"",""fn_expire_stale_cashouts"",""fn_generate_all_credit_invoices"",""fn_generate_credit_invoice"",""fn_get_club_creation_eligibility"",""fn_get_club_entry_flags"",""fn_get_club_member_count"",""fn_get_game_management_health"",""fn_get_game_management_scale_health"",""fn_get_managed_game_command_receipt"",""fn_get_managed_game_command_receipts"",""fn_get_managed_game_contract_history"",""fn_get_managed_game_contracts"",""fn_join_club"",""fn_join_club_atomic"",""fn_list_managed_games"",""fn_member_leave_to_treasury"",""fn_pay_credit_invoice_from_wallet"",""fn_player_spendable_balance"",""fn_preview_club_join"",""fn_promo_disburse"",""fn_raise_financial_alert"",""fn_rakeback_settlement_status"",""fn_redeem_club_invite_code"",""fn_retire_settled_club"",""fn_run_pending_rakeback_settlement"",""fn_schedule_managed_game_close"",""fn_set_settlement_period_status"",""fn_tournament_primary_table"",""fn_track_club_entry_event"",""fn_wallet_type_transfer"",""generate_period_commissions"",""generate_period_settlements"",""get_current_settlement_period"",""get_user_level_stats"",""record_arena_session"",""redeem_referral_code"",""settle_club_rakeback"",""wallet_user_transfer""]","[""agent_commissions"",""agents"",""arena_sessions"",""atob(encoded)"",""cashout_requests"",""club-assets"",""club_challenges"",""club_members"",""clubs"",""commission_rate_audit"",""credit_invoices"",""credit_requests"",""diamond_transactions"",""disputes"",""financial_alerts"",""hand_history"",""messages"",""new Set(clubIds.filter((id): id is string => !!id).map((id) => `referral_${id}`))"",""notifications"",""profiles"",""rake_records"",""referral_codes"",""referral_redemptions"",""session_history"",""settlement_periods"",""state.leakSignals.entries()"",""state.previouslySeenQuestionIds"",""sub_agents"",""table_activity"",""table_seats"",""table_waitlist"",""tables"",""this.channelRegistry.entries()"",""this.subscriptions.entries()"",""unionMap.values()"",""union_admins"",""union_clubs"",""unions"",""uuidCache.entries()"",""wallet_transactions"",""{ length: 5 }""]",Not End-To-End Verified,"Reachability and role/club/union scope; all tabs, buttons, forms and modals; exact data source and pagination; loading/empty/error states; receipt and concurrency for mutations; stale session/cache/reload/reconnect; desktop/mobile/touch/keyboard/accessibility; tests and deployed behavior"
src/pages/SettingsPage.tsx,runtime-or-tooling-source,11,"[""settings""]","[""src/App.tsx"",""src/utils/ChunkPreloader.ts""]","[""src/components/account/AccountSurfaceHeader.tsx"",""src/components/common/ConfirmModal.tsx"",""src/components/common/Toast.tsx"",""src/components/layouts/StandardContentLayout.tsx"",""src/components/table/ThemeSettingsModal.tsx"",""src/core/IdentityDNA.ts"",""src/core/MasterBus.ts"",""src/hooks/useAuthUser.ts"",""src/hooks/useTableSettings.ts"",""src/hooks/useVisibilityRefresh.ts"",""src/lib/appBase.ts"",""src/lib/consent.ts"",""src/lib/native/share.ts"",""src/lib/pushClient.ts"",""src/lib/settingsBridge.ts"",""src/lib/storage.ts"",""src/lib/supabase.ts"",""src/pages/SettingsPage.module.css"",""src/stores/useSettingsStore.ts"",""src/utils/errorReporter.ts""]",181,"[""add_to_promo_wallet"",""atomic_deduct_wallet_and_log"",""atomic_seat_cashout_locked"",""ca_club_member_detail"",""ca_club_member_downline"",""ca_club_member_notes_update"",""ca_club_member_statistics"",""ca_club_members_export"",""ca_club_members_overview"",""ca_club_members_page"",""ca_club_members_summary"",""ca_union_statement_board"",""calculate_agent_settlement"",""calculate_agent_spread"",""calculate_cascading_commission"",""fn_achievement_record_progress"",""fn_admin_kick_player"",""fn_admin_remove_player_chips"",""fn_admin_update_agent"",""fn_agent_attach_player"",""fn_agent_claim_commission"",""fn_agent_downline_commission"",""fn_agent_unsettled_commission"",""fn_agent_wallet_claim_back"",""fn_agent_wallet_reversible"",""fn_agent_wallet_send"",""fn_apply_credit_payment"",""fn_batch_club_member_counts"",""fn_bump_friend_challenge_progress"",""fn_cancel_club_join_request"",""fn_cancel_managed_game_schedule"",""fn_cashout_approve"",""fn_cashout_queue"",""fn_cashout_release"",""fn_cashout_request"",""fn_check_level_advancement"",""fn_claim_referral_milestone"",""fn_club_name_available"",""fn_create_agent"",""fn_create_club_atomic"",""fn_discover_clubs"",""fn_execute_managed_game_command"",""fn_execute_union_rakeback"",""fn_expire_stale_cashouts"",""fn_generate_all_credit_invoices"",""fn_generate_credit_invoice"",""fn_get_club_creation_eligibility"",""fn_get_club_entry_flags"",""fn_get_club_member_count"",""fn_get_game_management_health"",""fn_get_game_management_scale_health"",""fn_get_managed_game_command_receipt"",""fn_get_managed_game_command_receipts"",""fn_get_managed_game_contract_history"",""fn_get_managed_game_contracts"",""fn_join_club"",""fn_join_club_atomic"",""fn_list_managed_games"",""fn_mark_table_setting_touched"",""fn_member_leave_to_treasury"",""fn_mutate_table_studio_preferences"",""fn_pay_credit_invoice_from_wallet"",""fn_player_spendable_balance"",""fn_preview_club_join"",""fn_promo_disburse"",""fn_purchase_feature"",""fn_raise_financial_alert"",""fn_rakeback_settlement_status"",""fn_redeem_club_invite_code"",""fn_retire_settled_club"",""fn_run_pending_rakeback_settlement"",""fn_schedule_managed_game_close"",""fn_seed_table_studio_preferences"",""fn_set_interface_theme"",""fn_set_settlement_period_status"",""fn_tournament_primary_table"",""fn_track_club_entry_event"",""fn_wallet_type_transfer"",""generate_period_commissions"",""generate_period_settlements"",""get_current_settlement_period"",""get_user_level_stats"",""record_arena_session"",""redeem_referral_code"",""settle_club_rakeback"",""wallet_user_transfer""]","[""activeDialog?.querySelectorAll<HTMLElement>(\n          'button:not([disabled]), input:not([disabled]), select:not([disabled]), [tabindex=\""0\""]'\n        ) || []"",""agent_commissions"",""agents"",""arena_sessions"",""atob(encoded)"",""avatar_unlocks"",""cashout_requests"",""club-assets"",""club_challenges"",""club_members"",""clubs"",""commission_rate_audit"",""credit_invoices"",""credit_requests"",""customization_operations"",""dialogRef.current?.querySelectorAll<HTMLElement>(\n          'button:not([disabled]), [href], [tabindex=\""0\""]'\n        ) || []"",""diamond_transactions"",""disputes"",""feature_pricing"",""feature_purchases"",""financial_alerts"",""hand_history"",""messages"",""new Set(\n        normalizedAvatarLedger\n          .map(({ styleToken }) => styleToken)\n          .filter((styleToken) => styleTokens.has(styleToken))\n      )"",""new Set(\n      [\n        ...(themeAssets.data || [])\n          .filter((row) => row.category === 'theme_id')\n          .map((row) => String(row.asset_id)),\n        // Legacy rows remain readable during rolling deployment and preserve the\n        // receipt trail; the migration backfills every recognised one above.\n        ...(th.data || []).map((row) => normalizeThemePresetId(String(row.theme_id))),\n      ].filter((themeId): themeId is string => !!themeId)\n    )"",""new Set((av.data || []).map((row) => String(row.avatar_id)))"",""new Set(clubIds.filter((id): id is string => !!id).map((id) => `referral_${id}`))"",""notifications"",""player_stats"",""profiles"",""rake_records"",""referral_codes"",""referral_redemptions"",""root.querySelectorAll<HTMLElement>(\n          'button:not([disabled]), [href], input:not([disabled]), select:not([disabled]), textarea:not([disabled]), [tabindex]:not([tabindex=\""-1\""])'\n        )"",""settlement_periods"",""state.leakSignals.entries()"",""state.previouslySeenQuestionIds"",""sub_agents"",""table_activity"",""table_seats"",""table_waitlist"",""tables"",""theme_asset_unlocks"",""theme_unlocks"",""this.channelRegistry.entries()"",""this.subscriptions.entries()"",""tokens"",""training_user_achievements"",""unionMap.values()"",""union_admins"",""union_clubs"",""unions"",""user_avatars"",""user_notification_preferences"",""user_table_settings"",""user_table_studio_preferences"",""user_theme_settings"",""uuidCache.entries()"",""wallet_transactions"",""{ length: 46 }""]",Not End-To-End Verified,"Reachability and role/club/union scope; all tabs, buttons, forms and modals; exact data source and pagination; loading/empty/error states; receipt and concurrency for mutations; stale session/cache/reload/reconnect; desktop/mobile/touch/keyboard/accessibility; tests and deployed behavior"
src/pages/SettlementDashboardPage.tsx,runtime-or-tooling-source,5;11,"[""settlement-dashboard""]","[""src/App.tsx""]","[""src/components/common/PageSkeleton.tsx"",""src/components/common/Toast.tsx"",""src/components/common/TransactionLedgerView.tsx"",""src/components/common/confirmDialog.tsx"",""src/components/union/UnionAgentStatements.tsx"",""src/components/union/UnionOpsPanel.tsx"",""src/core/MasterBus.ts"",""src/hooks/useAuthUser.ts"",""src/hooks/useIsMounted.ts"",""src/hooks/useVisibilityRefresh.ts"",""src/lib/supabase.ts"",""src/services/SettlementCronService.ts"",""src/services/SettlementService.ts"",""src/utils/errorReporter.ts"",""src/utils/safeErrorMessage.ts""]",85,"[""atomic_deduct_wallet_and_log"",""atomic_seat_cashout_locked"",""ca_club_chip_ledger"",""ca_union_statement_board"",""calculate_agent_settlement"",""calculate_agent_spread"",""calculate_cascading_commission"",""fn_admin_kick_player"",""fn_admin_remove_player_chips"",""fn_admin_update_agent"",""fn_agent_attach_player"",""fn_agent_claim_commission"",""fn_agent_downline_commission"",""fn_agent_roster_report"",""fn_agent_unsettled_commission"",""fn_agent_wallet_claim_back"",""fn_agent_wallet_reversible"",""fn_agent_wallet_send"",""fn_agent_weekly_statement"",""fn_apply_credit_payment"",""fn_assign_agent_to_super_agent"",""fn_assign_player_to_agent"",""fn_batch_club_member_counts"",""fn_cancel_club_join_request"",""fn_cancel_managed_game_schedule"",""fn_cashout_approve"",""fn_cashout_queue"",""fn_cashout_release"",""fn_cashout_request"",""fn_check_level_advancement"",""fn_claim_referral_milestone"",""fn_club_name_available"",""fn_create_agent"",""fn_create_club_atomic"",""fn_discover_clubs"",""fn_execute_managed_game_command"",""fn_execute_union_rakeback"",""fn_expire_stale_cashouts"",""fn_generate_all_credit_invoices"",""fn_generate_credit_invoice"",""fn_get_club_creation_eligibility"",""fn_get_club_entry_flags"",""fn_get_club_member_count"",""fn_get_game_management_health"",""fn_get_game_management_scale_health"",""fn_get_managed_game_command_receipt"",""fn_get_managed_game_command_receipts"",""fn_get_managed_game_contract_history"",""fn_get_managed_game_contracts"",""fn_join_club"",""fn_join_club_atomic"",""fn_list_managed_games"",""fn_member_leave_to_treasury"",""fn_pay_credit_invoice_from_wallet"",""fn_player_spendable_balance"",""fn_preview_club_join"",""fn_promo_disburse"",""fn_raise_financial_alert"",""fn_rakeback_settlement_status"",""fn_redeem_club_invite_code"",""fn_retire_settled_club"",""fn_run_pending_rakeback_settlement"",""fn_schedule_managed_game_close"",""fn_set_settlement_period_status"",""fn_tournament_primary_table"",""fn_track_club_entry_event"",""fn_union_agent_coverage"",""fn_union_agent_risk_report"",""fn_union_club_exit_blockers"",""fn_union_distribution_check"",""fn_union_expel_club"",""fn_union_integrity_sweep"",""fn_union_law_selftest"",""fn_union_settlement_cascade"",""fn_union_settlement_preview"",""fn_union_weekly_agent_statements"",""fn_wallet_type_transfer"",""generate_period_commissions"",""generate_period_settlements"",""get_current_settlement_period"",""get_user_level_stats"",""get_wallet_balance_totals"",""record_arena_session"",""redeem_referral_code"",""settle_club_rakeback"",""wallet_user_transfer""]","[""agent_commissions"",""agents"",""arena_sessions"",""atob(encoded)"",""cashout_requests"",""chip_ledger"",""club-assets"",""club_challenges"",""club_members"",""clubs"",""commission_rate_audit"",""credit_invoices"",""credit_requests"",""diamond_transactions"",""disputes"",""financial_alerts"",""hand_history"",""messages"",""new Set(clubIds.filter((id): id is string => !!id).map((id) => `referral_${id}`))"",""notifications"",""profiles"",""rake_records"",""referral_codes"",""referral_redemptions"",""root.querySelectorAll<HTMLElement>(\n          'button:not([disabled]), [href], input:not([disabled]), select:not([disabled]), textarea:not([disabled]), [tabindex]:not([tabindex=\""-1\""])'\n        )"",""settlement_periods"",""state.leakSignals.entries()"",""state.previouslySeenQuestionIds"",""sub_agents"",""table_activity"",""table_seats"",""table_waitlist"",""tables"",""this.channelRegistry.entries()"",""this.subscriptions.entries()"",""unionMap.values()"",""union_admins"",""union_clubs"",""union_settlement_rounds"",""unions"",""uuidCache.entries()"",""wallet_transactions""]",Not End-To-End Verified,"Reachability and role/club/union scope; all tabs, buttons, forms and modals; exact data source and pagination; loading/empty/error states; receipt and concurrency for mutations; stale session/cache/reload/reconnect; desktop/mobile/touch/keyboard/accessibility; tests and deployed behavior"
src/pages/SettlementHistoryPage.tsx,runtime-or-tooling-source,5;9;11,"[""settlement-history""]","[""src/App.tsx""]","[""src/components/common/PageSkeleton.tsx"",""src/components/common/Toast.tsx"",""src/core/MasterBus.ts"",""src/hooks/useAuthUser.ts"",""src/hooks/useIsMounted.ts"",""src/hooks/useVisibilityRefresh.ts"",""src/lib/supabase.ts"",""src/utils/errorReporter.ts""]",75,"[""atomic_deduct_wallet_and_log"",""atomic_seat_cashout_locked"",""ca_union_statement_board"",""calculate_agent_settlement"",""calculate_agent_spread"",""calculate_cascading_commission"",""fn_admin_kick_player"",""fn_admin_remove_player_chips"",""fn_admin_update_agent"",""fn_agent_attach_player"",""fn_agent_claim_commission"",""fn_agent_downline_commission"",""fn_agent_unsettled_commission"",""fn_agent_wallet_claim_back"",""fn_agent_wallet_reversible"",""fn_agent_wallet_send"",""fn_apply_credit_payment"",""fn_batch_club_member_counts"",""fn_cancel_club_join_request"",""fn_cancel_managed_game_schedule"",""fn_cashout_approve"",""fn_cashout_queue"",""fn_cashout_release"",""fn_cashout_request"",""fn_check_level_advancement"",""fn_claim_referral_milestone"",""fn_club_name_available"",""fn_create_agent"",""fn_create_club_atomic"",""fn_discover_clubs"",""fn_execute_managed_game_command"",""fn_execute_union_rakeback"",""fn_expire_stale_cashouts"",""fn_generate_all_credit_invoices"",""fn_generate_credit_invoice"",""fn_get_club_creation_eligibility"",""fn_get_club_entry_flags"",""fn_get_club_member_count"",""fn_get_game_management_health"",""fn_get_game_management_scale_health"",""fn_get_managed_game_command_receipt"",""fn_get_managed_game_command_receipts"",""fn_get_managed_game_contract_history"",""fn_get_managed_game_contracts"",""fn_join_club"",""fn_join_club_atomic"",""fn_list_managed_games"",""fn_member_leave_to_treasury"",""fn_pay_credit_invoice_from_wallet"",""fn_player_spendable_balance"",""fn_preview_club_join"",""fn_promo_disburse"",""fn_raise_financial_alert"",""fn_rakeback_settlement_status"",""fn_redeem_club_invite_code"",""fn_retire_settled_club"",""fn_run_pending_rakeback_settlement"",""fn_schedule_managed_game_close"",""fn_set_settlement_period_status"",""fn_tournament_primary_table"",""fn_track_club_entry_event"",""fn_wallet_type_transfer"",""generate_period_commissions"",""generate_period_settlements"",""get_current_settlement_period"",""get_user_level_stats"",""record_arena_session"",""redeem_referral_code"",""settle_club_rakeback"",""wallet_user_transfer""]","[""agent_commissions"",""agents"",""arena_sessions"",""atob(encoded)"",""cashout_requests"",""club-assets"",""club_challenges"",""club_members"",""clubs"",""commission_rate_audit"",""credit_invoices"",""credit_requests"",""diamond_transactions"",""disputes"",""financial_alerts"",""hand_history"",""messages"",""new Set(clubIds.filter((id): id is string => !!id).map((id) => `referral_${id}`))"",""notifications"",""profiles"",""rake_records"",""referral_codes"",""referral_redemptions"",""settlement_invoices"",""settlement_periods"",""state.leakSignals.entries()"",""state.previouslySeenQuestionIds"",""sub_agents"",""table_activity"",""table_seats"",""table_waitlist"",""tables"",""this.channelRegistry.entries()"",""this.subscriptions.entries()"",""unionMap.values()"",""union_admins"",""union_clubs"",""unions"",""uuidCache.entries()"",""wallet_transactions""]",Not End-To-End Verified,"Reachability and role/club/union scope; all tabs, buttons, forms and modals; exact data source and pagination; loading/empty/error states; receipt and concurrency for mutations; stale session/cache/reload/reconnect; desktop/mobile/touch/keyboard/accessibility; tests and deployed behavior"
src/pages/SettlementPage.tsx,runtime-or-tooling-source,5;11,"[""unions/:unionId/settlement"",""clubs/:clubId/settlement""]","[""src/App.tsx""]","[""src/components/common/ButtonSpinner.css"",""src/components/common/EmptyState.tsx"",""src/components/common/PageSkeleton.tsx"",""src/components/common/SecurityBadge.tsx"",""src/components/common/Toast.tsx"",""src/components/settlement/SettlementReceipt.tsx"",""src/components/settlement/SettlementTimeline.tsx"",""src/core/MasterBus.ts"",""src/hooks/useIsMounted.ts"",""src/hooks/useUnionRouteId.ts"",""src/hooks/useVisibilityRefresh.ts"",""src/lib/export.ts"",""src/lib/supabase.ts"",""src/pages/SettlementPage.module.css"",""src/services/SettlementService.ts"",""src/utils/clubIdResolver.ts"",""src/utils/errorReporter.ts"",""src/utils/format.ts"",""src/utils/strictClubIdResolver.ts""]",92,"[""atomic_deduct_wallet_and_log"",""atomic_seat_cashout_locked"",""ca_union_statement_board"",""calculate_agent_settlement"",""calculate_agent_spread"",""calculate_cascading_commission"",""fn_admin_kick_player"",""fn_admin_remove_player_chips"",""fn_admin_update_agent"",""fn_agent_attach_player"",""fn_agent_claim_commission"",""fn_agent_downline_commission"",""fn_agent_unsettled_commission"",""fn_agent_wallet_claim_back"",""fn_agent_wallet_reversible"",""fn_agent_wallet_send"",""fn_apply_credit_payment"",""fn_batch_club_member_counts"",""fn_cancel_club_join_request"",""fn_cancel_managed_game_schedule"",""fn_cashout_approve"",""fn_cashout_queue"",""fn_cashout_release"",""fn_cashout_request"",""fn_check_level_advancement"",""fn_claim_referral_milestone"",""fn_club_name_available"",""fn_create_agent"",""fn_create_club_atomic"",""fn_discover_clubs"",""fn_execute_managed_game_command"",""fn_execute_union_rakeback"",""fn_expire_stale_cashouts"",""fn_generate_all_credit_invoices"",""fn_generate_credit_invoice"",""fn_get_club_creation_eligibility"",""fn_get_club_entry_flags"",""fn_get_club_member_count"",""fn_get_game_management_health"",""fn_get_game_management_scale_health"",""fn_get_managed_game_command_receipt"",""fn_get_managed_game_command_receipts"",""fn_get_managed_game_contract_history"",""fn_get_managed_game_contracts"",""fn_join_club"",""fn_join_club_atomic"",""fn_list_managed_games"",""fn_member_leave_to_treasury"",""fn_pay_credit_invoice_from_wallet"",""fn_player_spendable_balance"",""fn_preview_club_join"",""fn_promo_disburse"",""fn_raise_financial_alert"",""fn_rakeback_settlement_status"",""fn_redeem_club_invite_code"",""fn_retire_settled_club"",""fn_run_pending_rakeback_settlement"",""fn_schedule_managed_game_close"",""fn_set_settlement_period_status"",""fn_tournament_primary_table"",""fn_track_club_entry_event"",""fn_wallet_type_transfer"",""generate_period_commissions"",""generate_period_settlements"",""get_current_settlement_period"",""get_user_level_stats"",""record_arena_session"",""redeem_referral_code"",""settle_club_rakeback"",""wallet_user_transfer""]","[""agent_commissions"",""agents"",""arena_sessions"",""atob(encoded)"",""cashout_requests"",""club-assets"",""club_challenges"",""club_members"",""clubs"",""commission_rate_audit"",""credit_invoices"",""credit_requests"",""diamond_transactions"",""disputes"",""financial_alerts"",""hand_history"",""messages"",""new Set(clubIds.filter((id): id is string => !!id).map((id) => `referral_${id}`))"",""notifications"",""profiles"",""rake_records"",""referral_codes"",""referral_redemptions"",""settlement_periods"",""state.leakSignals.entries()"",""state.previouslySeenQuestionIds"",""sub_agents"",""table_activity"",""table_seats"",""table_waitlist"",""tables"",""this.channelRegistry.entries()"",""this.subscriptions.entries()"",""unionMap.values()"",""union_admins"",""union_clubs"",""unions"",""uuidCache.entries()"",""wallet_transactions""]",Not End-To-End Verified,"Reachability and role/club/union scope; all tabs, buttons, forms and modals; exact data source and pagination; loading/empty/error states; receipt and concurrency for mutations; stale session/cache/reload/reconnect; desktop/mobile/touch/keyboard/accessibility; tests and deployed behavior"
src/pages/SimPage.tsx,runtime-or-tooling-source,11,"[""/sim""]","[""src/App.tsx""]","[""src/components/table/CommunityCards.tsx"",""src/components/table/PotDisplay.tsx"",""src/components/table/SeatSlot.tsx"",""src/lib/tableSeatGeometry.ts"",""src/pages/SimPage.css"",""src/sim/scenarios.ts""]",130,"[""atomic_deduct_wallet_and_log"",""atomic_seat_cashout_locked"",""ca_union_statement_board"",""calculate_agent_settlement"",""calculate_agent_spread"",""calculate_cascading_commission"",""fn_admin_kick_player"",""fn_admin_remove_player_chips"",""fn_admin_update_agent"",""fn_agent_attach_player"",""fn_agent_claim_commission"",""fn_agent_downline_commission"",""fn_agent_unsettled_commission"",""fn_agent_wallet_claim_back"",""fn_agent_wallet_reversible"",""fn_agent_wallet_send"",""fn_apply_credit_payment"",""fn_batch_club_member_counts"",""fn_cancel_club_join_request"",""fn_cancel_managed_game_schedule"",""fn_cashout_approve"",""fn_cashout_queue"",""fn_cashout_release"",""fn_cashout_request"",""fn_check_level_advancement"",""fn_claim_referral_milestone"",""fn_club_name_available"",""fn_create_agent"",""fn_create_club_atomic"",""fn_discover_clubs"",""fn_execute_managed_game_command"",""fn_execute_union_rakeback"",""fn_expire_stale_cashouts"",""fn_generate_all_credit_invoices"",""fn_generate_credit_invoice"",""fn_get_club_creation_eligibility"",""fn_get_club_entry_flags"",""fn_get_club_member_count"",""fn_get_game_management_health"",""fn_get_game_management_scale_health"",""fn_get_managed_game_command_receipt"",""fn_get_managed_game_command_receipts"",""fn_get_managed_game_contract_history"",""fn_get_managed_game_contracts"",""fn_join_club"",""fn_join_club_atomic"",""fn_list_managed_games"",""fn_member_leave_to_treasury"",""fn_pay_credit_invoice_from_wallet"",""fn_player_spendable_balance"",""fn_preview_club_join"",""fn_promo_disburse"",""fn_raise_financial_alert"",""fn_rakeback_settlement_status"",""fn_record_card_slide_usage"",""fn_redeem_club_invite_code"",""fn_retire_settled_club"",""fn_run_pending_rakeback_settlement"",""fn_schedule_managed_game_close"",""fn_set_settlement_period_status"",""fn_tournament_primary_table"",""fn_track_club_entry_event"",""fn_wallet_type_transfer"",""generate_period_commissions"",""generate_period_settlements"",""get_current_settlement_period"",""get_user_level_stats"",""record_arena_session"",""redeem_referral_code"",""settle_club_rakeback"",""wallet_user_transfer""]","[""agent_commissions"",""agents"",""arena_sessions"",""atob(encoded)"",""cashout_requests"",""club-assets"",""club_challenges"",""club_members"",""clubs"",""commission_rate_audit"",""credit_invoices"",""credit_requests"",""diamond_transactions"",""disputes"",""financial_alerts"",""hand_history"",""messages"",""new Set(clubIds.filter((id): id is string => !!id).map((id) => `referral_${id}`))"",""notifications"",""profiles"",""rake_records"",""referral_codes"",""referral_redemptions"",""settlement_periods"",""state.leakSignals.entries()"",""state.previouslySeenQuestionIds"",""sub_agents"",""table_activity"",""table_seats"",""table_waitlist"",""tables"",""this.active.values()"",""this.channelRegistry.entries()"",""this.laneProgress.keys()"",""this.listeners"",""this.processed.keys()"",""this.subscriptions.entries()"",""unionMap.values()"",""union_admins"",""union_clubs"",""unions"",""uuidCache.entries()"",""wallet_transactions"",""{ length: 46 }"",""{ length: 5 }"",""{ length: heroCardCountOverride }"",""{ length: maxSeats }"",""{ length: opponentCardCount }""]",Not End-To-End Verified,"Reachability and role/club/union scope; all tabs, buttons, forms and modals; exact data source and pagination; loading/empty/error states; receipt and concurrency for mutations; stale session/cache/reload/reconnect; desktop/mobile/touch/keyboard/accessibility; tests and deployed behavior"
src/pages/SuperAgentDashboard.tsx,runtime-or-tooling-source,10;11,"[""clubs/:clubId/agent-dashboard""]","[""src/App.tsx""]","[""src/components/agent/AgentBackOffice.tsx"",""src/components/agent/CreditRequestWidget.tsx"",""src/components/common/PageSkeleton.tsx"",""src/components/common/Toast.tsx"",""src/core/MasterBus.ts"",""src/hooks/useAuthUser.ts"",""src/hooks/useIsMounted.ts"",""src/hooks/useVisibilityRefresh.ts"",""src/lib/supabase.ts"",""src/pages/SuperAgentDashboard.css"",""src/services/AgentService.ts"",""src/services/CommissionService.ts"",""src/utils/clubIdResolver.ts"",""src/utils/errorReporter.ts"",""src/utils/format.ts""]",82,"[""atomic_deduct_wallet_and_log"",""atomic_seat_cashout_locked"",""ca_union_statement_board"",""calculate_agent_settlement"",""calculate_agent_spread"",""calculate_cascading_commission"",""fn_admin_kick_player"",""fn_admin_remove_player_chips"",""fn_admin_update_agent"",""fn_agent_attach_player"",""fn_agent_claim_commission"",""fn_agent_downline_commission"",""fn_agent_roster_report"",""fn_agent_unsettled_commission"",""fn_agent_wallet_claim_back"",""fn_agent_wallet_reversible"",""fn_agent_wallet_send"",""fn_agent_weekly_statement"",""fn_apply_credit_payment"",""fn_assign_agent_to_super_agent"",""fn_assign_player_to_agent"",""fn_batch_club_member_counts"",""fn_cancel_club_join_request"",""fn_cancel_managed_game_schedule"",""fn_cashout_approve"",""fn_cashout_queue"",""fn_cashout_release"",""fn_cashout_request"",""fn_check_level_advancement"",""fn_claim_referral_milestone"",""fn_club_name_available"",""fn_create_agent"",""fn_create_club_atomic"",""fn_discover_clubs"",""fn_execute_managed_game_command"",""fn_execute_union_rakeback"",""fn_expire_stale_cashouts"",""fn_generate_all_credit_invoices"",""fn_generate_credit_invoice"",""fn_get_club_creation_eligibility"",""fn_get_club_entry_flags"",""fn_get_club_member_count"",""fn_get_game_management_health"",""fn_get_game_management_scale_health"",""fn_get_managed_game_command_receipt"",""fn_get_managed_game_command_receipts"",""fn_get_managed_game_contract_history"",""fn_get_managed_game_contracts"",""fn_join_club"",""fn_join_club_atomic"",""fn_list_managed_games"",""fn_member_leave_to_treasury"",""fn_pay_credit_invoice_from_wallet"",""fn_player_spendable_balance"",""fn_preview_club_join"",""fn_promo_disburse"",""fn_raise_financial_alert"",""fn_rakeback_settlement_status"",""fn_redeem_club_invite_code"",""fn_retire_settled_club"",""fn_run_pending_rakeback_settlement"",""fn_schedule_managed_game_close"",""fn_set_settlement_period_status"",""fn_tournament_primary_table"",""fn_track_club_entry_event"",""fn_union_agent_coverage"",""fn_union_agent_risk_report"",""fn_union_club_exit_blockers"",""fn_union_distribution_check"",""fn_union_expel_club"",""fn_union_integrity_sweep"",""fn_union_law_selftest"",""fn_union_settlement_cascade"",""fn_union_settlement_preview"",""fn_union_weekly_agent_statements"",""fn_wallet_type_transfer"",""generate_period_commissions"",""generate_period_settlements"",""get_current_settlement_period"",""get_user_level_stats"",""record_arena_session"",""redeem_referral_code"",""settle_club_rakeback"",""wallet_user_transfer""]","[""agent_commissions"",""agents"",""arena_sessions"",""atob(encoded)"",""cashout_requests"",""club-assets"",""club_challenges"",""club_members"",""clubs"",""commission_rate_audit"",""credit_invoices"",""credit_requests"",""diamond_transactions"",""disputes"",""financial_alerts"",""hand_history"",""messages"",""new Set(clubIds.filter((id): id is string => !!id).map((id) => `referral_${id}`))"",""notifications"",""profiles"",""rake_records"",""referral_codes"",""referral_redemptions"",""settlement_periods"",""state.leakSignals.entries()"",""state.previouslySeenQuestionIds"",""sub_agents"",""table_activity"",""table_seats"",""table_waitlist"",""tables"",""this.channelRegistry.entries()"",""this.subscriptions.entries()"",""unionMap.values()"",""union_admins"",""union_clubs"",""union_settlement_rounds"",""unions"",""uuidCache.entries()"",""wallet_transactions""]",Not End-To-End Verified,"Reachability and role/club/union scope; all tabs, buttons, forms and modals; exact data source and pagination; loading/empty/error states; receipt and concurrency for mutations; stale session/cache/reload/reconnect; desktop/mobile/touch/keyboard/accessibility; tests and deployed behavior"
src/pages/TableConfigPage.tsx,runtime-or-tooling-source,9;11,"[""clubs/:clubId/create-table/:gameType""]","[""src/App.tsx"",""src/pages/GameManagementPage.tsx""]","[""src/components/cash/CashGameCreateFlow.tsx"",""src/components/common/HelpPopover.tsx"",""src/components/common/Toast.tsx"",""src/components/table-config/controls.tsx"",""src/components/tournament/WeeklyScheduleEditor.tsx"",""src/config/RakeConfig.ts"",""src/config/tableSeating.ts"",""src/config/tournamentVariants.ts"",""src/core/MasterBus.ts"",""src/lib/gameCreationAccess.ts"",""src/lib/supabase.ts"",""src/lib/tableTemplateRestore.ts"",""src/lib/tournamentFromTableConfig.ts"",""src/pages/TableConfigPage.css"",""src/services/GameAccessService.ts"",""src/services/TournamentScheduleService.ts"",""src/services/TournamentService.ts"",""src/utils/clubIdResolver.ts"",""src/utils/errorReporter.ts"",""src/utils/freeBuy.ts""]",105,"[""atomic_deduct_wallet_and_log"",""atomic_seat_cashout_locked"",""balance_tournament_tables"",""ca_union_statement_board"",""calculate_agent_settlement"",""calculate_agent_spread"",""calculate_cascading_commission"",""fn_admin_kick_player"",""fn_admin_remove_player_chips"",""fn_admin_update_agent"",""fn_agent_attach_player"",""fn_agent_claim_commission"",""fn_agent_downline_commission"",""fn_agent_unsettled_commission"",""fn_agent_wallet_claim_back"",""fn_agent_wallet_reversible"",""fn_agent_wallet_send"",""fn_apply_credit_payment"",""fn_apply_mystery_bounty_config"",""fn_batch_club_member_counts"",""fn_cancel_club_join_request"",""fn_cancel_managed_game_schedule"",""fn_cash_game_create"",""fn_cash_template_defaults"",""fn_cashout_approve"",""fn_cashout_queue"",""fn_cashout_release"",""fn_cashout_request"",""fn_check_level_advancement"",""fn_claim_referral_milestone"",""fn_club_name_available"",""fn_create_agent"",""fn_create_club_atomic"",""fn_create_tournament"",""fn_delete_tournament_schedule"",""fn_discover_clubs"",""fn_execute_managed_game_command"",""fn_execute_union_rakeback"",""fn_expire_stale_cashouts"",""fn_game_creation_access"",""fn_generate_all_credit_invoices"",""fn_generate_credit_invoice"",""fn_get_club_creation_eligibility"",""fn_get_club_entry_flags"",""fn_get_club_member_count"",""fn_get_game_management_health"",""fn_get_game_management_scale_health"",""fn_get_managed_game_command_receipt"",""fn_get_managed_game_command_receipts"",""fn_get_managed_game_contract_history"",""fn_get_managed_game_contracts"",""fn_join_club"",""fn_join_club_atomic"",""fn_list_managed_games"",""fn_member_leave_to_treasury"",""fn_owner_start_tournament_now"",""fn_pay_credit_invoice_from_wallet"",""fn_player_spendable_balance"",""fn_preview_club_join"",""fn_promo_disburse"",""fn_raise_financial_alert"",""fn_rakeback_settlement_status"",""fn_redeem_club_invite_code"",""fn_register_for_tournament"",""fn_retire_settled_club"",""fn_run_pending_rakeback_settlement"",""fn_schedule_managed_game_close"",""fn_set_settlement_period_status"",""fn_tournament_primary_table"",""fn_track_club_entry_event"",""fn_unregister_from_tournament"",""fn_upsert_tournament_schedule"",""fn_wallet_type_transfer"",""generate_period_commissions"",""generate_period_settlements"",""get_current_settlement_period"",""get_user_level_stats"",""increment_tournament_rake"",""process_tournament_rebuy"",""record_arena_session"",""redeem_referral_code"",""settle_club_rakeback"",""wallet_user_transfer""]","[""agent_commissions"",""agents"",""arena_sessions"",""atob(encoded)"",""cashout_requests"",""club-assets"",""club_challenges"",""club_members"",""clubs"",""commission_rate_audit"",""credit_invoices"",""credit_requests"",""diamond_transactions"",""disputes"",""financial_alerts"",""hand_history"",""messages"",""new Set(clubIds.filter((id): id is string => !!id).map((id) => `referral_${id}`))"",""notifications"",""profiles"",""rake_records"",""referral_codes"",""referral_redemptions"",""settlement_periods"",""state.leakSignals.entries()"",""state.previouslySeenQuestionIds"",""sub_agents"",""table_activity"",""table_seats"",""table_templates"",""table_waitlist"",""tables"",""this.channelRegistry.entries()"",""this.subscriptions.entries()"",""tournament_bounties"",""tournament_players"",""tournament_schedules"",""tournament_waitlists"",""tournaments"",""unionMap.values()"",""union_admins"",""union_clubs"",""unions"",""uuidCache.entries()"",""wallet_transactions"",""{ length: paidPlaces }""]",Not End-To-End Verified,"Reachability and role/club/union scope; all tabs, buttons, forms and modals; exact data source and pagination; loading/empty/error states; receipt and concurrency for mutations; stale session/cache/reload/reconnect; desktop/mobile/touch/keyboard/accessibility; tests and deployed behavior"
src/pages/TablePage.tsx,runtime-or-tooling-source,11,[],"[""src/App.tsx"",""src/pages/MultiTablePage.tsx"",""src/utils/ChunkPreloader.ts""]","[""src/assets/smarter-poker-letter-logo.png"",""src/components/common/TableErrorBoundary.tsx"",""src/components/common/Toast.tsx"",""src/components/table/ActionClockReadouts.tsx"",""src/components/table/ActionErrorToast.tsx"",""src/components/table/ActionPanel.tsx"",""src/components/table/AddOnBubble.ts"",""src/components/table/BombPotWheel.tsx"",""src/components/table/CardImage.tsx"",""src/components/table/CashClusterHUD.tsx"",""src/components/table/ChatBubble.tsx"",""src/components/table/ChipAnimation.tsx"",""src/components/table/CommunityCards.tsx"",""src/components/table/ControlThemeTokens.css"",""src/components/table/DealAnimation.tsx"",""src/components/table/DealerButton.tsx"",""src/components/table/DisconnectToast.tsx"",""src/components/table/HandDetailModal.tsx"",""src/components/table/HandHistoryPanel.tsx"",""src/components/table/HeroHubPanel.tsx"",""src/components/table/HeroVpipTracker.tsx"",""src/components/table/IdentityModal.tsx"",""src/components/table/InsuranceModal.tsx"",""src/components/table/MaintenanceBreakScreen.tsx"",""src/components/table/MustMoveLobbyModal.tsx"",""src/components/table/PineappleDiscard.tsx"",""src/components/table/PotDisplay.tsx"",""src/components/table/PreActionBar.tsx"",""src/components/table/PreviousHandCard.tsx"",""src/components/table/RabbitHunt.tsx"",""src/components/table/SeatKnockout.tsx"",""src/components/table/SeatSlot.tsx"",""src/components/table/ShareHand.tsx"",""src/components/table/SpectatorBadge.tsx"",""src/components/table/StraddleToggle.tsx"",""src/components/table/TableChat.tsx"",""src/components/table/TableConnectionBanner.tsx"",""src/components/table/TableHUD.tsx"",""src/components/table/TableLoadFailureOverlay.tsx"",""src/components/table/TableMenu.tsx"",""src/components/table/TableMenuIcons.tsx"",""src/components/table/TableModalsLayer.tsx"",""src/components/table/TablePerfMonitor.tsx"",""src/components/table/TableReactions.tsx"",""src/components/table/ThrowAnimation.tsx"",""src/components/table/TimeBankStoreModal.tsx"",""src/components/table/TimebankCounter.tsx"",""src/components/table/TournamentLobbyModal.tsx"",""src/components/table/retainedRabbitBoard.ts"",""src/components/table/tableGeometry.ts"",""src/components/tournament/MysteryBountyChest.tsx"",""src/components/tournament/SpinWheel.tsx"",""src/components/tournament/TournamentHUD.tsx"",""src/components/tournament/TournamentInfoPanel.tsx"",""src/config/cashGames.ts"",""src/config/handCompletionSpec.ts"",""src/config/spinSpec.ts"",""src/core/MasterBus.ts"",""src/hooks/useAnimationQueue.ts"",""src/hooks/useButtonImage.ts"",""src/hooks/useDialogEscape.ts"",""src/hooks/useEngineTableState.ts"",""src/hooks/useFocusTrap.ts"",""src/hooks/useFrameBudgetMonitor.ts"",""src/hooks/useHeldValue.ts"",""src/hooks/useIsMounted.ts"",""src/hooks/useMaintenanceBreak.ts"",""src/hooks/useMasterBusSubscription.ts"",""src/hooks/usePlayerStats.ts"",""src/hooks/useSeatedProfileSync.ts"",""src/hooks/useTabKeepAlive.ts"",""src/hooks/useTableAnimations.ts"",""src/hooks/useTableChat.ts"",""src/hooks/useTableEnvironment.ts"",""src/hooks/useTableKeyboard.ts"",""src/hooks/useTableSession.ts"",""src/hooks/useTableSettings.ts"",""src/hooks/useTableSound.ts"",""src/hooks/useTableTimer.ts"",""src/hooks/useTableTournament.ts"",""src/hooks/useTableVoice.ts"",""src/hooks/useUserTableSettings.ts"",""src/hooks/useUserThemeSettings.ts"",""src/hooks/useVIP.tsx"",""src/lib/appBase.ts"",""src/lib/bbjHitFeed.ts"",""src/lib/bbjHitOnce.ts"",""src/lib/bbjPoolFeed.ts"",""src/lib/bettingStructure.ts"",""src/lib/cachedIdentity.ts"",""src/lib/cashBuyIn.ts"",""src/lib/chipContinuity.ts"",""src/lib/handHistoryAdapter.ts"",""src/lib/handHistoryLive.ts"",""src/lib/heroSeatReconcile.ts"",""src/lib/heroSeatTap.ts"",""src/lib/holeCardCount.ts"",""src/lib/preActionPanelGate.ts"",""src/lib/rakeOverride.ts"",""src/lib/seatIdentityOverrides.ts"",""src/lib/shareHandModel.ts"",""src/lib/showdownPresentation.ts"",""src/lib/sitOutDeadline.ts"",""src/lib/storage.ts"",""src/lib/supabase.ts"",""src/lib/tableCardDisplay.ts"",""src/lib/tableSeatGeometry.ts"",""src/lib/tableTheme.ts"",""src/pages/TablePage.css"",""src/presentation/cardPresentation/index.ts"",""src/presentation/cardPresentation/squeezeEligibility.ts"",""src/services/AchievementTriggerService.ts"",""src/services/AvatarService.ts"",""src/services/EngineStateClient.ts"",""src/services/GameServerAPI.ts"",""src/services/HandHistoryService.ts"",""src/services/HapticService.ts"",""src/services/HorseBugReporter.ts"",""src/services/HydraService.ts"",""src/services/LeaderboardService.ts"",""src/services/MysteryBountyService.ts"",""src/services/NotificationService.ts"",""src/services/PlayerStatusService.ts"",""src/services/PlayerStyleClassifier.ts"",""src/services/RoomService.ts"",""src/services/SessionStatsService.ts"",""src/services/ShowCardsService.ts"",""src/services/SoundService.ts"",""src/services/TableService.ts"",""src/services/TableWebSocket.ts"",""src/services/TournamentService.ts"",""src/services/WaitlistService.ts"",""src/services/WalletService.ts"",""src/services/pendingSessionSummary.ts"",""src/services/tableWarmup.ts"",""src/services/tournamentEventBridge.ts"",""src/stores/useUserStore.ts"",""src/utils/animationSpeed.ts"",""src/utils/avatarGenerator.ts"",""src/utils/bountyBroadcast.ts"",""src/utils/clubQuickLink.ts"",""src/utils/clubScopedPath.ts"",""src/utils/errorReporter.ts"",""src/utils/format.ts"",""src/utils/formatGameTitle.ts"",""src/utils/gameCode.ts"",""src/utils/handEvaluator.ts"",""src/utils/handFormat.ts"",""src/utils/mapEngineSnapshot.ts"",""src/utils/parseBlindStructure.ts"",""src/utils/platformFrozen.ts"",""src/utils/playerDisplayName.ts"",""src/utils/popupStyle.ts"",""src/utils/retryAsync.ts"",""src/utils/safeErrorMessage.ts"",""src/utils/serverClock.ts"",""src/utils/spinReveal.ts"",""src/utils/tableGeometry.ts"",""src/utils/tournamentResultEnrichment.ts"",""src/utils/uuid.ts"",""src/utils/vibrationGate.ts""]",1078,"[""'fn_complete_club_opening_setup' as never"",""accept_friendship"",""action === 'redeem' ? 'fn_redeem_tournament_ticket' : 'fn_cancel_tournament_ticket'"",""add_to_promo_wallet"",""atomic_deduct_wallet_and_log"",""atomic_seat_cashout_locked"",""atomic_table_buyin"",""atomic_table_rebuy"",""balance_tournament_tables"",""buy_streak_freeze"",""ca_club_activity"",""ca_club_dashboard_stats"",""ca_club_financials"",""ca_club_member_detail"",""ca_club_member_downline"",""ca_club_member_notes_update"",""ca_club_member_statistics"",""ca_club_members"",""ca_club_members_export"",""ca_club_members_overview"",""ca_club_members_page"",""ca_club_members_summary"",""ca_club_revenue"",""ca_club_tables"",""ca_club_top_players"",""ca_club_tournaments"",""ca_player_hands_v2"",""ca_player_stats_overview_v2"",""ca_player_stats_pulse"",""ca_union_statement_board"",""calculate_agent_settlement"",""calculate_agent_spread"",""calculate_cascading_commission"",""claim_daily_challenges"",""fn"",""fn_achievement_record_progress"",""fn_admin_kick_player"",""fn_admin_remove_player_chips"",""fn_admin_update_agent"",""fn_agent_attach_player"",""fn_agent_claim_commission"",""fn_agent_downline_commission"",""fn_agent_downline_rake"",""fn_agent_downline_rake_summary"",""fn_agent_unsettled_commission"",""fn_agent_wallet_claim_back"",""fn_agent_wallet_reversible"",""fn_agent_wallet_send"",""fn_apply_credit_payment"",""fn_apply_mystery_bounty_config"",""fn_batch_club_member_counts"",""fn_batch_club_realtime_active_counts"",""fn_batch_club_realtime_member_counts"",""fn_batch_union_realtime_active_counts"",""fn_batch_union_realtime_member_counts"",""fn_bbj_hand_detail"",""fn_bbj_pool_for_club"",""fn_bbj_recent_hits"",""fn_bump_friend_challenge_progress"",""fn_ca_chip_statement"",""fn_ca_club_hand_flags"",""fn_ca_daily_bonus_claim"",""fn_ca_daily_bonus_status"",""fn_ca_flag_hand"",""fn_ca_operator_read_hand"",""fn_ca_resolve_hand_flag"",""fn_can_i_create_a_union"",""fn_can_i_operate_the_union_network"",""fn_cancel_club_join_request"",""fn_cancel_managed_game_schedule"",""fn_cash_effective_buyin"",""fn_cash_game_join"",""fn_cash_game_lobby"",""fn_cash_seat_change_cancel"",""fn_cash_seat_change_request"",""fn_cash_vpip_status"",""fn_cashier_batch_transfer"",""fn_cashout_approve"",""fn_cashout_queue"",""fn_cashout_release"",""fn_cashout_request"",""fn_cast_tournament_deal_vote"",""fn_check_level_advancement"",""fn_claim_referral_milestone"",""fn_club_bank_claim_back"",""fn_club_bank_ledger"",""fn_club_bank_reverse"",""fn_club_bank_send"",""fn_club_cashier_members"",""fn_club_cashier_members_page_v3"",""fn_club_leaderboard_by_dates"",""fn_club_leaderboard_period_v2"",""fn_club_member_counts"",""fn_club_money_panel"",""fn_club_name_available"",""fn_club_set_member_role"",""fn_club_tournament_stats"",""fn_club_trade_ledger"",""fn_community_search"",""fn_consume_feature_use"",""fn_create_agent"",""fn_create_club_atomic"",""fn_create_tournament"",""fn_discover_clubs"",""fn_dismiss_club_message"",""fn_dispute_escalate"",""fn_dispute_start_review"",""fn_execute_managed_game_command"",""fn_execute_union_rakeback"",""fn_expire_stale_cashouts"",""fn_game_creation_access"",""fn_generate_all_credit_invoices"",""fn_generate_credit_invoice"",""fn_get_club_creation_eligibility"",""fn_get_club_entry_flags"",""fn_get_club_entry_message"",""fn_get_club_member_count"",""fn_get_club_realtime_member_count"",""fn_get_game_management_health"",""fn_get_game_management_scale_health"",""fn_get_leaderboard_reward_plan"",""fn_get_leaderboard_reward_setup"",""fn_get_leaderboard_settlement_status"",""fn_get_managed_game_command_receipt"",""fn_get_managed_game_command_receipts"",""fn_get_managed_game_contract_history"",""fn_get_managed_game_contracts"",""fn_get_player_search_preferences"",""fn_get_table_watch_access"",""fn_global_leaderboard_by_dates"",""fn_global_leaderboard_period"",""fn_hand_rake_breakdown"",""fn_increment_vip_usage"",""fn_join_club"",""fn_join_club_atomic"",""fn_leaderboard_period_window"",""fn_leaderboard_reward_contexts"",""fn_leave_seat_and_refund"",""fn_list_managed_games"",""fn_maintenance_break_state"",""fn_mark_table_setting_touched"",""fn_member_leave_to_treasury"",""fn_mint_chips_from_diamonds"",""fn_mutate_table_studio_preferences"",""fn_my_agent_roles"",""fn_my_wallet_ledger"",""fn_mystery_bounty_awards"",""fn_mystery_bounty_inventory"",""fn_mystery_bounty_leaderboard"",""fn_mystery_bounty_reveal"",""fn_mystery_bounty_table_state"",""fn_owner_start_tournament_now"",""fn_pay_credit_invoice_from_wallet"",""fn_player_spendable_balance"",""fn_preview_club_join"",""fn_promo_disburse"",""fn_promo_wallet_ledger"",""fn_promo_wallet_send"",""fn_purchase_feature"",""fn_purchase_time_banks_v2"",""fn_raise_financial_alert"",""fn_rakeback_settlement_status"",""fn_record_card_slide_usage"",""fn_record_cashier_operation"",""fn_redeem_club_invite_code"",""fn_redeem_shop_item"",""fn_register_for_tournament"",""fn_remove_settled_club_member"",""fn_request_chips"",""fn_request_manual_bomb_pot"",""fn_resolve_ads"",""fn_resolve_dispute"",""fn_respond_chip_request"",""fn_respond_friend_challenge"",""fn_retire_settled_club"",""fn_run_pending_rakeback_settlement"",""fn_save_leaderboard_reward_setup"",""fn_schedule_managed_game_close"",""fn_search_players"",""fn_seed_table_studio_preferences"",""fn_set_club_lobby_message"",""fn_set_interface_theme"",""fn_set_player_search_preferences"",""fn_set_settlement_period_status"",""fn_spin_leaderboards"",""fn_table_chat_is_silenced"",""fn_take_seat_and_buy_in"",""fn_time_bank_allowance"",""fn_tournament_primary_table"",""fn_track_club_entry_event"",""fn_union_leaderboard_period_v2"",""fn_union_player_directory"",""fn_union_send_to_member"",""fn_unregister_from_tournament"",""fn_use_throwable_v2"",""fn_user_rank_by_dates"",""fn_user_rank_global_by_dates"",""fn_user_rank_global_period"",""fn_user_rank_period"",""fn_wallet_type_transfer"",""generate_period_commissions"",""generate_period_settlements"",""get_club_home"",""get_club_players_playing"",""get_current_settlement_period"",""get_daily_challenge_dashboard_v3"",""get_mutual_friends"",""get_user_level_stats"",""increment_tournament_rake"",""isPromoPull ? 'fn_union_clawback_promo_from_club' : 'fn_union_clawback_from_club'"",""process_tournament_rebuy"",""promoSendRpc(promoSource)"",""recompute_club_levels"",""record_arena_session"",""record_daily_mission_operation"",""redeem_referral_code"",""reroll_daily_challenge"",""settle_club_rakeback"",""update_player_hand_stats"",""viaClubBank ? 'fn_club_bank_send' : 'fn_agent_wallet_send'"",""wallet_user_transfer""]","[""'club_opening_setups' as never"",""String(text ?? '')"",""activeDialog?.querySelectorAll<HTMLElement>(\n          'button:not([disabled]), input:not([disabled]), select:not([disabled]), [tabindex=\""0\""]'\n        ) || []"",""activeSessions.keys()"",""ad_event"",""agent_commissions"",""agents"",""arena_sessions"",""atob(encoded)"",""avatar_unlocks"",""bbj_pools"",""bbj_stakes_tiers"",""byId.values()"",""ca_hand_facts"",""ca_hand_flags"",""ca_hand_notes"",""ca_stat_distribution"",""candidateClubIds"",""cash_games"",""cashout_requests"",""chipAnimStartedAtRef.current.keys()"",""chip_ledger"",""chip_requests"",""client_crash_log"",""club-assets"",""club_challenges"",""club_chat"",""club_members"",""club_shop_inventory"",""club_shop_items"",""clubs"",""commission_rate_audit"",""conversations"",""credit_invoices"",""credit_requests"",""customization_operations"",""daily_challenge_dashboard_revisions"",""dialogRef.current.querySelectorAll<HTMLElement>(\n          'a[href], button:not(:disabled), input:not(:disabled), select:not(:disabled), textarea:not(:disabled), [tabindex]:not([tabindex=\""-1\""])'\n        )"",""dialogRef.current?.querySelectorAll<HTMLElement>(\n          'button:not([disabled]), [href], [tabindex=\""0\""]'\n        ) || []"",""dialogRef.current?.querySelectorAll<HTMLElement>(\n          'button:not([disabled]), input:not([disabled]), [href], [tabindex=\""0\""]'\n        ) || []"",""dialogRef.current?.querySelectorAll<HTMLElement>(\n        'button:not([disabled]), textarea:not([disabled]), input:not([disabled]), a[href]'\n      ) || []"",""diamond_transactions"",""disputes"",""drawer.querySelectorAll<HTMLElement>(\n          'button:not([disabled]), [href], input:not([disabled]), select:not([disabled]), textarea:not([disabled]), [tabindex]:not([tabindex=\""-1\""])'\n        )"",""engineSeen.keys()"",""event.currentTarget.querySelectorAll<HTMLButtonElement>('[role=\""tab\""]')"",""favorite_tables"",""feature_pricing"",""feature_purchases"",""financial_alerts"",""focusableElements"",""friendIds"",""friend_challenges"",""friendships"",""hand_discards"",""hand_history"",""horse_bug_reports"",""ids"",""images"",""items"",""messages"",""modalRef.current?.querySelectorAll<HTMLElement>(\n          'button:not([disabled]), a[href], input:not([disabled]), select:not([disabled]), [tabindex]:not([tabindex=\""-1\""])'\n        ) ?? []"",""new Set(\n        normalizedAvatarLedger\n          .map(({ styleToken }) => styleToken)\n          .filter((styleToken) => styleTokens.has(styleToken))\n      )"",""new Set(\n      [\n        ...(themeAssets.data || [])\n          .filter((row) => row.category === 'theme_id')\n          .map((row) => String(row.asset_id)),\n        // Legacy rows remain readable during rolling deployment and preserve the\n        // receipt trail; the migration backfills every recognised one above.\n        ...(th.data || []).map((row) => normalizeThemePresetId(String(row.theme_id))),\n      ].filter((themeId): themeId is string => !!themeId)\n    )"",""new Set((av.data || []).map((row) => String(row.avatar_id)))"",""new Set([\n          ...(out || []).map((r) => r.friend_id as string),\n          ...(inn || []).map((r) => r.user_id as string),\n        ])"",""new Set([tableClubId, club].filter(Boolean) as string[])"",""new Set(clubIds.filter((id): id is string => !!id).map((id) => `referral_${id}`))"",""new Set(entries.map((e) => e.userId).filter(Boolean))"",""new Set(entries.map((e) => e.user_id).filter(Boolean))"",""new Set(ids)"",""new Set(mySeats.map((s: { table_id: string }) => s.table_id).filter(Boolean))"",""new Set(rows.map((r) => r.table_id).filter(Boolean))"",""new Set(rows.map((r) => r.user_id).filter(Boolean))"",""new Set(seatedUserIds.filter((id): id is string => typeof id === 'string' && id.length > 0))"",""node.querySelectorAll<HTMLElement>(\n        'button:not([disabled]), [href], input:not([disabled]), [tabindex]:not([tabindex=\""-1\""])'\n      )"",""node.querySelectorAll<HTMLElement>(\n        'button:not([disabled]), input:not([disabled]), [tabindex]:not([tabindex=\""-1\""])'\n      )"",""notifications"",""openIds"",""overrides.keys()"",""panelRef.current.querySelectorAll<HTMLElement>(FOCUSABLE)"",""pickerRef.current?.querySelectorAll<HTMLElement>('[role=\""option\""]') || []"",""player_notes"",""player_stats"",""presenceMap.values()"",""profiles"",""rake_records"",""referral_codes"",""referral_redemptions"",""root.querySelectorAll<HTMLElement>(\n          'button:not([disabled]), [href], input, select, textarea, [tabindex]:not([tabindex=\""-1\""])'\n        )"",""root.querySelectorAll<HTMLElement>(\n          'button:not([disabled]), [href], input:not([disabled]), select:not([disabled]), textarea:not([disabled]), [tabindex]:not([tabindex=\""-1\""])'\n        )"",""rungs"",""session_history"",""settlement_invoices"",""settlement_locks"",""settlement_periods"",""sittingOutIdsRef.current"",""state.leakSignals.entries()"",""state.previouslySeenQuestionIds"",""statsMap.values()"",""sub_agents"",""table_activity"",""table_chat"",""table_hole_cards"",""table_seats"",""table_waitlist"",""tables"",""tabsRowRef.current.querySelectorAll<HTMLElement>('[data-tabid]')"",""theme_asset_unlocks"",""theme_unlocks"",""this.active.values()"",""this.channelRegistry.entries()"",""this.laneProgress.keys()"",""this.listeners"",""this.peers.keys()"",""this.processed.keys()"",""this.subscriptions.entries()"",""throw_usage"",""tokens"",""tournament_bounties"",""tournament_deal_votes"",""tournament_players"",""tournament_registration_approvals"",""tournament_tickets"",""tournament_waitlists"",""tournaments"",""training_user_achievements"",""unionMap.values()"",""union_admins"",""union_clubs"",""union_wallet_transactions"",""unions"",""unique.values()"",""user_avatars"",""user_blocks"",""user_daily_challenges"",""user_daily_rewards"",""user_feedback"",""user_lobby_filters"",""user_lucky_wheel_spins"",""user_notification_preferences"",""user_table_settings"",""user_table_studio_preferences"",""user_theme_settings"",""users"",""uuidCache.entries()"",""v_spin_tier_availability"",""vip_feature_usage_monthly"",""wallet_transactions"",""{\n          length: Math.max(currentBets.length, recorded.length),\n        }"",""{\n          length: Math.max(finalBets.length, finalRecorded.length),\n        }"",""{ length: 14 }"",""{ length: 16 }"",""{ length: 20 }"",""{ length: 3 }"",""{ length: 4 }"",""{ length: 46 }"",""{ length: 5 }"",""{ length: 7 }"",""{ length: 8 }"",""{ length: 9 }"",""{ length: Math.min(chipCount, 5) }"",""{ length: SEGMENTS }"",""{ length: backs }"",""{ length: cap }"",""{ length: celebration.confettiPieces }"",""{ length: compactLobby ? 3 : 4 }"",""{ length: count }"",""{ length: emptySlots > 0 ? 1 : 0 }"",""{ length: entry.capacity }"",""{ length: faceDownCount }"",""{ length: group.length }"",""{ length: itemCount }"",""{ length: lines }"",""{ length: muckCount }"",""{ length: opponentCardCount }"",""{ length: particleCount }"",""{ length: runsOnFelt }"",""{ length: safeTotal }"",""{ length: t.max_players }"",""{ length: tier === 'daily' ? 5 : tier === 'weekly' ? 3 : 2 }"",""{ length: undealt }"",""{ length: weeks }""]",Not End-To-End Verified,"Reachability and role/club/union scope; all tabs, buttons, forms and modals; exact data source and pagination; loading/empty/error states; receipt and concurrency for mutations; stale session/cache/reload/reconnect; desktop/mobile/touch/keyboard/accessibility; tests and deployed behavior"
src/pages/TournamentPage.tsx,runtime-or-tooling-source,3;11,"[""clubs/:clubId/tournaments""]","[""src/App.tsx""]","[""src/components/club/CreateTournamentModal.tsx"",""src/components/common/Toast.tsx"",""src/components/lobby/tournamentFigures.ts"",""src/components/tournament/EliminationOverlay.tsx"",""src/components/tournament/MysteryBountyChest.tsx"",""src/components/tournament/MysteryBountyPanel.tsx"",""src/components/tournament/TournamentClock.tsx"",""src/components/tournament/details/RankingTab.tsx"",""src/components/tournament/details/types.ts"",""src/core/MasterBus.ts"",""src/hooks/useAnimationQueue.ts"",""src/hooks/useAuthUser.ts"",""src/hooks/useMysteryBounty.ts"",""src/hooks/useTournamentEntries.ts"",""src/hooks/useTournamentRegistration.ts"",""src/hooks/useVisibilityRefresh.ts"",""src/lib/supabase.ts"",""src/pages/TournamentPage.css"",""src/services/MysteryBountyService.ts"",""src/services/TableService.ts"",""src/services/TournamentService.ts"",""src/services/tournamentEventBridge.ts"",""src/types/clubRoles.ts"",""src/types/database.types.ts"",""src/utils/buyIn.ts"",""src/utils/clubIdResolver.ts"",""src/utils/errorReporter.ts"",""src/utils/observeTable.ts"",""src/utils/spinReveal.ts""]",1096,"[""'fn_complete_club_opening_setup' as never"",""accept_friendship"",""action === 'redeem' ? 'fn_redeem_tournament_ticket' : 'fn_cancel_tournament_ticket'"",""add_to_promo_wallet"",""atomic_deduct_wallet_and_log"",""atomic_seat_cashout_locked"",""atomic_table_buyin"",""atomic_table_rebuy"",""balance_tournament_tables"",""buy_streak_freeze"",""ca_club_activity"",""ca_club_dashboard_stats"",""ca_club_financials"",""ca_club_member_detail"",""ca_club_member_downline"",""ca_club_member_notes_update"",""ca_club_member_statistics"",""ca_club_members"",""ca_club_members_export"",""ca_club_members_overview"",""ca_club_members_page"",""ca_club_members_summary"",""ca_club_revenue"",""ca_club_tables"",""ca_club_top_players"",""ca_club_tournaments"",""ca_player_hands_v2"",""ca_player_stats_overview_v2"",""ca_player_stats_pulse"",""ca_union_statement_board"",""calculate_agent_settlement"",""calculate_agent_spread"",""calculate_cascading_commission"",""claim_daily_challenges"",""fn"",""fn_achievement_record_progress"",""fn_admin_kick_player"",""fn_admin_remove_player_chips"",""fn_admin_update_agent"",""fn_agent_attach_player"",""fn_agent_claim_commission"",""fn_agent_downline_commission"",""fn_agent_downline_rake"",""fn_agent_downline_rake_summary"",""fn_agent_unsettled_commission"",""fn_agent_wallet_claim_back"",""fn_agent_wallet_reversible"",""fn_agent_wallet_send"",""fn_apply_credit_payment"",""fn_apply_mystery_bounty_config"",""fn_batch_club_member_counts"",""fn_batch_club_realtime_active_counts"",""fn_batch_club_realtime_member_counts"",""fn_batch_union_realtime_active_counts"",""fn_batch_union_realtime_member_counts"",""fn_bbj_hand_detail"",""fn_bbj_pool_for_club"",""fn_bbj_recent_hits"",""fn_bump_friend_challenge_progress"",""fn_ca_chip_statement"",""fn_ca_club_hand_flags"",""fn_ca_daily_bonus_claim"",""fn_ca_daily_bonus_status"",""fn_ca_flag_hand"",""fn_ca_operator_read_hand"",""fn_ca_resolve_hand_flag"",""fn_can_i_create_a_union"",""fn_can_i_operate_the_union_network"",""fn_cancel_club_join_request"",""fn_cancel_managed_game_schedule"",""fn_cash_effective_buyin"",""fn_cash_game_join"",""fn_cash_game_lobby"",""fn_cash_seat_change_cancel"",""fn_cash_seat_change_request"",""fn_cash_vpip_status"",""fn_cashier_batch_transfer"",""fn_cashout_approve"",""fn_cashout_queue"",""fn_cashout_release"",""fn_cashout_request"",""fn_cast_tournament_deal_vote"",""fn_check_level_advancement"",""fn_claim_referral_milestone"",""fn_club_bank_claim_back"",""fn_club_bank_ledger"",""fn_club_bank_reverse"",""fn_club_bank_send"",""fn_club_cashier_members"",""fn_club_cashier_members_page_v3"",""fn_club_leaderboard_by_dates"",""fn_club_leaderboard_period_v2"",""fn_club_member_counts"",""fn_club_money_panel"",""fn_club_name_available"",""fn_club_set_member_role"",""fn_club_tournament_stats"",""fn_club_trade_ledger"",""fn_community_search"",""fn_consume_feature_use"",""fn_create_agent"",""fn_create_club_atomic"",""fn_create_tournament"",""fn_delete_tournament_schedule"",""fn_discover_clubs"",""fn_dismiss_club_message"",""fn_dispute_escalate"",""fn_dispute_start_review"",""fn_execute_managed_game_command"",""fn_execute_union_rakeback"",""fn_expire_stale_cashouts"",""fn_game_creation_access"",""fn_generate_all_credit_invoices"",""fn_generate_credit_invoice"",""fn_get_club_creation_eligibility"",""fn_get_club_entry_flags"",""fn_get_club_entry_message"",""fn_get_club_member_count"",""fn_get_club_realtime_member_count"",""fn_get_game_management_health"",""fn_get_game_management_scale_health"",""fn_get_leaderboard_reward_plan"",""fn_get_leaderboard_reward_setup"",""fn_get_leaderboard_settlement_status"",""fn_get_managed_game_command_receipt"",""fn_get_managed_game_command_receipts"",""fn_get_managed_game_contract_history"",""fn_get_managed_game_contracts"",""fn_get_player_search_preferences"",""fn_get_table_watch_access"",""fn_global_leaderboard_by_dates"",""fn_global_leaderboard_period"",""fn_hand_rake_breakdown"",""fn_increment_vip_usage"",""fn_join_club"",""fn_join_club_atomic"",""fn_leaderboard_period_window"",""fn_leaderboard_reward_contexts"",""fn_leave_seat_and_refund"",""fn_list_managed_games"",""fn_maintenance_break_state"",""fn_mark_table_setting_touched"",""fn_member_leave_to_treasury"",""fn_mint_chips_from_diamonds"",""fn_mutate_table_studio_preferences"",""fn_my_agent_roles"",""fn_my_wallet_ledger"",""fn_mystery_bounty_awards"",""fn_mystery_bounty_inventory"",""fn_mystery_bounty_leaderboard"",""fn_mystery_bounty_reveal"",""fn_mystery_bounty_table_state"",""fn_owner_start_tournament_now"",""fn_pay_credit_invoice_from_wallet"",""fn_player_spendable_balance"",""fn_preview_club_join"",""fn_promo_disburse"",""fn_promo_wallet_ledger"",""fn_promo_wallet_send"",""fn_purchase_feature"",""fn_purchase_time_banks_v2"",""fn_raise_financial_alert"",""fn_rakeback_settlement_status"",""fn_record_card_slide_usage"",""fn_record_cashier_operation"",""fn_redeem_club_invite_code"",""fn_redeem_shop_item"",""fn_register_for_tournament"",""fn_remove_settled_club_member"",""fn_request_chips"",""fn_request_manual_bomb_pot"",""fn_resolve_ads"",""fn_resolve_dispute"",""fn_respond_chip_request"",""fn_respond_friend_challenge"",""fn_retire_settled_club"",""fn_run_pending_rakeback_settlement"",""fn_save_leaderboard_reward_setup"",""fn_schedule_managed_game_close"",""fn_search_players"",""fn_seed_table_studio_preferences"",""fn_set_club_lobby_message"",""fn_set_interface_theme"",""fn_set_player_search_preferences"",""fn_set_settlement_period_status"",""fn_spin_leaderboards"",""fn_table_chat_is_silenced"",""fn_take_seat_and_buy_in"",""fn_time_bank_allowance"",""fn_tournament_primary_table"",""fn_track_club_entry_event"",""fn_union_leaderboard_period_v2"",""fn_union_player_directory"",""fn_union_send_to_member"",""fn_unregister_from_tournament"",""fn_upsert_tournament_schedule"",""fn_use_throwable_v2"",""fn_user_rank_by_dates"",""fn_user_rank_global_by_dates"",""fn_user_rank_global_period"",""fn_user_rank_period"",""fn_wallet_type_transfer"",""generate_period_commissions"",""generate_period_settlements"",""get_club_home"",""get_club_players_playing"",""get_current_settlement_period"",""get_daily_challenge_dashboard_v3"",""get_mutual_friends"",""get_user_level_stats"",""increment_tournament_rake"",""isPromoPull ? 'fn_union_clawback_promo_from_club' : 'fn_union_clawback_from_club'"",""process_tournament_rebuy"",""promoSendRpc(promoSource)"",""recompute_club_levels"",""record_arena_session"",""record_daily_mission_operation"",""redeem_referral_code"",""reroll_daily_challenge"",""settle_club_rakeback"",""update_player_hand_stats"",""viaClubBank ? 'fn_club_bank_send' : 'fn_agent_wallet_send'"",""wallet_user_transfer""]","[""'club_opening_setups' as never"",""String(text ?? '')"",""activeDialog?.querySelectorAll<HTMLElement>(\n          'button:not([disabled]), input:not([disabled]), select:not([disabled]), [tabindex=\""0\""]'\n        ) || []"",""activeSessions.keys()"",""ad_event"",""agent_commissions"",""agents"",""arena_sessions"",""atob(encoded)"",""avatar_unlocks"",""bbj_pools"",""bbj_stakes_tiers"",""byId.values()"",""ca_hand_facts"",""ca_hand_flags"",""ca_hand_notes"",""ca_stat_distribution"",""candidateClubIds"",""cash_games"",""cashout_requests"",""chipAnimStartedAtRef.current.keys()"",""chip_ledger"",""chip_requests"",""client_crash_log"",""club-assets"",""club_challenges"",""club_chat"",""club_members"",""club_shop_inventory"",""club_shop_items"",""clubs"",""commission_rate_audit"",""conversations"",""credit_invoices"",""credit_requests"",""customization_operations"",""daily_challenge_dashboard_revisions"",""dialogRef.current.querySelectorAll<HTMLElement>(\n          'a[href], button:not(:disabled), input:not(:disabled), select:not(:disabled), textarea:not(:disabled), [tabindex]:not([tabindex=\""-1\""])'\n        )"",""dialogRef.current?.querySelectorAll<HTMLElement>(\n          'button:not([disabled]), [href], [tabindex=\""0\""]'\n        ) || []"",""dialogRef.current?.querySelectorAll<HTMLElement>(\n          'button:not([disabled]), input:not([disabled]), [href], [tabindex=\""0\""]'\n        ) || []"",""dialogRef.current?.querySelectorAll<HTMLElement>(\n        'button:not([disabled]), textarea:not([disabled]), input:not([disabled]), a[href]'\n      ) || []"",""diamond_transactions"",""disputes"",""drawer.querySelectorAll<HTMLElement>(\n          'button:not([disabled]), [href], input:not([disabled]), select:not([disabled]), textarea:not([disabled]), [tabindex]:not([tabindex=\""-1\""])'\n        )"",""engineSeen.keys()"",""event.currentTarget.querySelectorAll<HTMLButtonElement>('[role=\""tab\""]')"",""favorite_tables"",""feature_pricing"",""feature_purchases"",""financial_alerts"",""focusableElements"",""friendIds"",""friend_challenges"",""friendships"",""hand_discards"",""hand_history"",""horse_bug_reports"",""ids"",""images"",""items"",""messages"",""modalRef.current?.querySelectorAll<HTMLElement>(\n          'button:not([disabled]), a[href], input:not([disabled]), select:not([disabled]), [tabindex]:not([tabindex=\""-1\""])'\n        ) ?? []"",""new Set(\n        normalizedAvatarLedger\n          .map(({ styleToken }) => styleToken)\n          .filter((styleToken) => styleTokens.has(styleToken))\n      )"",""new Set(\n      [\n        ...(themeAssets.data || [])\n          .filter((row) => row.category === 'theme_id')\n          .map((row) => String(row.asset_id)),\n        // Legacy rows remain readable during rolling deployment and preserve the\n        // receipt trail; the migration backfills every recognised one above.\n        ...(th.data || []).map((row) => normalizeThemePresetId(String(row.theme_id))),\n      ].filter((themeId): themeId is string => !!themeId)\n    )"",""new Set((av.data || []).map((row) => String(row.avatar_id)))"",""new Set([\n          ...(out || []).map((r) => r.friend_id as string),\n          ...(inn || []).map((r) => r.user_id as string),\n        ])"",""new Set([tableClubId, club].filter(Boolean) as string[])"",""new Set(clubIds.filter((id): id is string => !!id).map((id) => `referral_${id}`))"",""new Set(entries.map((e) => e.userId).filter(Boolean))"",""new Set(entries.map((e) => e.user_id).filter(Boolean))"",""new Set(ids)"",""new Set(mySeats.map((s: { table_id: string }) => s.table_id).filter(Boolean))"",""new Set(rows.map((r) => r.table_id).filter(Boolean))"",""new Set(rows.map((r) => r.user_id).filter(Boolean))"",""new Set(seatedUserIds.filter((id): id is string => typeof id === 'string' && id.length > 0))"",""node.querySelectorAll<HTMLElement>(\n        'button:not([disabled]), [href], input:not([disabled]), [tabindex]:not([tabindex=\""-1\""])'\n      )"",""node.querySelectorAll<HTMLElement>(\n        'button:not([disabled]), input:not([disabled]), [tabindex]:not([tabindex=\""-1\""])'\n      )"",""notifications"",""openIds"",""overrides.keys()"",""panelRef.current.querySelectorAll<HTMLElement>(FOCUSABLE)"",""pickerRef.current?.querySelectorAll<HTMLElement>('[role=\""option\""]') || []"",""player_notes"",""player_stats"",""presenceMap.values()"",""profiles"",""rake_records"",""referral_codes"",""referral_redemptions"",""root.querySelectorAll<HTMLElement>(\n          'button:not([disabled]), [href], input, select, textarea, [tabindex]:not([tabindex=\""-1\""])'\n        )"",""root.querySelectorAll<HTMLElement>(\n          'button:not([disabled]), [href], input:not([disabled]), select:not([disabled]), textarea:not([disabled]), [tabindex]:not([tabindex=\""-1\""])'\n        )"",""rungs"",""session_history"",""settlement_invoices"",""settlement_locks"",""settlement_periods"",""sittingOutIdsRef.current"",""state.leakSignals.entries()"",""state.previouslySeenQuestionIds"",""statsMap.values()"",""sub_agents"",""table_activity"",""table_chat"",""table_hole_cards"",""table_seats"",""table_waitlist"",""tables"",""tabsRowRef.current.querySelectorAll<HTMLElement>('[data-tabid]')"",""theme_asset_unlocks"",""theme_unlocks"",""this.active.values()"",""this.channelRegistry.entries()"",""this.laneProgress.keys()"",""this.listeners"",""this.peers.keys()"",""this.processed.keys()"",""this.subscriptions.entries()"",""throw_usage"",""tokens"",""tournament_bounties"",""tournament_deal_votes"",""tournament_players"",""tournament_registration_approvals"",""tournament_schedules"",""tournament_tickets"",""tournament_waitlists"",""tournaments"",""training_user_achievements"",""unionMap.values()"",""union_admins"",""union_clubs"",""union_wallet_transactions"",""unions"",""unique.values()"",""user_avatars"",""user_blocks"",""user_daily_challenges"",""user_daily_rewards"",""user_feedback"",""user_lobby_filters"",""user_lucky_wheel_spins"",""user_notification_preferences"",""user_table_settings"",""user_table_studio_preferences"",""user_theme_settings"",""users"",""uuidCache.entries()"",""v_spin_tier_availability"",""vip_feature_usage_monthly"",""wallet_transactions"",""{\n          length: Math.max(currentBets.length, recorded.length),\n        }"",""{\n          length: Math.max(finalBets.length, finalRecorded.length),\n        }"",""{ length: 14 }"",""{ length: 16 }"",""{ length: 20 }"",""{ length: 3 }"",""{ length: 366 }"",""{ length: 4 }"",""{ length: 46 }"",""{ length: 5 }"",""{ length: 7 }"",""{ length: 8 }"",""{ length: 9 }"",""{ length: 96 }"",""{ length: Math.min(chipCount, 5) }"",""{ length: SEGMENTS }"",""{ length: backs }"",""{ length: cap }"",""{ length: celebration.confettiPieces }"",""{ length: compactLobby ? 3 : 4 }"",""{ length: count }"",""{ length: emptySlots > 0 ? 1 : 0 }"",""{ length: entry.capacity }"",""{ length: faceDownCount }"",""{ length: group.length }"",""{ length: itemCount }"",""{ length: lines }"",""{ length: muckCount }"",""{ length: opponentCardCount }"",""{ length: paidPlaces }"",""{ length: particleCount }"",""{ length: runsOnFelt }"",""{ length: safeTotal }"",""{ length: t.max_players }"",""{ length: tier === 'daily' ? 5 : tier === 'weekly' ? 3 : 2 }"",""{ length: undealt }"",""{ length: weeks }""]",Not End-To-End Verified,"Reachability and role/club/union scope; all tabs, buttons, forms and modals; exact data source and pagination; loading/empty/error states; receipt and concurrency for mutations; stale session/cache/reload/reconnect; desktop/mobile/touch/keyboard/accessibility; tests and deployed behavior"
src/pages/TransactionHistoryPage.tsx,runtime-or-tooling-source,9;11,"[""transactions""]","[""src/App.tsx""]","[""src/components/common/PageSkeleton.tsx"",""src/components/common/Toast.tsx"",""src/components/rewards/RewardsSurfaceHeader.tsx"",""src/components/wallet/describeChipTransaction.ts"",""src/core/MasterBus.ts"",""src/hooks/useAuthUser.ts"",""src/hooks/useIsMounted.ts"",""src/hooks/useVisibilityRefresh.ts"",""src/lib/export.ts"",""src/lib/supabase.ts"",""src/pages/TransactionHistoryPage.css"",""src/utils/errorReporter.ts"",""src/utils/format.ts"",""src/utils/playerDisplayName.ts"",""src/utils/popupStyle.ts"",""src/utils/retryFetch.ts""]",85,"[""atomic_deduct_wallet_and_log"",""atomic_seat_cashout_locked"",""ca_union_statement_board"",""calculate_agent_settlement"",""calculate_agent_spread"",""calculate_cascading_commission"",""fn_admin_kick_player"",""fn_admin_remove_player_chips"",""fn_admin_update_agent"",""fn_agent_attach_player"",""fn_agent_claim_commission"",""fn_agent_downline_commission"",""fn_agent_unsettled_commission"",""fn_agent_wallet_claim_back"",""fn_agent_wallet_reversible"",""fn_agent_wallet_send"",""fn_apply_credit_payment"",""fn_batch_club_member_counts"",""fn_cancel_club_join_request"",""fn_cancel_managed_game_schedule"",""fn_cashout_approve"",""fn_cashout_queue"",""fn_cashout_release"",""fn_cashout_request"",""fn_check_level_advancement"",""fn_claim_referral_milestone"",""fn_club_name_available"",""fn_create_agent"",""fn_create_club_atomic"",""fn_discover_clubs"",""fn_execute_managed_game_command"",""fn_execute_union_rakeback"",""fn_expire_stale_cashouts"",""fn_generate_all_credit_invoices"",""fn_generate_credit_invoice"",""fn_get_club_creation_eligibility"",""fn_get_club_entry_flags"",""fn_get_club_member_count"",""fn_get_game_management_health"",""fn_get_game_management_scale_health"",""fn_get_managed_game_command_receipt"",""fn_get_managed_game_command_receipts"",""fn_get_managed_game_contract_history"",""fn_get_managed_game_contracts"",""fn_join_club"",""fn_join_club_atomic"",""fn_list_managed_games"",""fn_member_leave_to_treasury"",""fn_pay_credit_invoice_from_wallet"",""fn_player_spendable_balance"",""fn_preview_club_join"",""fn_promo_disburse"",""fn_raise_financial_alert"",""fn_rakeback_settlement_status"",""fn_redeem_club_invite_code"",""fn_retire_settled_club"",""fn_run_pending_rakeback_settlement"",""fn_schedule_managed_game_close"",""fn_set_settlement_period_status"",""fn_tournament_primary_table"",""fn_track_club_entry_event"",""fn_wallet_type_transfer"",""generate_period_commissions"",""generate_period_settlements"",""get_current_settlement_period"",""get_user_level_stats"",""record_arena_session"",""redeem_referral_code"",""settle_club_rakeback"",""wallet_user_transfer""]","[""agent_commissions"",""agents"",""arena_sessions"",""atob(encoded)"",""cashout_requests"",""chip_transactions"",""club-assets"",""club_challenges"",""club_members"",""clubs"",""commission_rate_audit"",""credit_invoices"",""credit_requests"",""diamond_transactions"",""disputes"",""financial_alerts"",""hand_history"",""ids"",""messages"",""new Set(clubIds.filter((id): id is string => !!id).map((id) => `referral_${id}`))"",""notifications"",""profiles"",""rake_records"",""referral_codes"",""referral_redemptions"",""settlement_periods"",""state.leakSignals.entries()"",""state.previouslySeenQuestionIds"",""sub_agents"",""table_activity"",""table_seats"",""table_waitlist"",""tables"",""this.channelRegistry.entries()"",""this.subscriptions.entries()"",""unionMap.values()"",""union_admins"",""union_clubs"",""unions"",""uuidCache.entries()"",""wallet_transactions""]",Not End-To-End Verified,"Reachability and role/club/union scope; all tabs, buttons, forms and modals; exact data source and pagination; loading/empty/error states; receipt and concurrency for mutations; stale session/cache/reload/reconnect; desktop/mobile/touch/keyboard/accessibility; tests and deployed behavior"
src/pages/UnionDashboardPage.tsx,runtime-or-tooling-source,10;11,"[""unions/:unionId/operations""]","[""src/App.tsx"",""tests/union-dashboard-route-race.test.tsx""]","[""src/components/club/SpinActivationPanel.tsx"",""src/components/common/EmptyState.tsx"",""src/components/common/TransactionLedgerView.tsx"",""src/components/common/confirmDialog.tsx"",""src/components/rewards/RewardsSurfaceHeader.tsx"",""src/components/union/UnionClubGovernance.tsx"",""src/components/union/UnionOpsPanel.tsx"",""src/components/union/UnionTreasuryDetailModal.tsx"",""src/components/union/UnionWalletModal.tsx"",""src/core/MasterBus.ts"",""src/hooks/useAuthUser.ts"",""src/hooks/useIsMounted.ts"",""src/hooks/useSpinsWallet.ts"",""src/hooks/useUnionRouteId.ts"",""src/hooks/useVisibilityRefresh.ts"",""src/lib/bbjPoolFeed.ts"",""src/lib/supabase.ts"",""src/pages/AdminDashboardPage.css"",""src/services/SettlementService.ts"",""src/services/UnionApiService.ts"",""src/utils/clubLevels.ts"",""src/utils/errorReporter.ts"",""src/utils/format.ts"",""src/utils/playerDisplayName.ts"",""src/utils/safeErrorMessage.ts""]",115,"[""atomic_deduct_wallet_and_log"",""atomic_seat_cashout_locked"",""ca_club_chip_ledger"",""ca_club_member_detail"",""ca_club_member_downline"",""ca_club_member_notes_update"",""ca_club_member_statistics"",""ca_club_members_export"",""ca_club_members_overview"",""ca_club_members_page"",""ca_club_members_summary"",""ca_union_statement_board"",""calculate_agent_settlement"",""calculate_agent_spread"",""calculate_cascading_commission"",""fn_admin_kick_player"",""fn_admin_remove_player_chips"",""fn_admin_update_agent"",""fn_agent_attach_player"",""fn_agent_claim_commission"",""fn_agent_downline_commission"",""fn_agent_roster_report"",""fn_agent_unsettled_commission"",""fn_agent_wallet_claim_back"",""fn_agent_wallet_reversible"",""fn_agent_wallet_send"",""fn_agent_weekly_statement"",""fn_apply_credit_payment"",""fn_assign_agent_to_super_agent"",""fn_assign_player_to_agent"",""fn_batch_club_member_counts"",""fn_bbj_pool_for_club"",""fn_cancel_club_join_request"",""fn_cancel_managed_game_schedule"",""fn_cashout_approve"",""fn_cashout_queue"",""fn_cashout_release"",""fn_cashout_request"",""fn_check_level_advancement"",""fn_claim_referral_milestone"",""fn_club_name_available"",""fn_create_agent"",""fn_create_club_atomic"",""fn_discover_clubs"",""fn_execute_managed_game_command"",""fn_execute_union_rakeback"",""fn_expire_stale_cashouts"",""fn_generate_all_credit_invoices"",""fn_generate_credit_invoice"",""fn_get_club_creation_eligibility"",""fn_get_club_entry_flags"",""fn_get_club_member_count"",""fn_get_game_management_health"",""fn_get_game_management_scale_health"",""fn_get_managed_game_command_receipt"",""fn_get_managed_game_command_receipts"",""fn_get_managed_game_contract_history"",""fn_get_managed_game_contracts"",""fn_is_union_operator"",""fn_join_club"",""fn_join_club_atomic"",""fn_list_managed_games"",""fn_member_leave_to_treasury"",""fn_pay_credit_invoice_from_wallet"",""fn_player_spendable_balance"",""fn_preview_club_join"",""fn_promo_disburse"",""fn_promo_wallet_ledger"",""fn_raise_financial_alert"",""fn_rakeback_settlement_status"",""fn_redeem_club_invite_code"",""fn_retire_settled_club"",""fn_run_pending_rakeback_settlement"",""fn_schedule_managed_game_close"",""fn_set_settlement_period_status"",""fn_tournament_primary_table"",""fn_track_club_entry_event"",""fn_union_agent_coverage"",""fn_union_agent_risk_report"",""fn_union_clawback_from_club"",""fn_union_club_exit_blockers"",""fn_union_deposit_from_wallet"",""fn_union_distribution_check"",""fn_union_expel_club"",""fn_union_integrity_sweep"",""fn_union_law_selftest"",""fn_union_player_directory"",""fn_union_send_to_member"",""fn_union_settlement_cascade"",""fn_union_settlement_preview"",""fn_union_weekly_agent_statements"",""fn_wallet_type_transfer"",""generate_period_commissions"",""generate_period_settlements"",""get_current_settlement_period"",""get_user_level_stats"",""isPromoPull ? 'fn_union_clawback_promo_from_club' : 'fn_union_clawback_from_club'"",""record_arena_session"",""redeem_referral_code"",""settle_club_rakeback"",""wallet_user_transfer""]","[""agent_commissions"",""agents"",""arena_sessions"",""atob(encoded)"",""bbj_pools"",""cashout_requests"",""chip_ledger"",""club-assets"",""club_challenges"",""club_members"",""clubs"",""commission_rate_audit"",""credit_invoices"",""credit_requests"",""diamond_transactions"",""disputes"",""event.currentTarget.querySelectorAll<HTMLButtonElement>('[role=\""tab\""]')"",""financial_alerts"",""hand_history"",""messages"",""new Set(clubIds.filter((id): id is string => !!id).map((id) => `referral_${id}`))"",""notifications"",""profiles"",""rake_records"",""referral_codes"",""referral_redemptions"",""root.querySelectorAll<HTMLElement>(\n          'button:not([disabled]), [href], input:not([disabled]), select:not([disabled]), textarea:not([disabled]), [tabindex]:not([tabindex=\""-1\""])'\n        )"",""settlement_periods"",""state.leakSignals.entries()"",""state.previouslySeenQuestionIds"",""sub_agents"",""table_activity"",""table_seats"",""table_waitlist"",""tables"",""this.channelRegistry.entries()"",""this.subscriptions.entries()"",""unionMap.values()"",""union_admins"",""union_clubs"",""union_pnl_settlements"",""union_rakeback_log"",""union_settlement_rounds"",""union_wallet_transactions"",""union_wallets"",""unions"",""uuidCache.entries()"",""wallet_transactions""]",Not End-To-End Verified,"Reachability and role/club/union scope; all tabs, buttons, forms and modals; exact data source and pagination; loading/empty/error states; receipt and concurrency for mutations; stale session/cache/reload/reconnect; desktop/mobile/touch/keyboard/accessibility; tests and deployed behavior"
src/pages/UnionDataPage.tsx,runtime-or-tooling-source,9;10;11,"[""unions/:unionId/data""]","[""src/App.tsx""]","[""src/components/club/RakeSnapshotPanel.tsx"",""src/components/rewards/RewardsSurfaceHeader.tsx"",""src/hooks/useAuthUser.ts"",""src/hooks/useUnionRouteId.ts"",""src/lib/supabase.ts"",""src/pages/UnionDataPage.module.css"",""src/utils/errorReporter.ts""]",85,"[""atomic_deduct_wallet_and_log"",""atomic_seat_cashout_locked"",""ca_rake_snapshot"",""ca_union_statement_board"",""calculate_agent_settlement"",""calculate_agent_spread"",""calculate_cascading_commission"",""fn_admin_kick_player"",""fn_admin_remove_player_chips"",""fn_admin_update_agent"",""fn_agent_attach_player"",""fn_agent_claim_commission"",""fn_agent_downline_commission"",""fn_agent_unsettled_commission"",""fn_agent_wallet_claim_back"",""fn_agent_wallet_reversible"",""fn_agent_wallet_send"",""fn_apply_credit_payment"",""fn_batch_club_member_counts"",""fn_cancel_club_join_request"",""fn_cancel_managed_game_schedule"",""fn_cashout_approve"",""fn_cashout_queue"",""fn_cashout_release"",""fn_cashout_request"",""fn_check_level_advancement"",""fn_claim_referral_milestone"",""fn_club_name_available"",""fn_create_agent"",""fn_create_club_atomic"",""fn_discover_clubs"",""fn_execute_managed_game_command"",""fn_execute_union_rakeback"",""fn_expire_stale_cashouts"",""fn_generate_all_credit_invoices"",""fn_generate_credit_invoice"",""fn_get_club_creation_eligibility"",""fn_get_club_entry_flags"",""fn_get_club_member_count"",""fn_get_game_management_health"",""fn_get_game_management_scale_health"",""fn_get_managed_game_command_receipt"",""fn_get_managed_game_command_receipts"",""fn_get_managed_game_contract_history"",""fn_get_managed_game_contracts"",""fn_join_club"",""fn_join_club_atomic"",""fn_list_managed_games"",""fn_member_leave_to_treasury"",""fn_pay_credit_invoice_from_wallet"",""fn_player_spendable_balance"",""fn_preview_club_join"",""fn_promo_disburse"",""fn_raise_financial_alert"",""fn_rakeback_settlement_status"",""fn_redeem_club_invite_code"",""fn_retire_settled_club"",""fn_run_pending_rakeback_settlement"",""fn_schedule_managed_game_close"",""fn_set_settlement_period_status"",""fn_tournament_primary_table"",""fn_track_club_entry_event"",""fn_wallet_type_transfer"",""generate_period_commissions"",""generate_period_settlements"",""get_current_settlement_period"",""get_user_level_stats"",""record_arena_session"",""redeem_referral_code"",""settle_club_rakeback"",""wallet_user_transfer""]","[""agent_commissions"",""agents"",""arena_sessions"",""atob(encoded)"",""cashout_requests"",""club-assets"",""club_challenges"",""club_members"",""clubs"",""commission_rate_audit"",""credit_invoices"",""credit_requests"",""diamond_transactions"",""disputes"",""financial_alerts"",""hand_history"",""messages"",""new Set(clubIds.filter((id): id is string => !!id).map((id) => `referral_${id}`))"",""notifications"",""profiles"",""rake_records"",""referral_codes"",""referral_redemptions"",""settlement_periods"",""state.leakSignals.entries()"",""state.previouslySeenQuestionIds"",""sub_agents"",""table_activity"",""table_seats"",""table_waitlist"",""tables"",""this.channelRegistry.entries()"",""this.subscriptions.entries()"",""unionMap.values()"",""union_admins"",""union_clubs"",""unions"",""uuidCache.entries()"",""wallet_transactions""]",Not End-To-End Verified,"Reachability and role/club/union scope; all tabs, buttons, forms and modals; exact data source and pagination; loading/empty/error states; receipt and concurrency for mutations; stale session/cache/reload/reconnect; desktop/mobile/touch/keyboard/accessibility; tests and deployed behavior"
src/pages/UnionDetailPage.tsx,runtime-or-tooling-source,10;11,"[""unions/:unionId""]","[""src/App.tsx""]","[""src/components/club/CreateTournamentModal.tsx"",""src/components/club/GameCreationActions.tsx"",""src/components/common/ConfirmModal.tsx"",""src/components/common/EmptyState.tsx"",""src/components/common/Toast.tsx"",""src/components/common/confirmDialog.tsx"",""src/components/rewards/RewardsSurfaceHeader.tsx"",""src/components/tournament/WeeklyScheduleEditor.tsx"",""src/components/union/UnionClubGovernance.tsx"",""src/core/MasterBus.ts"",""src/hooks/useAuthUser.ts"",""src/hooks/useUnionRouteId.ts"",""src/hooks/useVisibilityRefresh.ts"",""src/lib/storage.ts"",""src/lib/supabase.ts"",""src/pages/UnionDetailPage.module.css"",""src/services/ClubsService.ts"",""src/services/HorseOrchestrator.ts"",""src/services/PresenceService.ts"",""src/services/TableService.ts"",""src/services/TournamentScheduleService.ts"",""src/services/UnionApiService.ts"",""src/services/UnionService.ts"",""src/stores/useUnionStore.ts"",""src/types/club.types.ts"",""src/types/database.types.ts"",""src/utils/buyIn.ts"",""src/utils/clubLevels.ts"",""src/utils/errorReporter.ts""]",118,"[""atomic_deduct_wallet_and_log"",""atomic_seat_cashout_locked"",""balance_tournament_tables"",""ca_union_statement_board"",""calculate_agent_settlement"",""calculate_agent_spread"",""calculate_cascading_commission"",""fn_admin_kick_player"",""fn_admin_remove_player_chips"",""fn_admin_update_agent"",""fn_agent_attach_player"",""fn_agent_claim_commission"",""fn_agent_downline_commission"",""fn_agent_roster_report"",""fn_agent_unsettled_commission"",""fn_agent_wallet_claim_back"",""fn_agent_wallet_reversible"",""fn_agent_wallet_send"",""fn_agent_weekly_statement"",""fn_apply_credit_payment"",""fn_apply_mystery_bounty_config"",""fn_assign_agent_to_super_agent"",""fn_assign_player_to_agent"",""fn_batch_club_member_counts"",""fn_cancel_club_join_request"",""fn_cancel_managed_game_schedule"",""fn_cashout_approve"",""fn_cashout_queue"",""fn_cashout_release"",""fn_cashout_request"",""fn_check_level_advancement"",""fn_claim_referral_milestone"",""fn_club_name_available"",""fn_create_agent"",""fn_create_club_atomic"",""fn_create_tournament"",""fn_delete_tournament_schedule"",""fn_discover_clubs"",""fn_execute_managed_game_command"",""fn_execute_union_rakeback"",""fn_expire_stale_cashouts"",""fn_game_creation_access"",""fn_generate_all_credit_invoices"",""fn_generate_credit_invoice"",""fn_get_club_creation_eligibility"",""fn_get_club_entry_flags"",""fn_get_club_member_count"",""fn_get_game_management_health"",""fn_get_game_management_scale_health"",""fn_get_managed_game_command_receipt"",""fn_get_managed_game_command_receipts"",""fn_get_managed_game_contract_history"",""fn_get_managed_game_contracts"",""fn_horse_seat_from_treasury"",""fn_join_club"",""fn_join_club_atomic"",""fn_list_managed_games"",""fn_member_leave_to_treasury"",""fn_owner_start_tournament_now"",""fn_pay_credit_invoice_from_wallet"",""fn_player_spendable_balance"",""fn_preview_club_join"",""fn_promo_disburse"",""fn_raise_financial_alert"",""fn_rakeback_settlement_status"",""fn_redeem_club_invite_code"",""fn_register_for_tournament"",""fn_retire_settled_club"",""fn_run_pending_rakeback_settlement"",""fn_schedule_managed_game_close"",""fn_set_settlement_period_status"",""fn_tournament_primary_table"",""fn_track_club_entry_event"",""fn_union_agent_coverage"",""fn_union_agent_risk_report"",""fn_union_club_exit_blockers"",""fn_union_distribution_check"",""fn_union_expel_club"",""fn_union_integrity_sweep"",""fn_union_law_selftest"",""fn_union_settlement_cascade"",""fn_union_settlement_preview"",""fn_union_weekly_agent_statements"",""fn_unregister_from_tournament"",""fn_upsert_tournament_schedule"",""fn_wallet_type_transfer"",""generate_period_commissions"",""generate_period_settlements"",""get_current_settlement_period"",""get_user_level_stats"",""increment_tournament_rake"",""process_tournament_rebuy"",""record_arena_session"",""redeem_referral_code"",""settle_club_rakeback"",""wallet_user_transfer""]","[""agent_commissions"",""agents"",""arena_sessions"",""atob(encoded)"",""cashout_requests"",""club-assets"",""club_challenges"",""club_members"",""clubs"",""commission_rate_audit"",""credit_invoices"",""credit_requests"",""diamond_transactions"",""disputes"",""financial_alerts"",""hand_history"",""messages"",""new Set(clubIds.filter((id): id is string => !!id).map((id) => `referral_${id}`))"",""notifications"",""profiles"",""rake_records"",""referral_codes"",""referral_redemptions"",""root.querySelectorAll<HTMLElement>(\n          'button:not([disabled]), [href], input:not([disabled]), select:not([disabled]), textarea:not([disabled]), [tabindex]:not([tabindex=\""-1\""])'\n        )"",""settlement_periods"",""state.leakSignals.entries()"",""state.previouslySeenQuestionIds"",""sub_agents"",""table_activity"",""table_seats"",""table_waitlist"",""tables"",""this.channelRegistry.entries()"",""this.subscriptions.entries()"",""this.tables.values()"",""tournament_bounties"",""tournament_players"",""tournament_schedules"",""tournament_waitlists"",""tournaments"",""unionMap.values()"",""union_admins"",""union_clubs"",""union_settlement_rounds"",""unions"",""uuidCache.entries()"",""wallet_transactions"",""{ length: 366 }"",""{ length: 96 }"",""{ length: paidPlaces }""]",Not End-To-End Verified,"Reachability and role/club/union scope; all tabs, buttons, forms and modals; exact data source and pagination; loading/empty/error states; receipt and concurrency for mutations; stale session/cache/reload/reconnect; desktop/mobile/touch/keyboard/accessibility; tests and deployed behavior"
src/pages/UnionGamesPage.tsx,runtime-or-tooling-source,10;11,"[""unions/:unionId/games""]","[""src/App.tsx""]","[""src/components/club/GameCreationActions.tsx"",""src/components/common/PageSkeleton.tsx"",""src/components/common/Toast.tsx"",""src/components/rewards/RewardsSurfaceHeader.tsx"",""src/core/MasterBus.ts"",""src/hooks/useAuthUser.ts"",""src/hooks/useIsMounted.ts"",""src/hooks/useTournamentRegistration.ts"",""src/hooks/useUnionRouteId.ts"",""src/hooks/useVisibilityRefresh.ts"",""src/lib/supabase.ts"",""src/pages/UnionGamesPage.module.css"",""src/services/TournamentService.ts"",""src/services/UnionService.ts"",""src/utils/errorReporter.ts"",""src/utils/format.ts""]",103,"[""atomic_deduct_wallet_and_log"",""atomic_seat_cashout_locked"",""balance_tournament_tables"",""ca_union_statement_board"",""calculate_agent_settlement"",""calculate_agent_spread"",""calculate_cascading_commission"",""fn_admin_kick_player"",""fn_admin_remove_player_chips"",""fn_admin_update_agent"",""fn_agent_attach_player"",""fn_agent_claim_commission"",""fn_agent_downline_commission"",""fn_agent_unsettled_commission"",""fn_agent_wallet_claim_back"",""fn_agent_wallet_reversible"",""fn_agent_wallet_send"",""fn_apply_credit_payment"",""fn_apply_mystery_bounty_config"",""fn_batch_club_member_counts"",""fn_cancel_club_join_request"",""fn_cancel_managed_game_schedule"",""fn_cashout_approve"",""fn_cashout_queue"",""fn_cashout_release"",""fn_cashout_request"",""fn_check_level_advancement"",""fn_claim_referral_milestone"",""fn_club_name_available"",""fn_create_agent"",""fn_create_club_atomic"",""fn_create_tournament"",""fn_discover_clubs"",""fn_execute_managed_game_command"",""fn_execute_union_rakeback"",""fn_expire_stale_cashouts"",""fn_game_creation_access"",""fn_generate_all_credit_invoices"",""fn_generate_credit_invoice"",""fn_get_club_creation_eligibility"",""fn_get_club_entry_flags"",""fn_get_club_member_count"",""fn_get_game_management_health"",""fn_get_game_management_scale_health"",""fn_get_managed_game_command_receipt"",""fn_get_managed_game_command_receipts"",""fn_get_managed_game_contract_history"",""fn_get_managed_game_contracts"",""fn_join_club"",""fn_join_club_atomic"",""fn_list_managed_games"",""fn_member_leave_to_treasury"",""fn_owner_start_tournament_now"",""fn_pay_credit_invoice_from_wallet"",""fn_player_spendable_balance"",""fn_preview_club_join"",""fn_promo_disburse"",""fn_raise_financial_alert"",""fn_rakeback_settlement_status"",""fn_redeem_club_invite_code"",""fn_register_for_tournament"",""fn_retire_settled_club"",""fn_run_pending_rakeback_settlement"",""fn_schedule_managed_game_close"",""fn_set_settlement_period_status"",""fn_tournament_primary_table"",""fn_track_club_entry_event"",""fn_unregister_from_tournament"",""fn_wallet_type_transfer"",""generate_period_commissions"",""generate_period_settlements"",""get_bbj_pool"",""get_current_settlement_period"",""get_user_level_stats"",""increment_tournament_rake"",""process_tournament_rebuy"",""record_arena_session"",""redeem_referral_code"",""settle_club_rakeback"",""wallet_user_transfer""]","[""agent_commissions"",""agents"",""arena_sessions"",""atob(encoded)"",""cashout_requests"",""club-assets"",""club_challenges"",""club_members"",""clubs"",""commission_rate_audit"",""credit_invoices"",""credit_requests"",""diamond_transactions"",""disputes"",""financial_alerts"",""hand_history"",""messages"",""new Set(clubIds.filter((id): id is string => !!id).map((id) => `referral_${id}`))"",""notifications"",""profiles"",""rake_records"",""referral_codes"",""referral_redemptions"",""settlement_periods"",""state.leakSignals.entries()"",""state.previouslySeenQuestionIds"",""sub_agents"",""table_activity"",""table_seats"",""table_waitlist"",""tables"",""this.channelRegistry.entries()"",""this.subscriptions.entries()"",""tournament_bounties"",""tournament_players"",""tournament_waitlists"",""tournaments"",""unionMap.values()"",""union_admins"",""union_clubs"",""unions"",""uuidCache.entries()"",""wallet_transactions""]",Not End-To-End Verified,"Reachability and role/club/union scope; all tabs, buttons, forms and modals; exact data source and pagination; loading/empty/error states; receipt and concurrency for mutations; stale session/cache/reload/reconnect; desktop/mobile/touch/keyboard/accessibility; tests and deployed behavior"
src/pages/UnionStatementsPage.tsx,runtime-or-tooling-source,9;10;11,"[""unions/:unionId/statements""]","[""src/App.tsx""]","[""src/components/common/Toast.tsx"",""src/components/rewards/RewardsSurfaceHeader.tsx"",""src/hooks/useAuthUser.ts"",""src/hooks/useUnionRouteId.ts"",""src/lib/supabase.ts"",""src/pages/UnionStatementsPage.module.css"",""src/utils/clubDashboard.ts"",""src/utils/downloadCsv.ts"",""src/utils/errorReporter.ts""]",83,"[""atomic_deduct_wallet_and_log"",""atomic_seat_cashout_locked"",""ca_union_insurance_pnl"",""ca_union_record_presettlement"",""ca_union_set_statement_paid"",""ca_union_statement_board"",""calculate_agent_settlement"",""calculate_agent_spread"",""calculate_cascading_commission"",""fn_admin_kick_player"",""fn_admin_remove_player_chips"",""fn_admin_update_agent"",""fn_agent_attach_player"",""fn_agent_claim_commission"",""fn_agent_downline_commission"",""fn_agent_unsettled_commission"",""fn_agent_wallet_claim_back"",""fn_agent_wallet_reversible"",""fn_agent_wallet_send"",""fn_apply_credit_payment"",""fn_batch_club_member_counts"",""fn_cancel_club_join_request"",""fn_cancel_managed_game_schedule"",""fn_cashout_approve"",""fn_cashout_queue"",""fn_cashout_release"",""fn_cashout_request"",""fn_check_level_advancement"",""fn_claim_referral_milestone"",""fn_club_name_available"",""fn_create_agent"",""fn_create_club_atomic"",""fn_discover_clubs"",""fn_execute_managed_game_command"",""fn_execute_union_rakeback"",""fn_expire_stale_cashouts"",""fn_generate_all_credit_invoices"",""fn_generate_credit_invoice"",""fn_get_club_creation_eligibility"",""fn_get_club_entry_flags"",""fn_get_club_member_count"",""fn_get_game_management_health"",""fn_get_game_management_scale_health"",""fn_get_managed_game_command_receipt"",""fn_get_managed_game_command_receipts"",""fn_get_managed_game_contract_history"",""fn_get_managed_game_contracts"",""fn_join_club"",""fn_join_club_atomic"",""fn_list_managed_games"",""fn_member_leave_to_treasury"",""fn_pay_credit_invoice_from_wallet"",""fn_player_spendable_balance"",""fn_preview_club_join"",""fn_promo_disburse"",""fn_raise_financial_alert"",""fn_rakeback_settlement_status"",""fn_redeem_club_invite_code"",""fn_retire_settled_club"",""fn_run_pending_rakeback_settlement"",""fn_schedule_managed_game_close"",""fn_set_settlement_period_status"",""fn_tournament_primary_table"",""fn_track_club_entry_event"",""fn_wallet_type_transfer"",""generate_period_commissions"",""generate_period_settlements"",""get_current_settlement_period"",""get_user_level_stats"",""record_arena_session"",""redeem_referral_code"",""settle_club_rakeback"",""wallet_user_transfer""]","[""agent_commissions"",""agents"",""arena_sessions"",""atob(encoded)"",""cashout_requests"",""club-assets"",""club_challenges"",""club_members"",""clubs"",""commission_rate_audit"",""credit_invoices"",""credit_requests"",""diamond_transactions"",""disputes"",""financial_alerts"",""hand_history"",""messages"",""new Set(clubIds.filter((id): id is string => !!id).map((id) => `referral_${id}`))"",""notifications"",""profiles"",""rake_records"",""referral_codes"",""referral_redemptions"",""settlement_periods"",""state.leakSignals.entries()"",""state.previouslySeenQuestionIds"",""sub_agents"",""table_activity"",""table_seats"",""table_waitlist"",""tables"",""this.channelRegistry.entries()"",""this.subscriptions.entries()"",""unionMap.values()"",""union_admins"",""union_clubs"",""unions"",""uuidCache.entries()"",""wallet_transactions""]",Not End-To-End Verified,"Reachability and role/club/union scope; all tabs, buttons, forms and modals; exact data source and pagination; loading/empty/error states; receipt and concurrency for mutations; stale session/cache/reload/reconnect; desktop/mobile/touch/keyboard/accessibility; tests and deployed behavior"
src/pages/UnionsPage.tsx,runtime-or-tooling-source,10;11,"[""unions""]","[""src/App.tsx"",""src/utils/ChunkPreloader.ts""]","[""src/components/common/EmptyState.tsx"",""src/components/common/Toast.tsx"",""src/components/union/CreateUnionModal.tsx"",""src/core/MasterBus.ts"",""src/hooks/useCanCreateUnion.ts"",""src/hooks/useVisibilityRefresh.ts"",""src/pages/UnionsPage.css"",""src/services/UnionService.ts"",""src/utils/clubLevels.ts"",""src/utils/errorReporter.ts"",""src/utils/mediaBase.ts""]",81,"[""atomic_deduct_wallet_and_log"",""atomic_seat_cashout_locked"",""ca_union_statement_board"",""calculate_agent_settlement"",""calculate_agent_spread"",""calculate_cascading_commission"",""fn_admin_kick_player"",""fn_admin_remove_player_chips"",""fn_admin_update_agent"",""fn_agent_attach_player"",""fn_agent_claim_commission"",""fn_agent_downline_commission"",""fn_agent_unsettled_commission"",""fn_agent_wallet_claim_back"",""fn_agent_wallet_reversible"",""fn_agent_wallet_send"",""fn_apply_credit_payment"",""fn_batch_club_member_counts"",""fn_can_i_create_a_union"",""fn_can_i_operate_the_union_network"",""fn_cancel_club_join_request"",""fn_cancel_managed_game_schedule"",""fn_cashout_approve"",""fn_cashout_queue"",""fn_cashout_release"",""fn_cashout_request"",""fn_check_level_advancement"",""fn_claim_referral_milestone"",""fn_club_name_available"",""fn_create_agent"",""fn_create_club_atomic"",""fn_discover_clubs"",""fn_execute_managed_game_command"",""fn_execute_union_rakeback"",""fn_expire_stale_cashouts"",""fn_generate_all_credit_invoices"",""fn_generate_credit_invoice"",""fn_get_club_creation_eligibility"",""fn_get_club_entry_flags"",""fn_get_club_member_count"",""fn_get_game_management_health"",""fn_get_game_management_scale_health"",""fn_get_managed_game_command_receipt"",""fn_get_managed_game_command_receipts"",""fn_get_managed_game_contract_history"",""fn_get_managed_game_contracts"",""fn_join_club"",""fn_join_club_atomic"",""fn_list_managed_games"",""fn_member_leave_to_treasury"",""fn_pay_credit_invoice_from_wallet"",""fn_player_spendable_balance"",""fn_preview_club_join"",""fn_promo_disburse"",""fn_raise_financial_alert"",""fn_rakeback_settlement_status"",""fn_redeem_club_invite_code"",""fn_retire_settled_club"",""fn_run_pending_rakeback_settlement"",""fn_schedule_managed_game_close"",""fn_set_settlement_period_status"",""fn_tournament_primary_table"",""fn_track_club_entry_event"",""fn_wallet_type_transfer"",""generate_period_commissions"",""generate_period_settlements"",""get_current_settlement_period"",""get_user_level_stats"",""record_arena_session"",""redeem_referral_code"",""settle_club_rakeback"",""wallet_user_transfer""]","[""agent_commissions"",""agents"",""arena_sessions"",""atob(encoded)"",""cashout_requests"",""club-assets"",""club_challenges"",""club_members"",""clubs"",""commission_rate_audit"",""credit_invoices"",""credit_requests"",""diamond_transactions"",""disputes"",""financial_alerts"",""hand_history"",""messages"",""new Set(clubIds.filter((id): id is string => !!id).map((id) => `referral_${id}`))"",""notifications"",""profiles"",""rake_records"",""referral_codes"",""referral_redemptions"",""settlement_periods"",""state.leakSignals.entries()"",""state.previouslySeenQuestionIds"",""sub_agents"",""table_activity"",""table_seats"",""table_waitlist"",""tables"",""this.channelRegistry.entries()"",""this.subscriptions.entries()"",""unionMap.values()"",""union_admins"",""union_clubs"",""unions"",""uuidCache.entries()"",""wallet_transactions""]",Not End-To-End Verified,"Reachability and role/club/union scope; all tabs, buttons, forms and modals; exact data source and pagination; loading/empty/error states; receipt and concurrency for mutations; stale session/cache/reload/reconnect; desktop/mobile/touch/keyboard/accessibility; tests and deployed behavior"
src/pages/VIPPage.tsx,runtime-or-tooling-source,11,"[""vip""]","[""src/App.tsx""]","[""src/components/common/PageSkeleton.tsx"",""src/components/common/Toast.tsx"",""src/components/rewards/RewardsSurfaceHeader.tsx"",""src/components/vip/DiamondTopUpModal.tsx"",""src/components/vip/RewardsMarketplace.tsx"",""src/components/vip/VIPActivityHistory.tsx"",""src/components/vip/VIPCardsModal.tsx"",""src/components/vip/VIPMembershipPlate.tsx"",""src/components/vip/VIPPerksGrid.tsx"",""src/components/wallet/DiamondWalletModal.tsx"",""src/core/MasterBus.ts"",""src/hooks/useAuthUser.ts"",""src/hooks/useVisibilityRefresh.ts"",""src/lib/supabase.ts"",""src/pages/VIPPage.css"",""src/services/VIPService.ts"",""src/utils/errorReporter.ts"",""src/utils/mediaBase.ts"",""src/utils/vipStatus.ts""]",152,"[""atomic_deduct_wallet_and_log"",""atomic_seat_cashout_locked"",""ca_union_statement_board"",""calculate_agent_settlement"",""calculate_agent_spread"",""calculate_cascading_commission"",""fn_admin_kick_player"",""fn_admin_remove_player_chips"",""fn_admin_update_agent"",""fn_agent_attach_player"",""fn_agent_claim_commission"",""fn_agent_downline_commission"",""fn_agent_unsettled_commission"",""fn_agent_wallet_claim_back"",""fn_agent_wallet_reversible"",""fn_agent_wallet_send"",""fn_apply_credit_payment"",""fn_batch_club_member_counts"",""fn_cancel_club_join_request"",""fn_cancel_managed_game_schedule"",""fn_cashout_approve"",""fn_cashout_queue"",""fn_cashout_release"",""fn_cashout_request"",""fn_check_level_advancement"",""fn_claim_referral_milestone"",""fn_club_name_available"",""fn_consume_feature_use"",""fn_create_agent"",""fn_create_club_atomic"",""fn_discover_clubs"",""fn_execute_managed_game_command"",""fn_execute_union_rakeback"",""fn_expire_stale_cashouts"",""fn_generate_all_credit_invoices"",""fn_generate_credit_invoice"",""fn_get_club_creation_eligibility"",""fn_get_club_entry_flags"",""fn_get_club_member_count"",""fn_get_game_management_health"",""fn_get_game_management_scale_health"",""fn_get_managed_game_command_receipt"",""fn_get_managed_game_command_receipts"",""fn_get_managed_game_contract_history"",""fn_get_managed_game_contracts"",""fn_increment_vip_usage"",""fn_join_club"",""fn_join_club_atomic"",""fn_list_managed_games"",""fn_member_leave_to_treasury"",""fn_pay_credit_invoice_from_wallet"",""fn_player_spendable_balance"",""fn_preview_club_join"",""fn_promo_disburse"",""fn_purchase_feature"",""fn_raise_financial_alert"",""fn_rakeback_settlement_status"",""fn_redeem_club_invite_code"",""fn_redeem_vip_points"",""fn_retire_settled_club"",""fn_run_pending_rakeback_settlement"",""fn_schedule_managed_game_close"",""fn_set_settlement_period_status"",""fn_tournament_primary_table"",""fn_track_club_entry_event"",""fn_wallet_type_transfer"",""generate_period_commissions"",""generate_period_settlements"",""get_current_settlement_period"",""get_user_level_stats"",""record_arena_session"",""redeem_referral_code"",""settle_club_rakeback"",""wallet_user_transfer""]","[""agent_commissions"",""agents"",""arena_sessions"",""atob(encoded)"",""avatar_unlocks"",""cashout_requests"",""club-assets"",""club_challenges"",""club_members"",""clubs"",""commission_rate_audit"",""credit_invoices"",""credit_requests"",""dialogRef.current?.querySelectorAll<HTMLElement>(\n          'button:not([disabled]), [href], [tabindex=\""0\""]'\n        ) || []"",""diamond_transactions"",""disputes"",""feature_pricing"",""feature_purchases"",""financial_alerts"",""hand_history"",""messages"",""new Set(\n        normalizedAvatarLedger\n          .map(({ styleToken }) => styleToken)\n          .filter((styleToken) => styleTokens.has(styleToken))\n      )"",""new Set(\n      [\n        ...(themeAssets.data || [])\n          .filter((row) => row.category === 'theme_id')\n          .map((row) => String(row.asset_id)),\n        // Legacy rows remain readable during rolling deployment and preserve the\n        // receipt trail; the migration backfills every recognised one above.\n        ...(th.data || []).map((row) => normalizeThemePresetId(String(row.theme_id))),\n      ].filter((themeId): themeId is string => !!themeId)\n    )"",""new Set((av.data || []).map((row) => String(row.avatar_id)))"",""new Set(clubIds.filter((id): id is string => !!id).map((id) => `referral_${id}`))"",""notifications"",""profiles"",""rake_records"",""referral_codes"",""referral_redemptions"",""settlement_periods"",""state.leakSignals.entries()"",""state.previouslySeenQuestionIds"",""sub_agents"",""table_activity"",""table_seats"",""table_waitlist"",""tables"",""theme_asset_unlocks"",""theme_unlocks"",""this.channelRegistry.entries()"",""this.subscriptions.entries()"",""throw_usage"",""unionMap.values()"",""union_admins"",""union_clubs"",""unions"",""uuidCache.entries()"",""vip_feature_usage_monthly"",""vip_points"",""vip_reward_catalog"",""wallet_transactions""]",Not End-To-End Verified,"Reachability and role/club/union scope; all tabs, buttons, forms and modals; exact data source and pagination; loading/empty/error states; receipt and concurrency for mutations; stale session/cache/reload/reconnect; desktop/mobile/touch/keyboard/accessibility; tests and deployed behavior"
src/pages/WaitlistPage.tsx,runtime-or-tooling-source,8;11,[],[],"[""src/components/common/EmptyState.tsx"",""src/components/common/PageSkeleton.tsx"",""src/components/common/Toast.tsx"",""src/core/MasterBus.ts"",""src/hooks/useAuthUser.ts"",""src/hooks/useVisibilityRefresh.ts"",""src/lib/supabase.ts"",""src/pages/WaitlistPage.css"",""src/services/HapticService.ts"",""src/services/WaitlistService.ts"",""src/utils/errorReporter.ts""]",81,"[""atomic_deduct_wallet_and_log"",""atomic_seat_cashout_locked"",""ca_union_statement_board"",""calculate_agent_settlement"",""calculate_agent_spread"",""calculate_cascading_commission"",""fn_admin_kick_player"",""fn_admin_remove_player_chips"",""fn_admin_update_agent"",""fn_agent_attach_player"",""fn_agent_claim_commission"",""fn_agent_downline_commission"",""fn_agent_unsettled_commission"",""fn_agent_wallet_claim_back"",""fn_agent_wallet_reversible"",""fn_agent_wallet_send"",""fn_apply_credit_payment"",""fn_batch_club_member_counts"",""fn_cancel_club_join_request"",""fn_cancel_managed_game_schedule"",""fn_cashout_approve"",""fn_cashout_queue"",""fn_cashout_release"",""fn_cashout_request"",""fn_check_level_advancement"",""fn_claim_referral_milestone"",""fn_club_name_available"",""fn_create_agent"",""fn_create_club_atomic"",""fn_discover_clubs"",""fn_execute_managed_game_command"",""fn_execute_union_rakeback"",""fn_expire_stale_cashouts"",""fn_generate_all_credit_invoices"",""fn_generate_credit_invoice"",""fn_get_club_creation_eligibility"",""fn_get_club_entry_flags"",""fn_get_club_member_count"",""fn_get_game_management_health"",""fn_get_game_management_scale_health"",""fn_get_managed_game_command_receipt"",""fn_get_managed_game_command_receipts"",""fn_get_managed_game_contract_history"",""fn_get_managed_game_contracts"",""fn_join_club"",""fn_join_club_atomic"",""fn_list_managed_games"",""fn_member_leave_to_treasury"",""fn_pay_credit_invoice_from_wallet"",""fn_player_spendable_balance"",""fn_preview_club_join"",""fn_promo_disburse"",""fn_raise_financial_alert"",""fn_rakeback_settlement_status"",""fn_redeem_club_invite_code"",""fn_retire_settled_club"",""fn_run_pending_rakeback_settlement"",""fn_schedule_managed_game_close"",""fn_set_settlement_period_status"",""fn_tournament_primary_table"",""fn_track_club_entry_event"",""fn_wallet_type_transfer"",""generate_period_commissions"",""generate_period_settlements"",""get_current_settlement_period"",""get_user_level_stats"",""record_arena_session"",""redeem_referral_code"",""settle_club_rakeback"",""wallet_user_transfer""]","[""agent_commissions"",""agents"",""arena_sessions"",""atob(encoded)"",""cashout_requests"",""club-assets"",""club_challenges"",""club_members"",""clubs"",""commission_rate_audit"",""credit_invoices"",""credit_requests"",""diamond_transactions"",""disputes"",""financial_alerts"",""hand_history"",""messages"",""new Set(clubIds.filter((id): id is string => !!id).map((id) => `referral_${id}`))"",""new Set(rows.map((r) => r.table_id).filter(Boolean))"",""new Set(rows.map((r) => r.user_id).filter(Boolean))"",""notifications"",""profiles"",""rake_records"",""referral_codes"",""referral_redemptions"",""settlement_periods"",""state.leakSignals.entries()"",""state.previouslySeenQuestionIds"",""sub_agents"",""table_activity"",""table_seats"",""table_waitlist"",""tables"",""this.channelRegistry.entries()"",""this.subscriptions.entries()"",""unionMap.values()"",""union_admins"",""union_clubs"",""unions"",""uuidCache.entries()"",""wallet_transactions""]",Not End-To-End Verified,"Reachability and role/club/union scope; all tabs, buttons, forms and modals; exact data source and pagination; loading/empty/error states; receipt and concurrency for mutations; stale session/cache/reload/reconnect; desktop/mobile/touch/keyboard/accessibility; tests and deployed behavior"
src/pages/XMTTPage.tsx,runtime-or-tooling-source,3;11,"[""xmtt""]","[""src/App.tsx""]","[""src/components/common/PageSkeleton.tsx"",""src/components/common/Toast.tsx"",""src/core/MasterBus.ts"",""src/hooks/useAuthUser.ts"",""src/hooks/useIsMounted.ts"",""src/hooks/useTournamentRegistration.ts"",""src/hooks/useVisibilityRefresh.ts"",""src/lib/supabase.ts"",""src/pages/XMTTPage.module.css"",""src/services/TournamentService.ts"",""src/utils/buyIn.ts"",""src/utils/clubIdResolver.ts"",""src/utils/errorReporter.ts"",""src/utils/format.ts"",""src/utils/playerDisplayName.ts"",""src/utils/resolvePageClubId.ts"",""src/utils/safeErrorMessage.ts"",""src/utils/unionScope.ts""]",98,"[""atomic_deduct_wallet_and_log"",""atomic_seat_cashout_locked"",""balance_tournament_tables"",""ca_union_statement_board"",""calculate_agent_settlement"",""calculate_agent_spread"",""calculate_cascading_commission"",""fn_admin_kick_player"",""fn_admin_remove_player_chips"",""fn_admin_update_agent"",""fn_agent_attach_player"",""fn_agent_claim_commission"",""fn_agent_downline_commission"",""fn_agent_unsettled_commission"",""fn_agent_wallet_claim_back"",""fn_agent_wallet_reversible"",""fn_agent_wallet_send"",""fn_apply_credit_payment"",""fn_apply_mystery_bounty_config"",""fn_batch_club_member_counts"",""fn_cancel_club_join_request"",""fn_cancel_managed_game_schedule"",""fn_cashout_approve"",""fn_cashout_queue"",""fn_cashout_release"",""fn_cashout_request"",""fn_check_level_advancement"",""fn_claim_referral_milestone"",""fn_club_name_available"",""fn_create_agent"",""fn_create_club_atomic"",""fn_create_tournament"",""fn_discover_clubs"",""fn_execute_managed_game_command"",""fn_execute_union_rakeback"",""fn_expire_stale_cashouts"",""fn_game_creation_access"",""fn_generate_all_credit_invoices"",""fn_generate_credit_invoice"",""fn_get_club_creation_eligibility"",""fn_get_club_entry_flags"",""fn_get_club_member_count"",""fn_get_game_management_health"",""fn_get_game_management_scale_health"",""fn_get_managed_game_command_receipt"",""fn_get_managed_game_command_receipts"",""fn_get_managed_game_contract_history"",""fn_get_managed_game_contracts"",""fn_join_club"",""fn_join_club_atomic"",""fn_list_managed_games"",""fn_member_leave_to_treasury"",""fn_owner_start_tournament_now"",""fn_pay_credit_invoice_from_wallet"",""fn_player_spendable_balance"",""fn_preview_club_join"",""fn_promo_disburse"",""fn_raise_financial_alert"",""fn_rakeback_settlement_status"",""fn_redeem_club_invite_code"",""fn_register_for_tournament"",""fn_retire_settled_club"",""fn_run_pending_rakeback_settlement"",""fn_schedule_managed_game_close"",""fn_set_settlement_period_status"",""fn_tournament_primary_table"",""fn_track_club_entry_event"",""fn_unregister_from_tournament"",""fn_wallet_type_transfer"",""generate_period_commissions"",""generate_period_settlements"",""get_current_settlement_period"",""get_user_level_stats"",""increment_tournament_rake"",""process_tournament_rebuy"",""record_arena_session"",""redeem_referral_code"",""settle_club_rakeback"",""wallet_user_transfer""]","[""agent_commissions"",""agents"",""arena_sessions"",""atob(encoded)"",""byId.values()"",""cashout_requests"",""club-assets"",""club_challenges"",""club_members"",""clubs"",""commission_rate_audit"",""credit_invoices"",""credit_requests"",""diamond_transactions"",""disputes"",""financial_alerts"",""hand_history"",""messages"",""new Set(clubIds.filter((id): id is string => !!id).map((id) => `referral_${id}`))"",""notifications"",""profiles"",""rake_records"",""referral_codes"",""referral_redemptions"",""settlement_periods"",""state.leakSignals.entries()"",""state.previouslySeenQuestionIds"",""sub_agents"",""table_activity"",""table_seats"",""table_waitlist"",""tables"",""this.channelRegistry.entries()"",""this.subscriptions.entries()"",""tournament_bounties"",""tournament_players"",""tournament_waitlists"",""tournaments"",""unionMap.values()"",""union_admins"",""union_clubs"",""unions"",""uuidCache.entries()"",""wallet_transactions""]",Not End-To-End Verified,"Reachability and role/club/union scope; all tabs, buttons, forms and modals; exact data source and pagination; loading/empty/error states; receipt and concurrency for mutations; stale session/cache/reload/reconnect; desktop/mobile/touch/keyboard/accessibility; tests and deployed behavior"
src/pages/admin/AnalyticsDashboard.tsx,runtime-or-tooling-source,9;11,"[""analytics""]","[""src/App.tsx""]","[""src/components/common/Toast.tsx"",""src/hooks/useIsMounted.ts"",""src/hooks/useMasterBusSubscription.ts"",""src/lib/supabase.ts"",""src/pages/admin/AnalyticsDashboard.css"",""src/utils/errorReporter.ts""]",74,"[""atomic_deduct_wallet_and_log"",""atomic_seat_cashout_locked"",""ca_union_statement_board"",""calculate_agent_settlement"",""calculate_agent_spread"",""calculate_cascading_commission"",""fn_admin_kick_player"",""fn_admin_platform_aggregates"",""fn_admin_remove_player_chips"",""fn_admin_update_agent"",""fn_agent_attach_player"",""fn_agent_claim_commission"",""fn_agent_downline_commission"",""fn_agent_unsettled_commission"",""fn_agent_wallet_claim_back"",""fn_agent_wallet_reversible"",""fn_agent_wallet_send"",""fn_apply_credit_payment"",""fn_batch_club_member_counts"",""fn_cancel_club_join_request"",""fn_cancel_managed_game_schedule"",""fn_cashout_approve"",""fn_cashout_queue"",""fn_cashout_release"",""fn_cashout_request"",""fn_check_level_advancement"",""fn_claim_referral_milestone"",""fn_club_name_available"",""fn_create_agent"",""fn_create_club_atomic"",""fn_discover_clubs"",""fn_execute_managed_game_command"",""fn_execute_union_rakeback"",""fn_expire_stale_cashouts"",""fn_generate_all_credit_invoices"",""fn_generate_credit_invoice"",""fn_get_club_creation_eligibility"",""fn_get_club_entry_flags"",""fn_get_club_member_count"",""fn_get_game_management_health"",""fn_get_game_management_scale_health"",""fn_get_managed_game_command_receipt"",""fn_get_managed_game_command_receipts"",""fn_get_managed_game_contract_history"",""fn_get_managed_game_contracts"",""fn_join_club"",""fn_join_club_atomic"",""fn_list_managed_games"",""fn_member_leave_to_treasury"",""fn_pay_credit_invoice_from_wallet"",""fn_player_spendable_balance"",""fn_preview_club_join"",""fn_promo_disburse"",""fn_raise_financial_alert"",""fn_rakeback_settlement_status"",""fn_redeem_club_invite_code"",""fn_retire_settled_club"",""fn_run_pending_rakeback_settlement"",""fn_schedule_managed_game_close"",""fn_set_settlement_period_status"",""fn_tournament_primary_table"",""fn_track_club_entry_event"",""fn_wallet_type_transfer"",""generate_period_commissions"",""generate_period_settlements"",""get_current_settlement_period"",""get_user_level_stats"",""record_arena_session"",""redeem_referral_code"",""settle_club_rakeback"",""wallet_user_transfer""]","[""agent_commissions"",""agents"",""arena_sessions"",""atob(encoded)"",""byPosition.values()"",""cashout_requests"",""club-assets"",""club_challenges"",""club_members"",""clubs"",""commission_rate_audit"",""credit_invoices"",""credit_requests"",""diamond_transactions"",""disputes"",""financial_alerts"",""hand_history"",""messages"",""new Set(clubIds.filter((id): id is string => !!id).map((id) => `referral_${id}`))"",""notifications"",""player_position_stats"",""profiles"",""rake_records"",""referral_codes"",""referral_redemptions"",""settlement_periods"",""state.leakSignals.entries()"",""state.previouslySeenQuestionIds"",""sub_agents"",""table_activity"",""table_seats"",""table_waitlist"",""tables"",""this.channelRegistry.entries()"",""this.subscriptions.entries()"",""unionMap.values()"",""union_admins"",""union_clubs"",""unions"",""uuidCache.entries()"",""wallet_transactions""]",Not End-To-End Verified,"Reachability and role/club/union scope; all tabs, buttons, forms and modals; exact data source and pagination; loading/empty/error states; receipt and concurrency for mutations; stale session/cache/reload/reconnect; desktop/mobile/touch/keyboard/accessibility; tests and deployed behavior"
src/pages/admin/EngineDashboard.tsx,runtime-or-tooling-source,11,"[""engine""]","[""src/App.tsx""]","[""src/components/SettlementCronStatus.tsx"",""src/components/common/Toast.tsx"",""src/core/MasterBus.ts"",""src/lib/supabase.ts"",""src/pages/admin/EngineDashboard.css"",""src/services/AdminStatsService.ts"",""src/utils/errorReporter.ts""]",76,"[""atomic_deduct_wallet_and_log"",""atomic_seat_cashout_locked"",""ca_union_statement_board"",""calculate_agent_settlement"",""calculate_agent_spread"",""calculate_cascading_commission"",""fn_admin_horse_fleet_counts"",""fn_admin_kick_player"",""fn_admin_remove_player_chips"",""fn_admin_update_agent"",""fn_agent_attach_player"",""fn_agent_claim_commission"",""fn_agent_downline_commission"",""fn_agent_unsettled_commission"",""fn_agent_wallet_claim_back"",""fn_agent_wallet_reversible"",""fn_agent_wallet_send"",""fn_apply_credit_payment"",""fn_batch_club_member_counts"",""fn_cancel_club_join_request"",""fn_cancel_managed_game_schedule"",""fn_cashout_approve"",""fn_cashout_queue"",""fn_cashout_release"",""fn_cashout_request"",""fn_check_level_advancement"",""fn_claim_referral_milestone"",""fn_club_name_available"",""fn_create_agent"",""fn_create_club_atomic"",""fn_discover_clubs"",""fn_execute_managed_game_command"",""fn_execute_union_rakeback"",""fn_expire_stale_cashouts"",""fn_generate_all_credit_invoices"",""fn_generate_credit_invoice"",""fn_get_club_creation_eligibility"",""fn_get_club_entry_flags"",""fn_get_club_member_count"",""fn_get_game_management_health"",""fn_get_game_management_scale_health"",""fn_get_managed_game_command_receipt"",""fn_get_managed_game_command_receipts"",""fn_get_managed_game_contract_history"",""fn_get_managed_game_contracts"",""fn_join_club"",""fn_join_club_atomic"",""fn_list_managed_games"",""fn_member_leave_to_treasury"",""fn_pay_credit_invoice_from_wallet"",""fn_player_spendable_balance"",""fn_preview_club_join"",""fn_promo_disburse"",""fn_raise_financial_alert"",""fn_rakeback_settlement_status"",""fn_redeem_club_invite_code"",""fn_retire_settled_club"",""fn_run_pending_rakeback_settlement"",""fn_schedule_managed_game_close"",""fn_set_settlement_period_status"",""fn_tournament_primary_table"",""fn_track_club_entry_event"",""fn_wallet_type_transfer"",""generate_period_commissions"",""generate_period_settlements"",""get_current_settlement_period"",""get_user_level_stats"",""get_wallet_balance_totals"",""record_arena_session"",""redeem_referral_code"",""settle_club_rakeback"",""wallet_user_transfer""]","[""agent_commissions"",""agents"",""arena_sessions"",""atob(encoded)"",""cashout_requests"",""club-assets"",""club_challenges"",""club_members"",""clubs"",""commission_rate_audit"",""credit_invoices"",""credit_requests"",""diamond_transactions"",""disputes"",""financial_alerts"",""hand_history"",""messages"",""new Set(clubIds.filter((id): id is string => !!id).map((id) => `referral_${id}`))"",""notifications"",""profiles"",""rake_records"",""referral_codes"",""referral_redemptions"",""settlement_periods"",""state.leakSignals.entries()"",""state.previouslySeenQuestionIds"",""sub_agents"",""table_activity"",""table_seats"",""table_waitlist"",""tables"",""this.channelRegistry.entries()"",""this.subscriptions.entries()"",""tournament_players"",""tournaments"",""unionMap.values()"",""union_admins"",""union_clubs"",""unions"",""uuidCache.entries()"",""wallet_transactions""]",Not End-To-End Verified,"Reachability and role/club/union scope; all tabs, buttons, forms and modals; exact data source and pagination; loading/empty/error states; receipt and concurrency for mutations; stale session/cache/reload/reconnect; desktop/mobile/touch/keyboard/accessibility; tests and deployed behavior"
src/pages/admin/HouseAdsPage.tsx,runtime-or-tooling-source,11,"[""house-ads""]","[""src/App.tsx""]","[""src/components/common/confirmDialog.tsx"",""src/hooks/useAuthUser.ts"",""src/hooks/useIsMounted.ts"",""src/lib/supabase.ts"",""src/pages/AdminDashboardPage.css"",""src/services/clubArenaApi.ts"",""src/utils/errorReporter.ts"",""src/utils/platformRoles.ts"",""src/utils/safeErrorMessage.ts""]",77,"[""atomic_deduct_wallet_and_log"",""atomic_seat_cashout_locked"",""ca_union_statement_board"",""calculate_agent_settlement"",""calculate_agent_spread"",""calculate_cascading_commission"",""fn_admin_kick_player"",""fn_admin_remove_player_chips"",""fn_admin_update_agent"",""fn_agent_attach_player"",""fn_agent_claim_commission"",""fn_agent_downline_commission"",""fn_agent_unsettled_commission"",""fn_agent_wallet_claim_back"",""fn_agent_wallet_reversible"",""fn_agent_wallet_send"",""fn_apply_credit_payment"",""fn_batch_club_member_counts"",""fn_cancel_club_join_request"",""fn_cancel_managed_game_schedule"",""fn_cashout_approve"",""fn_cashout_queue"",""fn_cashout_release"",""fn_cashout_request"",""fn_check_level_advancement"",""fn_claim_referral_milestone"",""fn_club_name_available"",""fn_create_agent"",""fn_create_club_atomic"",""fn_discover_clubs"",""fn_execute_managed_game_command"",""fn_execute_union_rakeback"",""fn_expire_stale_cashouts"",""fn_generate_all_credit_invoices"",""fn_generate_credit_invoice"",""fn_get_club_creation_eligibility"",""fn_get_club_entry_flags"",""fn_get_club_member_count"",""fn_get_game_management_health"",""fn_get_game_management_scale_health"",""fn_get_managed_game_command_receipt"",""fn_get_managed_game_command_receipts"",""fn_get_managed_game_contract_history"",""fn_get_managed_game_contracts"",""fn_join_club"",""fn_join_club_atomic"",""fn_list_managed_games"",""fn_member_leave_to_treasury"",""fn_pay_credit_invoice_from_wallet"",""fn_player_spendable_balance"",""fn_preview_club_join"",""fn_promo_disburse"",""fn_raise_financial_alert"",""fn_rakeback_settlement_status"",""fn_redeem_club_invite_code"",""fn_retire_settled_club"",""fn_run_pending_rakeback_settlement"",""fn_schedule_managed_game_close"",""fn_set_settlement_period_status"",""fn_tournament_primary_table"",""fn_track_club_entry_event"",""fn_wallet_type_transfer"",""generate_period_commissions"",""generate_period_settlements"",""get_current_settlement_period"",""get_user_level_stats"",""record_arena_session"",""redeem_referral_code"",""settle_club_rakeback"",""wallet_user_transfer""]","[""agent_commissions"",""agents"",""arena_sessions"",""atob(encoded)"",""cashout_requests"",""club-assets"",""club_challenges"",""club_members"",""clubs"",""commission_rate_audit"",""credit_invoices"",""credit_requests"",""diamond_transactions"",""disputes"",""financial_alerts"",""hand_history"",""messages"",""new Set(clubIds.filter((id): id is string => !!id).map((id) => `referral_${id}`))"",""notifications"",""profiles"",""rake_records"",""referral_codes"",""referral_redemptions"",""root.querySelectorAll<HTMLElement>(\n          'button:not([disabled]), [href], input:not([disabled]), select:not([disabled]), textarea:not([disabled]), [tabindex]:not([tabindex=\""-1\""])'\n        )"",""settlement_periods"",""state.leakSignals.entries()"",""state.previouslySeenQuestionIds"",""sub_agents"",""table_activity"",""table_seats"",""table_waitlist"",""tables"",""this.channelRegistry.entries()"",""this.subscriptions.entries()"",""unionMap.values()"",""union_admins"",""union_clubs"",""unions"",""uuidCache.entries()"",""wallet_transactions""]",Not End-To-End Verified,"Reachability and role/club/union scope; all tabs, buttons, forms and modals; exact data source and pagination; loading/empty/error states; receipt and concurrency for mutations; stale session/cache/reload/reconnect; desktop/mobile/touch/keyboard/accessibility; tests and deployed behavior"
src/pages/club/ClubBombPotReportPage.tsx,runtime-or-tooling-source,2;9;10;11,"[""clubs/:clubId/bomb-pot-report""]","[""src/App.tsx""]","[""src/lib/supabase.ts"",""src/pages/club/ClubBombPotReportPage.module.css"",""src/utils/clubDashboard.ts"",""src/utils/downloadCsv.ts"",""src/utils/errorReporter.ts"",""src/utils/strictClubIdResolver.ts""]",16,"[""fn_club_bomb_pot_report""]","[""atob(encoded)"",""clubs"",""uuidCache.entries()""]",Not End-To-End Verified,"Reachability and role/club/union scope; all tabs, buttons, forms and modals; exact data source and pagination; loading/empty/error states; receipt and concurrency for mutations; stale session/cache/reload/reconnect; desktop/mobile/touch/keyboard/accessibility; tests and deployed behavior"
src/pages/club/ClubDashboard.tsx,runtime-or-tooling-source,10;11,"[""clubs/:clubId/dashboard-full""]","[""src/App.tsx"",""src/utils/ChunkPreloader.ts"",""tests/components/club-dashboard.test.tsx"",""tests/unit/theDashboardCountsWhatIsThere.test.ts""]","[""src/components/admin/ClubMemberManagement.tsx"",""src/components/club/ClubActivityChart.tsx"",""src/components/club/ClubActivityFeed.tsx"",""src/components/club/ClubChat.tsx"",""src/components/club/ClubStatsCards.tsx"",""src/components/common/PageSkeleton.tsx"",""src/components/common/Toast.tsx"",""src/core/MasterBus.ts"",""src/hooks/useAuthUser.ts"",""src/hooks/useMasterBusChannel.ts"",""src/hooks/useVisibilityRefresh.ts"",""src/lib/storage.ts"",""src/lib/supabase.ts"",""src/pages/club/ClubDashboard.module.css"",""src/types/clubRoles.ts"",""src/utils/clubDashboard.ts"",""src/utils/clubIdResolver.ts"",""src/utils/clubLevels.ts"",""src/utils/errorReporter.ts"",""src/utils/lazyWithRetry.ts"",""src/utils/playerDisplayName.ts""]",95,"[""atomic_deduct_wallet_and_log"",""atomic_seat_cashout_locked"",""ca_club_activity"",""ca_club_dashboard_stats"",""ca_club_members"",""ca_club_revenue"",""ca_club_tables"",""ca_club_top_players"",""ca_club_tournaments"",""ca_union_statement_board"",""calculate_agent_settlement"",""calculate_agent_spread"",""calculate_cascading_commission"",""fn_admin_kick_player"",""fn_admin_remove_player_chips"",""fn_admin_update_agent"",""fn_agent_attach_player"",""fn_agent_claim_commission"",""fn_agent_downline_commission"",""fn_agent_unsettled_commission"",""fn_agent_wallet_claim_back"",""fn_agent_wallet_reversible"",""fn_agent_wallet_send"",""fn_apply_credit_payment"",""fn_batch_club_member_counts"",""fn_cancel_club_join_request"",""fn_cancel_managed_game_schedule"",""fn_cashout_approve"",""fn_cashout_queue"",""fn_cashout_release"",""fn_cashout_request"",""fn_check_level_advancement"",""fn_claim_referral_milestone"",""fn_club_member_counts"",""fn_club_name_available"",""fn_club_set_member_role"",""fn_create_agent"",""fn_create_club_atomic"",""fn_discover_clubs"",""fn_execute_managed_game_command"",""fn_execute_union_rakeback"",""fn_expire_stale_cashouts"",""fn_generate_all_credit_invoices"",""fn_generate_credit_invoice"",""fn_get_club_creation_eligibility"",""fn_get_club_entry_flags"",""fn_get_club_member_count"",""fn_get_game_management_health"",""fn_get_game_management_scale_health"",""fn_get_managed_game_command_receipt"",""fn_get_managed_game_command_receipts"",""fn_get_managed_game_contract_history"",""fn_get_managed_game_contracts"",""fn_join_club"",""fn_join_club_atomic"",""fn_list_managed_games"",""fn_member_leave_to_treasury"",""fn_pay_credit_invoice_from_wallet"",""fn_player_spendable_balance"",""fn_preview_club_join"",""fn_promo_disburse"",""fn_raise_financial_alert"",""fn_rakeback_settlement_status"",""fn_redeem_club_invite_code"",""fn_remove_settled_club_member"",""fn_retire_settled_club"",""fn_run_pending_rakeback_settlement"",""fn_schedule_managed_game_close"",""fn_set_settlement_period_status"",""fn_tournament_primary_table"",""fn_track_club_entry_event"",""fn_wallet_type_transfer"",""generate_period_commissions"",""generate_period_settlements"",""get_current_settlement_period"",""get_user_level_stats"",""recompute_club_levels"",""record_arena_session"",""redeem_referral_code"",""settle_club_rakeback"",""wallet_user_transfer""]","[""agent_commissions"",""agents"",""arena_sessions"",""atob(encoded)"",""cashout_requests"",""club-assets"",""club_challenges"",""club_chat"",""club_members"",""clubs"",""commission_rate_audit"",""credit_invoices"",""credit_requests"",""diamond_transactions"",""disputes"",""financial_alerts"",""hand_history"",""messages"",""new Set(clubIds.filter((id): id is string => !!id).map((id) => `referral_${id}`))"",""notifications"",""profiles"",""rake_records"",""referral_codes"",""referral_redemptions"",""root.querySelectorAll<HTMLElement>(\n          'button:not([disabled]), [href], input:not([disabled]), select:not([disabled]), textarea:not([disabled]), [tabindex]:not([tabindex=\""-1\""])'\n        )"",""settlement_periods"",""state.leakSignals.entries()"",""state.previouslySeenQuestionIds"",""sub_agents"",""table_activity"",""table_seats"",""table_waitlist"",""tables"",""this.channelRegistry.entries()"",""this.subscriptions.entries()"",""unionMap.values()"",""union_admins"",""union_clubs"",""unions"",""uuidCache.entries()"",""wallet_transactions""]",Not End-To-End Verified,"Reachability and role/club/union scope; all tabs, buttons, forms and modals; exact data source and pagination; loading/empty/error states; receipt and concurrency for mutations; stale session/cache/reload/reconnect; desktop/mobile/touch/keyboard/accessibility; tests and deployed behavior"
src/pages/club/ClubDataPage.tsx,runtime-or-tooling-source,9;10;11,"[""clubs/:clubId/data""]","[""src/App.tsx"",""tests/components/club-data-page-renders.test.tsx""]","[""src/components/club/RakeSnapshotPanel.tsx"",""src/components/common/EmptyState.tsx"",""src/core/MasterBus.ts"",""src/hooks/useAuthUser.ts"",""src/hooks/useMasterBusChannel.ts"",""src/hooks/useMasterBusSubscription.ts"",""src/hooks/useVirtualScroll.ts"",""src/lib/clubDataCache.ts"",""src/lib/clubDataIntegrity.ts"",""src/lib/supabase.ts"",""src/pages/club/ClubDataPage.module.css"",""src/services/ClubRakeSnapshotService.ts"",""src/utils/avatarGenerator.ts"",""src/utils/clubDashboard.ts"",""src/utils/clubDataExport.ts"",""src/utils/clubIdResolver.ts"",""src/utils/downloadCsv.ts"",""src/utils/errorReporter.ts"",""src/utils/mediaBase.ts"",""src/utils/retryFetch.ts"",""src/utils/uuid.ts""]",87,"[""atomic_deduct_wallet_and_log"",""atomic_seat_cashout_locked"",""ca_can_oversee_union"",""ca_club_data_export_cancel"",""ca_club_data_export_page"",""ca_club_data_snapshot"",""ca_club_game_page"",""ca_club_player_breakdown"",""ca_club_player_page"",""ca_club_union_invoices"",""ca_rake_snapshot"",""ca_union_statement_board"",""calculate_agent_settlement"",""calculate_agent_spread"",""calculate_cascading_commission"",""fn_admin_kick_player"",""fn_admin_remove_player_chips"",""fn_admin_update_agent"",""fn_agent_attach_player"",""fn_agent_claim_commission"",""fn_agent_downline_commission"",""fn_agent_unsettled_commission"",""fn_agent_wallet_claim_back"",""fn_agent_wallet_reversible"",""fn_agent_wallet_send"",""fn_apply_credit_payment"",""fn_batch_club_member_counts"",""fn_cancel_club_join_request"",""fn_cancel_managed_game_schedule"",""fn_cashout_approve"",""fn_cashout_queue"",""fn_cashout_release"",""fn_cashout_request"",""fn_check_level_advancement"",""fn_claim_referral_milestone"",""fn_club_name_available"",""fn_create_agent"",""fn_create_club_atomic"",""fn_discover_clubs"",""fn_execute_managed_game_command"",""fn_execute_union_rakeback"",""fn_expire_stale_cashouts"",""fn_generate_all_credit_invoices"",""fn_generate_credit_invoice"",""fn_get_club_creation_eligibility"",""fn_get_club_entry_flags"",""fn_get_club_member_count"",""fn_get_game_management_health"",""fn_get_game_management_scale_health"",""fn_get_managed_game_command_receipt"",""fn_get_managed_game_command_receipts"",""fn_get_managed_game_contract_history"",""fn_get_managed_game_contracts"",""fn_join_club"",""fn_join_club_atomic"",""fn_list_managed_games"",""fn_member_leave_to_treasury"",""fn_my_agent_roles"",""fn_pay_credit_invoice_from_wallet"",""fn_player_spendable_balance"",""fn_preview_club_join"",""fn_promo_disburse"",""fn_raise_financial_alert"",""fn_rakeback_settlement_status"",""fn_redeem_club_invite_code"",""fn_retire_settled_club"",""fn_run_pending_rakeback_settlement"",""fn_schedule_managed_game_close"",""fn_set_settlement_period_status"",""fn_tournament_primary_table"",""fn_track_club_entry_event"",""fn_wallet_type_transfer"",""generate_period_commissions"",""generate_period_settlements"",""get_current_settlement_period"",""get_user_level_stats"",""options.startRpc"",""record_arena_session"",""redeem_referral_code"",""settle_club_rakeback"",""wallet_user_transfer""]","[""agent_commissions"",""agents"",""arena_sessions"",""atob(encoded)"",""cashout_requests"",""club-assets"",""club_challenges"",""club_members"",""clubs"",""commission_rate_audit"",""credit_invoices"",""credit_requests"",""diamond_transactions"",""disputes"",""financial_alerts"",""hand_history"",""messages"",""new Set(clubIds.filter((id): id is string => !!id).map((id) => `referral_${id}`))"",""notifications"",""profiles"",""rake_records"",""referral_codes"",""referral_redemptions"",""settlement_periods"",""state.leakSignals.entries()"",""state.previouslySeenQuestionIds"",""sub_agents"",""table_activity"",""table_seats"",""table_waitlist"",""tables"",""this.channelRegistry.entries()"",""this.subscriptions.entries()"",""unionMap.values()"",""union_admins"",""union_clubs"",""unions"",""uuidCache.entries()"",""wallet_transactions""]",Not End-To-End Verified,"Reachability and role/club/union scope; all tabs, buttons, forms and modals; exact data source and pagination; loading/empty/error states; receipt and concurrency for mutations; stale session/cache/reload/reconnect; desktop/mobile/touch/keyboard/accessibility; tests and deployed behavior"
src/pages/club/ClubInsuranceReportPage.tsx,runtime-or-tooling-source,9;10;11,"[""clubs/:clubId/insurance-report""]","[""src/App.tsx""]","[""src/components/common/EmptyState.tsx"",""src/lib/supabase.ts"",""src/pages/club/ClubInsuranceReportPage.module.css"",""src/utils/clubDashboard.ts"",""src/utils/downloadCsv.ts"",""src/utils/errorReporter.ts"",""src/utils/strictClubIdResolver.ts""]",19,"[""ca_club_insurance_report""]","[""atob(encoded)"",""clubs"",""uuidCache.entries()""]",Not End-To-End Verified,"Reachability and role/club/union scope; all tabs, buttons, forms and modals; exact data source and pagination; loading/empty/error states; receipt and concurrency for mutations; stale session/cache/reload/reconnect; desktop/mobile/touch/keyboard/accessibility; tests and deployed behavior"
src/pages/club/ClubOperationsPage.tsx,runtime-or-tooling-source,10;11,"[""clubs/:clubId/operations""]","[""src/App.tsx"",""tests/components/club-operations-page.test.tsx""]","[""src/components/common/EmptyState.tsx"",""src/config/clubOperationsNavigation.ts"",""src/contexts/ClubWorkspaceContext.tsx"",""src/hooks/useClubNavigationAccess.ts"",""src/hooks/useClubOperationsOverview.ts"",""src/pages/club/ClubOperationsPage.module.css"",""src/types/clubRoles.ts"",""src/utils/clubDashboard.ts""]",83,"[""atomic_deduct_wallet_and_log"",""atomic_seat_cashout_locked"",""ca_club_operations_overview"",""ca_union_statement_board"",""calculate_agent_settlement"",""calculate_agent_spread"",""calculate_cascading_commission"",""fn_admin_kick_player"",""fn_admin_remove_player_chips"",""fn_admin_update_agent"",""fn_agent_attach_player"",""fn_agent_claim_commission"",""fn_agent_downline_commission"",""fn_agent_unsettled_commission"",""fn_agent_wallet_claim_back"",""fn_agent_wallet_reversible"",""fn_agent_wallet_send"",""fn_apply_credit_payment"",""fn_batch_club_member_counts"",""fn_cancel_club_join_request"",""fn_cancel_managed_game_schedule"",""fn_cashout_approve"",""fn_cashout_queue"",""fn_cashout_release"",""fn_cashout_request"",""fn_check_level_advancement"",""fn_claim_referral_milestone"",""fn_club_name_available"",""fn_create_agent"",""fn_create_club_atomic"",""fn_discover_clubs"",""fn_execute_managed_game_command"",""fn_execute_union_rakeback"",""fn_expire_stale_cashouts"",""fn_generate_all_credit_invoices"",""fn_generate_credit_invoice"",""fn_get_club_creation_eligibility"",""fn_get_club_entry_flags"",""fn_get_club_member_count"",""fn_get_game_management_health"",""fn_get_game_management_scale_health"",""fn_get_managed_game_command_receipt"",""fn_get_managed_game_command_receipts"",""fn_get_managed_game_contract_history"",""fn_get_managed_game_contracts"",""fn_join_club"",""fn_join_club_atomic"",""fn_list_managed_games"",""fn_member_leave_to_treasury"",""fn_pay_credit_invoice_from_wallet"",""fn_player_spendable_balance"",""fn_preview_club_join"",""fn_promo_disburse"",""fn_raise_financial_alert"",""fn_rakeback_settlement_status"",""fn_redeem_club_invite_code"",""fn_retire_settled_club"",""fn_run_pending_rakeback_settlement"",""fn_schedule_managed_game_close"",""fn_set_settlement_period_status"",""fn_tournament_primary_table"",""fn_track_club_entry_event"",""fn_wallet_type_transfer"",""generate_period_commissions"",""generate_period_settlements"",""get_current_settlement_period"",""get_user_level_stats"",""record_arena_session"",""redeem_referral_code"",""settle_club_rakeback"",""wallet_user_transfer""]","[""agent_commissions"",""agents"",""arena_sessions"",""atob(encoded)"",""cashout_requests"",""club-assets"",""club_challenges"",""club_members"",""clubs"",""commission_rate_audit"",""credit_invoices"",""credit_requests"",""diamond_transactions"",""disputes"",""financial_alerts"",""hand_history"",""messages"",""new Set(clubIds.filter((id): id is string => !!id).map((id) => `referral_${id}`))"",""notifications"",""profiles"",""rake_records"",""referral_codes"",""referral_redemptions"",""settlement_periods"",""state.leakSignals.entries()"",""state.previouslySeenQuestionIds"",""sub_agents"",""table_activity"",""table_seats"",""table_waitlist"",""tables"",""this.channelRegistry.entries()"",""this.subscriptions.entries()"",""unionMap.values()"",""union_admins"",""union_clubs"",""unions"",""uuidCache.entries()"",""wallet_transactions""]",Not End-To-End Verified,"Reachability and role/club/union scope; all tabs, buttons, forms and modals; exact data source and pagination; loading/empty/error states; receipt and concurrency for mutations; stale session/cache/reload/reconnect; desktop/mobile/touch/keyboard/accessibility; tests and deployed behavior"
src/pages/club/TableBombSettingsPage.tsx,runtime-or-tooling-source,2;10;11,"[""clubs/:clubId/tables/:tableId/bomb-settings""]","[""src/App.tsx""]","[""src/components/common/Toast.tsx"",""src/lib/supabase.ts"",""src/pages/club/TableBombSettingsPage.module.css"",""src/utils/errorReporter.ts""]",14,"[""fn_update_table_bomb_settings""]","[""atob(encoded)"",""tables""]",Not End-To-End Verified,"Reachability and role/club/union scope; all tabs, buttons, forms and modals; exact data source and pagination; loading/empty/error states; receipt and concurrency for mutations; stale session/cache/reload/reconnect; desktop/mobile/touch/keyboard/accessibility; tests and deployed behavior"
src/pages/dev/ArenaGameCardsShowcasePage.tsx,development-or-preview,11,"[""dev/game-cards""]","[""src/App.tsx""]","[""src/components/club-buttons/ClubIdentityCard.tsx"",""src/components/lobby/ClubLobbyCommandTop.css"",""src/components/lobby/ClubLobbyCommandTop.tsx"",""src/components/lobby/game-cards/index.ts"",""src/components/wallet/ClubWalletArtwork.tsx"",""src/pages/ClubHomePage.css"",""src/pages/dev/ArenaGameCardsShowcasePage.css""]",1080,"[""'fn_complete_club_opening_setup' as never"",""accept_friendship"",""action === 'redeem' ? 'fn_redeem_tournament_ticket' : 'fn_cancel_tournament_ticket'"",""add_to_promo_wallet"",""atomic_deduct_wallet_and_log"",""atomic_seat_cashout_locked"",""atomic_table_buyin"",""atomic_table_rebuy"",""balance_tournament_tables"",""buy_streak_freeze"",""ca_club_activity"",""ca_club_dashboard_stats"",""ca_club_financials"",""ca_club_member_detail"",""ca_club_member_downline"",""ca_club_member_notes_update"",""ca_club_member_statistics"",""ca_club_members"",""ca_club_members_export"",""ca_club_members_overview"",""ca_club_members_page"",""ca_club_members_summary"",""ca_club_revenue"",""ca_club_tables"",""ca_club_top_players"",""ca_club_tournaments"",""ca_player_hands_v2"",""ca_player_stats_overview_v2"",""ca_player_stats_pulse"",""ca_union_statement_board"",""calculate_agent_settlement"",""calculate_agent_spread"",""calculate_cascading_commission"",""claim_daily_challenges"",""fn"",""fn_achievement_record_progress"",""fn_admin_kick_player"",""fn_admin_remove_player_chips"",""fn_admin_update_agent"",""fn_agent_attach_player"",""fn_agent_claim_commission"",""fn_agent_downline_commission"",""fn_agent_downline_rake"",""fn_agent_downline_rake_summary"",""fn_agent_unsettled_commission"",""fn_agent_wallet_claim_back"",""fn_agent_wallet_reversible"",""fn_agent_wallet_send"",""fn_apply_credit_payment"",""fn_apply_mystery_bounty_config"",""fn_batch_club_member_counts"",""fn_batch_club_realtime_active_counts"",""fn_batch_club_realtime_member_counts"",""fn_batch_union_realtime_active_counts"",""fn_batch_union_realtime_member_counts"",""fn_bbj_hand_detail"",""fn_bbj_pool_for_club"",""fn_bbj_recent_hits"",""fn_bump_friend_challenge_progress"",""fn_ca_chip_statement"",""fn_ca_club_hand_flags"",""fn_ca_daily_bonus_claim"",""fn_ca_daily_bonus_status"",""fn_ca_flag_hand"",""fn_ca_operator_read_hand"",""fn_ca_resolve_hand_flag"",""fn_can_i_create_a_union"",""fn_can_i_operate_the_union_network"",""fn_cancel_club_join_request"",""fn_cancel_managed_game_schedule"",""fn_cash_effective_buyin"",""fn_cash_game_join"",""fn_cash_game_lobby"",""fn_cash_seat_change_cancel"",""fn_cash_seat_change_request"",""fn_cash_vpip_status"",""fn_cashier_batch_transfer"",""fn_cashout_approve"",""fn_cashout_queue"",""fn_cashout_release"",""fn_cashout_request"",""fn_cast_tournament_deal_vote"",""fn_check_level_advancement"",""fn_claim_referral_milestone"",""fn_club_bank_claim_back"",""fn_club_bank_ledger"",""fn_club_bank_reverse"",""fn_club_bank_send"",""fn_club_cashier_members"",""fn_club_cashier_members_page_v3"",""fn_club_leaderboard_by_dates"",""fn_club_leaderboard_period_v2"",""fn_club_member_counts"",""fn_club_money_panel"",""fn_club_name_available"",""fn_club_set_member_role"",""fn_club_tournament_stats"",""fn_club_trade_ledger"",""fn_community_search"",""fn_consume_feature_use"",""fn_create_agent"",""fn_create_club_atomic"",""fn_create_tournament"",""fn_discover_clubs"",""fn_dismiss_club_message"",""fn_dispute_escalate"",""fn_dispute_start_review"",""fn_execute_managed_game_command"",""fn_execute_union_rakeback"",""fn_expire_stale_cashouts"",""fn_game_creation_access"",""fn_generate_all_credit_invoices"",""fn_generate_credit_invoice"",""fn_get_club_creation_eligibility"",""fn_get_club_entry_flags"",""fn_get_club_entry_message"",""fn_get_club_member_count"",""fn_get_club_realtime_member_count"",""fn_get_game_management_health"",""fn_get_game_management_scale_health"",""fn_get_leaderboard_reward_plan"",""fn_get_leaderboard_reward_setup"",""fn_get_leaderboard_settlement_status"",""fn_get_managed_game_command_receipt"",""fn_get_managed_game_command_receipts"",""fn_get_managed_game_contract_history"",""fn_get_managed_game_contracts"",""fn_get_player_search_preferences"",""fn_get_table_watch_access"",""fn_global_leaderboard_by_dates"",""fn_global_leaderboard_period"",""fn_hand_rake_breakdown"",""fn_increment_vip_usage"",""fn_join_club"",""fn_join_club_atomic"",""fn_leaderboard_period_window"",""fn_leaderboard_reward_contexts"",""fn_leave_seat_and_refund"",""fn_list_managed_games"",""fn_maintenance_break_state"",""fn_mark_table_setting_touched"",""fn_member_leave_to_treasury"",""fn_mint_chips_from_diamonds"",""fn_mutate_table_studio_preferences"",""fn_my_agent_roles"",""fn_my_wallet_ledger"",""fn_mystery_bounty_awards"",""fn_mystery_bounty_inventory"",""fn_mystery_bounty_leaderboard"",""fn_mystery_bounty_reveal"",""fn_mystery_bounty_table_state"",""fn_owner_start_tournament_now"",""fn_pay_credit_invoice_from_wallet"",""fn_player_spendable_balance"",""fn_preview_club_join"",""fn_promo_disburse"",""fn_promo_wallet_ledger"",""fn_promo_wallet_send"",""fn_purchase_feature"",""fn_purchase_time_banks_v2"",""fn_raise_financial_alert"",""fn_rakeback_settlement_status"",""fn_record_card_slide_usage"",""fn_record_cashier_operation"",""fn_redeem_club_invite_code"",""fn_redeem_shop_item"",""fn_register_for_tournament"",""fn_remove_settled_club_member"",""fn_request_chips"",""fn_request_manual_bomb_pot"",""fn_resolve_ads"",""fn_resolve_dispute"",""fn_respond_chip_request"",""fn_respond_friend_challenge"",""fn_retire_settled_club"",""fn_run_pending_rakeback_settlement"",""fn_save_leaderboard_reward_setup"",""fn_schedule_managed_game_close"",""fn_search_players"",""fn_seed_table_studio_preferences"",""fn_set_club_lobby_message"",""fn_set_interface_theme"",""fn_set_player_search_preferences"",""fn_set_settlement_period_status"",""fn_spin_leaderboards"",""fn_table_chat_is_silenced"",""fn_take_seat_and_buy_in"",""fn_time_bank_allowance"",""fn_tournament_primary_table"",""fn_track_club_entry_event"",""fn_union_leaderboard_period_v2"",""fn_union_player_directory"",""fn_union_send_to_member"",""fn_unregister_from_tournament"",""fn_use_throwable_v2"",""fn_user_rank_by_dates"",""fn_user_rank_global_by_dates"",""fn_user_rank_global_period"",""fn_user_rank_period"",""fn_wallet_type_transfer"",""generate_period_commissions"",""generate_period_settlements"",""get_club_home"",""get_club_players_playing"",""get_current_settlement_period"",""get_daily_challenge_dashboard_v3"",""get_mutual_friends"",""get_user_level_stats"",""increment_tournament_rake"",""isPromoPull ? 'fn_union_clawback_promo_from_club' : 'fn_union_clawback_from_club'"",""process_tournament_rebuy"",""promoSendRpc(promoSource)"",""recompute_club_levels"",""record_arena_session"",""record_daily_mission_operation"",""redeem_referral_code"",""reroll_daily_challenge"",""settle_club_rakeback"",""update_player_hand_stats"",""viaClubBank ? 'fn_club_bank_send' : 'fn_agent_wallet_send'"",""wallet_user_transfer""]","[""'club_opening_setups' as never"",""String(text ?? '')"",""activeDialog?.querySelectorAll<HTMLElement>(\n          'button:not([disabled]), input:not([disabled]), select:not([disabled]), [tabindex=\""0\""]'\n        ) || []"",""activeSessions.keys()"",""ad_event"",""agent_commissions"",""agents"",""arena_sessions"",""atob(encoded)"",""avatar_unlocks"",""bbj_pools"",""bbj_stakes_tiers"",""byId.values()"",""ca_hand_facts"",""ca_hand_flags"",""ca_hand_notes"",""ca_stat_distribution"",""candidateClubIds"",""cash_games"",""cashout_requests"",""chipAnimStartedAtRef.current.keys()"",""chip_ledger"",""chip_requests"",""client_crash_log"",""club-assets"",""club_challenges"",""club_chat"",""club_members"",""club_shop_inventory"",""club_shop_items"",""clubs"",""commission_rate_audit"",""conversations"",""credit_invoices"",""credit_requests"",""customization_operations"",""daily_challenge_dashboard_revisions"",""dialogRef.current.querySelectorAll<HTMLElement>(\n          'a[href], button:not(:disabled), input:not(:disabled), select:not(:disabled), textarea:not(:disabled), [tabindex]:not([tabindex=\""-1\""])'\n        )"",""dialogRef.current?.querySelectorAll<HTMLElement>(\n          'button:not([disabled]), [href], [tabindex=\""0\""]'\n        ) || []"",""dialogRef.current?.querySelectorAll<HTMLElement>(\n          'button:not([disabled]), input:not([disabled]), [href], [tabindex=\""0\""]'\n        ) || []"",""dialogRef.current?.querySelectorAll<HTMLElement>(\n        'button:not([disabled]), textarea:not([disabled]), input:not([disabled]), a[href]'\n      ) || []"",""diamond_transactions"",""disputes"",""drawer.querySelectorAll<HTMLElement>(\n          'button:not([disabled]), [href], input:not([disabled]), select:not([disabled]), textarea:not([disabled]), [tabindex]:not([tabindex=\""-1\""])'\n        )"",""engineSeen.keys()"",""event.currentTarget.querySelectorAll<HTMLButtonElement>('[role=\""tab\""]')"",""favorite_tables"",""feature_pricing"",""feature_purchases"",""financial_alerts"",""focusableElements"",""friendIds"",""friend_challenges"",""friendships"",""hand_discards"",""hand_history"",""horse_bug_reports"",""ids"",""images"",""items"",""messages"",""modalRef.current?.querySelectorAll<HTMLElement>(\n          'button:not([disabled]), a[href], input:not([disabled]), select:not([disabled]), [tabindex]:not([tabindex=\""-1\""])'\n        ) ?? []"",""new Set(\n        normalizedAvatarLedger\n          .map(({ styleToken }) => styleToken)\n          .filter((styleToken) => styleTokens.has(styleToken))\n      )"",""new Set(\n      [\n        ...(themeAssets.data || [])\n          .filter((row) => row.category === 'theme_id')\n          .map((row) => String(row.asset_id)),\n        // Legacy rows remain readable during rolling deployment and preserve the\n        // receipt trail; the migration backfills every recognised one above.\n        ...(th.data || []).map((row) => normalizeThemePresetId(String(row.theme_id))),\n      ].filter((themeId): themeId is string => !!themeId)\n    )"",""new Set((av.data || []).map((row) => String(row.avatar_id)))"",""new Set([\n          ...(out || []).map((r) => r.friend_id as string),\n          ...(inn || []).map((r) => r.user_id as string),\n        ])"",""new Set([tableClubId, club].filter(Boolean) as string[])"",""new Set(clubIds.filter((id): id is string => !!id).map((id) => `referral_${id}`))"",""new Set(entries.map((e) => e.userId).filter(Boolean))"",""new Set(entries.map((e) => e.user_id).filter(Boolean))"",""new Set(ids)"",""new Set(mySeats.map((s: { table_id: string }) => s.table_id).filter(Boolean))"",""new Set(rows.map((r) => r.table_id).filter(Boolean))"",""new Set(rows.map((r) => r.user_id).filter(Boolean))"",""new Set(seatedUserIds.filter((id): id is string => typeof id === 'string' && id.length > 0))"",""node.querySelectorAll<HTMLElement>(\n        'button:not([disabled]), [href], input:not([disabled]), [tabindex]:not([tabindex=\""-1\""])'\n      )"",""node.querySelectorAll<HTMLElement>(\n        'button:not([disabled]), input:not([disabled]), [tabindex]:not([tabindex=\""-1\""])'\n      )"",""notifications"",""openIds"",""overrides.keys()"",""panelRef.current.querySelectorAll<HTMLElement>(FOCUSABLE)"",""pickerRef.current?.querySelectorAll<HTMLElement>('[role=\""option\""]') || []"",""player_notes"",""player_stats"",""presenceMap.values()"",""profiles"",""rake_records"",""referral_codes"",""referral_redemptions"",""root.querySelectorAll<HTMLElement>(\n          'button:not([disabled]), [href], input, select, textarea, [tabindex]:not([tabindex=\""-1\""])'\n        )"",""root.querySelectorAll<HTMLElement>(\n          'button:not([disabled]), [href], input:not([disabled]), select:not([disabled]), textarea:not([disabled]), [tabindex]:not([tabindex=\""-1\""])'\n        )"",""rungs"",""session_history"",""settlement_invoices"",""settlement_locks"",""settlement_periods"",""sittingOutIdsRef.current"",""state.leakSignals.entries()"",""state.previouslySeenQuestionIds"",""statsMap.values()"",""sub_agents"",""table_activity"",""table_chat"",""table_hole_cards"",""table_seats"",""table_waitlist"",""tables"",""tabsRowRef.current.querySelectorAll<HTMLElement>('[data-tabid]')"",""theme_asset_unlocks"",""theme_unlocks"",""this.active.values()"",""this.channelRegistry.entries()"",""this.laneProgress.keys()"",""this.listeners"",""this.peers.keys()"",""this.processed.keys()"",""this.subscriptions.entries()"",""throw_usage"",""tokens"",""tournament_bounties"",""tournament_deal_votes"",""tournament_players"",""tournament_registration_approvals"",""tournament_tickets"",""tournament_waitlists"",""tournaments"",""training_user_achievements"",""unionMap.values()"",""union_admins"",""union_clubs"",""union_wallet_transactions"",""unions"",""unique.values()"",""user_avatars"",""user_blocks"",""user_daily_challenges"",""user_daily_rewards"",""user_feedback"",""user_lobby_filters"",""user_lucky_wheel_spins"",""user_notification_preferences"",""user_table_settings"",""user_table_studio_preferences"",""user_theme_settings"",""users"",""uuidCache.entries()"",""v_spin_tier_availability"",""vip_feature_usage_monthly"",""wallet_transactions"",""{\n          length: Math.max(currentBets.length, recorded.length),\n        }"",""{\n          length: Math.max(finalBets.length, finalRecorded.length),\n        }"",""{ length: 14 }"",""{ length: 16 }"",""{ length: 20 }"",""{ length: 3 }"",""{ length: 4 }"",""{ length: 46 }"",""{ length: 5 }"",""{ length: 7 }"",""{ length: 8 }"",""{ length: 9 }"",""{ length: Math.min(chipCount, 5) }"",""{ length: SEGMENTS }"",""{ length: backs }"",""{ length: cap }"",""{ length: celebration.confettiPieces }"",""{ length: compactLobby ? 3 : 4 }"",""{ length: count }"",""{ length: emptySlots > 0 ? 1 : 0 }"",""{ length: entry.capacity }"",""{ length: faceDownCount }"",""{ length: group.length }"",""{ length: itemCount }"",""{ length: lines }"",""{ length: muckCount }"",""{ length: opponentCardCount }"",""{ length: particleCount }"",""{ length: runsOnFelt }"",""{ length: safeTotal }"",""{ length: t.max_players }"",""{ length: tier === 'daily' ? 5 : tier === 'weekly' ? 3 : 2 }"",""{ length: undealt }"",""{ length: weeks }""]",Not End-To-End Verified,"Reachability and role/club/union scope; all tabs, buttons, forms and modals; exact data source and pagination; loading/empty/error states; receipt and concurrency for mutations; stale session/cache/reload/reconnect; desktop/mobile/touch/keyboard/accessibility; tests and deployed behavior"
src/pages/dev/ClubButtonsShowcasePage.tsx,development-or-preview,10;11,"[""dev/club-ui""]","[""src/App.tsx""]","[""src/components/club-buttons/index.ts"",""src/pages/dev/ClubButtonsShowcasePage.css""]",8,[],[],Not End-To-End Verified,"Reachability and role/club/union scope; all tabs, buttons, forms and modals; exact data source and pagination; loading/empty/error states; receipt and concurrency for mutations; stale session/cache/reload/reconnect; desktop/mobile/touch/keyboard/accessibility; tests and deployed behavior"
src/pages/dev/ClubFooterShowcasePage.tsx,development-or-preview,10;11,"[""/dev/footer""]","[""src/App.tsx""]","[""src/pages/dev/ClubFooterShowcasePage.module.css""]",2,[],[],Not End-To-End Verified,"Reachability and role/club/union scope; all tabs, buttons, forms and modals; exact data source and pagination; loading/empty/error states; receipt and concurrency for mutations; stale session/cache/reload/reconnect; desktop/mobile/touch/keyboard/accessibility; tests and deployed behavior"
src/pages/dev/ClubWalletPreviewPage.tsx,development-or-preview,4;10;11,"[""dev/club-ui""]","[""src/App.tsx""]","[""src/components/wallet/ClubWalletArtwork.tsx"",""src/components/wallet/DynamicWallet.css"",""src/pages/dev/ClubWalletPreviewPage.css""]",4,[],[],Not End-To-End Verified,"Reachability and role/club/union scope; all tabs, buttons, forms and modals; exact data source and pagination; loading/empty/error states; receipt and concurrency for mutations; stale session/cache/reload/reconnect; desktop/mobile/touch/keyboard/accessibility; tests and deployed behavior"
src/pages/dev/CustomizationStudioShowcasePage.tsx,development-or-preview,11,"[""/dev/customization""]","[""src/App.tsx""]","[""src/components/table/ThemeSettingsModal.tsx"",""src/core/MasterBus.ts"",""src/stores/useWalletStore.ts""]",147,"[""atomic_deduct_wallet_and_log"",""atomic_seat_cashout_locked"",""ca_union_statement_board"",""calculate_agent_settlement"",""calculate_agent_spread"",""calculate_cascading_commission"",""fn_admin_kick_player"",""fn_admin_remove_player_chips"",""fn_admin_update_agent"",""fn_agent_attach_player"",""fn_agent_claim_commission"",""fn_agent_downline_commission"",""fn_agent_unsettled_commission"",""fn_agent_wallet_claim_back"",""fn_agent_wallet_reversible"",""fn_agent_wallet_send"",""fn_apply_credit_payment"",""fn_batch_club_member_counts"",""fn_cancel_club_join_request"",""fn_cancel_managed_game_schedule"",""fn_cashout_approve"",""fn_cashout_queue"",""fn_cashout_release"",""fn_cashout_request"",""fn_check_level_advancement"",""fn_claim_referral_milestone"",""fn_club_name_available"",""fn_create_agent"",""fn_create_club_atomic"",""fn_discover_clubs"",""fn_execute_managed_game_command"",""fn_execute_union_rakeback"",""fn_expire_stale_cashouts"",""fn_generate_all_credit_invoices"",""fn_generate_credit_invoice"",""fn_get_club_creation_eligibility"",""fn_get_club_entry_flags"",""fn_get_club_member_count"",""fn_get_game_management_health"",""fn_get_game_management_scale_health"",""fn_get_managed_game_command_receipt"",""fn_get_managed_game_command_receipts"",""fn_get_managed_game_contract_history"",""fn_get_managed_game_contracts"",""fn_join_club"",""fn_join_club_atomic"",""fn_list_managed_games"",""fn_member_leave_to_treasury"",""fn_mutate_table_studio_preferences"",""fn_pay_credit_invoice_from_wallet"",""fn_player_spendable_balance"",""fn_preview_club_join"",""fn_promo_disburse"",""fn_purchase_feature"",""fn_raise_financial_alert"",""fn_rakeback_settlement_status"",""fn_redeem_club_invite_code"",""fn_retire_settled_club"",""fn_run_pending_rakeback_settlement"",""fn_schedule_managed_game_close"",""fn_seed_table_studio_preferences"",""fn_set_interface_theme"",""fn_set_settlement_period_status"",""fn_tournament_primary_table"",""fn_track_club_entry_event"",""fn_wallet_type_transfer"",""generate_period_commissions"",""generate_period_settlements"",""get_current_settlement_period"",""get_user_level_stats"",""record_arena_session"",""redeem_referral_code"",""settle_club_rakeback"",""wallet_user_transfer""]","[""activeDialog?.querySelectorAll<HTMLElement>(\n          'button:not([disabled]), input:not([disabled]), select:not([disabled]), [tabindex=\""0\""]'\n        ) || []"",""agent_commissions"",""agents"",""arena_sessions"",""atob(encoded)"",""avatar_unlocks"",""cashout_requests"",""club-assets"",""club_challenges"",""club_members"",""clubs"",""commission_rate_audit"",""credit_invoices"",""credit_requests"",""customization_operations"",""dialogRef.current?.querySelectorAll<HTMLElement>(\n          'button:not([disabled]), [href], [tabindex=\""0\""]'\n        ) || []"",""diamond_transactions"",""disputes"",""feature_pricing"",""feature_purchases"",""financial_alerts"",""hand_history"",""messages"",""new Set(\n        normalizedAvatarLedger\n          .map(({ styleToken }) => styleToken)\n          .filter((styleToken) => styleTokens.has(styleToken))\n      )"",""new Set(\n      [\n        ...(themeAssets.data || [])\n          .filter((row) => row.category === 'theme_id')\n          .map((row) => String(row.asset_id)),\n        // Legacy rows remain readable during rolling deployment and preserve the\n        // receipt trail; the migration backfills every recognised one above.\n        ...(th.data || []).map((row) => normalizeThemePresetId(String(row.theme_id))),\n      ].filter((themeId): themeId is string => !!themeId)\n    )"",""new Set((av.data || []).map((row) => String(row.avatar_id)))"",""new Set(clubIds.filter((id): id is string => !!id).map((id) => `referral_${id}`))"",""notifications"",""profiles"",""rake_records"",""referral_codes"",""referral_redemptions"",""settlement_periods"",""state.leakSignals.entries()"",""state.previouslySeenQuestionIds"",""sub_agents"",""table_activity"",""table_seats"",""table_waitlist"",""tables"",""theme_asset_unlocks"",""theme_unlocks"",""this.channelRegistry.entries()"",""this.subscriptions.entries()"",""tokens"",""unionMap.values()"",""union_admins"",""union_clubs"",""unions"",""user_avatars"",""user_table_studio_preferences"",""user_theme_settings"",""uuidCache.entries()"",""wallet_transactions""]",Not End-To-End Verified,"Reachability and role/club/union scope; all tabs, buttons, forms and modals; exact data source and pagination; loading/empty/error states; receipt and concurrency for mutations; stale session/cache/reload/reconnect; desktop/mobile/touch/keyboard/accessibility; tests and deployed behavior"
src/pages/dev/FinancialDecisionShowcasePage.tsx,development-or-preview,11,"[""/dev/financial-decisions""]","[""src/App.tsx""]","[""src/components/table/InsuranceModal.tsx"",""src/components/table/RabbitHunt.tsx"",""src/core/MasterBus.ts""]",93,"[""atomic_deduct_wallet_and_log"",""atomic_seat_cashout_locked"",""ca_union_statement_board"",""calculate_agent_settlement"",""calculate_agent_spread"",""calculate_cascading_commission"",""fn_admin_kick_player"",""fn_admin_remove_player_chips"",""fn_admin_update_agent"",""fn_agent_attach_player"",""fn_agent_claim_commission"",""fn_agent_downline_commission"",""fn_agent_unsettled_commission"",""fn_agent_wallet_claim_back"",""fn_agent_wallet_reversible"",""fn_agent_wallet_send"",""fn_apply_credit_payment"",""fn_batch_club_member_counts"",""fn_cancel_club_join_request"",""fn_cancel_managed_game_schedule"",""fn_cashout_approve"",""fn_cashout_queue"",""fn_cashout_release"",""fn_cashout_request"",""fn_check_level_advancement"",""fn_claim_referral_milestone"",""fn_club_name_available"",""fn_consume_feature_use"",""fn_create_agent"",""fn_create_club_atomic"",""fn_discover_clubs"",""fn_execute_managed_game_command"",""fn_execute_union_rakeback"",""fn_expire_stale_cashouts"",""fn_generate_all_credit_invoices"",""fn_generate_credit_invoice"",""fn_get_club_creation_eligibility"",""fn_get_club_entry_flags"",""fn_get_club_member_count"",""fn_get_game_management_health"",""fn_get_game_management_scale_health"",""fn_get_managed_game_command_receipt"",""fn_get_managed_game_command_receipts"",""fn_get_managed_game_contract_history"",""fn_get_managed_game_contracts"",""fn_increment_vip_usage"",""fn_join_club"",""fn_join_club_atomic"",""fn_list_managed_games"",""fn_mark_table_setting_touched"",""fn_member_leave_to_treasury"",""fn_pay_credit_invoice_from_wallet"",""fn_player_spendable_balance"",""fn_preview_club_join"",""fn_promo_disburse"",""fn_purchase_feature"",""fn_raise_financial_alert"",""fn_rakeback_settlement_status"",""fn_redeem_club_invite_code"",""fn_retire_settled_club"",""fn_run_pending_rakeback_settlement"",""fn_schedule_managed_game_close"",""fn_set_settlement_period_status"",""fn_tournament_primary_table"",""fn_track_club_entry_event"",""fn_wallet_type_transfer"",""generate_period_commissions"",""generate_period_settlements"",""get_current_settlement_period"",""get_user_level_stats"",""record_arena_session"",""redeem_referral_code"",""settle_club_rakeback"",""wallet_user_transfer""]","[""agent_commissions"",""agents"",""arena_sessions"",""atob(encoded)"",""cashout_requests"",""club-assets"",""club_challenges"",""club_members"",""clubs"",""commission_rate_audit"",""credit_invoices"",""credit_requests"",""diamond_transactions"",""disputes"",""feature_pricing"",""feature_purchases"",""financial_alerts"",""hand_history"",""messages"",""new Set(clubIds.filter((id): id is string => !!id).map((id) => `referral_${id}`))"",""notifications"",""profiles"",""rake_records"",""referral_codes"",""referral_redemptions"",""settlement_periods"",""state.leakSignals.entries()"",""state.previouslySeenQuestionIds"",""sub_agents"",""table_activity"",""table_seats"",""table_waitlist"",""tables"",""this.channelRegistry.entries()"",""this.subscriptions.entries()"",""throw_usage"",""unionMap.values()"",""union_admins"",""union_clubs"",""unions"",""user_table_settings"",""uuidCache.entries()"",""vip_feature_usage_monthly"",""wallet_transactions"",""{ length: 46 }""]",Not End-To-End Verified,"Reachability and role/club/union scope; all tabs, buttons, forms and modals; exact data source and pagination; loading/empty/error states; receipt and concurrency for mutations; stale session/cache/reload/reconnect; desktop/mobile/touch/keyboard/accessibility; tests and deployed behavior"
src/pages/legal/FairGamingPage.tsx,runtime-or-tooling-source,11,"[""legal/fair-gaming""]","[""src/App.tsx"",""tests/unit/supportTrustWorkspace.test.tsx""]","[""src/components/legal/LegalDocumentLayout.tsx""]",4,[],[],Not End-To-End Verified,"Reachability and role/club/union scope; all tabs, buttons, forms and modals; exact data source and pagination; loading/empty/error states; receipt and concurrency for mutations; stale session/cache/reload/reconnect; desktop/mobile/touch/keyboard/accessibility; tests and deployed behavior"
src/pages/legal/PrivacyPolicyPage.tsx,runtime-or-tooling-source,6;11,"[""legal/privacy""]","[""src/App.tsx"",""tests/unit/supportTrustWorkspace.test.tsx""]","[""src/components/legal/LegalDocumentLayout.tsx""]",4,[],[],Not End-To-End Verified,"Reachability and role/club/union scope; all tabs, buttons, forms and modals; exact data source and pagination; loading/empty/error states; receipt and concurrency for mutations; stale session/cache/reload/reconnect; desktop/mobile/touch/keyboard/accessibility; tests and deployed behavior"
src/pages/legal/PromotionsPage.tsx,runtime-or-tooling-source,5;11,"[""promotions"",""clubs/:clubId/promotions""]","[""src/App.tsx"",""tests/unit/supportTrustWorkspace.test.tsx""]","[""src/components/legal/LegalDocumentLayout.tsx""]",4,[],[],Not End-To-End Verified,"Reachability and role/club/union scope; all tabs, buttons, forms and modals; exact data source and pagination; loading/empty/error states; receipt and concurrency for mutations; stale session/cache/reload/reconnect; desktop/mobile/touch/keyboard/accessibility; tests and deployed behavior"
src/pages/legal/TermsOfServicePage.tsx,runtime-or-tooling-source,11,"[""legal/tos""]","[""src/App.tsx"",""tests/unit/supportTrustWorkspace.test.tsx""]","[""src/components/legal/LegalDocumentLayout.tsx""]",4,[],[],Not End-To-End Verified,"Reachability and role/club/union scope; all tabs, buttons, forms and modals; exact data source and pagination; loading/empty/error states; receipt and concurrency for mutations; stale session/cache/reload/reconnect; desktop/mobile/touch/keyboard/accessibility; tests and deployed behavior"
src/pages/marketplace/DiamondsTab.tsx,runtime-or-tooling-source,4;11,[],"[""src/pages/MarketplacePage.tsx""]","[""src/components/common/Toast.tsx"",""src/pages/marketplace/DiamondsTab.module.css"",""src/pages/marketplace/marketplaceShared.ts""]",69,[],"[""atob(encoded)"",""avatar_unlocks"",""feature_purchases"",""new Set(\n        normalizedAvatarLedger\n          .map(({ styleToken }) => styleToken)\n          .filter((styleToken) => styleTokens.has(styleToken))\n      )"",""new Set(\n      [\n        ...(themeAssets.data || [])\n          .filter((row) => row.category === 'theme_id')\n          .map((row) => String(row.asset_id)),\n        // Legacy rows remain readable during rolling deployment and preserve the\n        // receipt trail; the migration backfills every recognised one above.\n        ...(th.data || []).map((row) => normalizeThemePresetId(String(row.theme_id))),\n      ].filter((themeId): themeId is string => !!themeId)\n    )"",""new Set((av.data || []).map((row) => String(row.avatar_id)))"",""theme_asset_unlocks"",""theme_unlocks""]",Not End-To-End Verified,"Reachability and role/club/union scope; all tabs, buttons, forms and modals; exact data source and pagination; loading/empty/error states; receipt and concurrency for mutations; stale session/cache/reload/reconnect; desktop/mobile/touch/keyboard/accessibility; tests and deployed behavior"
src/pages/marketplace/ItemArt.tsx,runtime-or-tooling-source,11,[],"[""src/pages/marketplace/MembershipTab.tsx"",""src/pages/marketplace/MyItemsTab.tsx"",""src/pages/marketplace/StoreTab.tsx""]",[],1,[],[],Not End-To-End Verified,"Reachability and role/club/union scope; all tabs, buttons, forms and modals; exact data source and pagination; loading/empty/error states; receipt and concurrency for mutations; stale session/cache/reload/reconnect; desktop/mobile/touch/keyboard/accessibility; tests and deployed behavior"
src/pages/marketplace/ManageTab.tsx,runtime-or-tooling-source,11,[],"[""src/pages/MarketplacePage.tsx""]","[""src/components/common/Toast.tsx"",""src/components/common/confirmDialog.tsx"",""src/lib/supabase.ts"",""src/lib/tableTheme.ts"",""src/pages/MarketplacePage.module.css"",""src/pages/marketplace/PurchaseLedger.tsx"",""src/pages/marketplace/ShopAnalytics.tsx"",""src/pages/marketplace/marketplaceShared.ts"",""src/services/AvatarService.ts"",""src/services/clubArenaApi.ts"",""src/utils/format.ts""]",79,[],"[""atob(encoded)"",""avatar_unlocks"",""feature_purchases"",""new Set(\n        normalizedAvatarLedger\n          .map(({ styleToken }) => styleToken)\n          .filter((styleToken) => styleTokens.has(styleToken))\n      )"",""new Set(\n      [\n        ...(themeAssets.data || [])\n          .filter((row) => row.category === 'theme_id')\n          .map((row) => String(row.asset_id)),\n        // Legacy rows remain readable during rolling deployment and preserve the\n        // receipt trail; the migration backfills every recognised one above.\n        ...(th.data || []).map((row) => normalizeThemePresetId(String(row.theme_id))),\n      ].filter((themeId): themeId is string => !!themeId)\n    )"",""new Set((av.data || []).map((row) => String(row.avatar_id)))"",""profiles"",""root.querySelectorAll<HTMLElement>(\n          'button:not([disabled]), [href], input:not([disabled]), select:not([disabled]), textarea:not([disabled]), [tabindex]:not([tabindex=\""-1\""])'\n        )"",""theme_asset_unlocks"",""theme_unlocks"",""tokens"",""user_avatars""]",Not End-To-End Verified,"Reachability and role/club/union scope; all tabs, buttons, forms and modals; exact data source and pagination; loading/empty/error states; receipt and concurrency for mutations; stale session/cache/reload/reconnect; desktop/mobile/touch/keyboard/accessibility; tests and deployed behavior"
src/pages/marketplace/MembershipTab.tsx,runtime-or-tooling-source,10;11,[],"[""src/pages/MarketplacePage.tsx""]","[""src/components/common/Toast.tsx"",""src/components/common/confirmDialog.tsx"",""src/core/MasterBus.ts"",""src/lib/appBase.ts"",""src/lib/native/purchases.ts"",""src/pages/MarketplacePage.module.css"",""src/pages/marketplace/ItemArt.tsx"",""src/pages/marketplace/marketplaceShared.ts"",""src/utils/format.ts""]",130,"[""atomic_deduct_wallet_and_log"",""atomic_seat_cashout_locked"",""ca_union_statement_board"",""calculate_agent_settlement"",""calculate_agent_spread"",""calculate_cascading_commission"",""fn_admin_kick_player"",""fn_admin_remove_player_chips"",""fn_admin_update_agent"",""fn_agent_attach_player"",""fn_agent_claim_commission"",""fn_agent_downline_commission"",""fn_agent_unsettled_commission"",""fn_agent_wallet_claim_back"",""fn_agent_wallet_reversible"",""fn_agent_wallet_send"",""fn_apply_credit_payment"",""fn_batch_club_member_counts"",""fn_cancel_club_join_request"",""fn_cancel_managed_game_schedule"",""fn_cashout_approve"",""fn_cashout_queue"",""fn_cashout_release"",""fn_cashout_request"",""fn_check_level_advancement"",""fn_claim_referral_milestone"",""fn_club_name_available"",""fn_create_agent"",""fn_create_club_atomic"",""fn_discover_clubs"",""fn_execute_managed_game_command"",""fn_execute_union_rakeback"",""fn_expire_stale_cashouts"",""fn_generate_all_credit_invoices"",""fn_generate_credit_invoice"",""fn_get_club_creation_eligibility"",""fn_get_club_entry_flags"",""fn_get_club_member_count"",""fn_get_game_management_health"",""fn_get_game_management_scale_health"",""fn_get_managed_game_command_receipt"",""fn_get_managed_game_command_receipts"",""fn_get_managed_game_contract_history"",""fn_get_managed_game_contracts"",""fn_join_club"",""fn_join_club_atomic"",""fn_list_managed_games"",""fn_member_leave_to_treasury"",""fn_pay_credit_invoice_from_wallet"",""fn_player_spendable_balance"",""fn_preview_club_join"",""fn_promo_disburse"",""fn_raise_financial_alert"",""fn_rakeback_settlement_status"",""fn_redeem_club_invite_code"",""fn_retire_settled_club"",""fn_run_pending_rakeback_settlement"",""fn_schedule_managed_game_close"",""fn_set_settlement_period_status"",""fn_tournament_primary_table"",""fn_track_club_entry_event"",""fn_wallet_type_transfer"",""generate_period_commissions"",""generate_period_settlements"",""get_current_settlement_period"",""get_user_level_stats"",""record_arena_session"",""redeem_referral_code"",""settle_club_rakeback"",""wallet_user_transfer""]","[""agent_commissions"",""agents"",""arena_sessions"",""atob(encoded)"",""avatar_unlocks"",""cashout_requests"",""club-assets"",""club_challenges"",""club_members"",""clubs"",""commission_rate_audit"",""credit_invoices"",""credit_requests"",""diamond_transactions"",""disputes"",""feature_purchases"",""financial_alerts"",""hand_history"",""messages"",""new Set(\n        normalizedAvatarLedger\n          .map(({ styleToken }) => styleToken)\n          .filter((styleToken) => styleTokens.has(styleToken))\n      )"",""new Set(\n      [\n        ...(themeAssets.data || [])\n          .filter((row) => row.category === 'theme_id')\n          .map((row) => String(row.asset_id)),\n        // Legacy rows remain readable during rolling deployment and preserve the\n        // receipt trail; the migration backfills every recognised one above.\n        ...(th.data || []).map((row) => normalizeThemePresetId(String(row.theme_id))),\n      ].filter((themeId): themeId is string => !!themeId)\n    )"",""new Set((av.data || []).map((row) => String(row.avatar_id)))"",""new Set(clubIds.filter((id): id is string => !!id).map((id) => `referral_${id}`))"",""notifications"",""profiles"",""rake_records"",""referral_codes"",""referral_redemptions"",""root.querySelectorAll<HTMLElement>(\n          'button:not([disabled]), [href], input:not([disabled]), select:not([disabled]), textarea:not([disabled]), [tabindex]:not([tabindex=\""-1\""])'\n        )"",""settlement_periods"",""state.leakSignals.entries()"",""state.previouslySeenQuestionIds"",""sub_agents"",""table_activity"",""table_seats"",""table_waitlist"",""tables"",""theme_asset_unlocks"",""theme_unlocks"",""this.channelRegistry.entries()"",""this.subscriptions.entries()"",""unionMap.values()"",""union_admins"",""union_clubs"",""unions"",""uuidCache.entries()"",""wallet_transactions""]",Not End-To-End Verified,"Reachability and role/club/union scope; all tabs, buttons, forms and modals; exact data source and pagination; loading/empty/error states; receipt and concurrency for mutations; stale session/cache/reload/reconnect; desktop/mobile/touch/keyboard/accessibility; tests and deployed behavior"
src/pages/marketplace/MyItemsTab.tsx,runtime-or-tooling-source,11,[],"[""src/pages/MarketplacePage.tsx""]","[""src/components/common/Toast.tsx"",""src/components/common/confirmDialog.tsx"",""src/core/MasterBus.ts"",""src/lib/supabase.ts"",""src/pages/MarketplacePage.module.css"",""src/pages/marketplace/ItemArt.tsx"",""src/pages/marketplace/marketplaceShared.ts"",""src/services/clubArenaApi.ts"",""src/utils/errorReporter.ts"",""src/utils/format.ts""]",131,"[""atomic_deduct_wallet_and_log"",""atomic_seat_cashout_locked"",""ca_union_statement_board"",""calculate_agent_settlement"",""calculate_agent_spread"",""calculate_cascading_commission"",""fn_admin_kick_player"",""fn_admin_remove_player_chips"",""fn_admin_update_agent"",""fn_agent_attach_player"",""fn_agent_claim_commission"",""fn_agent_downline_commission"",""fn_agent_unsettled_commission"",""fn_agent_wallet_claim_back"",""fn_agent_wallet_reversible"",""fn_agent_wallet_send"",""fn_apply_credit_payment"",""fn_batch_club_member_counts"",""fn_cancel_club_join_request"",""fn_cancel_managed_game_schedule"",""fn_cashout_approve"",""fn_cashout_queue"",""fn_cashout_release"",""fn_cashout_request"",""fn_check_level_advancement"",""fn_claim_referral_milestone"",""fn_club_name_available"",""fn_create_agent"",""fn_create_club_atomic"",""fn_discover_clubs"",""fn_execute_managed_game_command"",""fn_execute_union_rakeback"",""fn_expire_stale_cashouts"",""fn_generate_all_credit_invoices"",""fn_generate_credit_invoice"",""fn_get_club_creation_eligibility"",""fn_get_club_entry_flags"",""fn_get_club_member_count"",""fn_get_game_management_health"",""fn_get_game_management_scale_health"",""fn_get_managed_game_command_receipt"",""fn_get_managed_game_command_receipts"",""fn_get_managed_game_contract_history"",""fn_get_managed_game_contracts"",""fn_join_club"",""fn_join_club_atomic"",""fn_list_managed_games"",""fn_member_leave_to_treasury"",""fn_pay_credit_invoice_from_wallet"",""fn_player_spendable_balance"",""fn_preview_club_join"",""fn_promo_disburse"",""fn_raise_financial_alert"",""fn_rakeback_settlement_status"",""fn_redeem_club_invite_code"",""fn_redeem_shop_item"",""fn_retire_settled_club"",""fn_run_pending_rakeback_settlement"",""fn_schedule_managed_game_close"",""fn_set_settlement_period_status"",""fn_tournament_primary_table"",""fn_track_club_entry_event"",""fn_wallet_type_transfer"",""generate_period_commissions"",""generate_period_settlements"",""get_current_settlement_period"",""get_user_level_stats"",""record_arena_session"",""redeem_referral_code"",""settle_club_rakeback"",""wallet_user_transfer""]","[""agent_commissions"",""agents"",""arena_sessions"",""atob(encoded)"",""avatar_unlocks"",""cashout_requests"",""club-assets"",""club_challenges"",""club_members"",""clubs"",""commission_rate_audit"",""credit_invoices"",""credit_requests"",""diamond_transactions"",""disputes"",""feature_purchases"",""financial_alerts"",""hand_history"",""messages"",""new Set(\n        normalizedAvatarLedger\n          .map(({ styleToken }) => styleToken)\n          .filter((styleToken) => styleTokens.has(styleToken))\n      )"",""new Set(\n      [\n        ...(themeAssets.data || [])\n          .filter((row) => row.category === 'theme_id')\n          .map((row) => String(row.asset_id)),\n        // Legacy rows remain readable during rolling deployment and preserve the\n        // receipt trail; the migration backfills every recognised one above.\n        ...(th.data || []).map((row) => normalizeThemePresetId(String(row.theme_id))),\n      ].filter((themeId): themeId is string => !!themeId)\n    )"",""new Set((av.data || []).map((row) => String(row.avatar_id)))"",""new Set(clubIds.filter((id): id is string => !!id).map((id) => `referral_${id}`))"",""notifications"",""profiles"",""rake_records"",""referral_codes"",""referral_redemptions"",""root.querySelectorAll<HTMLElement>(\n          'button:not([disabled]), [href], input:not([disabled]), select:not([disabled]), textarea:not([disabled]), [tabindex]:not([tabindex=\""-1\""])'\n        )"",""settlement_periods"",""state.leakSignals.entries()"",""state.previouslySeenQuestionIds"",""sub_agents"",""table_activity"",""table_seats"",""table_waitlist"",""tables"",""theme_asset_unlocks"",""theme_unlocks"",""this.channelRegistry.entries()"",""this.subscriptions.entries()"",""unionMap.values()"",""union_admins"",""union_clubs"",""unions"",""uuidCache.entries()"",""wallet_transactions""]",Not End-To-End Verified,"Reachability and role/club/union scope; all tabs, buttons, forms and modals; exact data source and pagination; loading/empty/error states; receipt and concurrency for mutations; stale session/cache/reload/reconnect; desktop/mobile/touch/keyboard/accessibility; tests and deployed behavior"
src/pages/marketplace/PurchaseLedger.tsx,runtime-or-tooling-source,11,[],"[""src/pages/marketplace/ManageTab.tsx""]","[""src/components/common/Toast.tsx"",""src/components/common/confirmDialog.tsx"",""src/lib/supabase.ts"",""src/pages/MarketplacePage.module.css"",""src/services/clubArenaApi.ts"",""src/utils/format.ts""]",20,[],"[""atob(encoded)"",""root.querySelectorAll<HTMLElement>(\n          'button:not([disabled]), [href], input:not([disabled]), select:not([disabled]), textarea:not([disabled]), [tabindex]:not([tabindex=\""-1\""])'\n        )""]",Not End-To-End Verified,"Reachability and role/club/union scope; all tabs, buttons, forms and modals; exact data source and pagination; loading/empty/error states; receipt and concurrency for mutations; stale session/cache/reload/reconnect; desktop/mobile/touch/keyboard/accessibility; tests and deployed behavior"
src/pages/marketplace/ShopAnalytics.tsx,runtime-or-tooling-source,9;11,[],"[""src/pages/marketplace/ManageTab.tsx""]","[""src/components/common/Toast.tsx"",""src/lib/supabase.ts"",""src/pages/MarketplacePage.module.css"",""src/utils/format.ts""]",15,[],"[""atob(encoded)""]",Not End-To-End Verified,"Reachability and role/club/union scope; all tabs, buttons, forms and modals; exact data source and pagination; loading/empty/error states; receipt and concurrency for mutations; stale session/cache/reload/reconnect; desktop/mobile/touch/keyboard/accessibility; tests and deployed behavior"
src/pages/marketplace/StoreTab.tsx,runtime-or-tooling-source,11,[],"[""src/pages/MarketplacePage.tsx"",""tests/unit/StoreTabUi.test.tsx""]","[""src/components/common/Toast.tsx"",""src/core/MasterBus.ts"",""src/pages/MarketplacePage.module.css"",""src/pages/marketplace/ItemArt.tsx"",""src/pages/marketplace/marketplaceShared.ts"",""src/services/clubArenaApi.ts"",""src/utils/format.ts""]",128,"[""atomic_deduct_wallet_and_log"",""atomic_seat_cashout_locked"",""ca_union_statement_board"",""calculate_agent_settlement"",""calculate_agent_spread"",""calculate_cascading_commission"",""fn_admin_kick_player"",""fn_admin_remove_player_chips"",""fn_admin_update_agent"",""fn_agent_attach_player"",""fn_agent_claim_commission"",""fn_agent_downline_commission"",""fn_agent_unsettled_commission"",""fn_agent_wallet_claim_back"",""fn_agent_wallet_reversible"",""fn_agent_wallet_send"",""fn_apply_credit_payment"",""fn_batch_club_member_counts"",""fn_cancel_club_join_request"",""fn_cancel_managed_game_schedule"",""fn_cashout_approve"",""fn_cashout_queue"",""fn_cashout_release"",""fn_cashout_request"",""fn_check_level_advancement"",""fn_claim_referral_milestone"",""fn_club_name_available"",""fn_create_agent"",""fn_create_club_atomic"",""fn_discover_clubs"",""fn_execute_managed_game_command"",""fn_execute_union_rakeback"",""fn_expire_stale_cashouts"",""fn_generate_all_credit_invoices"",""fn_generate_credit_invoice"",""fn_get_club_creation_eligibility"",""fn_get_club_entry_flags"",""fn_get_club_member_count"",""fn_get_game_management_health"",""fn_get_game_management_scale_health"",""fn_get_managed_game_command_receipt"",""fn_get_managed_game_command_receipts"",""fn_get_managed_game_contract_history"",""fn_get_managed_game_contracts"",""fn_join_club"",""fn_join_club_atomic"",""fn_list_managed_games"",""fn_member_leave_to_treasury"",""fn_pay_credit_invoice_from_wallet"",""fn_player_spendable_balance"",""fn_preview_club_join"",""fn_promo_disburse"",""fn_raise_financial_alert"",""fn_rakeback_settlement_status"",""fn_redeem_club_invite_code"",""fn_retire_settled_club"",""fn_run_pending_rakeback_settlement"",""fn_schedule_managed_game_close"",""fn_set_settlement_period_status"",""fn_tournament_primary_table"",""fn_track_club_entry_event"",""fn_wallet_type_transfer"",""generate_period_commissions"",""generate_period_settlements"",""get_current_settlement_period"",""get_user_level_stats"",""record_arena_session"",""redeem_referral_code"",""settle_club_rakeback"",""wallet_user_transfer""]","[""agent_commissions"",""agents"",""arena_sessions"",""atob(encoded)"",""avatar_unlocks"",""cashout_requests"",""club-assets"",""club_challenges"",""club_members"",""clubs"",""commission_rate_audit"",""credit_invoices"",""credit_requests"",""diamond_transactions"",""disputes"",""feature_purchases"",""financial_alerts"",""hand_history"",""messages"",""modalRef.current?.querySelectorAll<HTMLElement>(\n          'button:not([disabled]), a[href], input:not([disabled]), select:not([disabled]), [tabindex]:not([tabindex=\""-1\""])'\n        ) ?? []"",""new Set(\n        normalizedAvatarLedger\n          .map(({ styleToken }) => styleToken)\n          .filter((styleToken) => styleTokens.has(styleToken))\n      )"",""new Set(\n      [\n        ...(themeAssets.data || [])\n          .filter((row) => row.category === 'theme_id')\n          .map((row) => String(row.asset_id)),\n        // Legacy rows remain readable during rolling deployment and preserve the\n        // receipt trail; the migration backfills every recognised one above.\n        ...(th.data || []).map((row) => normalizeThemePresetId(String(row.theme_id))),\n      ].filter((themeId): themeId is string => !!themeId)\n    )"",""new Set((av.data || []).map((row) => String(row.avatar_id)))"",""new Set(clubIds.filter((id): id is string => !!id).map((id) => `referral_${id}`))"",""notifications"",""profiles"",""rake_records"",""referral_codes"",""referral_redemptions"",""settlement_periods"",""state.leakSignals.entries()"",""state.previouslySeenQuestionIds"",""sub_agents"",""table_activity"",""table_seats"",""table_waitlist"",""tables"",""theme_asset_unlocks"",""theme_unlocks"",""this.channelRegistry.entries()"",""this.subscriptions.entries()"",""unionMap.values()"",""union_admins"",""union_clubs"",""unions"",""uuidCache.entries()"",""wallet_transactions""]",Not End-To-End Verified,"Reachability and role/club/union scope; all tabs, buttons, forms and modals; exact data source and pagination; loading/empty/error states; receipt and concurrency for mutations; stale session/cache/reload/reconnect; desktop/mobile/touch/keyboard/accessibility; tests and deployed behavior"
src/pages/share/HandReplayerPage.tsx,runtime-or-tooling-source,11,"[""/share/hand/:handId""]","[""src/App.tsx""]","[""src/components/replay/HandReplay.tsx"",""src/pages/share/HandReplayerPage.css""]",111,"[""atomic_deduct_wallet_and_log"",""atomic_seat_cashout_locked"",""ca_union_statement_board"",""calculate_agent_settlement"",""calculate_agent_spread"",""calculate_cascading_commission"",""fn_admin_kick_player"",""fn_admin_remove_player_chips"",""fn_admin_update_agent"",""fn_agent_attach_player"",""fn_agent_claim_commission"",""fn_agent_downline_commission"",""fn_agent_unsettled_commission"",""fn_agent_wallet_claim_back"",""fn_agent_wallet_reversible"",""fn_agent_wallet_send"",""fn_apply_credit_payment"",""fn_batch_club_member_counts"",""fn_cancel_club_join_request"",""fn_cancel_managed_game_schedule"",""fn_cashout_approve"",""fn_cashout_queue"",""fn_cashout_release"",""fn_cashout_request"",""fn_check_level_advancement"",""fn_claim_referral_milestone"",""fn_club_name_available"",""fn_create_agent"",""fn_create_club_atomic"",""fn_discover_clubs"",""fn_execute_managed_game_command"",""fn_execute_union_rakeback"",""fn_expire_stale_cashouts"",""fn_generate_all_credit_invoices"",""fn_generate_credit_invoice"",""fn_get_club_creation_eligibility"",""fn_get_club_entry_flags"",""fn_get_club_member_count"",""fn_get_game_management_health"",""fn_get_game_management_scale_health"",""fn_get_managed_game_command_receipt"",""fn_get_managed_game_command_receipts"",""fn_get_managed_game_contract_history"",""fn_get_managed_game_contracts"",""fn_join_club"",""fn_join_club_atomic"",""fn_list_managed_games"",""fn_member_leave_to_treasury"",""fn_pay_credit_invoice_from_wallet"",""fn_player_spendable_balance"",""fn_preview_club_join"",""fn_promo_disburse"",""fn_raise_financial_alert"",""fn_rakeback_settlement_status"",""fn_redeem_club_invite_code"",""fn_retire_settled_club"",""fn_run_pending_rakeback_settlement"",""fn_schedule_managed_game_close"",""fn_set_settlement_period_status"",""fn_tournament_primary_table"",""fn_track_club_entry_event"",""fn_wallet_type_transfer"",""generate_period_commissions"",""generate_period_settlements"",""get_current_settlement_period"",""get_user_level_stats"",""record_arena_session"",""redeem_referral_code"",""settle_club_rakeback"",""wallet_user_transfer""]","[""agent_commissions"",""agents"",""arena_sessions"",""atob(encoded)"",""ca_hand_facts"",""cashout_requests"",""club-assets"",""club_challenges"",""club_members"",""clubs"",""commission_rate_audit"",""credit_invoices"",""credit_requests"",""diamond_transactions"",""disputes"",""financial_alerts"",""hand_discards"",""hand_history"",""messages"",""new Set(clubIds.filter((id): id is string => !!id).map((id) => `referral_${id}`))"",""notifications"",""profiles"",""rake_records"",""referral_codes"",""referral_redemptions"",""settlement_periods"",""state.leakSignals.entries()"",""state.previouslySeenQuestionIds"",""sub_agents"",""table_activity"",""table_seats"",""table_waitlist"",""tables"",""this.active.values()"",""this.channelRegistry.entries()"",""this.laneProgress.keys()"",""this.listeners"",""this.processed.keys()"",""this.subscriptions.entries()"",""unionMap.values()"",""union_admins"",""union_clubs"",""unions"",""uuidCache.entries()"",""wallet_transactions"",""{ length: 46 }"",""{ length: backs }"",""{ length: muckCount }""]",Not End-To-End Verified,"Reachability and role/club/union scope; all tabs, buttons, forms and modals; exact data source and pagination; loading/empty/error states; receipt and concurrency for mutations; stale session/cache/reload/reconnect; desktop/mobile/touch/keyboard/accessibility; tests and deployed behavior"
src/pages/share/SharedHandReplayPage.tsx,runtime-or-tooling-source,11,"[""/replay""]","[""src/App.tsx""]","[""src/components/replay/HandReplay.tsx"",""src/components/table/ShareHand.tsx"",""src/lib/shareHandModel.ts"",""src/pages/share/SharedHandReplayPage.css"",""src/utils/errorReporter.ts""]",116,"[""atomic_deduct_wallet_and_log"",""atomic_seat_cashout_locked"",""ca_union_statement_board"",""calculate_agent_settlement"",""calculate_agent_spread"",""calculate_cascading_commission"",""fn_admin_kick_player"",""fn_admin_remove_player_chips"",""fn_admin_update_agent"",""fn_agent_attach_player"",""fn_agent_claim_commission"",""fn_agent_downline_commission"",""fn_agent_unsettled_commission"",""fn_agent_wallet_claim_back"",""fn_agent_wallet_reversible"",""fn_agent_wallet_send"",""fn_apply_credit_payment"",""fn_batch_club_member_counts"",""fn_cancel_club_join_request"",""fn_cancel_managed_game_schedule"",""fn_cashout_approve"",""fn_cashout_queue"",""fn_cashout_release"",""fn_cashout_request"",""fn_check_level_advancement"",""fn_claim_referral_milestone"",""fn_club_name_available"",""fn_create_agent"",""fn_create_club_atomic"",""fn_discover_clubs"",""fn_execute_managed_game_command"",""fn_execute_union_rakeback"",""fn_expire_stale_cashouts"",""fn_generate_all_credit_invoices"",""fn_generate_credit_invoice"",""fn_get_club_creation_eligibility"",""fn_get_club_entry_flags"",""fn_get_club_member_count"",""fn_get_game_management_health"",""fn_get_game_management_scale_health"",""fn_get_managed_game_command_receipt"",""fn_get_managed_game_command_receipts"",""fn_get_managed_game_contract_history"",""fn_get_managed_game_contracts"",""fn_join_club"",""fn_join_club_atomic"",""fn_list_managed_games"",""fn_member_leave_to_treasury"",""fn_pay_credit_invoice_from_wallet"",""fn_player_spendable_balance"",""fn_preview_club_join"",""fn_promo_disburse"",""fn_raise_financial_alert"",""fn_rakeback_settlement_status"",""fn_redeem_club_invite_code"",""fn_retire_settled_club"",""fn_run_pending_rakeback_settlement"",""fn_schedule_managed_game_close"",""fn_set_settlement_period_status"",""fn_tournament_primary_table"",""fn_track_club_entry_event"",""fn_wallet_type_transfer"",""generate_period_commissions"",""generate_period_settlements"",""get_current_settlement_period"",""get_user_level_stats"",""record_arena_session"",""redeem_referral_code"",""settle_club_rakeback"",""wallet_user_transfer""]","[""String(text ?? '')"",""agent_commissions"",""agents"",""arena_sessions"",""atob(encoded)"",""ca_hand_facts"",""cashout_requests"",""club-assets"",""club_challenges"",""club_members"",""clubs"",""commission_rate_audit"",""credit_invoices"",""credit_requests"",""diamond_transactions"",""disputes"",""financial_alerts"",""hand_discards"",""hand_history"",""messages"",""new Set(clubIds.filter((id): id is string => !!id).map((id) => `referral_${id}`))"",""notifications"",""profiles"",""rake_records"",""referral_codes"",""referral_redemptions"",""settlement_periods"",""state.leakSignals.entries()"",""state.previouslySeenQuestionIds"",""sub_agents"",""table_activity"",""table_seats"",""table_waitlist"",""tables"",""this.active.values()"",""this.channelRegistry.entries()"",""this.laneProgress.keys()"",""this.listeners"",""this.processed.keys()"",""this.subscriptions.entries()"",""unionMap.values()"",""union_admins"",""union_clubs"",""unions"",""uuidCache.entries()"",""wallet_transactions"",""{ length: 46 }"",""{ length: backs }"",""{ length: muckCount }""]",Not End-To-End Verified,"Reachability and role/club/union scope; all tabs, buttons, forms and modals; exact data source and pagination; loading/empty/error states; receipt and concurrency for mutations; stale session/cache/reload/reconnect; desktop/mobile/touch/keyboard/accessibility; tests and deployed behavior"
src/pages/stats/AnalysisTab.tsx,runtime-or-tooling-source,9;11,[],"[""src/pages/PlayerStatsPage.tsx""]","[""src/components/stats/AdvancedStatsSummary.tsx"",""src/components/stats/BankrollTracker.tsx"",""src/components/stats/LeakPanel.tsx"",""src/components/stats/PanelBoundary.tsx"",""src/components/stats/SessionHistory.tsx"",""src/components/stats/StatsCharts.tsx"",""src/pages/stats/format.ts"",""src/pages/stats/types.ts""]",24,[],"[""atob(encoded)"",""client_crash_log""]",Not End-To-End Verified,"Reachability and role/club/union scope; all tabs, buttons, forms and modals; exact data source and pagination; loading/empty/error states; receipt and concurrency for mutations; stale session/cache/reload/reconnect; desktop/mobile/touch/keyboard/accessibility; tests and deployed behavior"
src/pages/stats/HandsTab.tsx,runtime-or-tooling-source,9;11,[],"[""src/pages/PlayerStatsPage.tsx""]","[""src/components/stats/HoleCardHeatmap.tsx"",""src/components/stats/PanelBoundary.tsx""]",13,"[""fn""]","[""atob(encoded)"",""ca_stat_distribution"",""client_crash_log""]",Not End-To-End Verified,"Reachability and role/club/union scope; all tabs, buttons, forms and modals; exact data source and pagination; loading/empty/error states; receipt and concurrency for mutations; stale session/cache/reload/reconnect; desktop/mobile/touch/keyboard/accessibility; tests and deployed behavior"
src/pages/stats/OverviewTab.tsx,runtime-or-tooling-source,9;11,[],"[""src/pages/PlayerStatsPage.tsx""]","[""src/components/stats/BenchmarkPanel.tsx"",""src/components/stats/NemesisPanel.tsx"",""src/components/stats/PanelBoundary.tsx"",""src/components/stats/StatsShareCard.tsx"",""src/components/stats/playerStyleFromStats.ts"",""src/pages/stats/StatRow.tsx"",""src/pages/stats/types.ts"",""src/utils/playerDisplayName.ts""]",26,"[""fn""]","[""atob(encoded)"",""ca_stat_distribution"",""client_crash_log""]",Not End-To-End Verified,"Reachability and role/club/union scope; all tabs, buttons, forms and modals; exact data source and pagination; loading/empty/error states; receipt and concurrency for mutations; stale session/cache/reload/reconnect; desktop/mobile/touch/keyboard/accessibility; tests and deployed behavior"
src/pages/stats/PerformanceTab.tsx,runtime-or-tooling-source,9;11,[],"[""src/pages/PlayerStatsPage.tsx""]","[""src/components/stats/EVLuckChart.tsx"",""src/components/stats/PanelBoundary.tsx"",""src/pages/stats/StatRow.tsx"",""src/pages/stats/types.ts""]",17,"[""fn""]","[""atob(encoded)"",""ca_stat_distribution"",""client_crash_log""]",Not End-To-End Verified,"Reachability and role/club/union scope; all tabs, buttons, forms and modals; exact data source and pagination; loading/empty/error states; receipt and concurrency for mutations; stale session/cache/reload/reconnect; desktop/mobile/touch/keyboard/accessibility; tests and deployed behavior"
src/pages/stats/PositionsTab.tsx,runtime-or-tooling-source,9;11,[],"[""src/pages/PlayerStatsPage.tsx""]","[""src/components/stats/PanelBoundary.tsx"",""src/components/stats/PositionWinRates.tsx"",""src/components/stats/PositionalRadar.tsx"",""src/pages/stats/types.ts""]",16,[],"[""atob(encoded)"",""client_crash_log""]",Not End-To-End Verified,"Reachability and role/club/union scope; all tabs, buttons, forms and modals; exact data source and pagination; loading/empty/error states; receipt and concurrency for mutations; stale session/cache/reload/reconnect; desktop/mobile/touch/keyboard/accessibility; tests and deployed behavior"
src/pages/stats/RakeTab.tsx,runtime-or-tooling-source,5;9;11,[],"[""src/pages/PlayerStatsPage.tsx""]","[""src/components/agent/DownlineRakePanel.tsx"",""src/components/stats/PanelBoundary.tsx"",""src/pages/stats/StatRow.tsx"",""src/services/AgentRakeService.ts"",""src/services/StatsFactsService.ts""]",15,"[""fn"",""fn_agent_downline_rake"",""fn_agent_downline_rake_summary"",""fn_my_agent_roles""]","[""atob(encoded)"",""ca_stat_distribution"",""client_crash_log""]",Not End-To-End Verified,"Reachability and role/club/union scope; all tabs, buttons, forms and modals; exact data source and pagination; loading/empty/error states; receipt and concurrency for mutations; stale session/cache/reload/reconnect; desktop/mobile/touch/keyboard/accessibility; tests and deployed behavior"
src/pages/stats/StatRow.tsx,runtime-or-tooling-source,9;11,[],"[""src/pages/stats/OverviewTab.tsx"",""src/pages/stats/PerformanceTab.tsx"",""src/pages/stats/RakeTab.tsx"",""src/pages/stats/TournamentsTab.tsx""]",[],1,[],[],Not End-To-End Verified,"Reachability and role/club/union scope; all tabs, buttons, forms and modals; exact data source and pagination; loading/empty/error states; receipt and concurrency for mutations; stale session/cache/reload/reconnect; desktop/mobile/touch/keyboard/accessibility; tests and deployed behavior"
src/pages/stats/TournamentsTab.tsx,runtime-or-tooling-source,3;9;11,[],"[""src/pages/PlayerStatsPage.tsx""]","[""src/pages/stats/StatRow.tsx"",""src/pages/stats/types.ts""]",4,[],[],Not End-To-End Verified,"Reachability and role/club/union scope; all tabs, buttons, forms and modals; exact data source and pagination; loading/empty/error states; receipt and concurrency for mutations; stale session/cache/reload/reconnect; desktop/mobile/touch/keyboard/accessibility; tests and deployed behavior"
src/pages/stats/TrophiesTab.tsx,runtime-or-tooling-source,9;11,[],"[""src/pages/PlayerStatsPage.tsx""]","[""src/components/stats/PanelBoundary.tsx"",""src/components/stats/TrophyRoom.tsx"",""src/pages/stats/types.ts""]",17,[],"[""atob(encoded)"",""client_crash_log""]",Not End-To-End Verified,"Reachability and role/club/union scope; all tabs, buttons, forms and modals; exact data source and pagination; loading/empty/error states; receipt and concurrency for mutations; stale session/cache/reload/reconnect; desktop/mobile/touch/keyboard/accessibility; tests and deployed behavior"
src/pages/tournament/TournamentDetails.tsx,runtime-or-tooling-source,3;11,"[""tournaments/:tournamentId""]","[""src/App.tsx"",""src/components/table/TournamentLobbyModal.tsx"",""src/pages/MultiTablePage.tsx""]","[""src/components/common/PageErrorBoundary.tsx"",""src/components/common/Toast.tsx"",""src/components/lobby/tournamentFigures.ts"",""src/components/tournament/FinalTableOverlay.tsx"",""src/components/tournament/MysteryBountyCelebration.tsx"",""src/components/tournament/details/BlindsTab.tsx"",""src/components/tournament/details/DetailOverviewTab.tsx"",""src/components/tournament/details/EntriesTab.tsx"",""src/components/tournament/details/RankingTab.tsx"",""src/components/tournament/details/RewardsTab.tsx"",""src/components/tournament/details/SatellitesTab.tsx"",""src/components/tournament/details/TablesTab.tsx"",""src/components/tournament/details/UnionsTab.tsx"",""src/components/tournament/details/types.ts"",""src/context/InTabLobbyContext.tsx"",""src/core/MasterBus.ts"",""src/hooks/useAuthUser.ts"",""src/hooks/useMasterBusSubscription.ts"",""src/hooks/useMysteryBounty.ts"",""src/hooks/useTournamentRegistration.ts"",""src/lib/appBase.ts"",""src/lib/supabase.ts"",""src/pages/tournament/PremiumTournamentConsole.css"",""src/pages/tournament/TournamentDetails.css"",""src/services/TournamentService.ts"",""src/types/database.types.ts"",""src/utils/buyIn.ts"",""src/utils/errorReporter.ts"",""src/utils/observeTable.ts""]",1078,"[""'fn_complete_club_opening_setup' as never"",""accept_friendship"",""action === 'redeem' ? 'fn_redeem_tournament_ticket' : 'fn_cancel_tournament_ticket'"",""add_to_promo_wallet"",""atomic_deduct_wallet_and_log"",""atomic_seat_cashout_locked"",""atomic_table_buyin"",""atomic_table_rebuy"",""balance_tournament_tables"",""buy_streak_freeze"",""ca_club_activity"",""ca_club_dashboard_stats"",""ca_club_financials"",""ca_club_member_detail"",""ca_club_member_downline"",""ca_club_member_notes_update"",""ca_club_member_statistics"",""ca_club_members"",""ca_club_members_export"",""ca_club_members_overview"",""ca_club_members_page"",""ca_club_members_summary"",""ca_club_revenue"",""ca_club_tables"",""ca_club_top_players"",""ca_club_tournaments"",""ca_player_hands_v2"",""ca_player_stats_overview_v2"",""ca_player_stats_pulse"",""ca_union_statement_board"",""calculate_agent_settlement"",""calculate_agent_spread"",""calculate_cascading_commission"",""claim_daily_challenges"",""fn"",""fn_achievement_record_progress"",""fn_admin_kick_player"",""fn_admin_remove_player_chips"",""fn_admin_update_agent"",""fn_agent_attach_player"",""fn_agent_claim_commission"",""fn_agent_downline_commission"",""fn_agent_downline_rake"",""fn_agent_downline_rake_summary"",""fn_agent_unsettled_commission"",""fn_agent_wallet_claim_back"",""fn_agent_wallet_reversible"",""fn_agent_wallet_send"",""fn_apply_credit_payment"",""fn_apply_mystery_bounty_config"",""fn_batch_club_member_counts"",""fn_batch_club_realtime_active_counts"",""fn_batch_club_realtime_member_counts"",""fn_batch_union_realtime_active_counts"",""fn_batch_union_realtime_member_counts"",""fn_bbj_hand_detail"",""fn_bbj_pool_for_club"",""fn_bbj_recent_hits"",""fn_bump_friend_challenge_progress"",""fn_ca_chip_statement"",""fn_ca_club_hand_flags"",""fn_ca_daily_bonus_claim"",""fn_ca_daily_bonus_status"",""fn_ca_flag_hand"",""fn_ca_operator_read_hand"",""fn_ca_resolve_hand_flag"",""fn_can_i_create_a_union"",""fn_can_i_operate_the_union_network"",""fn_cancel_club_join_request"",""fn_cancel_managed_game_schedule"",""fn_cash_effective_buyin"",""fn_cash_game_join"",""fn_cash_game_lobby"",""fn_cash_seat_change_cancel"",""fn_cash_seat_change_request"",""fn_cash_vpip_status"",""fn_cashier_batch_transfer"",""fn_cashout_approve"",""fn_cashout_queue"",""fn_cashout_release"",""fn_cashout_request"",""fn_cast_tournament_deal_vote"",""fn_check_level_advancement"",""fn_claim_referral_milestone"",""fn_club_bank_claim_back"",""fn_club_bank_ledger"",""fn_club_bank_reverse"",""fn_club_bank_send"",""fn_club_cashier_members"",""fn_club_cashier_members_page_v3"",""fn_club_leaderboard_by_dates"",""fn_club_leaderboard_period_v2"",""fn_club_member_counts"",""fn_club_money_panel"",""fn_club_name_available"",""fn_club_set_member_role"",""fn_club_tournament_stats"",""fn_club_trade_ledger"",""fn_community_search"",""fn_consume_feature_use"",""fn_create_agent"",""fn_create_club_atomic"",""fn_create_tournament"",""fn_discover_clubs"",""fn_dismiss_club_message"",""fn_dispute_escalate"",""fn_dispute_start_review"",""fn_execute_managed_game_command"",""fn_execute_union_rakeback"",""fn_expire_stale_cashouts"",""fn_game_creation_access"",""fn_generate_all_credit_invoices"",""fn_generate_credit_invoice"",""fn_get_club_creation_eligibility"",""fn_get_club_entry_flags"",""fn_get_club_entry_message"",""fn_get_club_member_count"",""fn_get_club_realtime_member_count"",""fn_get_game_management_health"",""fn_get_game_management_scale_health"",""fn_get_leaderboard_reward_plan"",""fn_get_leaderboard_reward_setup"",""fn_get_leaderboard_settlement_status"",""fn_get_managed_game_command_receipt"",""fn_get_managed_game_command_receipts"",""fn_get_managed_game_contract_history"",""fn_get_managed_game_contracts"",""fn_get_player_search_preferences"",""fn_get_table_watch_access"",""fn_global_leaderboard_by_dates"",""fn_global_leaderboard_period"",""fn_hand_rake_breakdown"",""fn_increment_vip_usage"",""fn_join_club"",""fn_join_club_atomic"",""fn_leaderboard_period_window"",""fn_leaderboard_reward_contexts"",""fn_leave_seat_and_refund"",""fn_list_managed_games"",""fn_maintenance_break_state"",""fn_mark_table_setting_touched"",""fn_member_leave_to_treasury"",""fn_mint_chips_from_diamonds"",""fn_mutate_table_studio_preferences"",""fn_my_agent_roles"",""fn_my_wallet_ledger"",""fn_mystery_bounty_awards"",""fn_mystery_bounty_inventory"",""fn_mystery_bounty_leaderboard"",""fn_mystery_bounty_reveal"",""fn_mystery_bounty_table_state"",""fn_owner_start_tournament_now"",""fn_pay_credit_invoice_from_wallet"",""fn_player_spendable_balance"",""fn_preview_club_join"",""fn_promo_disburse"",""fn_promo_wallet_ledger"",""fn_promo_wallet_send"",""fn_purchase_feature"",""fn_purchase_time_banks_v2"",""fn_raise_financial_alert"",""fn_rakeback_settlement_status"",""fn_record_card_slide_usage"",""fn_record_cashier_operation"",""fn_redeem_club_invite_code"",""fn_redeem_shop_item"",""fn_register_for_tournament"",""fn_remove_settled_club_member"",""fn_request_chips"",""fn_request_manual_bomb_pot"",""fn_resolve_ads"",""fn_resolve_dispute"",""fn_respond_chip_request"",""fn_respond_friend_challenge"",""fn_retire_settled_club"",""fn_run_pending_rakeback_settlement"",""fn_save_leaderboard_reward_setup"",""fn_schedule_managed_game_close"",""fn_search_players"",""fn_seed_table_studio_preferences"",""fn_set_club_lobby_message"",""fn_set_interface_theme"",""fn_set_player_search_preferences"",""fn_set_settlement_period_status"",""fn_spin_leaderboards"",""fn_table_chat_is_silenced"",""fn_take_seat_and_buy_in"",""fn_time_bank_allowance"",""fn_tournament_primary_table"",""fn_track_club_entry_event"",""fn_union_leaderboard_period_v2"",""fn_union_player_directory"",""fn_union_send_to_member"",""fn_unregister_from_tournament"",""fn_use_throwable_v2"",""fn_user_rank_by_dates"",""fn_user_rank_global_by_dates"",""fn_user_rank_global_period"",""fn_user_rank_period"",""fn_wallet_type_transfer"",""generate_period_commissions"",""generate_period_settlements"",""get_club_home"",""get_club_players_playing"",""get_current_settlement_period"",""get_daily_challenge_dashboard_v3"",""get_mutual_friends"",""get_user_level_stats"",""increment_tournament_rake"",""isPromoPull ? 'fn_union_clawback_promo_from_club' : 'fn_union_clawback_from_club'"",""process_tournament_rebuy"",""promoSendRpc(promoSource)"",""recompute_club_levels"",""record_arena_session"",""record_daily_mission_operation"",""redeem_referral_code"",""reroll_daily_challenge"",""settle_club_rakeback"",""update_player_hand_stats"",""viaClubBank ? 'fn_club_bank_send' : 'fn_agent_wallet_send'"",""wallet_user_transfer""]","[""'club_opening_setups' as never"",""String(text ?? '')"",""activeDialog?.querySelectorAll<HTMLElement>(\n          'button:not([disabled]), input:not([disabled]), select:not([disabled]), [tabindex=\""0\""]'\n        ) || []"",""activeSessions.keys()"",""ad_event"",""agent_commissions"",""agents"",""arena_sessions"",""atob(encoded)"",""avatar_unlocks"",""bbj_pools"",""bbj_stakes_tiers"",""byId.values()"",""ca_hand_facts"",""ca_hand_flags"",""ca_hand_notes"",""ca_stat_distribution"",""candidateClubIds"",""cash_games"",""cashout_requests"",""chipAnimStartedAtRef.current.keys()"",""chip_ledger"",""chip_requests"",""client_crash_log"",""club-assets"",""club_challenges"",""club_chat"",""club_members"",""club_shop_inventory"",""club_shop_items"",""clubs"",""commission_rate_audit"",""conversations"",""credit_invoices"",""credit_requests"",""customization_operations"",""daily_challenge_dashboard_revisions"",""dialogRef.current.querySelectorAll<HTMLElement>(\n          'a[href], button:not(:disabled), input:not(:disabled), select:not(:disabled), textarea:not(:disabled), [tabindex]:not([tabindex=\""-1\""])'\n        )"",""dialogRef.current?.querySelectorAll<HTMLElement>(\n          'button:not([disabled]), [href], [tabindex=\""0\""]'\n        ) || []"",""dialogRef.current?.querySelectorAll<HTMLElement>(\n          'button:not([disabled]), input:not([disabled]), [href], [tabindex=\""0\""]'\n        ) || []"",""dialogRef.current?.querySelectorAll<HTMLElement>(\n        'button:not([disabled]), textarea:not([disabled]), input:not([disabled]), a[href]'\n      ) || []"",""diamond_transactions"",""disputes"",""drawer.querySelectorAll<HTMLElement>(\n          'button:not([disabled]), [href], input:not([disabled]), select:not([disabled]), textarea:not([disabled]), [tabindex]:not([tabindex=\""-1\""])'\n        )"",""engineSeen.keys()"",""event.currentTarget.querySelectorAll<HTMLButtonElement>('[role=\""tab\""]')"",""favorite_tables"",""feature_pricing"",""feature_purchases"",""financial_alerts"",""focusableElements"",""friendIds"",""friend_challenges"",""friendships"",""hand_discards"",""hand_history"",""horse_bug_reports"",""ids"",""images"",""items"",""messages"",""modalRef.current?.querySelectorAll<HTMLElement>(\n          'button:not([disabled]), a[href], input:not([disabled]), select:not([disabled]), [tabindex]:not([tabindex=\""-1\""])'\n        ) ?? []"",""new Set(\n        normalizedAvatarLedger\n          .map(({ styleToken }) => styleToken)\n          .filter((styleToken) => styleTokens.has(styleToken))\n      )"",""new Set(\n      [\n        ...(themeAssets.data || [])\n          .filter((row) => row.category === 'theme_id')\n          .map((row) => String(row.asset_id)),\n        // Legacy rows remain readable during rolling deployment and preserve the\n        // receipt trail; the migration backfills every recognised one above.\n        ...(th.data || []).map((row) => normalizeThemePresetId(String(row.theme_id))),\n      ].filter((themeId): themeId is string => !!themeId)\n    )"",""new Set((av.data || []).map((row) => String(row.avatar_id)))"",""new Set([\n          ...(out || []).map((r) => r.friend_id as string),\n          ...(inn || []).map((r) => r.user_id as string),\n        ])"",""new Set([tableClubId, club].filter(Boolean) as string[])"",""new Set(clubIds.filter((id): id is string => !!id).map((id) => `referral_${id}`))"",""new Set(entries.map((e) => e.userId).filter(Boolean))"",""new Set(entries.map((e) => e.user_id).filter(Boolean))"",""new Set(ids)"",""new Set(mySeats.map((s: { table_id: string }) => s.table_id).filter(Boolean))"",""new Set(rows.map((r) => r.table_id).filter(Boolean))"",""new Set(rows.map((r) => r.user_id).filter(Boolean))"",""new Set(seatedUserIds.filter((id): id is string => typeof id === 'string' && id.length > 0))"",""node.querySelectorAll<HTMLElement>(\n        'button:not([disabled]), [href], input:not([disabled]), [tabindex]:not([tabindex=\""-1\""])'\n      )"",""node.querySelectorAll<HTMLElement>(\n        'button:not([disabled]), input:not([disabled]), [tabindex]:not([tabindex=\""-1\""])'\n      )"",""notifications"",""openIds"",""overrides.keys()"",""panelRef.current.querySelectorAll<HTMLElement>(FOCUSABLE)"",""pickerRef.current?.querySelectorAll<HTMLElement>('[role=\""option\""]') || []"",""player_notes"",""player_stats"",""presenceMap.values()"",""profiles"",""rake_records"",""referral_codes"",""referral_redemptions"",""root.querySelectorAll<HTMLElement>(\n          'button:not([disabled]), [href], input, select, textarea, [tabindex]:not([tabindex=\""-1\""])'\n        )"",""root.querySelectorAll<HTMLElement>(\n          'button:not([disabled]), [href], input:not([disabled]), select:not([disabled]), textarea:not([disabled]), [tabindex]:not([tabindex=\""-1\""])'\n        )"",""rungs"",""session_history"",""settlement_invoices"",""settlement_locks"",""settlement_periods"",""sittingOutIdsRef.current"",""state.leakSignals.entries()"",""state.previouslySeenQuestionIds"",""statsMap.values()"",""sub_agents"",""table_activity"",""table_chat"",""table_hole_cards"",""table_seats"",""table_waitlist"",""tables"",""tabsRowRef.current.querySelectorAll<HTMLElement>('[data-tabid]')"",""theme_asset_unlocks"",""theme_unlocks"",""this.active.values()"",""this.channelRegistry.entries()"",""this.laneProgress.keys()"",""this.listeners"",""this.peers.keys()"",""this.processed.keys()"",""this.subscriptions.entries()"",""throw_usage"",""tokens"",""tournament_bounties"",""tournament_deal_votes"",""tournament_players"",""tournament_registration_approvals"",""tournament_tickets"",""tournament_waitlists"",""tournaments"",""training_user_achievements"",""unionMap.values()"",""union_admins"",""union_clubs"",""union_wallet_transactions"",""unions"",""unique.values()"",""user_avatars"",""user_blocks"",""user_daily_challenges"",""user_daily_rewards"",""user_feedback"",""user_lobby_filters"",""user_lucky_wheel_spins"",""user_notification_preferences"",""user_table_settings"",""user_table_studio_preferences"",""user_theme_settings"",""users"",""uuidCache.entries()"",""v_spin_tier_availability"",""vip_feature_usage_monthly"",""wallet_transactions"",""{\n          length: Math.max(currentBets.length, recorded.length),\n        }"",""{\n          length: Math.max(finalBets.length, finalRecorded.length),\n        }"",""{ length: 14 }"",""{ length: 16 }"",""{ length: 20 }"",""{ length: 3 }"",""{ length: 4 }"",""{ length: 46 }"",""{ length: 5 }"",""{ length: 7 }"",""{ length: 8 }"",""{ length: 9 }"",""{ length: Math.min(chipCount, 5) }"",""{ length: SEGMENTS }"",""{ length: backs }"",""{ length: cap }"",""{ length: celebration.confettiPieces }"",""{ length: compactLobby ? 3 : 4 }"",""{ length: count }"",""{ length: emptySlots > 0 ? 1 : 0 }"",""{ length: entry.capacity }"",""{ length: faceDownCount }"",""{ length: group.length }"",""{ length: itemCount }"",""{ length: lines }"",""{ length: muckCount }"",""{ length: opponentCardCount }"",""{ length: particleCount }"",""{ length: runsOnFelt }"",""{ length: safeTotal }"",""{ length: t.max_players }"",""{ length: tier === 'daily' ? 5 : tier === 'weekly' ? 3 : 2 }"",""{ length: undealt }"",""{ length: weeks }""]",Not End-To-End Verified,"Reachability and role/club/union scope; all tabs, buttons, forms and modals; exact data source and pagination; loading/empty/error states; receipt and concurrency for mutations; stale session/cache/reload/reconnect; desktop/mobile/touch/keyboard/accessibility; tests and deployed behavior"
src/pages/tournament/TournamentLobbyPage.tsx,runtime-or-tooling-source,3;8;11,"[""tournaments""]","[""src/App.tsx"",""src/utils/ChunkPreloader.ts""]","[""src/components/common/Toast.tsx"",""src/components/rewards/RewardsSurfaceHeader.tsx"",""src/components/skeletons/CardSkeleton.tsx"",""src/components/tournament/TournamentLobbyCard.tsx"",""src/core/MasterBus.ts"",""src/hooks/useAuthUser.ts"",""src/hooks/useIsMounted.ts"",""src/hooks/useTournamentRegistration.ts"",""src/lib/supabase.ts"",""src/pages/tournament/TournamentLobbyPage.module.css"",""src/services/TournamentService.ts"",""src/services/tournamentEventBridge.ts"",""src/utils/buyIn.ts"",""src/utils/clubIdResolver.ts"",""src/utils/clubScopedPath.ts"",""src/utils/errorReporter.ts""]",108,"[""atomic_deduct_wallet_and_log"",""atomic_seat_cashout_locked"",""balance_tournament_tables"",""ca_union_statement_board"",""calculate_agent_settlement"",""calculate_agent_spread"",""calculate_cascading_commission"",""fn_admin_kick_player"",""fn_admin_remove_player_chips"",""fn_admin_update_agent"",""fn_agent_attach_player"",""fn_agent_claim_commission"",""fn_agent_downline_commission"",""fn_agent_unsettled_commission"",""fn_agent_wallet_claim_back"",""fn_agent_wallet_reversible"",""fn_agent_wallet_send"",""fn_apply_credit_payment"",""fn_apply_mystery_bounty_config"",""fn_batch_club_member_counts"",""fn_cancel_club_join_request"",""fn_cancel_managed_game_schedule"",""fn_cashout_approve"",""fn_cashout_queue"",""fn_cashout_release"",""fn_cashout_request"",""fn_check_level_advancement"",""fn_claim_referral_milestone"",""fn_club_name_available"",""fn_create_agent"",""fn_create_club_atomic"",""fn_create_tournament"",""fn_discover_clubs"",""fn_execute_managed_game_command"",""fn_execute_union_rakeback"",""fn_expire_stale_cashouts"",""fn_game_creation_access"",""fn_generate_all_credit_invoices"",""fn_generate_credit_invoice"",""fn_get_club_creation_eligibility"",""fn_get_club_entry_flags"",""fn_get_club_member_count"",""fn_get_game_management_health"",""fn_get_game_management_scale_health"",""fn_get_managed_game_command_receipt"",""fn_get_managed_game_command_receipts"",""fn_get_managed_game_contract_history"",""fn_get_managed_game_contracts"",""fn_join_club"",""fn_join_club_atomic"",""fn_list_managed_games"",""fn_member_leave_to_treasury"",""fn_mystery_bounty_awards"",""fn_mystery_bounty_inventory"",""fn_mystery_bounty_leaderboard"",""fn_owner_start_tournament_now"",""fn_pay_credit_invoice_from_wallet"",""fn_player_spendable_balance"",""fn_preview_club_join"",""fn_promo_disburse"",""fn_raise_financial_alert"",""fn_rakeback_settlement_status"",""fn_redeem_club_invite_code"",""fn_register_for_tournament"",""fn_retire_settled_club"",""fn_run_pending_rakeback_settlement"",""fn_schedule_managed_game_close"",""fn_set_settlement_period_status"",""fn_tournament_primary_table"",""fn_track_club_entry_event"",""fn_unregister_from_tournament"",""fn_wallet_type_transfer"",""generate_period_commissions"",""generate_period_settlements"",""get_current_settlement_period"",""get_user_level_stats"",""increment_tournament_rake"",""process_tournament_rebuy"",""record_arena_session"",""redeem_referral_code"",""settle_club_rakeback"",""wallet_user_transfer""]","[""agent_commissions"",""agents"",""arena_sessions"",""atob(encoded)"",""cashout_requests"",""club-assets"",""club_challenges"",""club_members"",""clubs"",""commission_rate_audit"",""credit_invoices"",""credit_requests"",""diamond_transactions"",""disputes"",""financial_alerts"",""hand_history"",""messages"",""new Set(clubIds.filter((id): id is string => !!id).map((id) => `referral_${id}`))"",""notifications"",""profiles"",""rake_records"",""referral_codes"",""referral_redemptions"",""settlement_periods"",""state.leakSignals.entries()"",""state.previouslySeenQuestionIds"",""sub_agents"",""table_activity"",""table_seats"",""table_waitlist"",""tables"",""this.channelRegistry.entries()"",""this.subscriptions.entries()"",""tournament_bounties"",""tournament_players"",""tournament_waitlists"",""tournaments"",""unionMap.values()"",""union_admins"",""union_clubs"",""unions"",""uuidCache.entries()"",""wallet_transactions"",""{ length: lines }""]",Not End-To-End Verified,"Reachability and role/club/union scope; all tabs, buttons, forms and modals; exact data source and pagination; loading/empty/error states; receipt and concurrency for mutations; stale session/cache/reload/reconnect; desktop/mobile/touch/keyboard/accessibility; tests and deployed behavior"
src/pages/tournament/TournamentResultsPage.tsx,runtime-or-tooling-source,3;11,"[""tournament-results""]","[""src/App.tsx"",""src/utils/ChunkPreloader.ts""]","[""src/components/common/Toast.tsx"",""src/components/rewards/RewardsSurfaceHeader.tsx"",""src/core/MasterBus.ts"",""src/hooks/useAuthUser.ts"",""src/hooks/useIsMounted.ts"",""src/lib/supabase.ts"",""src/pages/tournament/TournamentDetails.css"",""src/services/MysteryBountyService.ts"",""src/utils/errorReporter.ts"",""src/utils/tournamentPayout.ts""]",83,"[""atomic_deduct_wallet_and_log"",""atomic_seat_cashout_locked"",""ca_union_statement_board"",""calculate_agent_settlement"",""calculate_agent_spread"",""calculate_cascading_commission"",""fn_admin_kick_player"",""fn_admin_remove_player_chips"",""fn_admin_update_agent"",""fn_agent_attach_player"",""fn_agent_claim_commission"",""fn_agent_downline_commission"",""fn_agent_unsettled_commission"",""fn_agent_wallet_claim_back"",""fn_agent_wallet_reversible"",""fn_agent_wallet_send"",""fn_apply_credit_payment"",""fn_batch_club_member_counts"",""fn_cancel_club_join_request"",""fn_cancel_managed_game_schedule"",""fn_cashout_approve"",""fn_cashout_queue"",""fn_cashout_release"",""fn_cashout_request"",""fn_check_level_advancement"",""fn_claim_referral_milestone"",""fn_club_name_available"",""fn_create_agent"",""fn_create_club_atomic"",""fn_discover_clubs"",""fn_execute_managed_game_command"",""fn_execute_union_rakeback"",""fn_expire_stale_cashouts"",""fn_generate_all_credit_invoices"",""fn_generate_credit_invoice"",""fn_get_club_creation_eligibility"",""fn_get_club_entry_flags"",""fn_get_club_member_count"",""fn_get_game_management_health"",""fn_get_game_management_scale_health"",""fn_get_managed_game_command_receipt"",""fn_get_managed_game_command_receipts"",""fn_get_managed_game_contract_history"",""fn_get_managed_game_contracts"",""fn_join_club"",""fn_join_club_atomic"",""fn_list_managed_games"",""fn_member_leave_to_treasury"",""fn_mystery_bounty_awards"",""fn_mystery_bounty_inventory"",""fn_mystery_bounty_leaderboard"",""fn_pay_credit_invoice_from_wallet"",""fn_player_spendable_balance"",""fn_preview_club_join"",""fn_promo_disburse"",""fn_raise_financial_alert"",""fn_rakeback_settlement_status"",""fn_redeem_club_invite_code"",""fn_retire_settled_club"",""fn_run_pending_rakeback_settlement"",""fn_schedule_managed_game_close"",""fn_set_settlement_period_status"",""fn_spin_leaderboards"",""fn_tournament_primary_table"",""fn_track_club_entry_event"",""fn_wallet_type_transfer"",""generate_period_commissions"",""generate_period_settlements"",""get_current_settlement_period"",""get_user_level_stats"",""record_arena_session"",""redeem_referral_code"",""settle_club_rakeback"",""wallet_user_transfer""]","[""agent_commissions"",""agents"",""arena_sessions"",""atob(encoded)"",""cashout_requests"",""club-assets"",""club_challenges"",""club_members"",""clubs"",""commission_rate_audit"",""credit_invoices"",""credit_requests"",""diamond_transactions"",""disputes"",""financial_alerts"",""hand_history"",""messages"",""new Set(clubIds.filter((id): id is string => !!id).map((id) => `referral_${id}`))"",""notifications"",""profiles"",""rake_records"",""referral_codes"",""referral_redemptions"",""settlement_periods"",""state.leakSignals.entries()"",""state.previouslySeenQuestionIds"",""sub_agents"",""table_activity"",""table_seats"",""table_waitlist"",""tables"",""this.channelRegistry.entries()"",""this.subscriptions.entries()"",""tournament_players"",""tournaments"",""unionMap.values()"",""union_admins"",""union_clubs"",""unions"",""uuidCache.entries()"",""wallet_transactions""]",Not End-To-End Verified,"Reachability and role/club/union scope; all tabs, buttons, forms and modals; exact data source and pagination; loading/empty/error states; receipt and concurrency for mutations; stale session/cache/reload/reconnect; desktop/mobile/touch/keyboard/accessibility; tests and deployed behavior"
src/pages/workspaces/ArenaWorkspacePages.tsx,runtime-or-tooling-source,11,[],"[""src/App.tsx"",""tests/components/club-operations-surfaces.test.tsx""]","[""src/config/clubOperationsNavigation.ts"",""src/contexts/ClubWorkspaceContext.tsx"",""src/hooks/useClubOperationsOverview.ts"",""src/hooks/useCommunityOverview.ts"",""src/pages/workspaces/ArenaWorkspacePages.module.css"",""src/utils/clubDashboard.ts"",""src/utils/mediaBase.ts""]",80,"[""atomic_deduct_wallet_and_log"",""atomic_seat_cashout_locked"",""ca_club_operations_overview"",""ca_union_statement_board"",""calculate_agent_settlement"",""calculate_agent_spread"",""calculate_cascading_commission"",""fn_admin_kick_player"",""fn_admin_remove_player_chips"",""fn_admin_update_agent"",""fn_agent_attach_player"",""fn_agent_claim_commission"",""fn_agent_downline_commission"",""fn_agent_unsettled_commission"",""fn_agent_wallet_claim_back"",""fn_agent_wallet_reversible"",""fn_agent_wallet_send"",""fn_apply_credit_payment"",""fn_batch_club_member_counts"",""fn_cancel_club_join_request"",""fn_cancel_managed_game_schedule"",""fn_cashout_approve"",""fn_cashout_queue"",""fn_cashout_release"",""fn_cashout_request"",""fn_check_level_advancement"",""fn_claim_referral_milestone"",""fn_club_name_available"",""fn_community_overview"",""fn_create_agent"",""fn_create_club_atomic"",""fn_discover_clubs"",""fn_execute_managed_game_command"",""fn_execute_union_rakeback"",""fn_expire_stale_cashouts"",""fn_generate_all_credit_invoices"",""fn_generate_credit_invoice"",""fn_get_club_creation_eligibility"",""fn_get_club_entry_flags"",""fn_get_club_member_count"",""fn_get_game_management_health"",""fn_get_game_management_scale_health"",""fn_get_managed_game_command_receipt"",""fn_get_managed_game_command_receipts"",""fn_get_managed_game_contract_history"",""fn_get_managed_game_contracts"",""fn_join_club"",""fn_join_club_atomic"",""fn_list_managed_games"",""fn_member_leave_to_treasury"",""fn_pay_credit_invoice_from_wallet"",""fn_player_spendable_balance"",""fn_preview_club_join"",""fn_promo_disburse"",""fn_raise_financial_alert"",""fn_rakeback_settlement_status"",""fn_redeem_club_invite_code"",""fn_retire_settled_club"",""fn_run_pending_rakeback_settlement"",""fn_schedule_managed_game_close"",""fn_set_settlement_period_status"",""fn_tournament_primary_table"",""fn_track_club_entry_event"",""fn_wallet_type_transfer"",""generate_period_commissions"",""generate_period_settlements"",""get_current_settlement_period"",""get_user_level_stats"",""record_arena_session"",""redeem_referral_code"",""settle_club_rakeback"",""wallet_user_transfer""]","[""agent_commissions"",""agents"",""arena_sessions"",""atob(encoded)"",""cashout_requests"",""club-assets"",""club_challenges"",""club_members"",""clubs"",""commission_rate_audit"",""credit_invoices"",""credit_requests"",""diamond_transactions"",""disputes"",""financial_alerts"",""hand_history"",""messages"",""new Set(clubIds.filter((id): id is string => !!id).map((id) => `referral_${id}`))"",""notifications"",""profiles"",""rake_records"",""referral_codes"",""referral_redemptions"",""settlement_periods"",""state.leakSignals.entries()"",""state.previouslySeenQuestionIds"",""sub_agents"",""table_activity"",""table_seats"",""table_waitlist"",""tables"",""this.channelRegistry.entries()"",""this.subscriptions.entries()"",""unionMap.values()"",""union_admins"",""union_clubs"",""unions"",""uuidCache.entries()"",""wallet_transactions""]",Not End-To-End Verified,"Reachability and role/club/union scope; all tabs, buttons, forms and modals; exact data source and pagination; loading/empty/error states; receipt and concurrency for mutations; stale session/cache/reload/reconnect; desktop/mobile/touch/keyboard/accessibility; tests and deployed behavior"
