file,line,name,status
scripts/ci/probes/chip-journal-atomicity/agent-context-fixture.sql,7,fn_club_bank_role,Historical Declaration; Live Definition Must Be Verified
scripts/ci/probes/chip-journal-atomicity/agent-context-fixture.sql,8,fn_club_cashier_can_transact,Historical Declaration; Live Definition Must Be Verified
scripts/ci/probes/chip-journal-atomicity/agent-context-fixture.sql,9,fn_ensure_agent_row,Historical Declaration; Live Definition Must Be Verified
scripts/ci/probes/chip-journal-atomicity/bbj-routing-fixture.sql,6,fn_resolve_bbj_pool,Historical Declaration; Live Definition Must Be Verified
scripts/ci/probes/chip-journal-atomicity/cashout-fixture.sql,22,fn_club_bank_role,Historical Declaration; Live Definition Must Be Verified
scripts/ci/probes/chip-journal-atomicity/cashout-fixture.sql,23,fn_club_cashier_can_transact,Historical Declaration; Live Definition Must Be Verified
scripts/ci/probes/chip-journal-atomicity/cashout-fixture.sql,24,fn_ensure_agent_row,Historical Declaration; Live Definition Must Be Verified
scripts/ci/probes/chip-journal-atomicity/cashout-fixture.sql,30,fn_ca_current_epoch,Historical Declaration; Live Definition Must Be Verified
scripts/ci/probes/chip-journal-atomicity/cashout-fixture.sql,34,fn_ca_chip_ledger_enrich,Historical Declaration; Live Definition Must Be Verified
scripts/ci/probes/chip-journal-atomicity/cashout-fixture.sql,128,fn_ca_declare_ledger,Historical Declaration; Live Definition Must Be Verified
scripts/ci/probes/chip-journal-atomicity/cashout-fixture.sql,173,injected_receipt_failure,Historical Declaration; Live Definition Must Be Verified
scripts/ci/probes/chip-journal-atomicity/fixture.sql,34,fn_actor_can_manage_club_treasury,Historical Declaration; Live Definition Must Be Verified
scripts/ci/probes/chip-journal-atomicity/fixture.sql,35,fn_cash_rejoin_floor,Historical Declaration; Live Definition Must Be Verified
scripts/ci/probes/chip-journal-atomicity/fixture.sql,36,fn_cash_session_open,Historical Declaration; Live Definition Must Be Verified
scripts/ci/probes/chip-journal-atomicity/fixture.sql,37,fn_cash_session_add_baseline,Historical Declaration; Live Definition Must Be Verified
scripts/ci/probes/chip-journal-atomicity/fixture.sql,48,injected_journal_failure,Historical Declaration; Live Definition Must Be Verified
scripts/ci/probes/chip-journal-atomicity/fixture.sql,57,fn_ca_escrow_apply,Historical Declaration; Live Definition Must Be Verified
scripts/ci/probes/chip-journal-atomicity/hand-fixture.sql,13,fn_ca_raise_drift_incident,Historical Declaration; Live Definition Must Be Verified
scripts/ci/probes/chip-journal-atomicity/rebuy-receipt-fixture.sql,10,fn_caller_session_is_live,Historical Declaration; Live Definition Must Be Verified
scripts/ci/probes/chip-journal-atomicity/rebuy-receipt-fixture.sql,11,fn_caller_is_engine,Historical Declaration; Live Definition Must Be Verified
scripts/ci/probes/chip-journal-atomicity/rebuy-receipt-fixture.sql,12,fn_seat_club_for_user,Historical Declaration; Live Definition Must Be Verified
scripts/ci/probes/chip-journal-atomicity/rebuy-receipt-fixture.sql,13,fn_ensure_club_wallet,Historical Declaration; Live Definition Must Be Verified
scripts/ci/probes/chip-journal-atomicity/rebuy-receipt-fixture.sql,17,fn_entry_purchases_frozen,Historical Declaration; Live Definition Must Be Verified
scripts/ci/probes/chip-journal-atomicity/rebuy-receipt-fixture.sql,18,fn_assert_cash_chip_purchase_table,Historical Declaration; Live Definition Must Be Verified
scripts/ci/probes/chip-journal-atomicity/rebuy-receipt-fixture.sql,19,trg_entry_purchase_receipt_is_immutable,Historical Declaration; Live Definition Must Be Verified
scripts/ci/probes/chip-journal-atomicity/rebuy-receipt-fixture.sql,31,fn_claim_entry_purchase_receipt,Historical Declaration; Live Definition Must Be Verified
scripts/ci/probes/chip-journal-atomicity/rebuy-receipt-fixture.sql,79,fn_record_entry_purchase_receipt,Historical Declaration; Live Definition Must Be Verified
scripts/ci/probes/chip-journal-atomicity/ticket-fixture.sql,9,fn_club_cashier_can_transact,Historical Declaration; Live Definition Must Be Verified
scripts/ci/probes/chip-journal-atomicity/union-fixture.sql,11,fn_union_week_start,Historical Declaration; Live Definition Must Be Verified
scripts/ci/probes/chip-journal-atomicity/union-fixture.sql,14,fn_union_club_rake_basis,Historical Declaration; Live Definition Must Be Verified
scripts/dev/club-entry-db-harness.sql,91,fn_join_club,Historical Declaration; Live Definition Must Be Verified
scripts/dev/club-entry-db-harness.sql,93,fn_redeem_club_invite_code,Historical Declaration; Live Definition Must Be Verified
scripts/dev/fixtures/post-commit-obligations-pg17-bootstrap.sql,35,fn_engine_lease_stale_seconds,Historical Declaration; Live Definition Must Be Verified
scripts/dev/fixtures/post-commit-obligations-pg17-bootstrap.sql,129,fn_ca_commit_hand_settlement,Historical Declaration; Live Definition Must Be Verified
scripts/dev/fixtures/post-commit-obligations-pg17-bootstrap.sql,177,atomic_distribute_rake,Historical Declaration; Live Definition Must Be Verified
scripts/dev/fixtures/post-commit-obligations-pg17-bootstrap.sql,207,promo_apply_playthrough,Historical Declaration; Live Definition Must Be Verified
scripts/dev/fixtures/post-commit-obligations-pg17-bootstrap.sql,226,bbj_record_contribution,Historical Declaration; Live Definition Must Be Verified
scripts/dev/fixtures/post-commit-obligations-pg17-bootstrap.sql,251,record_insurance_transaction,Historical Declaration; Live Definition Must Be Verified
scripts/dev/fixtures/post-commit-obligations-pg17-bootstrap.sql,287,resolve_pending_addon,Historical Declaration; Live Definition Must Be Verified
scripts/dev/fixtures/post-commit-obligations-pg17-bootstrap.sql,324,fn_project_hand_side_effects,Historical Declaration; Live Definition Must Be Verified
scripts/dev/fixtures/tournament-manager-fencing-pg17-bootstrap.sql,88,fn_entry_purchases_frozen,Historical Declaration; Live Definition Must Be Verified
scripts/dev/fixtures/tournament-manager-fencing-pg17-bootstrap.sql,112,fn_tournament_payout_reconcile,Historical Declaration; Live Definition Must Be Verified
scripts/dev/fixtures/tournament-manager-fencing-pg17-bootstrap.sql,115,fn_pay_backed_payout_shortfalls,Historical Declaration; Live Definition Must Be Verified
scripts/dev/fixtures/tournament-manager-fencing-pg17-bootstrap.sql,118,fn_ca_backpay_guarantee_shortfalls,Historical Declaration; Live Definition Must Be Verified
scripts/dev/fixtures/tournament-manager-fencing-pg17-bootstrap.sql,121,fn_tournament_payout_sweep,Historical Declaration; Live Definition Must Be Verified
scripts/dev/fixtures/tournament-manager-fencing-pg17-bootstrap.sql,124,fn_backpay_hu_winner_shortfalls,Historical Declaration; Live Definition Must Be Verified
scripts/dev/fixtures/tournament-manager-fencing-pg17-bootstrap.sql,166,fn_repair_seat_first_games,Historical Declaration; Live Definition Must Be Verified
scripts/dev/fixtures/tournament-manager-fencing-pg17-bootstrap.sql,174,fn_repair_seat_first_games_before_maintenance_gate,Historical Declaration; Live Definition Must Be Verified
scripts/dev/fixtures/tournament-manager-fencing-pg17-bootstrap.sql,209,fn_settle_tournament_obligation_before_atomic_batch_gate,Historical Declaration; Live Definition Must Be Verified
scripts/dev/fixtures/tournament-manager-fencing-pg17-bootstrap.sql,230,fn_settle_tournament_obligation,Historical Declaration; Live Definition Must Be Verified
scripts/dev/fixtures/tournament-manager-fencing-pg17-bootstrap.sql,258,trg_tournament_atomic_place_completion_guard,Historical Declaration; Live Definition Must Be Verified
scripts/dev/fixtures/tournament-manager-fencing-pg17-bootstrap.sql,324,fn_tournament_finish_kind,Historical Declaration; Live Definition Must Be Verified
scripts/dev/fixtures/tournament-manager-fencing-pg17-bootstrap.sql,332,fn_tournament_finish_readiness,Historical Declaration; Live Definition Must Be Verified
scripts/dev/fixtures/tournament-manager-fencing-pg17-bootstrap.sql,340,fn_settle_satellite_cash_entitlement_exact,Historical Declaration; Live Definition Must Be Verified
scripts/dev/fixtures/tournament-manager-fencing-pg17-bootstrap.sql,364,trg_guard_atomic_satellite_completion,Historical Declaration; Live Definition Must Be Verified
scripts/dev/fixtures/tournament-manager-fencing-pg17-bootstrap.sql,379,fn_guard_tournament_completing_claim,Historical Declaration; Live Definition Must Be Verified
scripts/dev/fixtures/tournament-manager-fencing-pg17-bootstrap.sql,394,trg_atomic_final_table_deal_completion_guard,Historical Declaration; Live Definition Must Be Verified
scripts/dev/fixtures/tournament-manager-fencing-pg17-bootstrap.sql,411,fn_guard_tournament_completed_certificate,Historical Declaration; Live Definition Must Be Verified
scripts/dev/fixtures/tournament-manager-fencing-pg17-bootstrap.sql,428,trg_tournament_pool_finalization_window_guard,Historical Declaration; Live Definition Must Be Verified
scripts/dev/fixtures/tournament-manager-fencing-pg17-bootstrap.sql,443,trg_freeze_finalized_tournament_prize_pool,Historical Declaration; Live Definition Must Be Verified
scripts/dev/fixtures/tournament-manager-fencing-pg17-bootstrap.sql,485,fn_emit_tournament_manager_wake,Historical Declaration; Live Definition Must Be Verified
scripts/dev/fixtures/tournament-manager-fencing-pg17-bootstrap.sql,544,trg_one_live_seat_fixture,Historical Declaration; Live Definition Must Be Verified
scripts/dev/fixtures/tournament-manager-fencing-pg17-bootstrap.sql,560,fn_ensure_late_registration_capacity,Historical Declaration; Live Definition Must Be Verified
scripts/dev/fixtures/tournament-manager-fencing-pg17-bootstrap.sql,594,claim_tournament_lease,Historical Declaration; Live Definition Must Be Verified
scripts/dev/fixtures/tournament-manager-fencing-pg17-bootstrap.sql,600,heartbeat_tournament_leases_v2,Historical Declaration; Live Definition Must Be Verified
scripts/dev/fixtures/tournament-manager-fencing-pg17-bootstrap.sql,606,heartbeat_tournament_leases,Historical Declaration; Live Definition Must Be Verified
scripts/dev/fixtures/tournament-manager-fencing-pg17-bootstrap.sql,612,release_tournament_leases,Historical Declaration; Live Definition Must Be Verified
scripts/dev/fixtures/tournament-manager-fencing-pg17-bootstrap.sql,618,claim_tournament_lease_v2,Historical Declaration; Live Definition Must Be Verified
scripts/dev/fixtures/tournament-manager-fencing-pg17-bootstrap.sql,632,heartbeat_tournament_leases_v3,Historical Declaration; Live Definition Must Be Verified
scripts/dev/fixtures/tournament-manager-fencing-pg17-bootstrap.sql,638,release_tournament_leases_v2,Historical Declaration; Live Definition Must Be Verified
scripts/dev/fixtures/tournament-manager-fencing-pg17-bootstrap.sql,644,claim_table_lease,Historical Declaration; Live Definition Must Be Verified
scripts/dev/fixtures/tournament-manager-fencing-pg17-bootstrap.sql,650,heartbeat_table_leases_v2,Historical Declaration; Live Definition Must Be Verified
scripts/dev/fixtures/tournament-manager-fencing-pg17-bootstrap.sql,656,heartbeat_table_leases,Historical Declaration; Live Definition Must Be Verified
scripts/dev/fixtures/tournament-manager-fencing-pg17-bootstrap.sql,662,release_table_leases,Historical Declaration; Live Definition Must Be Verified
scripts/dev/fixtures/tournament-manager-fencing-pg17-bootstrap.sql,668,claim_table_lease_v2,Historical Declaration; Live Definition Must Be Verified
scripts/dev/fixtures/tournament-manager-fencing-pg17-bootstrap.sql,682,heartbeat_table_leases_v3,Historical Declaration; Live Definition Must Be Verified
scripts/dev/fixtures/tournament-manager-fencing-pg17-bootstrap.sql,688,release_table_leases_v2,Historical Declaration; Live Definition Must Be Verified
scripts/dev/fixtures/tournament-manager-fencing-pg17-bootstrap.sql,694,fn_ca_commit_hand_settlement,Historical Declaration; Live Definition Must Be Verified
scripts/dev/fixtures/tournament-manager-fencing-pg17-bootstrap.sql,700,fn_ca_commit_hand_settlement,Historical Declaration; Live Definition Must Be Verified
scripts/dev/fixtures/tournament-manager-fencing-pg17-bootstrap.sql,706,fn_ca_commit_hand_settlement_exact_before_obligations,Historical Declaration; Live Definition Must Be Verified
scripts/dev/fixtures/tournament-manager-fencing-pg17-bootstrap.sql,712,fn_ca_commit_hand_settlement,Historical Declaration; Live Definition Must Be Verified
scripts/dev/fixtures/tournament-manager-fencing-pg17-bootstrap.sql,723,fn_ca_process_hand_post_commit_obligations,Historical Declaration; Live Definition Must Be Verified
scripts/dev/fixtures/tournament-manager-fencing-pg17-bootstrap.sql,729,fn_begin_tournament_launch_atomic,Historical Declaration; Live Definition Must Be Verified
scripts/dev/fixtures/tournament-manager-fencing-pg17-bootstrap.sql,735,fn_complete_tournament_launch_atomic,Historical Declaration; Live Definition Must Be Verified
scripts/dev/fixtures/tournament-manager-fencing-pg17-bootstrap.sql,741,fn_begin_tournament_launch_atomic,Historical Declaration; Live Definition Must Be Verified
scripts/dev/fixtures/tournament-manager-fencing-pg17-bootstrap.sql,747,fn_complete_tournament_launch_atomic,Historical Declaration; Live Definition Must Be Verified
scripts/dev/probe-cutover.sql,5,fn_cash_game_ensure,Historical Declaration; Live Definition Must Be Verified
supabase/migrations/001_club_arena_schema.sql,339,get_club_stats,Historical Declaration; Live Definition Must Be Verified
supabase/migrations/001_club_arena_schema.sql,359,transfer_chips,Historical Declaration; Live Definition Must Be Verified
supabase/migrations/001_club_arena_schema.sql,403,update_updated_at,Historical Declaration; Live Definition Must Be Verified
supabase/migrations/003_financial_functions.sql,6,mint_club_chips,Historical Declaration; Live Definition Must Be Verified
supabase/migrations/003_financial_functions.sql,41,agent_wallet_transfer,Historical Declaration; Live Definition Must Be Verified
supabase/migrations/003_financial_functions.sql,73,distribute_promo_chips,Historical Declaration; Live Definition Must Be Verified
supabase/migrations/003_financial_functions.sql,111,system_payout_commission,Historical Declaration; Live Definition Must Be Verified
supabase/migrations/004_rake_waterfall_logic.sql,7,execute_pot_drops,Historical Declaration; Live Definition Must Be Verified
supabase/migrations/005_bbj_triple_bank.sql,187,bbj_record_contribution,Historical Declaration; Live Definition Must Be Verified
supabase/migrations/005_bbj_triple_bank.sql,224,bbj_execute_payout,Historical Declaration; Live Definition Must Be Verified
supabase/migrations/005_bbj_triple_bank.sql,290,bbj_promo_payout,Historical Declaration; Live Definition Must Be Verified
supabase/migrations/006_settlement_cycle.sql,266,get_current_settlement_period,Historical Declaration; Live Definition Must Be Verified
supabase/migrations/006_settlement_cycle.sql,301,close_settlement_period,Historical Declaration; Live Definition Must Be Verified
supabase/migrations/006_settlement_cycle.sql,329,calculate_agent_settlement,Historical Declaration; Live Definition Must Be Verified
supabase/migrations/006_settlement_cycle.sql,382,finalize_settlement_period,Historical Declaration; Live Definition Must Be Verified
supabase/migrations/006_settlement_cycle.sql,424,update_settlement_timestamp,Historical Declaration; Live Definition Must Be Verified
supabase/migrations/007_tournament_expansion.sql,291,update_prize_pool_totals,Historical Declaration; Live Definition Must Be Verified
supabase/migrations/007_tournament_expansion.sql,346,process_tournament_rebuy,Historical Declaration; Live Definition Must Be Verified
supabase/migrations/007_tournament_expansion.sql,383,eliminate_tournament_player,Historical Declaration; Live Definition Must Be Verified
supabase/migrations/007_tournament_expansion.sql,431,balance_tournament_tables,Historical Declaration; Live Definition Must Be Verified
supabase/migrations/008_hydra_horse_fleet.sql,187,get_available_horses,Historical Declaration; Live Definition Must Be Verified
supabase/migrations/008_hydra_horse_fleet.sql,216,seat_horse,Historical Declaration; Live Definition Must Be Verified
supabase/migrations/008_hydra_horse_fleet.sql,259,schedule_horse_leave,Historical Declaration; Live Definition Must Be Verified
supabase/migrations/008_hydra_horse_fleet.sql,284,remove_horse,Historical Declaration; Live Definition Must Be Verified
supabase/migrations/009_horse_fleet_300_full_parity.sql,552,handle_new_user,Historical Declaration; Live Definition Must Be Verified
supabase/migrations/011_hand_events.sql,65,hand_events_block_mutation,Historical Declaration; Live Definition Must Be Verified
supabase/migrations/013_missing_tables.sql,284,claim_daily_bonus,Historical Declaration; Live Definition Must Be Verified
supabase/migrations/013_missing_tables.sql,320,increment_member_count,Historical Declaration; Live Definition Must Be Verified
supabase/migrations/013_missing_tables.sql,330,get_waitlist_position,Historical Declaration; Live Definition Must Be Verified
supabase/migrations/013_missing_tables.sql,344,join_waitlist,Historical Declaration; Live Definition Must Be Verified
supabase/migrations/051_daily_challenges.sql,77,add_player_xp,Historical Declaration; Live Definition Must Be Verified
supabase/migrations/20260113_agents_and_memberships.sql,191,update_sub_agent_count,Historical Declaration; Live Definition Must Be Verified
supabase/migrations/202601141001_gto_complete_schema.sql,356,compute_scenario_hash,Historical Declaration; Live Definition Must Be Verified
supabase/migrations/202601141002_gto_solutions.sql,131,compute_scenario_hash,Historical Declaration; Live Definition Must Be Verified
supabase/migrations/20260123_message_reactions.sql,67,toggle_message_reaction,Historical Declaration; Live Definition Must Be Verified
supabase/migrations/20260123_message_reactions.sql,99,get_message_reactions,Historical Declaration; Live Definition Must Be Verified
supabase/migrations/20260124000_missing_rpc_functions.sql,13,wallet_internal_transfer,Historical Declaration; Live Definition Must Be Verified
supabase/migrations/20260124000_missing_rpc_functions.sql,43,wallet_user_transfer,Historical Declaration; Live Definition Must Be Verified
supabase/migrations/20260124000_missing_rpc_functions.sql,75,lock_chips_for_table,Historical Declaration; Live Definition Must Be Verified
supabase/migrations/20260124000_missing_rpc_functions.sql,104,unlock_chips_from_table,Historical Declaration; Live Definition Must Be Verified
supabase/migrations/20260124000_missing_rpc_functions.sql,132,add_to_player_wallet,Historical Declaration; Live Definition Must Be Verified
supabase/migrations/20260124000_missing_rpc_functions.sql,146,credit_agent_commission,Historical Declaration; Live Definition Must Be Verified
supabase/migrations/20260124000_missing_rpc_functions.sql,161,credit_player_rakeback,Historical Declaration; Live Definition Must Be Verified
supabase/migrations/20260124000_missing_rpc_functions.sql,182,get_club_leaderboard,Historical Declaration; Live Definition Must Be Verified
supabase/migrations/20260124000_missing_rpc_functions.sql,215,get_union_leaderboard,Historical Declaration; Live Definition Must Be Verified
supabase/migrations/20260124000_missing_rpc_functions.sql,249,update_player_hand_stats,Historical Declaration; Live Definition Must Be Verified
supabase/migrations/20260124000_missing_rpc_functions.sql,268,get_user_leaderboard_rank,Historical Declaration; Live Definition Must Be Verified
supabase/migrations/20260124000_missing_rpc_functions.sql,302,add_chips,Historical Declaration; Live Definition Must Be Verified
supabase/migrations/20260124000_missing_rpc_functions.sql,312,add_xp,Historical Declaration; Live Definition Must Be Verified
supabase/migrations/20260124000_missing_rpc_functions.sql,338,add_vip_points,Historical Declaration; Live Definition Must Be Verified
supabase/migrations/20260124000_missing_rpc_functions.sql,346,add_to_promo_wallet,Historical Declaration; Live Definition Must Be Verified
supabase/migrations/20260124000_missing_rpc_functions.sql,360,calculate_agent_spread,Historical Declaration; Live Definition Must Be Verified
supabase/migrations/20260124000_missing_rpc_functions.sql,384,get_player_rake_total,Historical Declaration; Live Definition Must Be Verified
supabase/migrations/20260124000_missing_rpc_functions.sql,404,calculate_cascading_commission,Historical Declaration; Live Definition Must Be Verified
supabase/migrations/20260124000_missing_rpc_functions.sql,433,generate_period_commissions,Historical Declaration; Live Definition Must Be Verified
supabase/migrations/20260124000_missing_rpc_functions.sql,461,execute_commission_payout,Historical Declaration; Live Definition Must Be Verified
supabase/migrations/20260124000_missing_rpc_functions.sql,483,deduct_agent_balance,Historical Declaration; Live Definition Must Be Verified
supabase/migrations/20260124000_missing_rpc_functions.sql,499,fn_check_level_advancement,Historical Declaration; Live Definition Must Be Verified
supabase/migrations/20260124000_missing_rpc_functions.sql,526,record_arena_session,Historical Declaration; Live Definition Must Be Verified
supabase/migrations/20260124000_missing_rpc_functions.sql,545,get_arena_lobby_clubs,Historical Declaration; Live Definition Must Be Verified
supabase/migrations/20260124000_missing_rpc_functions.sql,570,get_club_traffic,Historical Declaration; Live Definition Must Be Verified
supabase/migrations/20260124000_missing_rpc_functions.sql,595,get_table_state,Historical Declaration; Live Definition Must Be Verified
supabase/migrations/20260124000_missing_rpc_functions.sql,622,fn_discover_clubs,Historical Declaration; Live Definition Must Be Verified
supabase/migrations/20260124000_missing_rpc_functions.sql,655,increment_union_club_count,Historical Declaration; Live Definition Must Be Verified
supabase/migrations/20260124000_missing_rpc_functions.sql,667,generate_period_settlements,Historical Declaration; Live Definition Must Be Verified
supabase/migrations/20260124000_missing_rpc_functions.sql,697,recalculate_leaderboard_ranks,Historical Declaration; Live Definition Must Be Verified
supabase/migrations/20260124100_player_wallets.sql,77,create_user_wallets,Historical Declaration; Live Definition Must Be Verified
supabase/migrations/20260124120000_club_messaging_permissions.sql,14,fn_can_message_in_club,Historical Declaration; Live Definition Must Be Verified
supabase/migrations/20260124120000_club_messaging_permissions.sql,95,fn_check_club_message_permission,Historical Declaration; Live Definition Must Be Verified
supabase/migrations/20260124130000_cashout_escrow.sql,112,fn_can_agent_remove_chips,Historical Declaration; Live Definition Must Be Verified
supabase/migrations/20260124130000_cashout_escrow.sql,136,fn_request_cashout,Historical Declaration; Live Definition Must Be Verified
supabase/migrations/20260124130000_cashout_escrow.sql,189,fn_cancel_cashout,Historical Declaration; Live Definition Must Be Verified
supabase/migrations/20260124130000_cashout_escrow.sql,233,fn_agent_approve_cashout,Historical Declaration; Live Definition Must Be Verified
supabase/migrations/20260124130000_cashout_escrow.sql,263,fn_complete_cashout,Historical Declaration; Live Definition Must Be Verified
supabase/migrations/20260124130000_cashout_escrow.sql,304,fn_notify_agent_on_cashout,Historical Declaration; Live Definition Must Be Verified
supabase/migrations/202601242300_vip_subscriptions.sql,100,fn_get_vip_subscription,Historical Declaration; Live Definition Must Be Verified
supabase/migrations/202601242300_vip_subscriptions.sql,127,fn_purchase_vip_card,Historical Declaration; Live Definition Must Be Verified
supabase/migrations/202601242300_vip_subscriptions.sql,190,fn_check_feature_access,Historical Declaration; Live Definition Must Be Verified
supabase/migrations/202601242300_vip_subscriptions.sql,248,fn_purchase_feature,Historical Declaration; Live Definition Must Be Verified
supabase/migrations/202601242300_vip_subscriptions.sql,312,fn_consume_feature_use,Historical Declaration; Live Definition Must Be Verified
supabase/migrations/202601242301_vip_usage_and_settings.sql,33,fn_increment_vip_usage,Historical Declaration; Live Definition Must Be Verified
supabase/migrations/202601242301_vip_usage_and_settings.sql,76,fn_get_table_settings,Historical Declaration; Live Definition Must Be Verified
supabase/migrations/202601242301_vip_usage_and_settings.sql,110,fn_update_table_settings,Historical Declaration; Live Definition Must Be Verified
supabase/migrations/202601242301_vip_usage_and_settings.sql,173,fn_get_player_note,Historical Declaration; Live Definition Must Be Verified
supabase/migrations/202601242301_vip_usage_and_settings.sql,189,fn_save_player_note,Historical Declaration; Live Definition Must Be Verified
supabase/migrations/202601242302_gamification_and_social.sql,181,fn_grant_daily_reward,Historical Declaration; Live Definition Must Be Verified
supabase/migrations/202601242302_gamification_and_social.sql,202,fn_get_conversations,Historical Declaration; Live Definition Must Be Verified
supabase/migrations/202601242302_gamification_and_social.sql,249,fn_get_friends,Historical Declaration; Live Definition Must Be Verified
supabase/migrations/202601242302_gamification_and_social.sql,278,fn_accept_friend_request,Historical Declaration; Live Definition Must Be Verified
supabase/migrations/202601242302_gamification_and_social.sql,298,fn_remove_friend,Historical Declaration; Live Definition Must Be Verified
supabase/migrations/202601242302_gamification_and_social.sql,311,fn_get_leaderboard,Historical Declaration; Live Definition Must Be Verified
supabase/migrations/202601242302_gamification_and_social.sql,356,fn_purchase_chips,Historical Declaration; Live Definition Must Be Verified
supabase/migrations/202601242302_gamification_and_social.sql,383,fn_get_agent_commission_summary,Historical Declaration; Live Definition Must Be Verified
supabase/migrations/20260125200_settlement_agent_rpc.sql,8,get_current_settlement_period,Historical Declaration; Live Definition Must Be Verified
supabase/migrations/20260125200_settlement_agent_rpc.sql,47,get_club_agents,Historical Declaration; Live Definition Must Be Verified
supabase/migrations/20260125200_settlement_agent_rpc.sql,90,get_settlement_periods,Historical Declaration; Live Definition Must Be Verified
supabase/migrations/20260125700_commission_history.sql,36,get_agent_commission_history,Historical Declaration; Live Definition Must Be Verified
supabase/migrations/20260125800_missing_rpc_batch.sql,16,claim_daily_bonus,Historical Declaration; Live Definition Must Be Verified
supabase/migrations/20260125800_missing_rpc_batch.sql,72,add_chips,Historical Declaration; Live Definition Must Be Verified
supabase/migrations/20260125800_missing_rpc_batch.sql,92,increment_member_count,Historical Declaration; Live Definition Must Be Verified
supabase/migrations/20260125800_missing_rpc_batch.sql,103,decrement_member_count,Historical Declaration; Live Definition Must Be Verified
supabase/migrations/20260125800_missing_rpc_batch.sql,114,fn_discover_clubs,Historical Declaration; Live Definition Must Be Verified
supabase/migrations/20260125800_missing_rpc_batch.sql,155,deduct_agent_balance,Historical Declaration; Live Definition Must Be Verified
supabase/migrations/20260125800_missing_rpc_batch.sql,185,distribute_promo_chips,Historical Declaration; Live Definition Must Be Verified
supabase/migrations/20260125800_missing_rpc_batch.sql,220,mint_club_chips,Historical Declaration; Live Definition Must Be Verified
supabase/migrations/20260125800_missing_rpc_batch.sql,268,join_waitlist,Historical Declaration; Live Definition Must Be Verified
supabase/migrations/20260125800_missing_rpc_batch.sql,302,get_waitlist_position,Historical Declaration; Live Definition Must Be Verified
supabase/migrations/20260125800_missing_rpc_batch.sql,336,add_to_player_wallet,Historical Declaration; Live Definition Must Be Verified
supabase/migrations/20260125800_missing_rpc_batch.sql,355,get_table_state,Historical Declaration; Live Definition Must Be Verified
supabase/migrations/20260125800_missing_rpc_batch.sql,394,execute_pot_drops,Historical Declaration; Live Definition Must Be Verified
supabase/migrations/20260125800_missing_rpc_batch.sql,430,process_tournament_rebuy,Historical Declaration; Live Definition Must Be Verified
supabase/migrations/20260125800_missing_rpc_batch.sql,495,balance_tournament_tables,Historical Declaration; Live Definition Must Be Verified
supabase/migrations/20260125800_missing_rpc_batch.sql,520,recalculate_leaderboard_ranks,Historical Declaration; Live Definition Must Be Verified
supabase/migrations/20260125800_missing_rpc_batch.sql,545,fn_save_player_note,Historical Declaration; Live Definition Must Be Verified
supabase/migrations/20260125800_missing_rpc_batch.sql,568,fn_increment_vip_usage,Historical Declaration; Live Definition Must Be Verified
supabase/migrations/20260125800_missing_rpc_batch.sql,583,fn_consume_feature_use,Historical Declaration; Live Definition Must Be Verified
supabase/migrations/20260125800_missing_rpc_batch.sql,616,get_available_horses,Historical Declaration; Live Definition Must Be Verified
supabase/migrations/20260125800_missing_rpc_batch.sql,648,seat_horse,Historical Declaration; Live Definition Must Be Verified
supabase/migrations/20260125800_missing_rpc_batch.sql,674,schedule_horse_leave,Historical Declaration; Live Definition Must Be Verified
supabase/migrations/20260125800_missing_rpc_batch.sql,689,remove_horse,Historical Declaration; Live Definition Must Be Verified
supabase/migrations/20260125800_missing_rpc_batch.sql,713,fn_check_level_advancement,Historical Declaration; Live Definition Must Be Verified
supabase/migrations/20260125800_missing_rpc_batch.sql,766,record_arena_session,Historical Declaration; Live Definition Must Be Verified
supabase/migrations/20260126000_achievements_system.sql,92,unlock_achievement,Historical Declaration; Live Definition Must Be Verified
supabase/migrations/20260126000_achievements_system.sql,145,update_achievement_progress,Historical Declaration; Live Definition Must Be Verified
supabase/migrations/20260126100_rls_verification.sql,17,is_club_member,Historical Declaration; Live Definition Must Be Verified
supabase/migrations/20260126100_rls_verification.sql,30,is_club_admin,Historical Declaration; Live Definition Must Be Verified
supabase/migrations/20260126100_rls_verification.sql,46,is_union_member,Historical Declaration; Live Definition Must Be Verified
supabase/migrations/20260126100_rls_verification.sql,59,is_union_admin,Historical Declaration; Live Definition Must Be Verified
supabase/migrations/20260126100_rls_verification.sql,75,is_club_agent,Historical Declaration; Live Definition Must Be Verified
supabase/migrations/20260126100_rls_verification.sql,88,can_view_player,Historical Declaration; Live Definition Must Be Verified
supabase/migrations/20260126100_rls_verification.sql,346,add_xp,Historical Declaration; Live Definition Must Be Verified
supabase/migrations/20260126200_auto_init_users.sql,38,handle_new_user,Historical Declaration; Live Definition Must Be Verified
supabase/migrations/20260126300_rakeback_system.sql,35,fn_calculate_rakeback,Historical Declaration; Live Definition Must Be Verified
supabase/migrations/20260126600_templates_and_sng.sql,102,soft_delete_table,Historical Declaration; Live Definition Must Be Verified
supabase/migrations/20260126_5digit_club_codes.sql,11,generate_unique_club_id,Historical Declaration; Live Definition Must Be Verified
supabase/migrations/20260126_5digit_club_codes.sql,85,set_club_id_on_insert,Historical Declaration; Live Definition Must Be Verified
supabase/migrations/20260211_vip_column_consolidation.sql,32,fn_sync_profile_diamonds,Historical Declaration; Live Definition Must Be Verified
supabase/migrations/20260211_vip_column_consolidation.sql,52,fn_sync_profile_vip_status,Historical Declaration; Live Definition Must Be Verified
supabase/migrations/20260211_vip_column_consolidation.sql,91,fn_add_diamonds,Historical Declaration; Live Definition Must Be Verified
supabase/migrations/20260306_log_wallet_transaction.sql,7,log_wallet_transaction,Historical Declaration; Live Definition Must Be Verified
supabase/migrations/20260306_player_wallet_ops.sql,8,deduct_player_wallet,Historical Declaration; Live Definition Must Be Verified
supabase/migrations/20260306_player_wallet_ops.sql,43,credit_player_wallet,Historical Declaration; Live Definition Must Be Verified
supabase/migrations/20260307_credit_invoices_payments.sql,47,deduct_agent_balance,Historical Declaration; Live Definition Must Be Verified
supabase/migrations/20260307_credit_invoices_payments.sql,64,credit_agent_commission,Historical Declaration; Live Definition Must Be Verified
supabase/migrations/20260307_credit_invoices_payments.sql,78,wallet_user_transfer,Historical Declaration; Live Definition Must Be Verified
supabase/migrations/20260307_fix_rpc_param_counts.sql,7,award_bbj,Historical Declaration; Live Definition Must Be Verified
supabase/migrations/20260307_fix_rpc_param_counts.sql,84,register_for_tournament,Historical Declaration; Live Definition Must Be Verified
supabase/migrations/20260307_hand_rake_history_missing_rpcs.sql,45,increment_rake_generated,Historical Declaration; Live Definition Must Be Verified
supabase/migrations/20260307_hand_rake_history_missing_rpcs.sql,60,fn_toggle_message_reaction,Historical Declaration; Live Definition Must Be Verified
supabase/migrations/20260307_hand_rake_history_missing_rpcs.sql,84,increment,Historical Declaration; Live Definition Must Be Verified
supabase/migrations/20260307_missing_rpc_functions.sql,8,add_bbj_contribution,Historical Declaration; Live Definition Must Be Verified
supabase/migrations/20260307_missing_rpc_functions.sql,58,award_bbj,Historical Declaration; Live Definition Must Be Verified
supabase/migrations/20260307_missing_rpc_functions.sql,135,deduct_diamonds,Historical Declaration; Live Definition Must Be Verified
supabase/migrations/20260307_missing_rpc_functions.sql,172,register_for_tournament,Historical Declaration; Live Definition Must Be Verified
supabase/migrations/20260307_missing_rpc_functions.sql,233,increment_agent_rake,Historical Declaration; Live Definition Must Be Verified
supabase/migrations/20260307_missing_rpc_functions.sql,253,increment_bonus_progress,Historical Declaration; Live Definition Must Be Verified
supabase/migrations/20260307_missing_rpc_functions.sql,280,get_user_level_stats,Historical Declaration; Live Definition Must Be Verified
supabase/migrations/20260307_missing_rpc_functions.sql,314,fn_request_agent_payout,Historical Declaration; Live Definition Must Be Verified
supabase/migrations/20260308_fix_rebuy_rpc_and_rls.sql,11,process_tournament_rebuy,Historical Declaration; Live Definition Must Be Verified
supabase/migrations/20260308_user_notification_preferences.sql,40,update_notification_prefs_timestamp,Historical Declaration; Live Definition Must Be Verified
supabase/migrations/20260311_bbj_triple_bank_upgrade.sql,23,add_bbj_contribution,Historical Declaration; Live Definition Must Be Verified
supabase/migrations/20260311_cashout_expiry.sql,9,fn_expire_stale_cashouts,Historical Declaration; Live Definition Must Be Verified
supabase/migrations/20260311_daily_challenge_progress.sql,37,update_dcp_updated_at,Historical Declaration; Live Definition Must Be Verified
supabase/migrations/20260311_deduct_table_chip_lock_rpc.sql,2,deduct_table_chip_lock,Historical Declaration; Live Definition Must Be Verified
supabase/migrations/20260311_fix_cashout_rpc_wallets.sql,16,fn_request_cashout,Historical Declaration; Live Definition Must Be Verified
supabase/migrations/20260311_fix_cashout_rpc_wallets.sql,71,fn_cancel_cashout,Historical Declaration; Live Definition Must Be Verified
supabase/migrations/20260311_fix_cashout_rpc_wallets.sql,118,fn_agent_approve_cashout,Historical Declaration; Live Definition Must Be Verified
supabase/migrations/20260311_fix_cashout_rpc_wallets.sql,148,fn_complete_cashout,Historical Declaration; Live Definition Must Be Verified
supabase/migrations/20260311_fix_cashout_rpc_wallets.sql,201,fn_reject_cashout,Historical Declaration; Live Definition Must Be Verified
supabase/migrations/20260311_fix_mint_agent_race_conditions.sql,12,mint_club_chips,Historical Declaration; Live Definition Must Be Verified
supabase/migrations/20260311_fix_mint_agent_race_conditions.sql,63,deduct_agent_balance,Historical Declaration; Live Definition Must Be Verified
supabase/migrations/20260311_increment_table_players_rpc.sql,7,increment_table_players,Historical Declaration; Live Definition Must Be Verified
supabase/migrations/20260311_rake_financial_rpcs.sql,7,increment_union_rake,Historical Declaration; Live Definition Must Be Verified
supabase/migrations/20260311_rake_financial_rpcs.sql,24,increment_agent_rake,Historical Declaration; Live Definition Must Be Verified
supabase/migrations/20260311_rake_financial_rpcs.sql,41,increment_rake_generated,Historical Declaration; Live Definition Must Be Verified
supabase/migrations/20260311_rate_limit_rpc.sql,17,cleanup_rate_limits,Historical Declaration; Live Definition Must Be Verified
supabase/migrations/20260311_rate_limit_rpc.sql,29,check_rate_limit,Historical Declaration; Live Definition Must Be Verified
supabase/migrations/20260311_role_promotion_rpc.sql,8,promote_member,Historical Declaration; Live Definition Must Be Verified
supabase/migrations/20260312000_analytics_and_vip.sql,82,add_vip_points,Historical Declaration; Live Definition Must Be Verified
supabase/migrations/20260312002_bulk_update_position_stats.sql,7,bulk_update_position_stats,Historical Declaration; Live Definition Must Be Verified
supabase/migrations/20260312003_bulk_add_vip_points.sql,7,bulk_add_vip_points,Historical Declaration; Live Definition Must Be Verified
supabase/migrations/20260312005_lucky_wheel_and_missions.sql,15,claim_daily_challenge,Historical Declaration; Live Definition Must Be Verified
supabase/migrations/20260312005_lucky_wheel_and_missions.sql,69,claim_lucky_wheel_spin,Historical Declaration; Live Definition Must Be Verified
supabase/migrations/20260312006_fix_lucky_wheel_segment.sql,4,claim_lucky_wheel_spin,Historical Declaration; Live Definition Must Be Verified
supabase/migrations/20260312010_referral_system.sql,64,redeem_referral_code,Historical Declaration; Live Definition Must Be Verified
supabase/migrations/20260312_atomic_chip_transfer.sql,16,atomic_chip_transfer,Historical Declaration; Live Definition Must Be Verified
supabase/migrations/20260312_atomic_settlement_payouts.sql,17,atomic_pay_agent_settlement,Historical Declaration; Live Definition Must Be Verified
supabase/migrations/20260312_atomic_settlement_payouts.sql,65,atomic_pay_player_rakeback,Historical Declaration; Live Definition Must Be Verified
supabase/migrations/20260312_atomic_settlement_payouts.sql,128,verify_and_log_union_rakeback,Historical Declaration; Live Definition Must Be Verified
supabase/migrations/20260312_atomic_table_buyin_cashout.sql,16,atomic_table_buyin,Historical Declaration; Live Definition Must Be Verified
supabase/migrations/20260312_atomic_table_buyin_cashout.sql,62,atomic_table_cashout,Historical Declaration; Live Definition Must Be Verified
supabase/migrations/20260312_atomic_table_buyin_cashout.sql,118,atomic_table_rebuy,Historical Declaration; Live Definition Must Be Verified
supabase/migrations/20260312_atomic_tournament_register.sql,7,atomic_tournament_register,Historical Declaration; Live Definition Must Be Verified
supabase/migrations/20260312_atomic_tournament_unregister.sql,7,atomic_tournament_unregister,Historical Declaration; Live Definition Must Be Verified
supabase/migrations/20260312_atomic_transfers.sql,11,atomic_wallet_transfer,Historical Declaration; Live Definition Must Be Verified
supabase/migrations/20260312_atomic_wallet_mutations.sql,16,atomic_credit_wallet_and_log,Historical Declaration; Live Definition Must Be Verified
supabase/migrations/20260312_atomic_wallet_mutations.sql,54,atomic_deduct_wallet_and_log,Historical Declaration; Live Definition Must Be Verified
supabase/migrations/20260312_fix_atomic_cancel_tournament.sql,11,atomic_cancel_tournament,Historical Declaration; Live Definition Must Be Verified
supabase/migrations/20260312_fix_atomic_tournament_cancellation.sql,5,atomic_cancel_tournament,Historical Declaration; Live Definition Must Be Verified
supabase/migrations/20260312_fix_bbj_table_stack_injection.sql,8,award_bbj,Historical Declaration; Live Definition Must Be Verified
supabase/migrations/20260312_fix_financial_logging_and_bbj_void.sql,7,award_bbj,Historical Declaration; Live Definition Must Be Verified
supabase/migrations/20260312_fix_financial_logging_and_bbj_void.sql,108,register_for_tournament,Historical Declaration; Live Definition Must Be Verified
supabase/migrations/20260312_fix_legacy_wallet_rpcs.sql,15,wallet_internal_transfer,Historical Declaration; Live Definition Must Be Verified
supabase/migrations/20260312_fix_legacy_wallet_rpcs.sql,46,wallet_user_transfer,Historical Declaration; Live Definition Must Be Verified
supabase/migrations/20260312_fix_legacy_wallet_rpcs.sql,79,add_to_player_wallet,Historical Declaration; Live Definition Must Be Verified
supabase/migrations/20260312_fix_legacy_wallet_rpcs.sql,94,add_to_promo_wallet,Historical Declaration; Live Definition Must Be Verified
supabase/migrations/20260312_fix_legacy_wallet_rpcs.sql,106,credit_player_rakeback,Historical Declaration; Live Definition Must Be Verified
supabase/migrations/20260312_fix_legacy_wallet_rpcs.sql,125,add_chips,Historical Declaration; Live Definition Must Be Verified
supabase/migrations/20260312_fix_orphaned_table_chips.sql,14,force_close_table_and_refund,Historical Declaration; Live Definition Must Be Verified
supabase/migrations/20260312_fix_orphaned_table_chips_exploit.sql,10,force_close_table_and_refund,Historical Declaration; Live Definition Must Be Verified
supabase/migrations/20260312_fix_rake_treasury_credit.sql,8,execute_pot_drops,Historical Declaration; Live Definition Must Be Verified
supabase/migrations/20260312_fix_table_seat_tip_exploit.sql,14,deduct_table_chip_lock,Historical Declaration; Live Definition Must Be Verified
supabase/migrations/20260312_secure_hole_cards_fix.sql,39,cleanup_old_hole_cards,Historical Declaration; Live Definition Must Be Verified
supabase/migrations/20260312_secure_hole_cards_fix.sql,49,insert_hole_cards,Historical Declaration; Live Definition Must Be Verified
supabase/migrations/20260313_atomic_horse_seating.sql,11,atomic_seat_horse,Historical Declaration; Live Definition Must Be Verified
supabase/migrations/20260313_financial_engine_tables.sql,145,get_wallet_balance_totals,Historical Declaration; Live Definition Must Be Verified
supabase/migrations/20260313_fix_wallet_tx_consistency.sql,11,atomic_seat_horse,Historical Declaration; Live Definition Must Be Verified
supabase/migrations/20260313_fix_wallet_tx_consistency.sql,52,atomic_table_buyin,Historical Declaration; Live Definition Must Be Verified
supabase/migrations/20260313_fix_wallet_tx_consistency.sql,96,atomic_table_cashout,Historical Declaration; Live Definition Must Be Verified
supabase/migrations/20260313_fix_wallet_tx_consistency.sql,151,atomic_table_rebuy,Historical Declaration; Live Definition Must Be Verified
supabase/migrations/20260313_mass_fund_horses.sql,11,mass_fund_horses,Historical Declaration; Live Definition Must Be Verified
supabase/migrations/20260313_q3_social_features.sql,108,increment_story_view,Historical Declaration; Live Definition Must Be Verified
supabase/migrations/20260313_q3_social_messaging.sql,72,process_scheduled_messages,Historical Declaration; Live Definition Must Be Verified
supabase/migrations/20260314_fix_distribute_promo_chips.sql,21,distribute_promo_chips,Historical Declaration; Live Definition Must Be Verified
supabase/migrations/20260314_fix_settlement_payout_column.sql,11,atomic_pay_agent_settlement,Historical Declaration; Live Definition Must Be Verified
supabase/migrations/20260314_fn_clawback_chips_atomic.sql,13,fn_clawback_chips_atomic,Historical Declaration; Live Definition Must Be Verified
supabase/migrations/20260314_fn_union_send_chips_to_club.sql,12,fn_union_send_chips_to_club,Historical Declaration; Live Definition Must Be Verified
supabase/migrations/20260314_phantom_table_remediation_v2.sql,530,distribute_chips,Historical Declaration; Live Definition Must Be Verified
supabase/migrations/20260314_phase1_improvements.sql,19,fn_tournament_waitlist_position,Historical Declaration; Live Definition Must Be Verified
supabase/migrations/20260314_phase1_improvements.sql,79,fn_check_distribution_rate_limit,Historical Declaration; Live Definition Must Be Verified
supabase/migrations/20260314_phase1_improvements.sql,146,fn_clawback_chips_atomic,Historical Declaration; Live Definition Must Be Verified
supabase/migrations/20260314_phase1_improvements.sql,264,distribute_promo_chips,Historical Declaration; Live Definition Must Be Verified
supabase/migrations/20260314_realtime_publication_fix.sql,13,_temp_add_to_realtime,Historical Declaration; Live Definition Must Be Verified
supabase/migrations/20260314_schema_gap_remediation.sql,100,sync_agent_wallet_columns,Historical Declaration; Live Definition Must Be Verified
supabase/migrations/20260314_schema_gap_remediation.sql,151,increment_club_rake,Historical Declaration; Live Definition Must Be Verified
supabase/migrations/20260314_schema_gap_remediation.sql,166,increment_union_rake,Historical Declaration; Live Definition Must Be Verified
supabase/migrations/20260314_schema_gap_remediation.sql,181,increment_rake_generated,Historical Declaration; Live Definition Must Be Verified
supabase/migrations/20260314_schema_gap_remediation.sql,197,log_wallet_transaction,Historical Declaration; Live Definition Must Be Verified
supabase/migrations/20260314_schema_gap_remediation.sql,218,verify_ledger_totals,Historical Declaration; Live Definition Must Be Verified
supabase/migrations/20260314_schema_gap_remediation.sql,246,decrement_club_member_count,Historical Declaration; Live Definition Must Be Verified
supabase/migrations/20260314_schema_gap_remediation.sql,260,decrement_club_table_count,Historical Declaration; Live Definition Must Be Verified
supabase/migrations/20260314_schema_gap_remediation.sql,274,increment_tournament_rake,Historical Declaration; Live Definition Must Be Verified
supabase/migrations/20260314_schema_gap_remediation.sql,289,record_arena_session,Historical Declaration; Live Definition Must Be Verified
supabase/migrations/20260314_schema_gap_remediation.sql,306,transfer_club_ownership,Historical Declaration; Live Definition Must Be Verified
supabase/migrations/20260314_schema_gap_remediation.sql,334,deduct_marketplace_chips,Historical Declaration; Live Definition Must Be Verified
supabase/migrations/20260314_schema_gap_remediation.sql,358,recompute_club_levels,Historical Declaration; Live Definition Must Be Verified
supabase/migrations/20260314_schema_gap_remediation.sql,384,get_union_rake_for_period,Historical Declaration; Live Definition Must Be Verified
supabase/migrations/20260314_schema_gap_remediation.sql,405,get_anti_cheat_stats,Historical Declaration; Live Definition Must Be Verified
supabase/migrations/20260314_schema_gap_remediation.sql,428,detect_collusion_pairs,Historical Declaration; Live Definition Must Be Verified
supabase/migrations/20260314_schema_gap_remediation.sql,441,detect_suspicious_plays,Historical Declaration; Live Definition Must Be Verified
supabase/migrations/20260314_schema_gap_remediation.sql,454,get_bbj_pool,Historical Declaration; Live Definition Must Be Verified
supabase/migrations/20260314_schema_gap_remediation.sql,471,increment_diamonds,Historical Declaration; Live Definition Must Be Verified
supabase/migrations/20260314_schema_gap_remediation.sql,486,get_top_mission_completers,Historical Declaration; Live Definition Must Be Verified
supabase/migrations/20260314_security_hardening_batch.sql,11,credit_player_rakeback,Historical Declaration; Live Definition Must Be Verified
supabase/migrations/20260314_security_hardening_batch.sql,44,add_chips,Historical Declaration; Live Definition Must Be Verified
supabase/migrations/20260314_settlement_commission_rpcs.sql,10,get_current_settlement_period,Historical Declaration; Live Definition Must Be Verified
supabase/migrations/20260314_settlement_commission_rpcs.sql,49,generate_period_settlements,Historical Declaration; Live Definition Must Be Verified
supabase/migrations/20260314_settlement_commission_rpcs.sql,98,calculate_agent_settlement,Historical Declaration; Live Definition Must Be Verified
supabase/migrations/20260314_settlement_commission_rpcs.sql,150,calculate_agent_spread,Historical Declaration; Live Definition Must Be Verified
supabase/migrations/20260314_settlement_commission_rpcs.sql,194,atomic_pay_agent_settlement,Historical Declaration; Live Definition Must Be Verified
supabase/migrations/20260314_settlement_commission_rpcs.sql,232,atomic_pay_player_rakeback,Historical Declaration; Live Definition Must Be Verified
supabase/migrations/20260314_settlement_commission_rpcs.sql,260,get_union_rake_for_period,Historical Declaration; Live Definition Must Be Verified
supabase/migrations/20260314_settlement_commission_rpcs.sql,283,atomic_wallet_transfer,Historical Declaration; Live Definition Must Be Verified
supabase/migrations/20260314_settlement_commission_rpcs.sql,321,calculate_cascading_commission,Historical Declaration; Live Definition Must Be Verified
supabase/migrations/20260314_settlement_commission_rpcs.sql,369,execute_commission_payout,Historical Declaration; Live Definition Must Be Verified
supabase/migrations/20260314_settlement_commission_rpcs.sql,406,generate_period_commissions,Historical Declaration; Live Definition Must Be Verified
supabase/migrations/20260314_settlement_commission_rpcs.sql,434,get_player_rake_total,Historical Declaration; Live Definition Must Be Verified
supabase/migrations/20260314_settlement_commission_rpcs.sql,462,atomic_credit_wallet_and_log,Historical Declaration; Live Definition Must Be Verified
supabase/migrations/20260314_settlement_commission_rpcs.sql,495,atomic_deduct_wallet_and_log,Historical Declaration; Live Definition Must Be Verified
supabase/migrations/20260314_settlement_commission_rpcs.sql,532,wallet_user_transfer,Historical Declaration; Live Definition Must Be Verified
supabase/migrations/20260314_settlement_commission_rpcs.sql,571,verify_and_log_union_rakeback,Historical Declaration; Live Definition Must Be Verified
supabase/migrations/20260314_union_send_chips_rpc.sql,10,fn_union_send_chips_to_club,Historical Declaration; Live Definition Must Be Verified
supabase/migrations/20260315_fix_increment_agent_rake_rpc.sql,14,increment_agent_rake,Historical Declaration; Live Definition Must Be Verified
supabase/migrations/20260315_fix_user_sync_trigger.sql,14,handle_new_user,Historical Declaration; Live Definition Must Be Verified
supabase/migrations/20260316_batch_active_player_count.sql,8,fn_get_active_player_count,Historical Declaration; Live Definition Must Be Verified
supabase/migrations/20260316_batch_member_counts.sql,8,fn_batch_club_member_counts,Historical Declaration; Live Definition Must Be Verified
supabase/migrations/20260316_live_member_count.sql,12,fn_get_club_member_count,Historical Declaration; Live Definition Must Be Verified
supabase/migrations/20260316_live_member_count.sql,28,fn_sync_club_member_count,Historical Declaration; Live Definition Must Be Verified
supabase/migrations/20260317_create_player_leave_table_rpc.sql,16,player_leave_table,Historical Declaration; Live Definition Must Be Verified
supabase/migrations/20260317_financial_hardening_batch4.sql,14,fn_cancel_cashout,Historical Declaration; Live Definition Must Be Verified
supabase/migrations/20260317_financial_hardening_batch4.sql,34,fn_reject_cashout,Historical Declaration; Live Definition Must Be Verified
supabase/migrations/20260317_financial_hardening_batch4.sql,52,distribute_tournament_prizes,Historical Declaration; Live Definition Must Be Verified
supabase/migrations/20260317_financial_hardening_batch4.sql,119,record_hand_rake_attribution,Historical Declaration; Live Definition Must Be Verified
supabase/migrations/20260317_fix_broken_rpcs_batch2.sql,9,atomic_table_cashout,Historical Declaration; Live Definition Must Be Verified
supabase/migrations/20260317_fix_broken_rpcs_batch2.sql,31,atomic_table_rebuy,Historical Declaration; Live Definition Must Be Verified
supabase/migrations/20260317_fix_broken_rpcs_batch2.sql,47,atomic_seat_horse,Historical Declaration; Live Definition Must Be Verified
supabase/migrations/20260317_fix_broken_rpcs_batch2.sql,64,credit_player_rakeback,Historical Declaration; Live Definition Must Be Verified
supabase/migrations/20260317_fix_broken_rpcs_batch2.sql,77,fn_save_player_note,Historical Declaration; Live Definition Must Be Verified
supabase/migrations/20260317_fix_broken_rpcs_batch2.sql,86,seat_horse,Historical Declaration; Live Definition Must Be Verified
supabase/migrations/20260317_fix_broken_rpcs_batch2.sql,98,add_vip_points,Historical Declaration; Live Definition Must Be Verified
supabase/migrations/20260317_fix_broken_rpcs_batch2.sql,106,atomic_cancel_tournament,Historical Declaration; Live Definition Must Be Verified
supabase/migrations/20260317_fix_broken_rpcs_batch2.sql,139,claim_daily_bonus,Historical Declaration; Live Definition Must Be Verified
supabase/migrations/20260317_fix_broken_rpcs_batch2.sql,153,update_player_hand_stats,Historical Declaration; Live Definition Must Be Verified
supabase/migrations/20260317_fix_wallet_rpcs.sql,11,atomic_pay_agent_settlement,Historical Declaration; Live Definition Must Be Verified
supabase/migrations/20260317_fix_wallet_rpcs.sql,32,atomic_pay_player_rakeback,Historical Declaration; Live Definition Must Be Verified
supabase/migrations/20260317_fix_wallet_rpcs.sql,51,atomic_wallet_transfer,Historical Declaration; Live Definition Must Be Verified
supabase/migrations/20260317_fix_wallet_rpcs.sql,74,execute_commission_payout,Historical Declaration; Live Definition Must Be Verified
supabase/migrations/20260317_fix_wallet_rpcs.sql,97,atomic_credit_wallet_and_log,Historical Declaration; Live Definition Must Be Verified
supabase/migrations/20260317_fix_wallet_rpcs.sql,121,atomic_deduct_wallet_and_log,Historical Declaration; Live Definition Must Be Verified
supabase/migrations/20260317_fix_wallet_rpcs.sql,141,wallet_user_transfer,Historical Declaration; Live Definition Must Be Verified
supabase/migrations/20260317_increment_rake_generated_rpc.sql,5,increment_rake_generated,Historical Declaration; Live Definition Must Be Verified
supabase/migrations/20260317_rpc_alignment_batch6.sql,13,wallet_internal_transfer,Historical Declaration; Live Definition Must Be Verified
supabase/migrations/20260317_rpc_alignment_batch6.sql,37,atomic_pay_agent_settlement,Historical Declaration; Live Definition Must Be Verified
supabase/migrations/20260317_rpc_alignment_batch6.sql,58,credit_agent_commission,Historical Declaration; Live Definition Must Be Verified
supabase/migrations/20260317_rpc_alignment_batch6.sql,74,atomic_deduct_wallet_and_log,Historical Declaration; Live Definition Must Be Verified
supabase/migrations/20260317_rpc_alignment_batch6.sql,93,atomic_credit_wallet_and_log,Historical Declaration; Live Definition Must Be Verified
supabase/migrations/20260317_rpc_cashout_rakeback_2param.sql,13,atomic_table_cashout,Historical Declaration; Live Definition Must Be Verified
supabase/migrations/20260317_rpc_cashout_rakeback_2param.sql,38,atomic_pay_player_rakeback,Historical Declaration; Live Definition Must Be Verified
supabase/migrations/20260317_rpc_cashout_rakeback_2param.sql,49,exec_sql,Historical Declaration; Live Definition Must Be Verified
supabase/migrations/20260317_rpc_signature_alignment_batch5.sql,10,update_player_hand_stats,Historical Declaration; Live Definition Must Be Verified
supabase/migrations/20260317_rpc_signature_alignment_batch5.sql,29,credit_player_rakeback,Historical Declaration; Live Definition Must Be Verified
supabase/migrations/20260317_rpc_signature_alignment_batch5.sql,53,fn_save_player_note,Historical Declaration; Live Definition Must Be Verified
supabase/migrations/20260317_rpc_signature_alignment_batch5.sql,66,execute_commission_payout,Historical Declaration; Live Definition Must Be Verified
supabase/migrations/20260317_table_chat_ttl.sql,8,cleanup_old_table_chat,Historical Declaration; Live Definition Must Be Verified
supabase/migrations/20260317_waitlist_auto_promote.sql,15,promote_next_waitlisted_player,Historical Declaration; Live Definition Must Be Verified
supabase/migrations/20260319_club_level_and_status_improvements.sql,19,recompute_club_levels,Historical Declaration; Live Definition Must Be Verified
supabase/migrations/20260319_club_level_and_status_improvements.sql,67,fn_sync_club_member_count,Historical Declaration; Live Definition Must Be Verified
supabase/migrations/20260319_club_level_and_status_improvements.sql,114,fn_recompute_club_level_on_rake,Historical Declaration; Live Definition Must Be Verified
supabase/migrations/20260319_fix_member_count_rpcs_status_filter.sql,11,fn_get_club_member_count,Historical Declaration; Live Definition Must Be Verified
supabase/migrations/20260319_fix_member_count_rpcs_status_filter.sql,25,fn_batch_club_member_counts,Historical Declaration; Live Definition Must Be Verified
supabase/migrations/20260320_club_union_level_system.sql,53,recompute_club_levels,Historical Declaration; Live Definition Must Be Verified
supabase/migrations/20260320_club_union_level_system.sql,160,recompute_union_levels,Historical Declaration; Live Definition Must Be Verified
supabase/migrations/20260320_club_union_level_system.sql,271,fn_recompute_club_level_on_member_change,Historical Declaration; Live Definition Must Be Verified
supabase/migrations/20260320_club_union_level_system.sql,321,fn_recompute_union_level_on_club_change,Historical Declaration; Live Definition Must Be Verified
supabase/migrations/20260320_increment_union_chip_balance.sql,11,increment_union_chip_balance,Historical Declaration; Live Definition Must Be Verified
supabase/migrations/20260320_increment_union_chip_balance.sql,54,decrement_club_treasury,Historical Declaration; Live Definition Must Be Verified
supabase/migrations/20260320_marketplace_full_buildout.sql,113,deduct_marketplace_chips,Historical Declaration; Live Definition Must Be Verified
supabase/migrations/20260321_level_system_perf_and_fixes.sql,15,promote_member,Historical Declaration; Live Definition Must Be Verified
supabase/migrations/20260322_atomic_challenge_progress.sql,7,increment_challenge_progress,Historical Declaration; Live Definition Must Be Verified
supabase/migrations/20260322_dynamic_club_levels.sql,14,recompute_club_levels,Historical Declaration; Live Definition Must Be Verified
supabase/migrations/20260322_dynamic_club_levels.sql,113,recompute_union_levels,Historical Declaration; Live Definition Must Be Verified
supabase/migrations/20260323_create_spin_bonus_pools.sql,23,spin_pool_deposit,Historical Declaration; Live Definition Must Be Verified
supabase/migrations/20260323_create_spin_bonus_pools.sql,37,spin_pool_draw,Historical Declaration; Live Definition Must Be Verified
supabase/migrations/20260323_tournament_audit_fixes.sql,228,transfer_chips,Historical Declaration; Live Definition Must Be Verified
supabase/migrations/20260325_bbj_contributions_hand_id_nullable.sql,16,bbj_record_contribution,Historical Declaration; Live Definition Must Be Verified
supabase/migrations/20260325_insurance_financial_tables.sql,75,record_insurance_transaction,Historical Declaration; Live Definition Must Be Verified
supabase/migrations/20260326_cashout_reentry_restriction.sql,43,atomic_table_buyin,Historical Declaration; Live Definition Must Be Verified
supabase/migrations/20260326_cashout_reentry_restriction.sql,116,record_table_cashout,Historical Declaration; Live Definition Must Be Verified
supabase/migrations/20260326_hand_state_snapshots.sql,47,save_hand_state_snapshot,Historical Declaration; Live Definition Must Be Verified
supabase/migrations/20260326_hand_state_snapshots.sql,73,complete_hand_snapshot,Historical Declaration; Live Definition Must Be Verified
supabase/migrations/20260326_hand_state_snapshots.sql,89,get_active_hand_snapshot,Historical Declaration; Live Definition Must Be Verified
supabase/migrations/20260326_prevent_duplicate_seats.sql,21,atomic_table_buyin,Historical Declaration; Live Definition Must Be Verified
supabase/migrations/20260326_user_table_settings.sql,32,update_user_table_settings_timestamp,Historical Declaration; Live Definition Must Be Verified
supabase/migrations/20260326_user_table_settings.sql,91,update_user_theme_settings_timestamp,Historical Declaration; Live Definition Must Be Verified
supabase/migrations/20260330_fix_active_player_count_dedup.sql,10,fn_get_active_player_count,Historical Declaration; Live Definition Must Be Verified
supabase/migrations/20260330_fix_bbj_record_contribution_club_id.sql,13,bbj_record_contribution,Historical Declaration; Live Definition Must Be Verified
supabase/migrations/20260330_fix_rpc_overloads_and_schema_cache.sql,19,atomic_table_cashout,Historical Declaration; Live Definition Must Be Verified
supabase/migrations/20260330_fix_rpc_overloads_and_schema_cache.sql,84,atomic_seat_horse,Historical Declaration; Live Definition Must Be Verified
supabase/migrations/20260330_fix_rpc_overloads_and_schema_cache.sql,147,bbj_record_contribution,Historical Declaration; Live Definition Must Be Verified
supabase/migrations/20260402_fix_atomic_buyin_column_name.sql,6,atomic_table_buyin,Historical Declaration; Live Definition Must Be Verified
supabase/migrations/20260414_increment_club_chip_pool_rpc.sql,20,increment_club_chip_pool,Historical Declaration; Live Definition Must Be Verified
supabase/migrations/20260415_atomic_table_rebuy.sql,13,atomic_table_rebuy,Historical Declaration; Live Definition Must Be Verified
supabase/migrations/20260415_bug_018_balance_after.sql,14,log_wallet_transaction,Historical Declaration; Live Definition Must Be Verified
supabase/migrations/20260415_bug_018_balance_after.sql,28,log_wallet_transaction,Historical Declaration; Live Definition Must Be Verified
supabase/migrations/20260415_bug_018_balance_after.sql,41,atomic_table_buyin,Historical Declaration; Live Definition Must Be Verified
supabase/migrations/20260415_bug_018_balance_after.sql,69,atomic_table_cashout,Historical Declaration; Live Definition Must Be Verified
supabase/migrations/20260415_bug_018_balance_after.sql,106,atomic_table_rebuy,Historical Declaration; Live Definition Must Be Verified
supabase/migrations/20260415_fix_agent_commission_credit.sql,21,increment_agent_rake,Historical Declaration; Live Definition Must Be Verified
supabase/migrations/20260415_fix_agent_commission_credit.sql,60,credit_agent_commission_from_rake,Historical Declaration; Live Definition Must Be Verified
supabase/migrations/20260415_fix_clawback_stub_bug010.sql,24,fn_clawback_chips_atomic,Historical Declaration; Live Definition Must Be Verified
supabase/migrations/20260415_fix_union_send_chips_to_club_bug011.sql,15,fn_union_send_chips_to_club,Historical Declaration; Live Definition Must Be Verified
supabase/migrations/20260420120000_autofix_attempts.sql,49,autofix_attempts_touch_updated_at,Historical Declaration; Live Definition Must Be Verified
supabase/migrations/20260428000002_chip_escrow_holds.sql,56,touch_chip_escrow_holds,Historical Declaration; Live Definition Must Be Verified
supabase/migrations/20260428000004_club_wallets.sql,44,touch_club_wallets,Historical Declaration; Live Definition Must Be Verified
supabase/migrations/20260428000006_sub_agents.sql,48,touch_sub_agents,Historical Declaration; Live Definition Must Be Verified
supabase/migrations/20260428000010_phase_x3_real_rpcs.sql,43,record_rake,Historical Declaration; Live Definition Must Be Verified
supabase/migrations/20260428000010_phase_x3_real_rpcs.sql,156,calculate_cascading_commission,Historical Declaration; Live Definition Must Be Verified
supabase/migrations/20260428000010_phase_x3_real_rpcs.sql,299,settle_hand_atomically,Historical Declaration; Live Definition Must Be Verified
supabase/migrations/20260428000010_phase_x3_real_rpcs.sql,408,fn_create_settlement_period,Historical Declaration; Live Definition Must Be Verified
supabase/migrations/20260428000010_phase_x3_real_rpcs.sql,453,fn_close_settlement_period,Historical Declaration; Live Definition Must Be Verified
supabase/migrations/20260428000010_phase_x3_real_rpcs.sql,553,fn_bbj_check_eligible,Historical Declaration; Live Definition Must Be Verified
supabase/migrations/20260428000010_phase_x3_real_rpcs.sql,615,fn_bbj_payout,Historical Declaration; Live Definition Must Be Verified
supabase/migrations/20260429000001_x7_refactor_tournament_register.sql,22,fn_tournament_atomic_register,Historical Declaration; Live Definition Must Be Verified
supabase/migrations/20260429_x9_fix_15_stub_rpcs.sql,12,atomic_pay_agent_settlement,Historical Declaration; Live Definition Must Be Verified
supabase/migrations/20260429_x9_fix_15_stub_rpcs.sql,46,atomic_pay_player_rakeback,Historical Declaration; Live Definition Must Be Verified
supabase/migrations/20260429_x9_fix_15_stub_rpcs.sql,66,fn_release_tournament_holds,Historical Declaration; Live Definition Must Be Verified
supabase/migrations/20260429_x9_fix_15_stub_rpcs.sql,96,orb1_buyin_transaction,Historical Declaration; Live Definition Must Be Verified
supabase/migrations/20260429_x9_fix_15_stub_rpcs.sql,106,execute_commission_payout,Historical Declaration; Live Definition Must Be Verified
supabase/migrations/20260429_x9_fix_15_stub_rpcs.sql,125,record_hand_rake_attribution,Historical Declaration; Live Definition Must Be Verified
supabase/migrations/20260429b_x9_round_3_4_5_stubs.sql,14,balance_tournament_tables,Historical Declaration; Live Definition Must Be Verified
supabase/migrations/20260429b_x9_round_3_4_5_stubs.sql,34,record_tournament_buyin_rake,Historical Declaration; Live Definition Must Be Verified
supabase/migrations/20260429b_x9_round_3_4_5_stubs.sql,69,add_bbj_contribution,Historical Declaration; Live Definition Must Be Verified
supabase/migrations/20260429b_x9_round_3_4_5_stubs.sql,99,record_promo_wagering,Historical Declaration; Live Definition Must Be Verified
supabase/migrations/20260429b_x9_round_3_4_5_stubs.sql,115,update_table_stats,Historical Declaration; Live Definition Must Be Verified
supabase/migrations/20260429b_x9_round_3_4_5_stubs.sql,129,fn_atomic_increment_field,Historical Declaration; Live Definition Must Be Verified
supabase/migrations/20260429b_x9_round_3_4_5_stubs.sql,146,generate_period_commissions,Historical Declaration; Live Definition Must Be Verified
supabase/migrations/20260429d_x11_create_4_missing_rpcs.sql,21,bbj_promo_payout,Historical Declaration; Live Definition Must Be Verified
supabase/migrations/20260429d_x11_create_4_missing_rpcs.sql,62,force_close_table_and_refund,Historical Declaration; Live Definition Must Be Verified
supabase/migrations/20260429d_x11_create_4_missing_rpcs.sql,96,fn_expire_stale_cashouts,Historical Declaration; Live Definition Must Be Verified
supabase/migrations/20260429d_x11_create_4_missing_rpcs.sql,113,settle_club_rakeback,Historical Declaration; Live Definition Must Be Verified
supabase/migrations/20260429e_x12_create_increment_union_wallet.sql,32,increment_union_wallet,Historical Declaration; Live Definition Must Be Verified
supabase/migrations/20260429h_x15_create_detect_multi_account_ips.sql,20,detect_multi_account_ips,Historical Declaration; Live Definition Must Be Verified
supabase/migrations/20260429j_x18_rpc_param_mismatch_fixes.sql,44,bbj_promo_payout,Historical Declaration; Live Definition Must Be Verified
supabase/migrations/20260429k_x19_extend_process_tournament_rebuy.sql,39,process_tournament_rebuy,Historical Declaration; Live Definition Must Be Verified
supabase/migrations/20260429m_x22_award_bbj_idempotency_lock.sql,73,award_bbj,Historical Declaration; Live Definition Must Be Verified
supabase/migrations/20260429o_x35_signup_trigger_creates_wallet_plus_backfill.sql,26,handle_new_user_v2_create_wallet,Historical Declaration; Live Definition Must Be Verified
supabase/migrations/20260503a_x179_run_it_twice_unify_engine_with_frontend.sql,31,fn_tables_sync_rit,Historical Declaration; Live Definition Must Be Verified
supabase/migrations/20260503b_x222_reconcile_ledger_nightly_idempotent_per_day.sql,24,reconcile_ledger_nightly,Historical Declaration; Live Definition Must Be Verified
supabase/migrations/20260719_atomic_table_addon.sql,23,atomic_table_addon,Historical Declaration; Live Definition Must Be Verified
supabase/migrations/20260719_bbj_atomic_payout.sql,23,bbj_atomic_payout,Historical Declaration; Live Definition Must Be Verified
supabase/migrations/20260719_hand_state_snapshots_rls.sql,42,save_hand_state_snapshot,Historical Declaration; Live Definition Must Be Verified
supabase/migrations/20260719_insurance_bank_settlement.sql,17,record_insurance_transaction,Historical Declaration; Live Definition Must Be Verified
supabase/migrations/20260723_sweep3_backfill_lock_keyset_v2.sql,32,fn_pps_backfill_batch,Historical Declaration; Live Definition Must Be Verified
supabase/migrations/20260723_sweep3_settlement_commission_read_models.sql,18,generate_period_settlements,Historical Declaration; Live Definition Must Be Verified
supabase/migrations/20260723_sweep3_settlement_commission_read_models.sql,187,calculate_agent_settlement,Historical Declaration; Live Definition Must Be Verified
supabase/migrations/20260723_sweep3_settlement_commission_read_models.sql,258,calculate_agent_spread,Historical Declaration; Live Definition Must Be Verified
supabase/migrations/20260723_sweep3bcd_global_periods_rake_era_split.sql,22,get_current_settlement_period,Historical Declaration; Live Definition Must Be Verified
supabase/migrations/20260723_sweep3bcd_global_periods_rake_era_split.sql,49,generate_period_settlements,Historical Declaration; Live Definition Must Be Verified
supabase/migrations/20260724b_rake_audit_sweep2_db_fixes.sql,42,bbj_atomic_payout,Historical Declaration; Live Definition Must Be Verified
supabase/migrations/20260724b_rake_audit_sweep2_db_fixes.sql,148,bbj_record_contribution,Historical Declaration; Live Definition Must Be Verified
supabase/migrations/20260724b_rake_audit_sweep2_db_fixes.sql,184,get_union_rake_for_period,Historical Declaration; Live Definition Must Be Verified
supabase/migrations/20260724b_rake_audit_sweep2_db_fixes.sql,203,settle_club_rakeback,Historical Declaration; Live Definition Must Be Verified
supabase/migrations/20260724b_rake_audit_sweep2_db_fixes.sql,234,process_tournament_rebuy,Historical Declaration; Live Definition Must Be Verified
supabase/migrations/20260724b_rake_audit_sweep2_db_fixes.sql,303,atomic_cancel_tournament,Historical Declaration; Live Definition Must Be Verified
supabase/migrations/20260724e_credit_player_wallet_idempotency.sql,30,credit_player_wallet,Historical Declaration; Live Definition Must Be Verified
supabase/migrations/20260724f_atomic_distribute_rake.sql,48,atomic_distribute_rake,Historical Declaration; Live Definition Must Be Verified
supabase/migrations/20260724g_rakeback_credit_idempotency.sql,15,credit_player_rakeback,Historical Declaration; Live Definition Must Be Verified
supabase/migrations/20260724g_rakeback_credit_idempotency.sql,64,atomic_pay_player_rakeback,Historical Declaration; Live Definition Must Be Verified
supabase/migrations/20260724h_fix_active_player_count.sql,16,fn_get_active_player_count,Historical Declaration; Live Definition Must Be Verified
supabase/migrations/20260724h_rakeback_player_stats_idempotent.sql,26,apply_rakeback_player_stats,Historical Declaration; Live Definition Must Be Verified
supabase/migrations/20260724i_auto_cashout_on_cash_table_close.sql,29,trg_auto_cashout_on_table_close,Historical Declaration; Live Definition Must Be Verified
supabase/migrations/20260729_club_shop_inventory_delivery.sql,33,fn_deliver_shop_purchase,Historical Declaration; Live Definition Must Be Verified
supabase/migrations/20260729_club_shop_inventory_delivery.sql,57,fn_redeem_shop_item,Historical Declaration; Live Definition Must Be Verified
supabase/migrations/20260729_fn_batch_active_player_counts.sql,9,fn_batch_active_player_counts,Historical Declaration; Live Definition Must Be Verified
supabase/migrations/20260729_fn_bbj_promo_rain_authorized.sql,9,fn_bbj_promo_rain,Historical Declaration; Live Definition Must Be Verified
supabase/migrations/20260729_fn_columns_manifest_ci_gate.sql,5,fn_columns_manifest,Historical Declaration; Live Definition Must Be Verified
supabase/migrations/20260729_fn_execute_union_rakeback.sql,17,fn_execute_union_rakeback,Historical Declaration; Live Definition Must Be Verified
supabase/migrations/20260729_fn_rakeback_settlement_ondemand.sql,14,fn_rakeback_settlement_status,Historical Declaration; Live Definition Must Be Verified
supabase/migrations/20260729_fn_rakeback_settlement_ondemand.sql,41,fn_run_pending_rakeback_settlement,Historical Declaration; Live Definition Must Be Verified
supabase/migrations/20260729_fn_schema_manifest_ci_gate.sql,6,fn_schema_manifest,Historical Declaration; Live Definition Must Be Verified
supabase/migrations/20260729_friend_challenges_lifecycle.sql,10,fn_respond_friend_challenge,Historical Declaration; Live Definition Must Be Verified
supabase/migrations/20260729_friend_challenges_lifecycle.sql,29,fn_bump_friend_challenge_progress,Historical Declaration; Live Definition Must Be Verified
supabase/migrations/20260729_friend_challenges_lifecycle.sql,45,fn_resolve_expired_friend_challenges,Historical Declaration; Live Definition Must Be Verified
supabase/migrations/20260729_increment_challenge_progress_rpc.sql,6,increment_challenge_progress,Historical Declaration; Live Definition Must Be Verified
supabase/migrations/20260729_leaderboard_period_snapshots.sql,22,fn_snapshot_player_stats,Historical Declaration; Live Definition Must Be Verified
supabase/migrations/20260729_leaderboard_period_snapshots.sql,42,fn_club_leaderboard_period,Historical Declaration; Live Definition Must Be Verified
supabase/migrations/20260729_leaderboard_period_union_userrank.sql,5,fn_union_leaderboard_period,Historical Declaration; Live Definition Must Be Verified
supabase/migrations/20260729_leaderboard_period_union_userrank.sql,62,fn_user_rank_period,Historical Declaration; Live Definition Must Be Verified
supabase/migrations/20260729_vip_points_economy.sql,32,fn_award_vip_points_from_rake,Historical Declaration; Live Definition Must Be Verified
supabase/migrations/20260729_vip_points_economy.sql,65,fn_redeem_vip_points,Historical Declaration; Live Definition Must Be Verified
supabase/migrations/20260806_fn_claim_daily_bonus.sql,89,fn_claim_daily_bonus,Historical Declaration; Live Definition Must Be Verified
supabase/migrations/20260806_fn_claim_daily_bonus.sql,201,fn_daily_bonus_status,Historical Declaration; Live Definition Must Be Verified
supabase/migrations/20260806_fn_claim_special_bonus.sql,62,fn_claim_special_bonus,Historical Declaration; Live Definition Must Be Verified
supabase/migrations/20260806_fn_raise_financial_alert.sql,16,fn_raise_financial_alert,Historical Declaration; Live Definition Must Be Verified
supabase/migrations/20260806_fn_raise_server_financial_alert.sql,39,fn_raise_server_financial_alert,Historical Declaration; Live Definition Must Be Verified
supabase/migrations/20260807_m17_admin_money_rpcs.sql,53,fn_admin_kick_player,Historical Declaration; Live Definition Must Be Verified
supabase/migrations/20260807_m17_admin_money_rpcs.sql,132,fn_admin_close_table,Historical Declaration; Live Definition Must Be Verified
supabase/migrations/20260807_m17_admin_money_rpcs.sql,205,fn_admin_remove_tournament_player,Historical Declaration; Live Definition Must Be Verified
supabase/migrations/20260807_m17_admin_money_rpcs.sql,279,fn_resolve_dispute,Historical Declaration; Live Definition Must Be Verified
supabase/migrations/20260807_m17_admin_money_rpcs.sql,389,fn_pay_credit_invoice_from_wallet,Historical Declaration; Live Definition Must Be Verified
supabase/migrations/20260807_m19_fn_unregister_from_tournament.sql,59,fn_unregister_from_tournament,Historical Declaration; Live Definition Must Be Verified
supabase/migrations/20260808_m4_chip_supply_snapshots.sql,110,fn_snapshot_chip_supply,Historical Declaration; Live Definition Must Be Verified
supabase/migrations/20260816_engine_table_leases.sql,65,claim_table_lease,Historical Declaration; Live Definition Must Be Verified
supabase/migrations/20260816_engine_table_leases.sql,134,heartbeat_table_leases,Historical Declaration; Live Definition Must Be Verified
supabase/migrations/20260816_engine_table_leases.sql,156,release_table_leases,Historical Declaration; Live Definition Must Be Verified
supabase/migrations/20260816_hand_history_90d_retention.sql,42,sp_prune_hand_history,Historical Declaration; Live Definition Must Be Verified
supabase/migrations/20260816_hand_state_snapshots_retention.sql,44,sp_prune_hand_state_snapshots,Historical Declaration; Live Definition Must Be Verified
supabase/migrations/20260818_time_bank_20s_per_use.sql,23,fn_time_bank_allowance,Historical Declaration; Live Definition Must Be Verified
supabase/migrations/20260818_time_bank_20s_per_use.sql,62,fn_consume_time_bank,Historical Declaration; Live Definition Must Be Verified
supabase/migrations/20260819_audit_trail_club_settings_triggers.sql,68,fn_audit_actor_role,Historical Declaration; Live Definition Must Be Verified
supabase/migrations/20260819_audit_trail_club_settings_triggers.sql,93,fn_audit_club_settings_change,Historical Declaration; Live Definition Must Be Verified
supabase/migrations/20260819_audit_trail_club_settings_triggers.sql,157,fn_audit_club_member_change,Historical Declaration; Live Definition Must Be Verified
supabase/migrations/20260819_ca_player_stats_full_rpc.sql,39,ca_player_stats_full,Historical Declaration; Live Definition Must Be Verified
supabase/migrations/20260819_club_dashboard_rpcs.sql,72,trg_hand_history_club_member_stats,Historical Declaration; Live Definition Must Be Verified
supabase/migrations/20260819_club_dashboard_rpcs.sql,133,ca_backfill_club_member_stats,Historical Declaration; Live Definition Must Be Verified
supabase/migrations/20260819_club_dashboard_rpcs.sql,183,ca_club_top_players,Historical Declaration; Live Definition Must Be Verified
supabase/migrations/20260819_club_dashboard_rpcs.sql,221,ca_club_dashboard_stats,Historical Declaration; Live Definition Must Be Verified
supabase/migrations/20260819_club_dashboard_rpcs.sql,286,ca_club_activity,Historical Declaration; Live Definition Must Be Verified
supabase/migrations/20260819_first_club_creation_bonus.sql,39,fn_grant_first_club_bonus,Historical Declaration; Live Definition Must Be Verified
supabase/migrations/20260819_fn_register_horse_for_tournament.sql,17,fn_register_horse_for_tournament,Historical Declaration; Live Definition Must Be Verified
supabase/migrations/20260819_fn_union_weekly_rakeback_close.sql,33,fn_union_weekly_rakeback_close,Historical Declaration; Live Definition Must Be Verified
supabase/migrations/20260819_fn_union_weekly_rakeback_close.sql,172,fn_execute_union_rakeback,Historical Declaration; Live Definition Must Be Verified
supabase/migrations/20260819_per_user_concurrent_table_cap.sql,29,atomic_table_buyin,Historical Declaration; Live Definition Must Be Verified
supabase/migrations/20260819b_club_dashboard_stats_correctness.sql,115,trg_hand_history_club_member_stats,Historical Declaration; Live Definition Must Be Verified
supabase/migrations/20260819b_club_dashboard_stats_correctness.sql,211,ca_rebuild_club_member_stats_table,Historical Declaration; Live Definition Must Be Verified
supabase/migrations/20260819b_club_dashboard_stats_correctness.sql,308,ca_rebuild_club_member_stats,Historical Declaration; Live Definition Must Be Verified
supabase/migrations/20260819b_club_dashboard_stats_correctness.sql,348,ca_can_view_club,Historical Declaration; Live Definition Must Be Verified
supabase/migrations/20260819b_club_dashboard_stats_correctness.sql,373,ca_club_top_players,Historical Declaration; Live Definition Must Be Verified
supabase/migrations/20260819b_club_dashboard_stats_correctness.sql,425,ca_club_dashboard_stats,Historical Declaration; Live Definition Must Be Verified
supabase/migrations/20260819b_club_dashboard_stats_correctness.sql,510,ca_club_activity,Historical Declaration; Live Definition Must Be Verified
supabase/migrations/20260819c_club_assets_bucket_delete_audit_logo_watch.sql,66,fn_audit_club_delete,Historical Declaration; Live Definition Must Be Verified
supabase/migrations/20260819c_club_assets_bucket_delete_audit_logo_watch.sql,103,fn_audit_club_settings_change,Historical Declaration; Live Definition Must Be Verified
supabase/migrations/20260819c_club_dashboard_stats_final.sql,72,trg_hand_history_club_member_stats,Historical Declaration; Live Definition Must Be Verified
supabase/migrations/20260819c_club_dashboard_stats_final.sql,187,ca_rebuild_club_member_stats_table,Historical Declaration; Live Definition Must Be Verified
supabase/migrations/20260819c_club_dashboard_stats_final.sql,308,ca_rebuild_club_member_stats,Historical Declaration; Live Definition Must Be Verified
supabase/migrations/20260819d_club_dashboard_members_rpc.sql,23,ca_club_members,Historical Declaration; Live Definition Must Be Verified
supabase/migrations/20260819e_club_dashboard_rebuild_perf.sql,32,ca_rebuild_club_member_stats,Historical Declaration; Live Definition Must Be Verified
supabase/migrations/20260819e_club_dashboard_rebuild_perf.sql,71,ca_rebuild_club_member_stats_table,Historical Declaration; Live Definition Must Be Verified
supabase/migrations/20260819e_fn_club_deletion_impact.sql,25,fn_club_deletion_impact,Historical Declaration; Live Definition Must Be Verified
supabase/migrations/20260819f_club_dashboard_attribution_exposed.sql,35,ca_rebuild_club_member_stats,Historical Declaration; Live Definition Must Be Verified
supabase/migrations/20260819f_club_dashboard_attribution_exposed.sql,91,ca_club_top_players,Historical Declaration; Live Definition Must Be Verified
supabase/migrations/20260819g_leaderboard_real_profit_pipeline.sql,66,fn_fold_hand_winnings,Historical Declaration; Live Definition Must Be Verified
supabase/migrations/20260819g_leaderboard_real_profit_pipeline.sql,113,promo_apply_playthrough,Historical Declaration; Live Definition Must Be Verified
supabase/migrations/20260819g_leaderboard_real_profit_pipeline.sql,183,fn_club_leaderboard_period_v2,Historical Declaration; Live Definition Must Be Verified
supabase/migrations/20260819g_leaderboard_real_profit_pipeline.sql,262,fn_global_leaderboard_period,Historical Declaration; Live Definition Must Be Verified
supabase/migrations/20260819g_leaderboard_real_profit_pipeline.sql,362,fn_user_rank_global_period,Historical Declaration; Live Definition Must Be Verified
supabase/migrations/20260819h_club_dashboard_members_sort_role.sql,32,ca_club_members,Historical Declaration; Live Definition Must Be Verified
supabase/migrations/20260819h_leaderboard_loss_gate_fail_closed.sql,24,promo_apply_playthrough,Historical Declaration; Live Definition Must Be Verified
supabase/migrations/20260819i_club_dashboard_conservation_first.sql,52,trg_hand_history_club_member_stats,Historical Declaration; Live Definition Must Be Verified
supabase/migrations/20260819i_club_dashboard_conservation_first.sql,160,ca_rebuild_club_member_stats_table,Historical Declaration; Live Definition Must Be Verified
supabase/migrations/20260819j_club_hand_daily_rollup.sql,75,ca_backfill_club_hand_daily,Historical Declaration; Live Definition Must Be Verified
supabase/migrations/20260819j_club_hand_daily_rollup.sql,124,ca_club_dashboard_stats,Historical Declaration; Live Definition Must Be Verified
supabase/migrations/20260819j_leaderboard_correctness_pass.sql,59,fn_fold_hand_winnings,Historical Declaration; Live Definition Must Be Verified
supabase/migrations/20260819j_leaderboard_correctness_pass.sql,107,fn_snapshot_player_stats,Historical Declaration; Live Definition Must Be Verified
supabase/migrations/20260819j_leaderboard_correctness_pass.sql,133,fn_club_leaderboard_period_v2,Historical Declaration; Live Definition Must Be Verified
supabase/migrations/20260819j_leaderboard_correctness_pass.sql,221,fn_global_leaderboard_period,Historical Declaration; Live Definition Must Be Verified
supabase/migrations/20260819k_club_dashboard_revenue_tournaments.sql,28,ca_club_revenue,Historical Declaration; Live Definition Must Be Verified
supabase/migrations/20260819k_club_dashboard_revenue_tournaments.sql,84,ca_club_tournaments,Historical Declaration; Live Definition Must Be Verified
supabase/migrations/20260819k_union_leaderboard_v2_parity.sql,28,fn_union_leaderboard_period_v2,Historical Declaration; Live Definition Must Be Verified
supabase/migrations/20260819l_club_stats_resumable_rebuild_and_maintenance.sql,66,ca_rebuild_table_chunk,Historical Declaration; Live Definition Must Be Verified
supabase/migrations/20260819l_club_stats_resumable_rebuild_and_maintenance.sql,241,ca_drain_club_rebuild,Historical Declaration; Live Definition Must Be Verified
supabase/migrations/20260819l_club_stats_resumable_rebuild_and_maintenance.sql,293,ca_clubs_with_rebuild_backlog,Historical Declaration; Live Definition Must Be Verified
supabase/migrations/20260819l_club_stats_resumable_rebuild_and_maintenance.sql,312,ca_clubs_missing_hand_daily,Historical Declaration; Live Definition Must Be Verified
supabase/migrations/20260819l_leaderboard_bb100_pagination.sql,52,fn_fold_hand_winnings,Historical Declaration; Live Definition Must Be Verified
supabase/migrations/20260819l_leaderboard_bb100_pagination.sql,103,fn_snapshot_player_stats,Historical Declaration; Live Definition Must Be Verified
supabase/migrations/20260819l_leaderboard_bb100_pagination.sql,130,fn_leaderboard_snapshot_gaps,Historical Declaration; Live Definition Must Be Verified
supabase/migrations/20260819l_leaderboard_bb100_pagination.sql,147,fn_club_leaderboard_period_v2,Historical Declaration; Live Definition Must Be Verified
supabase/migrations/20260819l_leaderboard_bb100_pagination.sql,228,fn_global_leaderboard_period,Historical Declaration; Live Definition Must Be Verified
supabase/migrations/20260819l_leaderboard_bb100_pagination.sql,316,update_player_hand_stats,Historical Declaration; Live Definition Must Be Verified
supabase/migrations/20260820_bbj_winner_hand_detail.sql,64,fn_bbj_recent_hits,Historical Declaration; Live Definition Must Be Verified
supabase/migrations/20260820_bbj_winner_hand_detail.sql,175,fn_bbj_hand_detail,Historical Declaration; Live Definition Must Be Verified
supabase/migrations/20260820_ca_player_hands_drilldown.sql,22,ca_player_hands,Historical Declaration; Live Definition Must Be Verified
supabase/migrations/20260820_spin_reserve_pool.sql,151,fn_spin_reserve_state,Historical Declaration; Live Definition Must Be Verified
supabase/migrations/20260820_spin_reserve_pool.sql,172,fn_spin_reserve_seed,Historical Declaration; Live Definition Must Be Verified
supabase/migrations/20260820_spin_reserve_pool.sql,215,fn_spin_draw_multiplier,Historical Declaration; Live Definition Must Be Verified
supabase/migrations/20260820_spin_reserve_pool.sql,293,fn_spin_settle_game,Historical Declaration; Live Definition Must Be Verified
supabase/migrations/20260820_whole_number_tournament_buyins_rpc.sql,76,fn_create_tournament,Historical Declaration; Live Definition Must Be Verified
supabase/migrations/20260820a_relink_rake_record_to_hand.sql,26,fn_relink_rake_record_to_hand,Historical Declaration; Live Definition Must Be Verified
supabase/migrations/20260820a_user_rank_derives_from_board.sql,29,fn_user_rank_period,Historical Declaration; Live Definition Must Be Verified
supabase/migrations/20260820a_user_rank_derives_from_board.sql,53,fn_user_rank_global_period,Historical Declaration; Live Definition Must Be Verified
supabase/migrations/20260820b_stop_club_table_count_trigger_storm.sql,77,fn_live_table_count,Historical Declaration; Live Definition Must Be Verified
supabase/migrations/20260820b_stop_club_table_count_trigger_storm.sql,111,fn_sync_club_table_counts,Historical Declaration; Live Definition Must Be Verified
supabase/migrations/20260820bb_daily_challenge_foundations.sql,46,assign_user_challenges,Historical Declaration; Live Definition Must Be Verified
supabase/migrations/20260820c_challenge_catalog_single_source_of_truth.sql,43,get_or_assign_challenges,Historical Declaration; Live Definition Must Be Verified
supabase/migrations/20260820c_hand_history_keep_human_hands_forever.sql,73,sp_prune_hand_history,Historical Declaration; Live Definition Must Be Verified
supabase/migrations/20260820d_bump_challenge_progress.sql,25,bump_challenge_progress,Historical Declaration; Live Definition Must Be Verified
supabase/migrations/20260820f_rakeback_recompute_conflict_target.sql,24,fn_rakeback_recompute_periods,Historical Declaration; Live Definition Must Be Verified
supabase/migrations/20260820f_review_hardening_prune_relink_and_count_drift.sql,36,sp_prune_hand_history,Historical Declaration; Live Definition Must Be Verified
supabase/migrations/20260820f_review_hardening_prune_relink_and_count_drift.sql,105,fn_hand_history_prune_skip_depth,Historical Declaration; Live Definition Must Be Verified
supabase/migrations/20260820f_review_hardening_prune_relink_and_count_drift.sql,129,fn_relink_rake_record_to_hand,Historical Declaration; Live Definition Must Be Verified
supabase/migrations/20260820f_review_hardening_prune_relink_and_count_drift.sql,194,fn_sync_club_table_counts,Historical Declaration; Live Definition Must Be Verified
supabase/migrations/20260820f_review_hardening_prune_relink_and_count_drift.sql,247,fn_sync_union_membership_table_counts,Historical Declaration; Live Definition Must Be Verified
supabase/migrations/20260820f_review_hardening_prune_relink_and_count_drift.sql,277,fn_reconcile_club_table_counts,Historical Declaration; Live Definition Must Be Verified
supabase/migrations/20260820g_bound_prune_skip_depth_probe.sql,17,fn_hand_history_prune_skip_depth,Historical Declaration; Live Definition Must Be Verified
supabase/migrations/20260821_active_counts_one_club_at_a_time.sql,50,fn_batch_active_player_counts,Historical Declaration; Live Definition Must Be Verified
supabase/migrations/20260821_active_counts_one_club_at_a_time.sql,88,fn_seat_club_for_user,Historical Declaration; Live Definition Must Be Verified
supabase/migrations/20260821_active_player_counts_one_definition.sql,41,fn_batch_active_player_counts,Historical Declaration; Live Definition Must Be Verified
supabase/migrations/20260821_active_player_counts_one_definition.sql,63,fn_union_active_player_counts,Historical Declaration; Live Definition Must Be Verified
supabase/migrations/20260821_ca_player_class_hands.sql,24,ca_player_class_hands,Historical Declaration; Live Definition Must Be Verified
supabase/migrations/20260821_ca_stats_rpcs.sql,42,ca_assert_self,Historical Declaration; Live Definition Must Be Verified
supabase/migrations/20260821_ca_stats_rpcs.sql,70,ca_player_ev_curve,Historical Declaration; Live Definition Must Be Verified
supabase/migrations/20260821_ca_stats_rpcs.sql,149,ca_player_hand_grid,Historical Declaration; Live Definition Must Be Verified
supabase/migrations/20260821_ca_stats_rpcs.sql,228,ca_player_nemesis,Historical Declaration; Live Definition Must Be Verified
supabase/migrations/20260821_ca_stats_rpcs.sql,362,ca_refresh_stat_distribution,Historical Declaration; Live Definition Must Be Verified
supabase/migrations/20260821_fn_batch_active_member_counts.sql,7,fn_batch_active_player_counts,Historical Declaration; Live Definition Must Be Verified
supabase/migrations/20260821_fn_cashier_claim_back.sql,22,fn_cashier_claim_back,Historical Declaration; Live Definition Must Be Verified
supabase/migrations/20260821_fn_cashier_send_chips.sql,27,fn_cashier_send_chips,Historical Declaration; Live Definition Must Be Verified
supabase/migrations/20260821_fn_mint_chips_from_diamonds.sql,26,fn_mint_chips_from_diamonds,Historical Declaration; Live Definition Must Be Verified
supabase/migrations/20260821_fn_purchase_time_banks_bulk.sql,24,fn_purchase_time_banks,Historical Declaration; Live Definition Must Be Verified
supabase/migrations/20260821_leaderboard_by_dates_rpcs.sql,3,fn_club_leaderboard_by_dates,Historical Declaration; Live Definition Must Be Verified
supabase/migrations/20260821_leaderboard_by_dates_rpcs.sql,55,fn_user_rank_by_dates,Historical Declaration; Live Definition Must Be Verified
supabase/migrations/20260821_leaderboard_by_dates_rpcs.sql,69,fn_global_leaderboard_by_dates,Historical Declaration; Live Definition Must Be Verified
supabase/migrations/20260821_leaderboard_by_dates_rpcs.sql,128,fn_user_rank_global_by_dates,Historical Declaration; Live Definition Must Be Verified
supabase/migrations/20260821_leaderboard_settings_and_payouts.sql,57,fn_payout_leaderboard,Historical Declaration; Live Definition Must Be Verified
supabase/migrations/20260821_leaderboard_settings_and_payouts_update.sql,1,fn_payout_leaderboard,Historical Declaration; Live Definition Must Be Verified
supabase/migrations/20260821_library_only_avatars.sql,100,fn_is_photo_avatar,Historical Declaration; Live Definition Must Be Verified
supabase/migrations/20260821_library_only_avatars.sql,132,fn_pick_library_avatar,Historical Declaration; Live Definition Must Be Verified
supabase/migrations/20260821_release_seats_on_tournament_finish_trigger.sql,34,fn_release_seats_on_tournament_finish,Historical Declaration; Live Definition Must Be Verified
supabase/migrations/20260821_specific_challenge_catalog.sql,181,bump_challenge_progress,Historical Declaration; Live Definition Must Be Verified
supabase/migrations/20260821_specific_challenge_catalog.sql,258,bump_challenge_progress,Historical Declaration; Live Definition Must Be Verified
supabase/migrations/20260821_stamp_seat_club_enforces_one_club.sql,29,fn_stamp_seat_club,Historical Declaration; Live Definition Must Be Verified
supabase/migrations/20260821a_whole_dollar_check_to_insert_trigger.sql,34,fn_enforce_whole_dollar_buyin,Historical Declaration; Live Definition Must Be Verified
supabase/migrations/20260821b_clear_sitout_on_seat_turnover.sql,20,fn_clear_sitout_on_turnover,Historical Declaration; Live Definition Must Be Verified
supabase/migrations/20260821d_seat_first_spins_and_heads_up.sql,32,fn_take_seat_and_buy_in,Historical Declaration; Live Definition Must Be Verified
supabase/migrations/20260821e_seat_is_a_reservation_and_leaving_refunds.sql,33,fn_take_seat_and_buy_in,Historical Declaration; Live Definition Must Be Verified
supabase/migrations/20260821e_seat_is_a_reservation_and_leaving_refunds.sql,166,fn_leave_seat_and_refund,Historical Declaration; Live Definition Must Be Verified
supabase/migrations/20260821f_raise_cash_table_cap_to_six.sql,17,atomic_table_buyin,Historical Declaration; Live Definition Must Be Verified
supabase/migrations/20260822023309_fn_club_tournament_stats_server_side_aggregation.sql,29,fn_club_tournament_stats,Historical Declaration; Live Definition Must Be Verified
supabase/migrations/20260822030000_union_level_spin_reserve_wallet.sql,118,fn_spin_reserve_owner,Historical Declaration; Live Definition Must Be Verified
supabase/migrations/20260822030000_union_level_spin_reserve_wallet.sql,133,fn_spin_reserve_pool,Historical Declaration; Live Definition Must Be Verified
supabase/migrations/20260822030000_union_level_spin_reserve_wallet.sql,309,fn_spin_reserve_state,Historical Declaration; Live Definition Must Be Verified
supabase/migrations/20260822030000_union_level_spin_reserve_wallet.sql,324,fn_spin_reserve_seed,Historical Declaration; Live Definition Must Be Verified
supabase/migrations/20260822030000_union_level_spin_reserve_wallet.sql,357,fn_spin_reserve_seed_from_union,Historical Declaration; Live Definition Must Be Verified
supabase/migrations/20260822030000_union_level_spin_reserve_wallet.sql,423,fn_spin_reserve_wallet_fund,Historical Declaration; Live Definition Must Be Verified
supabase/migrations/20260822030000_union_level_spin_reserve_wallet.sql,480,fn_spin_draw_multiplier,Historical Declaration; Live Definition Must Be Verified
supabase/migrations/20260822030000_union_level_spin_reserve_wallet.sql,552,fn_spin_settle_game,Historical Declaration; Live Definition Must Be Verified
supabase/migrations/20260822100100_tournament_schedules.sql,78,fn_can_manage_tournament_schedule,Historical Declaration; Live Definition Must Be Verified
supabase/migrations/20260822100100_tournament_schedules.sql,108,fn_upsert_tournament_schedule,Historical Declaration; Live Definition Must Be Verified
supabase/migrations/20260822100100_tournament_schedules.sql,235,fn_delete_tournament_schedule,Historical Declaration; Live Definition Must Be Verified
supabase/migrations/20260822100200_fn_create_tournament_parity.sql,58,fn_create_tournament,Historical Declaration; Live Definition Must Be Verified
supabase/migrations/20260822100300_fn_register_parity.sql,74,fn_register_for_tournament,Historical Declaration; Live Definition Must Be Verified
supabase/migrations/20260822100300_fn_register_parity.sql,255,fn_register_horse_for_tournament,Historical Declaration; Live Definition Must Be Verified
supabase/migrations/20260822100400_fn_final_table_deal.sql,99,fn_final_table_deal,Historical Declaration; Live Definition Must Be Verified
supabase/migrations/20260822151000_fn_profiles_ungranted_client_columns.sql,34,fn_profiles_ungranted_client_columns,Historical Declaration; Live Definition Must Be Verified
supabase/migrations/20260822190000_credit_player_wallet_once.sql,61,fn_credit_player_wallet_once,Historical Declaration; Live Definition Must Be Verified
supabase/migrations/20260822190000_credit_player_wallet_once.sql,147,credit_player_wallet,Historical Declaration; Live Definition Must Be Verified
supabase/migrations/20260822190000_credit_player_wallet_once.sql,178,fn_credit_and_log,Historical Declaration; Live Definition Must Be Verified
supabase/migrations/20260822191000_spin_null_multiplier_repair.sql,83,fn_spin_repair_missing_multiplier,Historical Declaration; Live Definition Must Be Verified
supabase/migrations/20260822191000_spin_null_multiplier_repair.sql,162,fn_spin_sweep_unbooked,Historical Declaration; Live Definition Must Be Verified
supabase/migrations/20260822210000_horse_mind_stats_persistence.sql,48,upsert_horse_mind_stats,Historical Declaration; Live Definition Must Be Verified
supabase/migrations/20260822210000_spin_reserve_wallet_fund_op.sql,136,fn_spin_reserve_wallet_fund_op,Historical Declaration; Live Definition Must Be Verified
supabase/migrations/20260822233000_prune_snapshots_bounded_scan.sql,26,sp_prune_hand_state_snapshots,Historical Declaration; Live Definition Must Be Verified
supabase/migrations/20260822235000_horse_mind_pairs_persistence.sql,45,upsert_horse_mind_pairs,Historical Declaration; Live Definition Must Be Verified
supabase/migrations/20260822_club_roles_rpcs.sql,4,ca_club_grantable_roles,Historical Declaration; Live Definition Must Be Verified
supabase/migrations/20260822_club_roles_rpcs.sql,78,fn_club_set_member_role,Historical Declaration; Live Definition Must Be Verified
supabase/migrations/20260822b_cash_tables_needing_engine.sql,30,cash_tables_needing_engine,Historical Declaration; Live Definition Must Be Verified
supabase/migrations/20260823000000_fix_entry_split_no_default_rake.sql,20,fn_tournament_entry_split,Historical Declaration; Live Definition Must Be Verified
supabase/migrations/20260823000_spins_and_bbj_config.sql,9,fn_audit_club_settings_change,Historical Declaration; Live Definition Must Be Verified
supabase/migrations/20260823010000_fn_award_satellite_seat.sql,28,fn_award_satellite_seat,Historical Declaration; Live Definition Must Be Verified
supabase/migrations/20260823020000_db_saturation_selftest.sql,46,fn_db_saturation_selftest,Historical Declaration; Live Definition Must Be Verified
supabase/migrations/20260823020000_tournament_player_name_respects_alias.sql,25,fn_player_display_name,Historical Declaration; Live Definition Must Be Verified
supabase/migrations/20260823020000_tournament_player_name_respects_alias.sql,38,trg_tournament_player_name,Historical Declaration; Live Definition Must Be Verified
supabase/migrations/20260823040000_selftest_analyze_check_survives_restart.sql,20,fn_db_saturation_selftest,Historical Declaration; Live Definition Must Be Verified
supabase/migrations/20260823050000_rls_on_by_default.sql,84,fn_rls_on_new_public_table,Historical Declaration; Live Definition Must Be Verified
supabase/migrations/20260823050000_strip_horse_names_from_human_profiles.sql,59,fn_reject_horse_name_on_human,Historical Declaration; Live Definition Must Be Verified
supabase/migrations/20260823060000_selftest_detects_colliding_maintenance_jobs.sql,25,fn_cron_field,Historical Declaration; Live Definition Must Be Verified
supabase/migrations/20260823060000_selftest_detects_colliding_maintenance_jobs.sql,64,fn_db_saturation_selftest,Historical Declaration; Live Definition Must Be Verified
supabase/migrations/20260823070000_spin_seat_first_integrity.sql,60,fn_enforce_tournament_capacity,Historical Declaration; Live Definition Must Be Verified
supabase/migrations/20260823090000_club_member_counts_are_public_and_correct.sql,44,fn_batch_club_member_counts,Historical Declaration; Live Definition Must Be Verified
supabase/migrations/20260823090000_club_member_counts_are_public_and_correct.sql,111,fn_batch_club_member_counts,Historical Declaration; Live Definition Must Be Verified
supabase/migrations/20260823103000_union_tournament_creation_parity.sql,58,fn_create_tournament,Historical Declaration; Live Definition Must Be Verified
supabase/migrations/20260823110000_union_rake_weekly_rollup.sql,52,trg_union_rake_weekly,Historical Declaration; Live Definition Must Be Verified
supabase/migrations/20260823110000_union_rake_weekly_rollup.sql,81,fn_union_rake_weekly_verify,Historical Declaration; Live Definition Must Be Verified
supabase/migrations/20260823120000_current_players_is_counted_not_narrated.sql,39,fn_sync_tournament_current_players,Historical Declaration; Live Definition Must Be Verified
supabase/migrations/20260823130000_selftest_watches_rake_rollup_drift.sql,21,fn_db_saturation_selftest,Historical Declaration; Live Definition Must Be Verified
supabase/migrations/20260823140000_club_bank_cashier.sql,41,fn_club_bank_role,Historical Declaration; Live Definition Must Be Verified
supabase/migrations/20260823140000_club_bank_cashier.sql,64,fn_can_use_club_bank,Historical Declaration; Live Definition Must Be Verified
supabase/migrations/20260823140000_club_bank_cashier.sql,99,fn_club_bank_send,Historical Declaration; Live Definition Must Be Verified
supabase/migrations/20260823140000_club_bank_cashier.sql,305,fn_club_bank_ledger,Historical Declaration; Live Definition Must Be Verified
supabase/migrations/20260823140000_spin_wallet_per_owner.sql,72,fn_spin_required_seed,Historical Declaration; Live Definition Must Be Verified
supabase/migrations/20260823140000_spin_wallet_per_owner.sql,80,fn_spin_owner_kind,Historical Declaration; Live Definition Must Be Verified
supabase/migrations/20260823140000_spin_wallet_per_owner.sql,87,fn_spin_move_owner_wallet,Historical Declaration; Live Definition Must Be Verified
supabase/migrations/20260823140000_spin_wallet_per_owner.sql,119,fn_spin_activate,Historical Declaration; Live Definition Must Be Verified
supabase/migrations/20260823140000_spin_wallet_per_owner.sql,190,fn_spin_deactivate,Historical Declaration; Live Definition Must Be Verified
supabase/migrations/20260823140000_spin_wallet_per_owner.sql,211,fn_spin_owner_can_open,Historical Declaration; Live Definition Must Be Verified
supabase/migrations/20260823140000_spin_wallet_per_owner.sql,223,fn_spin_owner_state,Historical Declaration; Live Definition Must Be Verified
supabase/migrations/20260823140000_spin_wallet_per_owner.sql,261,fn_spin_settle_game,Historical Declaration; Live Definition Must Be Verified
supabase/migrations/20260823140500_spin_settle_body_matches_repo.sql,21,fn_spin_settle_game,Historical Declaration; Live Definition Must Be Verified
supabase/migrations/20260823160000_spin_wallet_hardening.sql,89,fn_spin_reserve_seed_from_union,Historical Declaration; Live Definition Must Be Verified
supabase/migrations/20260823160000_spin_wallet_hardening.sql,182,fn_spin_activate,Historical Declaration; Live Definition Must Be Verified
supabase/migrations/20260823160000_spin_wallet_hardening.sql,284,fn_spin_owner_state,Historical Declaration; Live Definition Must Be Verified
supabase/migrations/20260823160000_spin_wallet_hardening.sql,324,fn_spin_settle_game,Historical Declaration; Live Definition Must Be Verified
supabase/migrations/20260823170000_club_bank_idempotency_and_reversal.sql,51,fn_club_bank_send,Historical Declaration; Live Definition Must Be Verified
supabase/migrations/20260823170000_club_bank_idempotency_and_reversal.sql,235,fn_club_bank_reverse,Historical Declaration; Live Definition Must Be Verified
supabase/migrations/20260823170000_club_bank_idempotency_and_reversal.sql,385,fn_club_bank_ledger,Historical Declaration; Live Definition Must Be Verified
supabase/migrations/20260823170000_get_club_home_single_round_trip.sql,37,get_club_home,Historical Declaration; Live Definition Must Be Verified
supabase/migrations/20260823180000_club_bank_membership_status.sql,37,fn_club_bank_role,Historical Declaration; Live Definition Must Be Verified
supabase/migrations/20260823180000_get_club_home_narrow_club_projection.sql,26,get_club_home,Historical Declaration; Live Definition Must Be Verified
supabase/migrations/20260823210000_throttle_every_table_and_guard_it.sql,40,fn_unthrottled_autovacuum_tables,Historical Declaration; Live Definition Must Be Verified
supabase/migrations/20260823250000_wallet_claim_back.sql,7,fn_wallet_claim_back,Historical Declaration; Live Definition Must Be Verified
supabase/migrations/20260823260000_club_home_union_tournaments.sql,32,fn_club_home_in_scope,Historical Declaration; Live Definition Must Be Verified
supabase/migrations/20260823260000_club_home_union_tournaments.sql,44,get_club_home,Historical Declaration; Live Definition Must Be Verified
supabase/migrations/20260823270000_late_registration_takes_a_seat.sql,78,fn_seat_late_registrant,Historical Declaration; Live Definition Must Be Verified
supabase/migrations/20260823270000_late_registration_takes_a_seat.sql,223,fn_register_for_tournament,Historical Declaration; Live Definition Must Be Verified
supabase/migrations/20260823280000_get_club_home_was_never_run.sql,67,fn_club_home_in_scope,Historical Declaration; Live Definition Must Be Verified
supabase/migrations/20260823280000_get_club_home_was_never_run.sql,91,get_club_home,Historical Declaration; Live Definition Must Be Verified
supabase/migrations/20260823280000_spin_seat_lifecycle.sql,33,fn_sync_seat_first_player_count,Historical Declaration; Live Definition Must Be Verified
supabase/migrations/20260823280000_spin_seat_lifecycle.sql,68,fn_clear_table_seats,Historical Declaration; Live Definition Must Be Verified
supabase/migrations/20260823280000_spin_seat_lifecycle.sql,92,fn_clear_seats_on_game_end,Historical Declaration; Live Definition Must Be Verified
supabase/migrations/20260823280000_spin_seat_lifecycle.sql,136,fn_take_seat_and_buy_in,Historical Declaration; Live Definition Must Be Verified
supabase/migrations/20260823310000_seat_first_games_that_can_never_be_joined.sql,38,fn_seat_horse_in_seat_first_game,Historical Declaration; Live Definition Must Be Verified
supabase/migrations/20260823310000_seat_first_games_that_can_never_be_joined.sql,135,fn_repair_seat_first_games,Historical Declaration; Live Definition Must Be Verified
supabase/migrations/20260823320000_club_home_own_members_and_live_players.sql,37,get_club_home,Historical Declaration; Live Definition Must Be Verified
supabase/migrations/20260823330000_one_definition_of_how_full_a_seat_first_game_is.sql,32,fn_seat_horse_in_seat_first_game,Historical Declaration; Live Definition Must Be Verified
supabase/migrations/20260823340000_hand_history_stops_serialising_on_one_row.sql,57,trg_hand_history_club_member_stats,Historical Declaration; Live Definition Must Be Verified
supabase/migrations/20260823350000_club_members_overview_perf.sql,9,ca_club_members_overview,Historical Declaration; Live Definition Must Be Verified
supabase/migrations/20260823360000_club_members_fix_and_fees.sql,8,ca_club_members_overview,Historical Declaration; Live Definition Must Be Verified
supabase/migrations/20260823360000_club_members_fix_and_fees.sql,190,ca_club_member_detail,Historical Declaration; Live Definition Must Be Verified
supabase/migrations/20260823370000_get_source.sql,1,get_func_source,Historical Declaration; Live Definition Must Be Verified
supabase/migrations/20260823390000_stats_perf.sql,1,ca_player_ev_curve,Historical Declaration; Live Definition Must Be Verified
supabase/migrations/20260823390000_stats_perf.sql,82,ca_player_hand_grid,Historical Declaration; Live Definition Must Be Verified
supabase/migrations/20260823390000_stats_perf.sql,144,ca_player_nemesis,Historical Declaration; Live Definition Must Be Verified
supabase/migrations/20260823390000_stats_perf.sql,233,ca_club_my_downline,Historical Declaration; Live Definition Must Be Verified
supabase/migrations/20260823390000_stats_perf.sql,326,ca_player_stats_full,Historical Declaration; Live Definition Must Be Verified
supabase/migrations/20260823_01_player_number_guarantee.sql,33,fn_next_player_number,Historical Declaration; Live Definition Must Be Verified
supabase/migrations/20260823_01_player_number_guarantee.sql,74,trg_profiles_assign_player_number,Historical Declaration; Live Definition Must Be Verified
supabase/migrations/20260823_02_member_fee_rollup.sql,88,fn_refresh_member_fee_rollup,Historical Declaration; Live Definition Must Be Verified
supabase/migrations/20260823_03_club_members_overview.sql,40,fn_club_scope_ids,Historical Declaration; Live Definition Must Be Verified
supabase/migrations/20260823_03_club_members_overview.sql,70,ca_touch_member_fee_rollup,Historical Declaration; Live Definition Must Be Verified
supabase/migrations/20260823_03_club_members_overview.sql,95,ca_club_members_overview,Historical Declaration; Live Definition Must Be Verified
supabase/migrations/20260823_04_member_management_rpcs.sql,72,ca_club_member_detail,Historical Declaration; Live Definition Must Be Verified
supabase/migrations/20260823_04_member_management_rpcs.sql,285,ca_club_member_statistics,Historical Declaration; Live Definition Must Be Verified
supabase/migrations/20260823_04_member_management_rpcs.sql,378,ca_club_member_downline,Historical Declaration; Live Definition Must Be Verified
supabase/migrations/20260823_05_promo_vault.sql,163,fn_promo_vault_visible,Historical Declaration; Live Definition Must Be Verified
supabase/migrations/20260823_05_promo_vault.sql,228,fn_promo_vault_can_manage,Historical Declaration; Live Definition Must Be Verified
supabase/migrations/20260823_05_promo_vault.sql,264,ca_promo_vault_catalog,Historical Declaration; Live Definition Must Be Verified
supabase/migrations/20260823_05_promo_vault.sql,315,ca_promo_vault_buy,Historical Declaration; Live Definition Must Be Verified
supabase/migrations/20260823_05_promo_vault.sql,434,ca_promo_vault_grant,Historical Declaration; Live Definition Must Be Verified
supabase/migrations/20260823_05_promo_vault.sql,536,ca_promo_vault_records,Historical Declaration; Live Definition Must Be Verified
supabase/migrations/20260823_bbj_recent_hits_perf.sql,14,fn_bbj_recent_hits,Historical Declaration; Live Definition Must Be Verified
supabase/migrations/20260823_buy_streak_freeze.sql,40,buy_streak_freeze,Historical Declaration; Live Definition Must Be Verified
supabase/migrations/20260823_cashier_and_tickets.sql,23,fn_issue_tournament_ticket,Historical Declaration; Live Definition Must Be Verified
supabase/migrations/20260823_engine_leadership.sql,37,claim_engine_leadership,Historical Declaration; Live Definition Must Be Verified
supabase/migrations/20260823_engine_leadership.sql,84,release_engine_leadership,Historical Declaration; Live Definition Must Be Verified
supabase/migrations/20260823_engine_tournament_leases.sql,36,claim_tournament_lease,Historical Declaration; Live Definition Must Be Verified
supabase/migrations/20260823_engine_tournament_leases.sql,86,heartbeat_tournament_leases,Historical Declaration; Live Definition Must Be Verified
supabase/migrations/20260823_engine_tournament_leases.sql,101,release_tournament_leases,Historical Declaration; Live Definition Must Be Verified
supabase/migrations/20260823_fn_purchase_time_banks_balance_key.sql,34,fn_purchase_time_banks,Historical Declaration; Live Definition Must Be Verified
supabase/migrations/20260823_seat_first_counts_cannot_drift.sql,68,fn_seat_change_syncs_seat_first_count,Historical Declaration; Live Definition Must Be Verified
supabase/migrations/20260824010000_ca_rpc_hotfixes.sql,174,ca_club_my_downline,Historical Declaration; Live Definition Must Be Verified
supabase/migrations/20260824020000_claim_back_idempotency_and_super_agent_scope.sql,81,fn_cashier_claim_back,Historical Declaration; Live Definition Must Be Verified
supabase/migrations/20260824020000_spins_deal_again.sql,48,fn_credit_stalled_seat_first_stacks,Historical Declaration; Live Definition Must Be Verified
supabase/migrations/20260824020100_a_zero_chip_field_is_never_a_result.sql,48,fn_refuse_zero_chip_field_elimination,Historical Declaration; Live Definition Must Be Verified
supabase/migrations/20260824020200_reconcile_tournament_denormals.sql,40,fn_reconcile_tournament_denormals,Historical Declaration; Live Definition Must Be Verified
supabase/migrations/20260824050000_horse_seating_uses_the_live_table.sql,21,fn_seat_horse_in_seat_first_game,Historical Declaration; Live Definition Must Be Verified
supabase/migrations/20260824070000_the_occupied_table_is_the_real_table.sql,87,fn_tournament_primary_table,Historical Declaration; Live Definition Must Be Verified
supabase/migrations/20260824070000_the_occupied_table_is_the_real_table.sql,113,fn_sync_seat_first_player_count,Historical Declaration; Live Definition Must Be Verified
supabase/migrations/20260824070000_the_occupied_table_is_the_real_table.sql,145,fn_seat_horse_in_seat_first_game,Historical Declaration; Live Definition Must Be Verified
supabase/migrations/20260824070000_the_occupied_table_is_the_real_table.sql,229,fn_reconcile_tournament_denormals,Historical Declaration; Live Definition Must Be Verified
supabase/migrations/20260824070000_the_occupied_table_is_the_real_table.sql,368,fn_sweep_seatless_late_registrants,Historical Declaration; Live Definition Must Be Verified
supabase/migrations/20260824100000_claim_back_promo_send_wallet_ledger.sql,49,fn_club_bank_claim_back,Historical Declaration; Live Definition Must Be Verified
supabase/migrations/20260824100000_claim_back_promo_send_wallet_ledger.sql,236,fn_promo_wallet_send,Historical Declaration; Live Definition Must Be Verified
supabase/migrations/20260824100000_claim_back_promo_send_wallet_ledger.sql,423,fn_my_wallet_ledger,Historical Declaration; Live Definition Must Be Verified
supabase/migrations/20260824_consolidate_time_banks.sql,2,fn_purchase_time_banks,Historical Declaration; Live Definition Must Be Verified
supabase/migrations/20260824_four_table_limit_is_a_hard_rule.sql,64,fn_enforce_four_table_limit,Historical Declaration; Live Definition Must Be Verified
supabase/migrations/20260824_perf_bbj_record_contribution_indexable_lookups.sql,96,bbj_record_contribution,Historical Declaration; Live Definition Must Be Verified
supabase/migrations/20260825002915_20260824192818_optimize_member_fee_rollup.sql,6,fn_refresh_member_fee_rollup,Historical Declaration; Live Definition Must Be Verified
supabase/migrations/20260825003014_20260824192956_optimize_prune_hand_history.sql,6,sp_prune_hand_history,Historical Declaration; Live Definition Must Be Verified
supabase/migrations/20260825011905_20260825_perf_sync_tournament_chips_skip_noop_writes.sql,68,fn_sync_tournament_chips,Historical Declaration; Live Definition Must Be Verified
supabase/migrations/20260825013028_20260825_perf_rakeback_stats_batch_set_based.sql,56,fn_apply_rakeback_player_stats_batch,Historical Declaration; Live Definition Must Be Verified
supabase/migrations/20260825013344_fee_rollup_materialize_ctes_and_restore_uuid_guard.sql,38,fn_refresh_member_fee_rollup,Historical Declaration; Live Definition Must Be Verified
supabase/migrations/20260825020452_prune_hand_history_uuid_guard_matches_its_own_comment.sql,34,sp_prune_hand_history,Historical Declaration; Live Definition Must Be Verified
supabase/migrations/20260825084743_seat_the_player_before_claiming_the_seat.sql,30,fn_seat_horse_in_seat_first_game,Historical Declaration; Live Definition Must Be Verified
supabase/migrations/20260825084743_seat_the_player_before_claiming_the_seat.sql,118,fn_release_phantom_seat_claims,Historical Declaration; Live Definition Must Be Verified
supabase/migrations/20260825085250_a_vacated_seat_can_be_sat_in_again.sql,33,fn_seat_horse_in_seat_first_game,Historical Declaration; Live Definition Must Be Verified
supabase/migrations/20260825090000_seat_the_player_before_claiming_the_seat.sql,30,fn_seat_horse_in_seat_first_game,Historical Declaration; Live Definition Must Be Verified
supabase/migrations/20260825090000_seat_the_player_before_claiming_the_seat.sql,118,fn_release_phantom_seat_claims,Historical Declaration; Live Definition Must Be Verified
supabase/migrations/20260825091500_a_vacated_seat_can_be_sat_in_again.sql,33,fn_seat_horse_in_seat_first_game,Historical Declaration; Live Definition Must Be Verified
supabase/migrations/20260825120000_avatar_cosmetics_ownership_guard.sql,67,sp_normalize_cosmetic_token,Historical Declaration; Live Definition Must Be Verified
supabase/migrations/20260825120000_avatar_cosmetics_ownership_guard.sql,76,sp_cosmetic_is_owned,Historical Declaration; Live Definition Must Be Verified
supabase/migrations/20260825120000_avatar_cosmetics_ownership_guard.sql,131,sp_guard_avatar_cosmetics,Historical Declaration; Live Definition Must Be Verified
supabase/migrations/20260825183943_role_scoped_cashier_scope_and_members.sql,6,fn_club_cashier_scope,Historical Declaration; Live Definition Must Be Verified
supabase/migrations/20260825183943_role_scoped_cashier_scope_and_members.sql,29,fn_club_cashier_can_transact,Historical Declaration; Live Definition Must Be Verified
supabase/migrations/20260825183943_role_scoped_cashier_scope_and_members.sql,58,fn_club_cashier_members,Historical Declaration; Live Definition Must Be Verified
supabase/migrations/20260825184056_agent_wallet_send_claim_back_and_admin_pull.sql,6,fn_agent_wallet_send,Historical Declaration; Live Definition Must Be Verified
supabase/migrations/20260825184056_agent_wallet_send_claim_back_and_admin_pull.sql,195,fn_agent_wallet_claim_back,Historical Declaration; Live Definition Must Be Verified
supabase/migrations/20260825184056_agent_wallet_send_claim_back_and_admin_pull.sql,380,fn_agent_wallet_reversible,Historical Declaration; Live Definition Must Be Verified
supabase/migrations/20260825184056_agent_wallet_send_claim_back_and_admin_pull.sql,429,fn_admin_remove_player_chips,Historical Declaration; Live Definition Must Be Verified
supabase/migrations/20260825184204_cashout_escrow_rpcs_and_scoped_read_policies.sql,33,fn_cashout_request,Historical Declaration; Live Definition Must Be Verified
supabase/migrations/20260825184204_cashout_escrow_rpcs_and_scoped_read_policies.sql,171,fn_cashout_approve,Historical Declaration; Live Definition Must Be Verified
supabase/migrations/20260825184204_cashout_escrow_rpcs_and_scoped_read_policies.sql,303,fn_cashout_release,Historical Declaration; Live Definition Must Be Verified
supabase/migrations/20260825184204_cashout_escrow_rpcs_and_scoped_read_policies.sql,434,fn_cashout_queue,Historical Declaration; Live Definition Must Be Verified
supabase/migrations/20260825191156_stats_hand_rollup_set_based_facts.sql,34,ca_hand_player_facts,Historical Declaration; Live Definition Must Be Verified
supabase/migrations/20260825192304_mystery_bounty_seed_and_reserve.sql,6,fn_mystery_bounty_seed,Historical Declaration; Live Definition Must Be Verified
supabase/migrations/20260825192304_mystery_bounty_seed_and_reserve.sql,109,fn_mystery_bounty_reserve,Historical Declaration; Live Definition Must Be Verified
supabase/migrations/20260825192344_mystery_bounty_reveal_pay_settle.sql,6,fn_mystery_bounty_reveal,Historical Declaration; Live Definition Must Be Verified
supabase/migrations/20260825192344_mystery_bounty_reveal_pay_settle.sql,62,fn_mystery_bounty_pay,Historical Declaration; Live Definition Must Be Verified
supabase/migrations/20260825192344_mystery_bounty_reveal_pay_settle.sql,140,fn_mystery_bounty_settle,Historical Declaration; Live Definition Must Be Verified
supabase/migrations/20260825192427_rollup_facts_by_time_range.sql,27,ca_hand_player_facts,Historical Declaration; Live Definition Must Be Verified
supabase/migrations/20260825192427_rollup_facts_by_time_range.sql,215,ca_roll_hand_stats,Historical Declaration; Live Definition Must Be Verified
supabase/migrations/20260825192434_mystery_bounty_reads_collect_guard_grants.sql,6,fn_mystery_bounty_inventory,Historical Declaration; Live Definition Must Be Verified
supabase/migrations/20260825192434_mystery_bounty_reads_collect_guard_grants.sql,37,fn_mystery_bounty_awards,Historical Declaration; Live Definition Must Be Verified
supabase/migrations/20260825192434_mystery_bounty_reads_collect_guard_grants.sql,81,fn_mystery_bounty_leaderboard,Historical Declaration; Live Definition Must Be Verified
supabase/migrations/20260825192434_mystery_bounty_reads_collect_guard_grants.sql,106,fn_collect_bounty,Historical Declaration; Live Definition Must Be Verified
supabase/migrations/20260825192744_rollup_builder_returns_hands_consumed.sql,11,ca_roll_hand_stats,Historical Declaration; Live Definition Must Be Verified
supabase/migrations/20260825193058_rollup_forward_roll.sql,17,ca_roll_hand_stats_forward,Historical Declaration; Live Definition Must Be Verified
supabase/migrations/20260825193256_fn_consume_rabbit_hunt_numeric_balance.sql,8,fn_consume_rabbit_hunt,Historical Declaration; Live Definition Must Be Verified
supabase/migrations/20260825213830_rollup_facts_optional_user_filter.sql,24,ca_hand_player_facts,Historical Declaration; Live Definition Must Be Verified
supabase/migrations/20260825214012_stats_rpc_tail_asks_for_one_player.sql,17,ca_player_stats_full,Historical Declaration; Live Definition Must Be Verified
supabase/migrations/20260825215002_bbj_decomposition_excludes_restored_pools.sql,24,fn_bbj_gap_decomposition,Historical Declaration; Live Definition Must Be Verified
supabase/migrations/20260825215353_notification_action_url_backfill.sql,30,fn_notification_action_url,Historical Declaration; Live Definition Must Be Verified
supabase/migrations/20260825215353_notification_action_url_backfill.sql,117,fn_notification_fill_action_url,Historical Declaration; Live Definition Must Be Verified
supabase/migrations/20260825215537_notification_action_url_encode_username.sql,22,fn_url_encode_segment,Historical Declaration; Live Definition Must Be Verified
supabase/migrations/20260825215537_notification_action_url_encode_username.sql,38,fn_notification_action_url,Historical Declaration; Live Definition Must Be Verified
supabase/migrations/20260825221458_bbj_promo_bank_conservation_check.sql,31,fn_bbj_promo_bank_check,Historical Declaration; Live Definition Must Be Verified
supabase/migrations/20260825230304_club_home_returns_lobby_flags_and_drops_settings.sql,27,get_club_home,Historical Declaration; Live Definition Must Be Verified
supabase/migrations/20260825230930_club_home_names_the_owning_club.sql,21,get_club_home,Historical Declaration; Live Definition Must Be Verified
supabase/migrations/20260825232014_fn_club_member_counts_one_scan_correct_for_everyone.sql,33,fn_club_member_counts,Historical Declaration; Live Definition Must Be Verified
supabase/migrations/20260825300000_send_and_ticket_idempotency.sql,75,fn_cashier_send_chips,Historical Declaration; Live Definition Must Be Verified
supabase/migrations/20260825300000_send_and_ticket_idempotency.sql,228,fn_issue_tournament_ticket,Historical Declaration; Live Definition Must Be Verified
supabase/migrations/20260825400000_capture_live_bounty_function_definitions.sql,22,fn_collect_bounty,Historical Declaration; Live Definition Must Be Verified
supabase/migrations/20260825400000_capture_live_bounty_function_definitions.sql,138,fn_finalize_bounty_pool,Historical Declaration; Live Definition Must Be Verified
supabase/migrations/20260825400000_stats_hand_rollup.sql,76,ca_hand_player_facts,Historical Declaration; Live Definition Must Be Verified
supabase/migrations/20260825400000_stats_hand_rollup.sql,386,ca_roll_hand_stats,Historical Declaration; Live Definition Must Be Verified
supabase/migrations/20260825400000_stats_hand_rollup.sql,475,ca_roll_hand_stats_forward,Historical Declaration; Live Definition Must Be Verified
supabase/migrations/20260825400000_stats_hand_rollup.sql,530,ca_prune_hand_player_stat,Historical Declaration; Live Definition Must Be Verified
supabase/migrations/20260825410000_mystery_bounty_chest_inventory.sql,162,fn_mystery_bounty_seed,Historical Declaration; Live Definition Must Be Verified
supabase/migrations/20260825410000_mystery_bounty_chest_inventory.sql,289,fn_mystery_bounty_reserve,Historical Declaration; Live Definition Must Be Verified
supabase/migrations/20260825410000_mystery_bounty_chest_inventory.sql,477,fn_mystery_bounty_reveal,Historical Declaration; Live Definition Must Be Verified
supabase/migrations/20260825410000_mystery_bounty_chest_inventory.sql,539,fn_mystery_bounty_pay,Historical Declaration; Live Definition Must Be Verified
supabase/migrations/20260825410000_mystery_bounty_chest_inventory.sql,625,fn_mystery_bounty_settle,Historical Declaration; Live Definition Must Be Verified
supabase/migrations/20260825410000_mystery_bounty_chest_inventory.sql,696,fn_mystery_bounty_inventory,Historical Declaration; Live Definition Must Be Verified
supabase/migrations/20260825410000_mystery_bounty_chest_inventory.sql,727,fn_mystery_bounty_awards,Historical Declaration; Live Definition Must Be Verified
supabase/migrations/20260825410000_mystery_bounty_chest_inventory.sql,771,fn_mystery_bounty_leaderboard,Historical Declaration; Live Definition Must Be Verified
supabase/migrations/20260825410000_mystery_bounty_chest_inventory.sql,815,fn_collect_bounty,Historical Declaration; Live Definition Must Be Verified
supabase/migrations/20260825410000_stats_rpc_reads_the_rollup.sql,31,ca_player_stats_full,Historical Declaration; Live Definition Must Be Verified
supabase/migrations/20260825420000_stop_drawing_mystery_bounties_at_registration.sql,36,fn_register_for_tournament,Historical Declaration; Live Definition Must Be Verified
supabase/migrations/20260825420000_stop_drawing_mystery_bounties_at_registration.sql,197,fn_register_horse_for_tournament,Historical Declaration; Live Definition Must Be Verified
supabase/migrations/20260825420000_stop_drawing_mystery_bounties_at_registration.sql,333,fn_apply_mystery_bounty_config,Historical Declaration; Live Definition Must Be Verified
supabase/migrations/20260825440000_forward_roll_prunes_what_it_touched.sql,32,ca_roll_hand_stats_forward,Historical Declaration; Live Definition Must Be Verified
supabase/migrations/20260825460000_fn_get_club_member_count_actually_bypasses_rls.sql,54,fn_get_club_member_count,Historical Declaration; Live Definition Must Be Verified
supabase/migrations/20260825470000_fn_club_member_counts_one_scan.sql,28,fn_club_member_counts,Historical Declaration; Live Definition Must Be Verified
supabase/migrations/20260825520000_hand_pots_and_bounty_table_state.sql,73,fn_mystery_bounty_table_state,Historical Declaration; Live Definition Must Be Verified
supabase/migrations/20260825600000_player_history_splits_prize_from_bounty.sql,35,ca_player_stats_full,Historical Declaration; Live Definition Must Be Verified
supabase/migrations/20260825700000_club_members_agent_id_no_cycles.sql,55,fn_club_members_no_agent_cycle,Historical Declaration; Live Definition Must Be Verified
supabase/migrations/20260825_allow_self_transfers_and_role_transfers.sql,4,atomic_chip_transfer,Historical Declaration; Live Definition Must Be Verified
supabase/migrations/20260825_allow_self_transfers_and_role_transfers.sql,70,fn_transfer_chips,Historical Declaration; Live Definition Must Be Verified
supabase/migrations/20260825_allow_self_transfers_and_role_transfers.sql,134,fn_club_bank_send,Historical Declaration; Live Definition Must Be Verified
supabase/migrations/20260825_allow_self_transfers_and_role_transfers.sql,312,fn_club_bank_claim_back,Historical Declaration; Live Definition Must Be Verified
supabase/migrations/20260825_bbj_visible_to_all_lobby_viewers.sql,42,fn_club_money_panel,Historical Declaration; Live Definition Must Be Verified
supabase/migrations/20260825_chips_cannot_leave_the_felt_unnoticed.sql,69,fn_log_seat_stack_exit,Historical Declaration; Live Definition Must Be Verified
supabase/migrations/20260825_chips_cannot_leave_the_felt_unnoticed.sql,118,fn_unaccounted_seat_exits,Historical Declaration; Live Definition Must Be Verified
supabase/migrations/20260825_chips_cannot_leave_the_felt_unnoticed.sql,153,fn_club_chip_circulation,Historical Declaration; Live Definition Must Be Verified
supabase/migrations/20260825_club_home_returns_lobby_flags_and_names_the_club.sql,33,get_club_home,Historical Declaration; Live Definition Must Be Verified
supabase/migrations/20260825_feature_pricing_integrity.sql,66,fn_purchase_feature,Historical Declaration; Live Definition Must Be Verified
supabase/migrations/20260825_fn_consume_rabbit_hunt.sql,37,fn_consume_rabbit_hunt,Historical Declaration; Live Definition Must Be Verified
supabase/migrations/20260825_launch_table_from_template_copies_the_whole_row.sql,28,fn_launch_table_from_template,Historical Declaration; Live Definition Must Be Verified
supabase/migrations/20260825_legacy_cashout_route_fns_use_agent_wallet_and_escrow.sql,45,fn_request_cashout,Historical Declaration; Live Definition Must Be Verified
supabase/migrations/20260825_legacy_cashout_route_fns_use_agent_wallet_and_escrow.sql,134,fn_approve_cashout_atomic,Historical Declaration; Live Definition Must Be Verified
supabase/migrations/20260825_legacy_cashout_route_fns_use_agent_wallet_and_escrow.sql,231,fn_cancel_cashout_atomic,Historical Declaration; Live Definition Must Be Verified
supabase/migrations/20260825_nit_game_vpip_rules_are_enforced.sql,54,fn_nit_check,Historical Declaration; Live Definition Must Be Verified
supabase/migrations/20260825_nit_game_vpip_rules_are_enforced.sql,136,fn_nit_evictions,Historical Declaration; Live Definition Must Be Verified
supabase/migrations/20260825_one_live_seat_per_tournament.sql,42,fn_guard_one_live_tournament_seat,Historical Declaration; Live Definition Must Be Verified
supabase/migrations/20260825_perf_fee_rollup_materialize_ctes.sql,42,fn_refresh_member_fee_rollup,Historical Declaration; Live Definition Must Be Verified
supabase/migrations/20260825_perf_rakeback_stats_batch_set_based.sql,84,fn_apply_rakeback_player_stats_batch,Historical Declaration; Live Definition Must Be Verified
supabase/migrations/20260825_prune_hand_history_uuid_guard.sql,30,sp_prune_hand_history,Historical Declaration; Live Definition Must Be Verified
supabase/migrations/20260825_role_scoped_cashier_agent_wallet_and_cashout_escrow.sql,81,fn_club_cashier_scope,Historical Declaration; Live Definition Must Be Verified
supabase/migrations/20260825_role_scoped_cashier_agent_wallet_and_cashout_escrow.sql,107,fn_club_cashier_can_transact,Historical Declaration; Live Definition Must Be Verified
supabase/migrations/20260825_role_scoped_cashier_agent_wallet_and_cashout_escrow.sql,148,fn_club_cashier_members,Historical Declaration; Live Definition Must Be Verified
supabase/migrations/20260825_role_scoped_cashier_agent_wallet_and_cashout_escrow.sql,277,fn_agent_wallet_send,Historical Declaration; Live Definition Must Be Verified
supabase/migrations/20260825_role_scoped_cashier_agent_wallet_and_cashout_escrow.sql,478,fn_agent_wallet_claim_back,Historical Declaration; Live Definition Must Be Verified
supabase/migrations/20260825_role_scoped_cashier_agent_wallet_and_cashout_escrow.sql,668,fn_agent_wallet_reversible,Historical Declaration; Live Definition Must Be Verified
supabase/migrations/20260825_role_scoped_cashier_agent_wallet_and_cashout_escrow.sql,733,fn_admin_remove_player_chips,Historical Declaration; Live Definition Must Be Verified
supabase/migrations/20260825_role_scoped_cashier_agent_wallet_and_cashout_escrow.sql,857,fn_cashout_request,Historical Declaration; Live Definition Must Be Verified
supabase/migrations/20260825_role_scoped_cashier_agent_wallet_and_cashout_escrow.sql,1006,fn_cashout_approve,Historical Declaration; Live Definition Must Be Verified
supabase/migrations/20260825_role_scoped_cashier_agent_wallet_and_cashout_escrow.sql,1141,fn_cashout_release,Historical Declaration; Live Definition Must Be Verified
supabase/migrations/20260825_role_scoped_cashier_agent_wallet_and_cashout_escrow.sql,1278,fn_cashout_queue,Historical Declaration; Live Definition Must Be Verified
supabase/migrations/20260825_seat_exit_detector_ignores_tournament_stacks.sql,53,fn_log_seat_stack_exit,Historical Declaration; Live Definition Must Be Verified
supabase/migrations/20260825_seat_exit_detector_ignores_tournament_stacks.sql,100,fn_unaccounted_seat_exits,Historical Declaration; Live Definition Must Be Verified
supabase/migrations/20260825_table_lifecycle_auto_restart_extension_create.sql,55,fn_clone_table_row,Historical Declaration; Live Definition Must Be Verified
supabase/migrations/20260825_table_lifecycle_auto_restart_extension_create.sql,99,fn_launch_table_from_template,Historical Declaration; Live Definition Must Be Verified
supabase/migrations/20260825_table_lifecycle_auto_restart_extension_create.sql,145,fn_table_lifecycle_pass,Historical Declaration; Live Definition Must Be Verified
supabase/migrations/20260825_vip_only_tables_are_actually_vip_only.sql,37,atomic_table_buyin,Historical Declaration; Live Definition Must Be Verified
supabase/migrations/20260825_vip_reward_catalog.sql,113,fn_redeem_vip_points,Historical Declaration; Live Definition Must Be Verified
supabase/migrations/20260826000000_secure_club_roster_rpcs.sql,6,ca_club_members_overview,Historical Declaration; Live Definition Must Be Verified
supabase/migrations/20260826000000_secure_club_roster_rpcs.sql,200,ca_club_member_detail,Historical Declaration; Live Definition Must Be Verified
supabase/migrations/20260826020000_hand_history_compact_the_empty_pages.sql,91,fn_hand_history_bloat,Historical Declaration; Live Definition Must Be Verified
supabase/migrations/20260826020000_hand_history_compact_the_empty_pages.sql,129,sp_compact_hand_history,Historical Declaration; Live Definition Must Be Verified
supabase/migrations/20260826020146_20260826020113_bbj_recent_hits_add_table_id.sql,9,fn_bbj_recent_hits,Historical Declaration; Live Definition Must Be Verified
supabase/migrations/20260826021000_compaction_resumes_where_it_stopped.sql,42,sp_compact_hand_history,Historical Declaration; Live Definition Must Be Verified
supabase/migrations/20260826025000_cashout_closing_legs_return_the_escrow_not_the_request.sql,60,fn_cashout_release,Historical Declaration; Live Definition Must Be Verified
supabase/migrations/20260826025000_cashout_closing_legs_return_the_escrow_not_the_request.sql,233,fn_expire_stale_cashouts,Historical Declaration; Live Definition Must Be Verified
supabase/migrations/20260826030000_money_paths_that_could_run_twice_or_destroy_chips.sql,164,fn_admin_remove_player_chips,Historical Declaration; Live Definition Must Be Verified
supabase/migrations/20260826030000_money_paths_that_could_run_twice_or_destroy_chips.sql,292,fn_mint_chips_from_diamonds,Historical Declaration; Live Definition Must Be Verified
supabase/migrations/20260826030000_profit_reconcile_must_conserve_chips.sql,102,fn_club_profit_conservation,Historical Declaration; Live Definition Must Be Verified
supabase/migrations/20260826030000_profit_reconcile_must_conserve_chips.sql,152,fn_reconcile_club_member_daily_profit,Historical Declaration; Live Definition Must Be Verified
supabase/migrations/20260826031000_fix_fn_join_club_role.sql,1,fn_join_club,Historical Declaration; Live Definition Must Be Verified
supabase/migrations/20260826040000_get_club_home_spin_multiplier.sql,3,get_club_home,Historical Declaration; Live Definition Must Be Verified
supabase/migrations/20260826040305_hand_history_prune_without_write_amplification.sql,22,sp_prune_hand_history,Historical Declaration; Live Definition Must Be Verified
supabase/migrations/20260826040305_hand_history_prune_without_write_amplification.sql,108,fn_hand_history_prune_backlog,Historical Declaration; Live Definition Must Be Verified
supabase/migrations/20260826040305_hand_history_prune_without_write_amplification.sql,145,fn_hand_history_bloat_report,Historical Declaration; Live Definition Must Be Verified
supabase/migrations/20260826040347_tournament_chips_are_not_club_profit.sql,6,trg_hand_history_club_member_stats,Historical Declaration; Live Definition Must Be Verified
supabase/migrations/20260826045457_fn_cashout_release_returns_the_escrow_not_the_request.sql,6,fn_cashout_release,Historical Declaration; Live Definition Must Be Verified
supabase/migrations/20260826045514_fn_expire_stale_cashouts_stops_truncating_and_releases_the_hold.sql,6,fn_expire_stale_cashouts,Historical Declaration; Live Definition Must Be Verified
supabase/migrations/20260826050050_fn_admin_remove_player_chips_cannot_pull_twice_on_a_retry.sql,18,fn_admin_remove_player_chips,Historical Declaration; Live Definition Must Be Verified
supabase/migrations/20260826050226_fn_mint_chips_from_diamonds_cannot_burn_diamonds_twice.sql,25,fn_mint_chips_from_diamonds,Historical Declaration; Live Definition Must Be Verified
supabase/migrations/20260826051017_20260826000000_secure_club_roster_rpcs.sql,8,ca_club_members_overview,Historical Declaration; Live Definition Must Be Verified
supabase/migrations/20260826051017_20260826000000_secure_club_roster_rpcs.sql,202,ca_club_member_detail,Historical Declaration; Live Definition Must Be Verified
supabase/migrations/20260826085000_fix_player_referral_redemption.sql,7,fn_redeem_club_invite_code,Historical Declaration; Live Definition Must Be Verified
supabase/migrations/20260826100000_fix_seat_sitout_and_waitlist_badges.sql,18,fn_new_seat_clear_sitout,Historical Declaration; Live Definition Must Be Verified
supabase/migrations/20260826100000_fix_seat_sitout_and_waitlist_badges.sql,49,fn_seat_insert_cancel_waitlist,Historical Declaration; Live Definition Must Be Verified
supabase/migrations/20260826140030_proper_settlement_locks.sql,3,fn_union_weekly_rakeback_close,Historical Declaration; Live Definition Must Be Verified
supabase/migrations/20260826140030_proper_settlement_locks.sql,138,fn_union_settlement_cascade,Historical Declaration; Live Definition Must Be Verified
supabase/migrations/20260826140030_proper_settlement_locks.sql,221,fn_finalize_settlement_period,Historical Declaration; Live Definition Must Be Verified
supabase/migrations/20260826140030_proper_settlement_locks.sql,242,fn_run_pending_rakeback_settlement,Historical Declaration; Live Definition Must Be Verified
supabase/migrations/20260826140030_proper_settlement_locks.sql,254,fn_settle_round2_club_to_agents,Historical Declaration; Live Definition Must Be Verified
supabase/migrations/20260826140030_proper_settlement_locks.sql,270,fn_settle_round3_agents_to_players,Historical Declaration; Live Definition Must Be Verified
supabase/migrations/20260826144505_horse_hand_reviews.sql,81,fn_hhr_rollup_add,Historical Declaration; Live Definition Must Be Verified
supabase/migrations/20260826144505_horse_hand_reviews.sql,113,fn_is_horse_admin,Historical Declaration; Live Definition Must Be Verified
supabase/migrations/20260826144505_horse_hand_reviews.sql,124,ca_horse_hand_reviews,Historical Declaration; Live Definition Must Be Verified
supabase/migrations/20260826144505_horse_hand_reviews.sql,157,ca_horse_review_summary,Historical Declaration; Live Definition Must Be Verified
supabase/migrations/20260826144505_horse_hand_reviews.sql,205,sp_prune_horse_hand_reviews,Historical Declaration; Live Definition Must Be Verified
supabase/migrations/20260826150000_atomic_table_rebuy_security_definer.sql,21,atomic_table_rebuy,Historical Declaration; Live Definition Must Be Verified
supabase/migrations/20260826150000_atomic_table_rebuy_security_definer.sql,115,atomic_table_rebuy,Historical Declaration; Live Definition Must Be Verified
supabase/migrations/20260826151027_an_addon_that_cannot_apply_must_not_debit.sql,46,atomic_table_addon,Historical Declaration; Live Definition Must Be Verified
supabase/migrations/20260826151309_horse_daily_audit.sql,36,fn_run_horse_daily_audit,Historical Declaration; Live Definition Must Be Verified
supabase/migrations/20260826151309_horse_daily_audit.sql,252,fn_horse_audit_set_agent_analysis,Historical Declaration; Live Definition Must Be Verified
supabase/migrations/20260826151309_horse_daily_audit.sql,263,ca_horse_daily_audit,Historical Declaration; Live Definition Must Be Verified
supabase/migrations/20260826151310_20260826_fix_unaccounted_seat_exits_lower_bound.sql,6,fn_unaccounted_seat_exits,Historical Declaration; Live Definition Must Be Verified
supabase/migrations/20260826151345_20260826_retire_dead_leave_rpcs_and_fix_tabclose_pool.sql,6,player_leave_table,Historical Declaration; Live Definition Must Be Verified
supabase/migrations/20260826151459_lobby_publishes_48h_of_card.sql,80,get_club_home,Historical Declaration; Live Definition Must Be Verified
supabase/migrations/20260826160001_fix_review_summary_numeric_order.sql,8,ca_horse_review_summary,Historical Declaration; Live Definition Must Be Verified
supabase/migrations/20260826170508_horse_daily_nets.sql,35,fn_horse_daily_nets_add,Historical Declaration; Live Definition Must Be Verified
supabase/migrations/20260826170508_horse_daily_nets.sql,65,sp_prune_horse_hand_reviews,Historical Declaration; Live Definition Must Be Verified
supabase/migrations/20260826170922_deep_read_stats.sql,20,upsert_horse_mind_stats,Historical Declaration; Live Definition Must Be Verified
supabase/migrations/20260826172851_20260826_invite_redemption_never_ran.sql,67,fn_redeem_club_invite_code,Historical Declaration; Live Definition Must Be Verified
supabase/migrations/20260826174902_brain_telemetry.sql,28,fn_brain_telemetry_add,Historical Declaration; Live Definition Must Be Verified
supabase/migrations/20260826174902_brain_telemetry.sql,48,ca_brain_telemetry,Historical Declaration; Live Definition Must Be Verified
supabase/migrations/20260826174902_brain_telemetry.sql,68,fn_audit_layer_silence,Historical Declaration; Live Definition Must Be Verified
supabase/migrations/20260826174902_brain_telemetry.sql,131,fn_run_horse_daily_audit,Historical Declaration; Live Definition Must Be Verified
supabase/migrations/20260826174955_brain_telemetry_part1.sql,21,fn_brain_telemetry_add,Historical Declaration; Live Definition Must Be Verified
supabase/migrations/20260826174955_brain_telemetry_part1.sql,41,ca_brain_telemetry,Historical Declaration; Live Definition Must Be Verified
supabase/migrations/20260826174955_brain_telemetry_part1.sql,56,fn_audit_layer_silence,Historical Declaration; Live Definition Must Be Verified
supabase/migrations/20260826175031_brain_telemetry_part2_audit_v2.sql,9,fn_run_horse_daily_audit,Historical Declaration; Live Definition Must Be Verified
supabase/migrations/20260826175347_20260826_seat_exit_detector_honours_retroactive_corrections.sql,6,fn_unaccounted_seat_exits,Historical Declaration; Live Definition Must Be Verified
supabase/migrations/20260826180000_satellite_qualifier_badge.sql,10,fn_award_satellite_seat,Historical Declaration; Live Definition Must Be Verified
supabase/migrations/20260826180011_20260826_join_club_blocked_by_an_abandoned_users_table.sql,78,fn_mirror_profile_into_legacy_users,Historical Declaration; Live Definition Must Be Verified
supabase/migrations/20260826192916_20260826_a_new_member_starts_with_nothing.sql,28,fn_membership_starts_with_zero_chips,Historical Declaration; Live Definition Must Be Verified
supabase/migrations/20260826192916_20260826_a_new_member_starts_with_nothing.sql,59,fn_join_club,Historical Declaration; Live Definition Must Be Verified
supabase/migrations/20260826192916_20260826_a_new_member_starts_with_nothing.sql,123,fn_agent_attach_player,Historical Declaration; Live Definition Must Be Verified
supabase/migrations/20260826193038_audit_layer_watch_v17_v18.sql,9,fn_audit_layer_silence,Historical Declaration; Live Definition Must Be Verified
supabase/migrations/20260826202154_list_home_ban_appeals_admin_secdef_and_identity_guard.sql,72,list_home_ban_appeals_admin,Historical Declaration; Live Definition Must Be Verified
supabase/migrations/20260826202739_fn_policy_function_grant_gaps_for_ci.sql,38,fn_policy_function_grant_gaps,Historical Declaration; Live Definition Must Be Verified
supabase/migrations/20260826202819_20260826_a_club_enters_a_union_empty.sql,18,fn_club_union_join_blockers,Historical Declaration; Live Definition Must Be Verified
supabase/migrations/20260826202819_20260826_a_club_enters_a_union_empty.sql,114,fn_enforce_club_enters_union_empty,Historical Declaration; Live Definition Must Be Verified
supabase/migrations/20260826202819_20260826_a_club_enters_a_union_empty.sql,156,fn_grant_first_club_bonus,Historical Declaration; Live Definition Must Be Verified
supabase/migrations/20260826202856_20260826_pb_log_hand_refuses_anonymous_writes.sql,29,pb_log_hand,Historical Declaration; Live Definition Must Be Verified
supabase/migrations/20260826202856_20260826_pb_log_hand_refuses_anonymous_writes.sql,55,pb_log_hand,Historical Declaration; Live Definition Must Be Verified
supabase/migrations/20260826202959_20260826_index_usage_snapshots_so_unused_can_be_proven.sql,58,fn_snapshot_index_usage,Historical Declaration; Live Definition Must Be Verified
supabase/migrations/20260826202959_20260826_index_usage_snapshots_so_unused_can_be_proven.sql,82,fn_truly_unused_indexes,Historical Declaration; Live Definition Must Be Verified
supabase/migrations/20260826204123_20260826_horses_keep_their_chips_into_the_union.sql,21,fn_club_union_join_blockers,Historical Declaration; Live Definition Must Be Verified
supabase/migrations/20260826210835_20260826_pb_log_hand_actually_works.sql,60,pb_log_hand,Historical Declaration; Live Definition Must Be Verified
supabase/migrations/20260826212740_20260826_member_count_is_derived_not_hand_wound.sql,56,fn_sync_club_member_count,Historical Declaration; Live Definition Must Be Verified
supabase/migrations/20260826222516_20260826180000_satellite_qualifier_badge.sql,9,fn_award_satellite_seat,Historical Declaration; Live Definition Must Be Verified
supabase/migrations/20260826_a_club_enters_a_union_empty.sql,68,fn_club_union_join_blockers,Historical Declaration; Live Definition Must Be Verified
supabase/migrations/20260826_a_club_enters_a_union_empty.sql,167,fn_enforce_club_enters_union_empty,Historical Declaration; Live Definition Must Be Verified
supabase/migrations/20260826_a_club_enters_a_union_empty.sql,215,fn_grant_first_club_bonus,Historical Declaration; Live Definition Must Be Verified
supabase/migrations/20260826_a_new_member_starts_with_nothing.sql,96,fn_membership_starts_with_zero_chips,Historical Declaration; Live Definition Must Be Verified
supabase/migrations/20260826_a_new_member_starts_with_nothing.sql,132,fn_join_club,Historical Declaration; Live Definition Must Be Verified
supabase/migrations/20260826_a_new_member_starts_with_nothing.sql,203,fn_agent_attach_player,Historical Declaration; Live Definition Must Be Verified
supabase/migrations/20260826_bbj_recent_hits_fix.sql,4,fn_bbj_recent_hits,Historical Declaration; Live Definition Must Be Verified
supabase/migrations/20260826_buyin_idempotency_double_insert_voided_every_keyed_buyin.sql,45,atomic_table_buyin,Historical Declaration; Live Definition Must Be Verified
supabase/migrations/20260826_cashier_send_out_and_claim_back_audit_fixes.sql,81,fn_ensure_agent_row,Historical Declaration; Live Definition Must Be Verified
supabase/migrations/20260826_cashier_send_out_and_claim_back_audit_fixes.sql,133,fn_agent_wallet_send,Historical Declaration; Live Definition Must Be Verified
supabase/migrations/20260826_cashier_send_out_and_claim_back_audit_fixes.sql,337,fn_agent_wallet_claim_back,Historical Declaration; Live Definition Must Be Verified
supabase/migrations/20260826_cashier_send_out_and_claim_back_audit_fixes.sql,522,fn_club_bank_send,Historical Declaration; Live Definition Must Be Verified
supabase/migrations/20260826_cashier_send_out_and_claim_back_audit_fixes.sql,703,fn_promo_wallet_send,Historical Declaration; Live Definition Must Be Verified
supabase/migrations/20260826_cashier_send_out_and_claim_back_audit_fixes.sql,888,fn_request_chips,Historical Declaration; Live Definition Must Be Verified
supabase/migrations/20260826_cashier_send_out_and_claim_back_audit_fixes.sql,938,fn_respond_chip_request,Historical Declaration; Live Definition Must Be Verified
supabase/migrations/20260826_cashier_send_out_and_claim_back_audit_fixes.sql,1022,fn_issue_tournament_ticket,Historical Declaration; Live Definition Must Be Verified
supabase/migrations/20260826_cashier_send_out_and_claim_back_audit_fixes.sql,1130,fn_cancel_tournament_ticket,Historical Declaration; Live Definition Must Be Verified
supabase/migrations/20260826_cashier_send_out_and_claim_back_audit_fixes.sql,1172,fn_redeem_tournament_ticket,Historical Declaration; Live Definition Must Be Verified
supabase/migrations/20260826_cashier_send_out_and_claim_back_audit_fixes.sql,1216,fn_wallet_claim_back,Historical Declaration; Live Definition Must Be Verified
supabase/migrations/20260826_chat_bans_are_enforced_where_rls_can_see_them.sql,97,fn_table_chat_is_silenced,Historical Declaration; Live Definition Must Be Verified
supabase/migrations/20260826_chat_bans_are_enforced_where_rls_can_see_them.sql,133,fn_club_chat_is_silenced,Historical Declaration; Live Definition Must Be Verified
supabase/migrations/20260826_fix_unaccounted_seat_exits_lower_bound.sql,40,fn_unaccounted_seat_exits,Historical Declaration; Live Definition Must Be Verified
supabase/migrations/20260826_index_usage_snapshots_so_unused_can_be_proven.sql,51,fn_snapshot_index_usage,Historical Declaration; Live Definition Must Be Verified
supabase/migrations/20260826_index_usage_snapshots_so_unused_can_be_proven.sql,72,fn_truly_unused_indexes,Historical Declaration; Live Definition Must Be Verified
supabase/migrations/20260826_invite_redemption_never_ran.sql,63,fn_redeem_club_invite_code,Historical Declaration; Live Definition Must Be Verified
supabase/migrations/20260826_join_club_blocked_by_an_abandoned_users_table.sql,158,fn_mirror_profile_into_legacy_users,Historical Declaration; Live Definition Must Be Verified
supabase/migrations/20260826_member_count_is_derived_not_hand_wound.sql,56,fn_sync_club_member_count,Historical Declaration; Live Definition Must Be Verified
supabase/migrations/20260826_multi_day_mtt_refuses_to_be_set_until_it_is_built.sql,77,fn_tournaments_refuse_unbuilt_multi_day,Historical Declaration; Live Definition Must Be Verified
supabase/migrations/20260826_pb_log_hand_actually_works.sql,69,pb_log_hand,Historical Declaration; Live Definition Must Be Verified
supabase/migrations/20260826_pb_log_hand_refuses_anonymous_writes.sql,38,pb_log_hand,Historical Declaration; Live Definition Must Be Verified
supabase/migrations/20260826_pb_log_hand_refuses_anonymous_writes.sql,64,pb_log_hand,Historical Declaration; Live Definition Must Be Verified
supabase/migrations/20260826_retire_dead_leave_rpcs_and_fix_tabclose_pool.sql,71,player_leave_table,Historical Declaration; Live Definition Must Be Verified
supabase/migrations/20260826_seat_exit_detector_honours_retroactive_corrections.sql,29,fn_unaccounted_seat_exits,Historical Declaration; Live Definition Must Be Verified
supabase/migrations/20260826_the_ledger_going_silent_must_be_loud.sql,49,fn_ledger_liveness,Historical Declaration; Live Definition Must Be Verified
supabase/migrations/20260826_tournament_rake_settlement_integrity.sql,91,fn_settle_tournament_rake,Historical Declaration; Live Definition Must Be Verified
supabase/migrations/20260826_tournament_rake_settlement_integrity.sql,180,fn_sweep_unsettled_tournament_rake,Historical Declaration; Live Definition Must Be Verified
supabase/migrations/20260826_tournament_rake_settlement_integrity.sql,238,process_tournament_rebuy,Historical Declaration; Live Definition Must Be Verified
supabase/migrations/20260826_tournament_rake_settlement_integrity.sql,490,fn_unregister_from_tournament,Historical Declaration; Live Definition Must Be Verified
supabase/migrations/20260826_tournament_rake_settlement_integrity.sql,589,atomic_cancel_tournament,Historical Declaration; Live Definition Must Be Verified
supabase/migrations/20260827000323_rake_rls_initplan_optimisation.sql,75,fn_my_club_ids,Historical Declaration; Live Definition Must Be Verified
supabase/migrations/20260827005711_20260827000000_platform_admins_can_review_ban_appeals.sql,18,review_home_ban_appeal,Historical Declaration; Live Definition Must Be Verified
supabase/migrations/20260827010950_insurance_pnl_in_daily_reports.sql,12,ca_club_revenue,Historical Declaration; Live Definition Must Be Verified
supabase/migrations/20260827010950_insurance_pnl_in_daily_reports.sql,99,ca_union_insurance_pnl,Historical Declaration; Live Definition Must Be Verified
supabase/migrations/20260827011039_make_drift_check_fast_enough_to_run.sql,20,fn_chip_drift_since_baseline,Historical Declaration; Live Definition Must Be Verified
supabase/migrations/20260827011213_drift_check_must_see_debits_too.sql,24,fn_chip_drift_since_baseline,Historical Declaration; Live Definition Must Be Verified
supabase/migrations/20260827061609_retire_dead_pool_reconciliation_and_grant_hardening.sql,51,reconcile_ledger_nightly,Historical Declaration; Live Definition Must Be Verified
supabase/migrations/20260827063121_money_integrity_dead_pool_and_integer_casts.sql,33,atomic_table_withdraw,Historical Declaration; Live Definition Must Be Verified
supabase/migrations/20260827063121_money_integrity_dead_pool_and_integer_casts.sql,94,fn_transfer_chips,Historical Declaration; Live Definition Must Be Verified
supabase/migrations/20260827063121_money_integrity_dead_pool_and_integer_casts.sql,155,distribute_chips,Historical Declaration; Live Definition Must Be Verified
supabase/migrations/20260827090000_three_free_rest_vip_grandfather_and_guard.sql,242,sp_theme_asset_is_owned,Historical Declaration; Live Definition Must Be Verified
supabase/migrations/20260827090000_three_free_rest_vip_grandfather_and_guard.sql,296,trg_user_theme_settings_entitlement,Historical Declaration; Live Definition Must Be Verified
supabase/migrations/20260827110000_house_ads.sql,107,fn_resolve_ads,Historical Declaration; Live Definition Must Be Verified
supabase/migrations/20260827152421_the_unpriced_check_asks_the_right_question.sql,37,fn_unpriced_tournaments,Historical Declaration; Live Definition Must Be Verified
supabase/migrations/20260827153058_audit_league_card_coverage.sql,15,fn_audit_league_coverage,Historical Declaration; Live Definition Must Be Verified
supabase/migrations/20260827153058_audit_league_card_coverage.sql,74,fn_audit_layer_silence_and_coverage,Historical Declaration; Live Definition Must Be Verified
supabase/migrations/20260827153108_owner_start_tournament_early.sql,13,fn_owner_start_tournament_now,Historical Declaration; Live Definition Must Be Verified
supabase/migrations/20260827154047_duplicate_finishing_place_cannot_be_silent.sql,36,trg_tournament_place_collision,Historical Declaration; Live Definition Must Be Verified
supabase/migrations/20260827154047_duplicate_finishing_place_cannot_be_silent.sql,76,fn_recent_place_collisions,Historical Declaration; Live Definition Must Be Verified
supabase/migrations/20260827155010_seat_first_count_sync_is_seat_first_only.sql,30,fn_sync_seat_first_player_count,Historical Declaration; Live Definition Must Be Verified
supabase/migrations/20260827163012_three_free_rest_vip_part3_guard.sql,6,sp_theme_asset_is_owned,Historical Declaration; Live Definition Must Be Verified
supabase/migrations/20260827163012_three_free_rest_vip_part3_guard.sql,25,trg_user_theme_settings_entitlement,Historical Declaration; Live Definition Must Be Verified
supabase/migrations/20260827163553_free_avatar_cosmetics_tier.sql,22,sp_cosmetic_is_owned,Historical Declaration; Live Definition Must Be Verified
supabase/migrations/20260827163617_league_pooling_and_analysis_watchdog.sql,9,fn_league_pooled,Historical Declaration; Live Definition Must Be Verified
supabase/migrations/20260827163617_league_pooling_and_analysis_watchdog.sql,45,fn_audit_league_pooled_findings,Historical Declaration; Live Definition Must Be Verified
supabase/migrations/20260827163617_league_pooling_and_analysis_watchdog.sql,74,fn_audit_analysis_watchdog,Historical Declaration; Live Definition Must Be Verified
supabase/migrations/20260827163617_league_pooling_and_analysis_watchdog.sql,104,fn_audit_layer_silence_and_coverage,Historical Declaration; Live Definition Must Be Verified
supabase/migrations/20260827165933_layer_watch_v19_scale.sql,13,fn_audit_layer_silence,Historical Declaration; Live Definition Must Be Verified
supabase/migrations/20260827171259_horse_lanes_and_overlay_guard.sql,24,fn_assign_horse_lanes,Historical Declaration; Live Definition Must Be Verified
supabase/migrations/20260827171259_horse_lanes_and_overlay_guard.sql,70,fn_overlay_at_risk,Historical Declaration; Live Definition Must Be Verified
supabase/migrations/20260827171259_horse_lanes_and_overlay_guard.sql,116,fn_audit_overlays,Historical Declaration; Live Definition Must Be Verified
supabase/migrations/20260827171259_horse_lanes_and_overlay_guard.sql,154,fn_audit_layer_silence_and_coverage,Historical Declaration; Live Definition Must Be Verified
supabase/migrations/20260827171357_overlay_is_funded_by_the_bank_and_recorded.sql,54,fn_fund_tournament_overlay,Historical Declaration; Live Definition Must Be Verified
supabase/migrations/20260827174656_overlay_in_daily_pnl_reports.sql,11,ca_union_insurance_pnl,Historical Declaration; Live Definition Must Be Verified
supabase/migrations/20260827174656_overlay_in_daily_pnl_reports.sql,102,ca_club_overlay_pnl,Historical Declaration; Live Definition Must Be Verified
supabase/migrations/20260827174722_freeroll_fill_targets.sql,4,fn_freeroll_fill_targets,Historical Declaration; Live Definition Must Be Verified
supabase/migrations/20260827174722_freeroll_fill_targets.sql,26,fn_audit_empty_freerolls,Historical Declaration; Live Definition Must Be Verified
supabase/migrations/20260827174722_freeroll_fill_targets.sql,52,fn_audit_layer_silence_and_coverage,Historical Declaration; Live Definition Must Be Verified
supabase/migrations/20260827175833_jackpot_hands_are_never_pruned.sql,56,sp_prune_hand_history,Historical Declaration; Live Definition Must Be Verified
supabase/migrations/20260827180013_overlay_funds_from_union_bank_first_with_history.sql,45,fn_apply_prize_guarantee,Historical Declaration; Live Definition Must Be Verified
supabase/migrations/20260827180104_overlay_pnl_points_at_canonical_table.sql,12,ca_union_insurance_pnl,Historical Declaration; Live Definition Must Be Verified
supabase/migrations/20260827180104_overlay_pnl_points_at_canonical_table.sql,101,ca_club_overlay_pnl,Historical Declaration; Live Definition Must Be Verified
supabase/migrations/20260827190826_bbj_payouts_link_to_their_hand.sql,37,bbj_atomic_payout_v2,Historical Declaration; Live Definition Must Be Verified
supabase/migrations/20260827191039_house_ads_catalog_and_events.sql,127,fn_resolve_ads,Historical Declaration; Live Definition Must Be Verified
supabase/migrations/20260827192518_bbj_hand_detail_degrades_instead_of_going_dark.sql,33,fn_bbj_hand_detail,Historical Declaration; Live Definition Must Be Verified
supabase/migrations/20260827200000_cashout_must_take_the_lock_the_addon_already_takes.sql,65,atomic_seat_cashout_locked,Historical Declaration; Live Definition Must Be Verified
supabase/migrations/20260827203821_cashout_locked_derives_its_own_idempotency_keys.sql,18,atomic_seat_cashout_locked,Historical Declaration; Live Definition Must Be Verified
supabase/migrations/20260827204232_cashout_locked_key_must_match_postgrest_timestamp_format.sql,28,atomic_seat_cashout_locked,Historical Declaration; Live Definition Must Be Verified
supabase/migrations/20260827212548_a_jackpot_without_its_hand_is_loud.sql,55,fn_log_jackpot_hand_deleted,Historical Declaration; Live Definition Must Be Verified
supabase/migrations/20260827212548_a_jackpot_without_its_hand_is_loud.sql,87,fn_log_jackpot_payout_without_hand,Historical Declaration; Live Definition Must Be Verified
supabase/migrations/20260827212548_a_jackpot_without_its_hand_is_loud.sql,110,fn_bbj_orphaned_payouts,Historical Declaration; Live Definition Must Be Verified
supabase/migrations/20260827212548_a_jackpot_without_its_hand_is_loud.sql,133,fn_bbj_relink_payouts,Historical Declaration; Live Definition Must Be Verified
supabase/migrations/20260827212952_bbj_winners_history_is_pageable.sql,39,fn_bbj_recent_hits,Historical Declaration; Live Definition Must Be Verified
supabase/migrations/20260827214147_balances_are_not_writable_from_the_browser.sql,43,fn_block_browser_balance_writes,Historical Declaration; Live Definition Must Be Verified
supabase/migrations/20260827214147_balances_are_not_writable_from_the_browser.sql,94,fn_block_browser_balance_inserts,Historical Declaration; Live Definition Must Be Verified
supabase/migrations/20260827214249_browser_balance_guard_must_be_security_invoker.sql,17,fn_block_browser_balance_writes,Historical Declaration; Live Definition Must Be Verified
supabase/migrations/20260827214249_browser_balance_guard_must_be_security_invoker.sql,53,fn_block_browser_balance_inserts,Historical Declaration; Live Definition Must Be Verified
supabase/migrations/20260827215322_trivia_atomic_session_entry_20260827.sql,48,create_trivia_session_v2,Historical Declaration; Live Definition Must Be Verified
supabase/migrations/20260827215330_trivia_verified_scores_20260827.sql,54,award_trivia_run_v2,Historical Declaration; Live Definition Must Be Verified
supabase/migrations/20260827215330_trivia_verified_scores_20260827.sql,204,fn_trivia_prize_wheel_spin,Historical Declaration; Live Definition Must Be Verified
supabase/migrations/20260827224315_video_library_phase5_phase6_hardening_v2.sql,8,update_page_preferences,Historical Declaration; Live Definition Must Be Verified
supabase/migrations/20260827224315_video_library_phase5_phase6_hardening_v2.sql,32,record_video_watch_session,Historical Declaration; Live Definition Must Be Verified
supabase/migrations/20260827224315_video_library_phase5_phase6_hardening_v2.sql,108,patch_video_library_preferences,Historical Declaration; Live Definition Must Be Verified
supabase/migrations/20260827224315_video_library_phase5_phase6_hardening_v2.sql,152,record_video_watch_session,Historical Declaration; Live Definition Must Be Verified
supabase/migrations/20260827225945_trivia_phase6_atomic_economy.sql,17,add_diamonds_to_balance,Historical Declaration; Live Definition Must Be Verified
supabase/migrations/20260827225945_trivia_phase6_atomic_economy.sql,149,create_trivia_session_v2,Historical Declaration; Live Definition Must Be Verified
supabase/migrations/20260827225945_trivia_phase6_atomic_economy.sql,281,enter_trivia_tournament_v2,Historical Declaration; Live Definition Must Be Verified
supabase/migrations/20260827225945_trivia_phase6_atomic_economy.sql,348,create_trivia_pvp_session_v2,Historical Declaration; Live Definition Must Be Verified
supabase/migrations/20260827225952_trivia_phase6_settlement_replay.sql,10,record_trivia_session_answer,Historical Declaration; Live Definition Must Be Verified
supabase/migrations/20260827225952_trivia_phase6_settlement_replay.sql,59,award_trivia_run,Historical Declaration; Live Definition Must Be Verified
supabase/migrations/20260827225952_trivia_phase6_settlement_replay.sql,102,award_trivia_run_v2,Historical Declaration; Live Definition Must Be Verified
supabase/migrations/20260827225952_trivia_phase6_settlement_replay.sql,260,fn_trivia_prize_wheel_spin,Historical Declaration; Live Definition Must Be Verified
supabase/migrations/20260827233600_trivia_phase6_server_owned_stats.sql,20,record_trivia_pvp_stats_v2,Historical Declaration; Live Definition Must Be Verified
supabase/migrations/20260827_a_finishing_place_belongs_to_one_player.sql,48,trg_tournament_place_collision,Historical Declaration; Live Definition Must Be Verified
supabase/migrations/20260827_approval_gate_cannot_be_self_served.sql,55,fn_membership_approval_gate,Historical Declaration; Live Definition Must Be Verified
supabase/migrations/20260827_bbj_club_avatars.sql,2,fn_bbj_recent_hits,Historical Declaration; Live Definition Must Be Verified
supabase/migrations/20260827_bbj_full_hand_seed.sql,57,fn_bbj_recent_hits,Historical Declaration; Live Definition Must Be Verified
supabase/migrations/20260827_bbj_full_hand_seed.sql,144,fn_bbj_hand_detail,Historical Declaration; Live Definition Must Be Verified
supabase/migrations/20260827_bbj_hand_detail_full_data_points.sql,23,fn_bbj_hand_detail,Historical Declaration; Live Definition Must Be Verified
supabase/migrations/20260827_bounty_heads_are_funded_not_rolled.sql,52,trg_seed_bounty_head,Historical Declaration; Live Definition Must Be Verified
supabase/migrations/20260827_cashier_phase2_cashout_union_and_reconciliation.sql,65,fn_cashout_request,Historical Declaration; Live Definition Must Be Verified
supabase/migrations/20260827_cashier_phase2_cashout_union_and_reconciliation.sql,208,fn_cashout_approve,Historical Declaration; Live Definition Must Be Verified
supabase/migrations/20260827_cashier_phase2_cashout_union_and_reconciliation.sql,348,fn_cashout_release,Historical Declaration; Live Definition Must Be Verified
supabase/migrations/20260827_cashier_phase2_cashout_union_and_reconciliation.sql,511,fn_expire_stale_cashouts,Historical Declaration; Live Definition Must Be Verified
supabase/migrations/20260827_cashier_phase2_cashout_union_and_reconciliation.sql,601,fn_union_send_to_member,Historical Declaration; Live Definition Must Be Verified
supabase/migrations/20260827_cashier_phase2_cashout_union_and_reconciliation.sql,820,fn_union_distribute_promo,Historical Declaration; Live Definition Must Be Verified
supabase/migrations/20260827_cashier_phase2_cashout_union_and_reconciliation.sql,910,reconcile_ledger_nightly,Historical Declaration; Live Definition Must Be Verified
supabase/migrations/20260827_cashier_phase3_mint_status_and_hot_indexes.sql,35,fn_mint_chips_from_diamonds,Historical Declaration; Live Definition Must Be Verified
supabase/migrations/20260827_conservation_sentinel_denoise_and_selfresolve.sql,54,fn_tournament_conservation_delta,Historical Declaration; Live Definition Must Be Verified
supabase/migrations/20260827_conservation_sentinel_denoise_and_selfresolve.sql,125,fn_tournament_money_conservation,Historical Declaration; Live Definition Must Be Verified
supabase/migrations/20260827_create_flow_p0_fixes.sql,26,cash_tables_needing_engine,Historical Declaration; Live Definition Must Be Verified
supabase/migrations/20260827_ensure_agent_row_respects_agents_role_check.sql,10,fn_ensure_agent_row,Historical Declaration; Live Definition Must Be Verified
supabase/migrations/20260827_four_club_limit_enforced_server_side.sql,37,fn_enforce_four_club_limit,Historical Declaration; Live Definition Must Be Verified
supabase/migrations/20260827_guarantee_overlay_funding_and_conservation.sql,74,fn_apply_prize_guarantee,Historical Declaration; Live Definition Must Be Verified
supabase/migrations/20260827_guarantee_overlay_funding_and_conservation.sql,153,fn_backpay_hu_winner_shortfalls,Historical Declaration; Live Definition Must Be Verified
supabase/migrations/20260827_guarantee_overlay_funding_and_conservation.sql,247,fn_tournament_money_conservation,Historical Declaration; Live Definition Must Be Verified
supabase/migrations/20260827_horses_are_players_law.sql,50,fn_attribute_tournament_rake,Historical Declaration; Live Definition Must Be Verified
supabase/migrations/20260827_horses_are_players_law.sql,136,fn_settle_tournament_rake,Historical Declaration; Live Definition Must Be Verified
supabase/migrations/20260827_horses_are_players_law.sql,262,fn_nit_evictions,Historical Declaration; Live Definition Must Be Verified
supabase/migrations/20260827_horses_are_players_law.sql,296,cash_tables_needing_engine,Historical Declaration; Live Definition Must Be Verified
supabase/migrations/20260827_hu_backpay_head_of_line_fix.sql,35,fn_backpay_hu_winner_shortfalls,Historical Declaration; Live Definition Must Be Verified
supabase/migrations/20260827_snapshot_game_creation_access_functions.sql,23,fn_club_union_context,Historical Declaration; Live Definition Must Be Verified
supabase/migrations/20260827_snapshot_game_creation_access_functions.sql,76,fn_can_create_games,Historical Declaration; Live Definition Must Be Verified
supabase/migrations/20260827_snapshot_game_creation_access_functions.sql,130,fn_game_creation_access,Historical Declaration; Live Definition Must Be Verified
supabase/migrations/20260827_tournament_rake_attribution_and_creation_caps.sql,58,fn_spin_rake_rate,Historical Declaration; Live Definition Must Be Verified
supabase/migrations/20260827_tournament_rake_attribution_and_creation_caps.sql,72,fn_spin_sweep_unbooked,Historical Declaration; Live Definition Must Be Verified
supabase/migrations/20260827_tournament_rake_attribution_and_creation_caps.sql,122,fn_settle_tournament_rake,Historical Declaration; Live Definition Must Be Verified
supabase/migrations/20260827b_insurance_pnl_in_daily_reports.sql,23,ca_club_revenue,Historical Declaration; Live Definition Must Be Verified
supabase/migrations/20260827b_insurance_pnl_in_daily_reports.sql,112,ca_union_insurance_pnl,Historical Declaration; Live Definition Must Be Verified
supabase/migrations/20260827c_bbj_payout_path_into_version_control.sql,35,bbj_credit_one_recipient,Historical Declaration; Live Definition Must Be Verified
supabase/migrations/20260827c_bbj_payout_path_into_version_control.sql,72,bbj_atomic_payout_v2,Historical Declaration; Live Definition Must Be Verified
supabase/migrations/20260827c_money_integrity_dead_pool_and_integer_casts.sql,34,atomic_table_withdraw,Historical Declaration; Live Definition Must Be Verified
supabase/migrations/20260827c_money_integrity_dead_pool_and_integer_casts.sql,35,fn_transfer_chips,Historical Declaration; Live Definition Must Be Verified
supabase/migrations/20260827c_money_integrity_dead_pool_and_integer_casts.sql,36,distribute_chips,Historical Declaration; Live Definition Must Be Verified
supabase/migrations/20260827d_jackpot_hands_are_never_pruned.sql,16,sp_prune_hand_history,Historical Declaration; Live Definition Must Be Verified
supabase/migrations/20260827e_bbj_payouts_link_to_their_hand.sql,30,bbj_atomic_payout_v2,Historical Declaration; Live Definition Must Be Verified
supabase/migrations/20260827f_bbj_hand_detail_degrades_instead_of_going_dark.sql,30,fn_bbj_hand_detail,Historical Declaration; Live Definition Must Be Verified
supabase/migrations/20260827g_jackpot_without_its_hand_is_loud.sql,50,fn_log_jackpot_hand_deleted,Historical Declaration; Live Definition Must Be Verified
supabase/migrations/20260827g_jackpot_without_its_hand_is_loud.sql,82,fn_log_jackpot_payout_without_hand,Historical Declaration; Live Definition Must Be Verified
supabase/migrations/20260827g_jackpot_without_its_hand_is_loud.sql,105,fn_bbj_orphaned_payouts,Historical Declaration; Live Definition Must Be Verified
supabase/migrations/20260827g_jackpot_without_its_hand_is_loud.sql,128,fn_bbj_relink_payouts,Historical Declaration; Live Definition Must Be Verified
supabase/migrations/20260827h_bbj_winners_history_is_pageable.sql,41,fn_bbj_recent_hits,Historical Declaration; Live Definition Must Be Verified
supabase/migrations/20260827i_commander_clock_belongs_to_the_floor.sql,54,commander_clock_write,Historical Declaration; Live Definition Must Be Verified
supabase/migrations/20260827i_mystery_bounty_reveal_cannot_be_told_it_is_the_engine.sql,59,fn_mystery_bounty_reveal,Historical Declaration; Live Definition Must Be Verified
supabase/migrations/20260828003306_trivia_phase7_server_owned_analytics.sql,51,update_question_usage,Historical Declaration; Live Definition Must Be Verified
supabase/migrations/20260828003306_trivia_phase7_server_owned_analytics.sql,93,finalize_trivia_session_stats_v3,Historical Declaration; Live Definition Must Be Verified
supabase/migrations/20260828003306_trivia_phase7_server_owned_analytics.sql,253,record_trivia_tournament_question_results_v3,Historical Declaration; Live Definition Must Be Verified
supabase/migrations/20260828003306_trivia_phase7_server_owned_analytics.sql,361,fn_trivia_round_submit_verified_v3,Historical Declaration; Live Definition Must Be Verified
supabase/migrations/20260828003306_trivia_phase7_server_owned_analytics.sql,405,trg_finalize_trivia_session_stats_v3,Historical Declaration; Live Definition Must Be Verified
supabase/migrations/20260828003306_trivia_phase7_server_owned_analytics.sql,500,run_trivia_economy_audit_v1,Historical Declaration; Live Definition Must Be Verified
supabase/migrations/20260828003733_news_intelligence_phase7.sql,32,fn_replace_licensed_poy_rankings,Historical Declaration; Live Definition Must Be Verified
supabase/migrations/20260828013431_20260827_bounty_heads_are_funded_not_rolled.sql,59,trg_seed_bounty_head,Historical Declaration; Live Definition Must Be Verified
supabase/migrations/20260828013501_20260827_a_finishing_place_belongs_to_one_player.sql,53,trg_tournament_place_collision,Historical Declaration; Live Definition Must Be Verified
supabase/migrations/20260828021009_fix_rebuy_bounty_pool_and_idempotency.sql,42,process_tournament_rebuy,Historical Declaration; Live Definition Must Be Verified
supabase/migrations/20260828021141_guard_completed_ranks_survivors.sql,32,fn_rank_survivors,Historical Declaration; Live Definition Must Be Verified
supabase/migrations/20260828021141_guard_completed_ranks_survivors.sql,88,trg_tournaments_rank_before_complete,Historical Declaration; Live Definition Must Be Verified
supabase/migrations/20260828021806_harden_mystery_bounty_reveal_authorization.sql,51,fn_mystery_bounty_reveal,Historical Declaration; Live Definition Must Be Verified
supabase/migrations/20260828021832_harden_commander_clock_write_authorization.sql,44,commander_clock_write,Historical Declaration; Live Definition Must Be Verified
supabase/migrations/20260828021842_house_ads_hub_promotions.sql,49,fn_resolve_ads,Historical Declaration; Live Definition Must Be Verified
supabase/migrations/20260828022006_watchdog_remove_conservation_delta_amnesty.sql,78,fn_tournament_conservation_delta,Historical Declaration; Live Definition Must Be Verified
supabase/migrations/20260828022019_spin_unpaid_settlement_detection.sql,164,fn_spin_unpaid_check,Historical Declaration; Live Definition Must Be Verified
supabase/migrations/20260828022104_watchdog_conservation_scan_full_window.sql,95,fn_tournament_money_conservation,Historical Declaration; Live Definition Must Be Verified
supabase/migrations/20260828022138_spin_completed_guard_composes_with_rank_trigger.sql,83,trg_spin_completed_guard,Historical Declaration; Live Definition Must Be Verified
supabase/migrations/20260828022245_spin_reap_stale_registering_boards.sql,82,fn_spin_reap_stale_boards,Historical Declaration; Live Definition Must Be Verified
supabase/migrations/20260828023107_the_heads_up_survivor_is_the_winner.sql,95,fn_hu_shortfall_candidates,Historical Declaration; Live Definition Must Be Verified
supabase/migrations/20260828023107_the_heads_up_survivor_is_the_winner.sql,128,fn_backpay_hu_winner_shortfalls,Historical Declaration; Live Definition Must Be Verified
supabase/migrations/20260828023513_fix_late_registrant_seating_and_seat_first_guard.sql,49,fn_seat_late_registrant,Historical Declaration; Live Definition Must Be Verified
supabase/migrations/20260828023513_fix_late_registrant_seating_and_seat_first_guard.sql,190,fn_register_for_tournament,Historical Declaration; Live Definition Must Be Verified
supabase/migrations/20260828023624_renumber_walks_every_demotion_to_a_real_free_place.sql,15,fn_renumber_duplicate_places,Historical Declaration; Live Definition Must Be Verified
supabase/migrations/20260828023723_guard_cancel_refunds_guarantee_floor_and_hybrid.sql,25,trg_tournaments_cancel_must_refund,Historical Declaration; Live Definition Must Be Verified
supabase/migrations/20260828023723_guard_cancel_refunds_guarantee_floor_and_hybrid.sql,107,trg_tournaments_guarantee_affordable,Historical Declaration; Live Definition Must Be Verified
supabase/migrations/20260828023923_bounty_hybrid_tripwire_and_guarantee_alert_severity.sql,32,fn_collect_bounty,Historical Declaration; Live Definition Must Be Verified
supabase/migrations/20260828023923_bounty_hybrid_tripwire_and_guarantee_alert_severity.sql,165,fn_apply_prize_guarantee,Historical Declaration; Live Definition Must Be Verified
supabase/migrations/20260828023958_the_overpaid_place_is_charged_to_the_club_that_hosted_it.sql,65,fn_place_entitlement,Historical Declaration; Live Definition Must Be Verified
supabase/migrations/20260828023958_the_overpaid_place_is_charged_to_the_club_that_hosted_it.sql,98,fn_charge_place_overpays,Historical Declaration; Live Definition Must Be Verified
supabase/migrations/20260828024106_rake_attribution_that_failed_is_retried_not_just_announced.sql,60,fn_repair_tournament_rake_attribution,Historical Declaration; Live Definition Must Be Verified
supabase/migrations/20260828024136_settle_records_whether_attribution_actually_happened.sql,9,fn_settle_tournament_rake,Historical Declaration; Live Definition Must Be Verified
supabase/migrations/20260828030554_trivia_phase7_atomic_tournament_totals.sql,11,fn_trivia_round_submit_verified_v3,Historical Declaration; Live Definition Must Be Verified
supabase/migrations/20260828031000_unregister_refund_reaches_the_ledger.sql,59,fn_unregister_from_tournament,Historical Declaration; Live Definition Must Be Verified
supabase/migrations/20260828031224_rank_the_survivors_history_left_behind.sql,48,fn_backfill_unranked_survivors,Historical Declaration; Live Definition Must Be Verified
supabase/migrations/20260828031352_the_uncredited_stack_guard_lets_go_when_the_event_is_over.sql,33,fn_refuse_zero_chip_field_elimination,Historical Declaration; Live Definition Must Be Verified
supabase/migrations/20260828031549_pay_the_places_whose_pool_actually_holds_the_chips.sql,49,fn_pay_backed_payout_shortfalls,Historical Declaration; Live Definition Must Be Verified
supabase/migrations/20260828032000_a_prize_owed_to_a_place_nobody_reached.sql,58,fn_tournament_payout_reconcile,Historical Declaration; Live Definition Must Be Verified
supabase/migrations/20260828032000_ad_cap_is_per_surface.sql,73,fn_resolve_ads,Historical Declaration; Live Definition Must Be Verified
supabase/migrations/20260828032000_ad_cap_is_per_surface.sql,150,fn_ad_cap_status,Historical Declaration; Live Definition Must Be Verified
supabase/migrations/20260828033000_the_spin_sweep_books_the_seats_that_sold.sql,65,fn_spin_sweep_unbooked,Historical Declaration; Live Definition Must Be Verified
supabase/migrations/20260828033029_spin_never_breaks_and_drawn_button_survives_restart.sql,16,fn_short_formats_never_break,Historical Declaration; Live Definition Must Be Verified
supabase/migrations/20260828033311_unregister_writes_the_refund_row_the_ledger_needs.sql,55,fn_unregister_from_tournament,Historical Declaration; Live Definition Must Be Verified
supabase/migrations/20260828034000_ad_destination_template_is_resolved_server_side.sql,62,fn_resolve_ads,Historical Declaration; Live Definition Must Be Verified
supabase/migrations/20260828034458_reconcile_pays_by_a_structure_the_field_can_fill.sql,55,fn_tournament_payout_reconcile,Historical Declaration; Live Definition Must Be Verified
supabase/migrations/20260828035413_spin_sweep_books_the_seats_that_were_sold.sql,51,fn_spin_sweep_unbooked,Historical Declaration; Live Definition Must Be Verified
supabase/migrations/20260828035500_the_spin_winner_who_was_never_paid.sql,54,fn_backpay_spin_unpaid_winners,Historical Declaration; Live Definition Must Be Verified
supabase/migrations/20260828035516_spin_sweep_seats_sold_with_cast_and_visible_failures.sql,60,fn_spin_sweep_unbooked,Historical Declaration; Live Definition Must Be Verified
supabase/migrations/20260828040000_required_columns_manifest_rpc.sql,34,fn_required_columns_manifest,Historical Declaration; Live Definition Must Be Verified
supabase/migrations/20260828040040_net_outlier_tournament_aware.sql,14,fn_run_horse_daily_audit,Historical Declaration; Live Definition Must Be Verified
supabase/migrations/20260828040819_the_rake_that_left_the_pot_goes_back_in_the_queue.sql,65,fn_fee_is_accounted_for,Historical Declaration; Live Definition Must Be Verified
supabase/migrations/20260828040819_the_rake_that_left_the_pot_goes_back_in_the_queue.sql,95,fn_requeue_unbanked_fees,Historical Declaration; Live Definition Must Be Verified
supabase/migrations/20260828041248_the_union_law_check_follows_the_money.sql,55,fn_money_path_reaches_club_scope,Historical Declaration; Live Definition Must Be Verified
supabase/migrations/20260828041248_the_union_law_check_follows_the_money.sql,92,fn_union_money_path_check,Historical Declaration; Live Definition Must Be Verified
supabase/migrations/20260828044238_fn_required_columns_manifest_for_the_write_gate.sql,33,fn_required_columns_manifest,Historical Declaration; Live Definition Must Be Verified
supabase/migrations/20260828045027_fn_definer_exposure_audit_repeats_the_sweep_daily.sql,42,fn_definer_exposure_audit,Historical Declaration; Live Definition Must Be Verified
supabase/migrations/20260828045522_horse_tag_trends_rpc.sql,13,fn_horse_tag_trends,Historical Declaration; Live Definition Must Be Verified
supabase/migrations/20260828050000_ad_stats_by_slot_and_a_slot_that_must_be_real.sql,75,fn_ad_stats,Historical Declaration; Live Definition Must Be Verified
supabase/migrations/20260828050000_the_definer_sweep_becomes_a_daily_job.sql,44,fn_definer_exposure_audit,Historical Declaration; Live Definition Must Be Verified
supabase/migrations/20260828050958_ca_league_card_and_tag_trends.sql,15,ca_horse_league_card,Historical Declaration; Live Definition Must Be Verified
supabase/migrations/20260828050958_ca_league_card_and_tag_trends.sql,34,ca_horse_tag_trends,Historical Declaration; Live Definition Must Be Verified
supabase/migrations/20260828052043_pin_search_paths_and_watch_for_rls_disabled_writable_tables.sql,65,fn_definer_exposure_audit,Historical Declaration; Live Definition Must Be Verified
supabase/migrations/20260828055000_suppression_countable_by_an_operator.sql,68,fn_ad_suppression,Historical Declaration; Live Definition Must Be Verified
supabase/migrations/20260828060000_did_the_advert_actually_work.sql,75,fn_ad_conversions,Historical Declaration; Live Definition Must Be Verified
supabase/migrations/20260828070000_the_auditor_learns_the_shape_that_slipped_past_it.sql,40,fn_definer_exposure_audit,Historical Declaration; Live Definition Must Be Verified
supabase/migrations/20260828070000_weight_is_a_share_of_voice_not_a_queue_position.sql,61,fn_resolve_ads,Historical Declaration; Live Definition Must Be Verified
supabase/migrations/20260828072214_audit_fleet_health_findings.sql,28,fn_audit_fleet_health,Historical Declaration; Live Definition Must Be Verified
supabase/migrations/20260828072249_audit_fleet_health_ghost_age_from_seat.sql,11,fn_audit_fleet_health,Historical Declaration; Live Definition Must Be Verified
supabase/migrations/20260828080000_impressions_are_not_people.sql,48,fn_ad_stats,Historical Declaration; Live Definition Must Be Verified
supabase/migrations/20260828080000_pinned_search_paths_and_a_watch_on_rls_off_tables.sql,64,fn_definer_exposure_audit,Historical Declaration; Live Definition Must Be Verified
supabase/migrations/20260828081427_the_resolver_hands_back_the_image_too.sql,15,fn_resolve_ads,Historical Declaration; Live Definition Must Be Verified
supabase/migrations/20260828082057_close_the_anonymous_role_oracles.sql,58,fn_ungated_money_rpcs,Historical Declaration; Live Definition Must Be Verified
supabase/migrations/20260828082603_pay_every_event_whose_pool_still_holds_what_it_owes.sql,43,fn_pay_backed_payout_shortfalls,Historical Declaration; Live Definition Must Be Verified
supabase/migrations/20260828082815_the_pre_funding_minting_becomes_an_acknowledged_baseline.sql,86,fn_tournament_conservation_delta,Historical Declaration; Live Definition Must Be Verified
supabase/migrations/20260828085000_the_ungated_money_rpc_guard_gets_a_clock_and_a_voice.sql,19,fn_check_ungated_money_rpcs,Historical Declaration; Live Definition Must Be Verified
supabase/migrations/20260828085231_a_new_view_must_not_inherit_write_grants.sql,56,fn_strip_client_writes_from_new_views,Historical Declaration; Live Definition Must Be Verified
supabase/migrations/20260828090000_a_campaign_decays_and_nothing_shows_it.sql,54,fn_ad_daily,Historical Declaration; Live Definition Must Be Verified
supabase/migrations/20260828090000_the_engine_is_a_role_not_the_absence_of_a_user.sql,68,fn_caller_is_engine,Historical Declaration; Live Definition Must Be Verified
supabase/migrations/20260828100000_placements_images_experiments_and_retention.sql,139,fn_prune_ad_events,Historical Declaration; Live Definition Must Be Verified
supabase/migrations/20260828120000_insurance_kind_offer_events.sql,35,record_insurance_transaction,Historical Declaration; Live Definition Must Be Verified
supabase/migrations/20260828120500_insurance_reconciliation_and_views.sql,17,reconcile_ledger_nightly,Historical Declaration; Live Definition Must Be Verified
supabase/migrations/20260828164114_retention_you_can_look_at_before_you_pull_the_lever.sql,22,fn_ad_retention_status,Historical Declaration; Live Definition Must Be Verified
supabase/migrations/20260828164919_reconcile_nightly_unresolved_insurance_offers.sql,10,reconcile_ledger_nightly,Historical Declaration; Live Definition Must Be Verified
supabase/migrations/20260828170026_reroll_daily_challenge.sql,21,reroll_daily_challenge,Historical Declaration; Live Definition Must Be Verified
supabase/migrations/20260828182606_no_live_seat_on_a_finished_game.sql,6,fn_no_live_seat_on_finished_game,Historical Declaration; Live Definition Must Be Verified
supabase/migrations/20260828182728_the_four_table_limit_is_an_answer_not_a_crash.sql,49,fn_take_seat_and_buy_in,Historical Declaration; Live Definition Must Be Verified
supabase/migrations/20260828190000_insurance_offer_unresolved_check.sql,27,fn_unresolved_insurance_offers,Historical Declaration; Live Definition Must Be Verified
supabase/migrations/20260828200000_ca_club_insurance_report_rpc.sql,20,ca_club_insurance_report,Historical Declaration; Live Definition Must Be Verified
supabase/migrations/20260828210000_sit_out_clock_survives_a_restart.sql,50,fn_stamp_sit_out_at,Historical Declaration; Live Definition Must Be Verified
supabase/migrations/20260828210000_sit_out_clock_survives_a_restart.sql,94,fn_clear_sitout_on_turnover,Historical Declaration; Live Definition Must Be Verified
supabase/migrations/20260828210000_sit_out_clock_survives_a_restart.sql,112,fn_new_seat_clear_sitout,Historical Declaration; Live Definition Must Be Verified
supabase/migrations/20260828220000_sitting_out_and_zero_chip_evictions.sql,8,fn_evict_sitting_out_cash_players,Historical Declaration; Live Definition Must Be Verified
supabase/migrations/20260828221116_20260828_reconcile_counts_a_debit_as_a_debit.sql,50,fn_tournament_payout_reconcile,Historical Declaration; Live Definition Must Be Verified
supabase/migrations/20260828235508_20260828j_preserve_username_casing.sql,6,fn_normalize_username,Historical Declaration; Live Definition Must Be Verified
supabase/migrations/20260828_bomb_pot_max.sql,103,fn_request_manual_bomb_pot,Historical Declaration; Live Definition Must Be Verified
supabase/migrations/20260828_clone_never_inherits_bomb_scheduler_state.sql,34,fn_clone_table_row,Historical Declaration; Live Definition Must Be Verified
supabase/migrations/20260828_four_table_limit_is_an_answer_not_a_crash.sql,42,fn_take_seat_and_buy_in,Historical Declaration; Live Definition Must Be Verified
supabase/migrations/20260828_reopen_the_seat_first_front_door.sql,64,fn_register_for_tournament,Historical Declaration; Live Definition Must Be Verified
supabase/migrations/20260828_reopen_the_seat_first_front_door.sql,275,fn_take_seat_and_buy_in,Historical Declaration; Live Definition Must Be Verified
supabase/migrations/20260828_the_four_table_claim_is_atomic_and_counts_bookings.sql,107,fn_concurrent_game_load,Historical Declaration; Live Definition Must Be Verified
supabase/migrations/20260828_the_four_table_claim_is_atomic_and_counts_bookings.sql,210,fn_enforce_four_table_limit,Historical Declaration; Live Definition Must Be Verified
supabase/migrations/20260828_the_four_table_claim_is_atomic_and_counts_bookings.sql,277,fn_enforce_booking_game_cap,Historical Declaration; Live Definition Must Be Verified
supabase/migrations/20260828_upcoming_tournament_pushes.sql,9,check_upcoming_tournament_pushes,Historical Declaration; Live Definition Must Be Verified
supabase/migrations/20260828a_leak_spike_rate_not_raw_count.sql,52,fn_run_horse_daily_audit,Historical Declaration; Live Definition Must Be Verified
supabase/migrations/20260828b_net_outlier_tournament_aware.sql,60,fn_run_horse_daily_audit,Historical Declaration; Live Definition Must Be Verified
supabase/migrations/20260828c_horse_tag_trends_rpc.sql,8,fn_horse_tag_trends,Historical Declaration; Live Definition Must Be Verified
supabase/migrations/20260828d_ca_league_and_tag_trends.sql,11,ca_horse_league_card,Historical Declaration; Live Definition Must Be Verified
supabase/migrations/20260828d_ca_league_and_tag_trends.sql,30,ca_horse_tag_trends,Historical Declaration; Live Definition Must Be Verified
supabase/migrations/20260828e_audit_fleet_health.sql,27,fn_audit_fleet_health,Historical Declaration; Live Definition Must Be Verified
supabase/migrations/20260828g_no_live_seat_on_a_finished_game.sql,37,fn_no_live_seat_on_finished_game,Historical Declaration; Live Definition Must Be Verified
supabase/migrations/20260828j_preserve_username_casing.sql,9,fn_normalize_username,Historical Declaration; Live Definition Must Be Verified
supabase/migrations/20260829020100_fn_achievement_record_progress.sql,37,fn_achievement_record_progress,Historical Declaration; Live Definition Must Be Verified
supabase/migrations/20260829120000_lease_heartbeat_tells_the_truth_and_leases_get_reaped.sql,78,heartbeat_table_leases_v2,Historical Declaration; Live Definition Must Be Verified
supabase/migrations/20260829120000_lease_heartbeat_tells_the_truth_and_leases_get_reaped.sql,124,heartbeat_tournament_leases_v2,Historical Declaration; Live Definition Must Be Verified
supabase/migrations/20260829120000_lease_heartbeat_tells_the_truth_and_leases_get_reaped.sql,167,reap_dead_engine_leases,Historical Declaration; Live Definition Must Be Verified
supabase/migrations/20260829125035_payout_sweep_window_means_finished_not_created.sql,53,fn_tournament_payout_sweep,Historical Declaration; Live Definition Must Be Verified
supabase/migrations/20260829125035_payout_sweep_window_means_finished_not_created.sql,78,fn_tournament_payout_sweep,Historical Declaration; Live Definition Must Be Verified
supabase/migrations/20260829125943_a_setting_records_that_it_was_chosen.sql,94,fn_mark_table_setting_touched,Historical Declaration; Live Definition Must Be Verified
supabase/migrations/20260829130000_every_horse_plays_one_stake.sql,64,fn_assign_horse_stake_bands,Historical Declaration; Live Definition Must Be Verified
supabase/migrations/20260829130851_an_accepted_payout_finding_stays_accepted.sql,56,fn_tournament_payout_reconcile,Historical Declaration; Live Definition Must Be Verified
supabase/migrations/20260829133000_payouts_are_exact_to_the_cent.sql,53,fn_tournament_payout_reconcile,Historical Declaration; Live Definition Must Be Verified
supabase/migrations/20260829140000_measure_how_long_a_horse_takes_to_think.sql,63,fn_horse_decision_latency_add,Historical Declaration; Live Definition Must Be Verified
supabase/migrations/20260829140000_reconciler_stamps_the_prize_it_pays.sql,36,fn_tournament_payout_reconcile,Historical Declaration; Live Definition Must Be Verified
supabase/migrations/20260829143243_20260829_payouts_are_exact_to_the_cent.sql,58,fn_tournament_payout_reconcile,Historical Declaration; Live Definition Must Be Verified
supabase/migrations/20260829145557_reconciler_exact_cents_and_no_phantom_ledger_rows.sql,46,fn_tournament_payout_reconcile,Historical Declaration; Live Definition Must Be Verified
supabase/migrations/20260829150000_stake_bands_are_earned_not_assigned.sql,66,fn_assign_horse_stake_bands,Historical Declaration; Live Definition Must Be Verified
supabase/migrations/20260829160000_overlays_fund_from_the_union_bank_for_real.sql,56,fn_apply_prize_guarantee,Historical Declaration; Live Definition Must Be Verified
supabase/migrations/20260829160000_overlays_fund_from_the_union_bank_for_real.sql,221,trg_tournaments_guarantee_affordable,Historical Declaration; Live Definition Must Be Verified
supabase/migrations/20260829160000_overlays_fund_from_the_union_bank_for_real.sql,320,fn_notify_guarantee_bank_short,Historical Declaration; Live Definition Must Be Verified
supabase/migrations/20260829160513_relink_backfills_rake_attributions.sql,19,fn_backfill_rake_attributions,Historical Declaration; Live Definition Must Be Verified
supabase/migrations/20260829160513_relink_backfills_rake_attributions.sql,63,fn_relink_rake_record_to_hand,Historical Declaration; Live Definition Must Be Verified
supabase/migrations/20260829161117_requeue_carries_rake_method.sql,14,fn_requeue_unbanked_fees,Historical Declaration; Live Definition Must Be Verified
supabase/migrations/20260829161712_bomb_ante_multiplier_is_whole_blinds_and_says_so.sql,31,fn_update_table_bomb_settings,Historical Declaration; Live Definition Must Be Verified
supabase/migrations/20260829163000_sync_extended_background_catalog_and_cardback_entitlements.sql,52,sp_theme_asset_is_owned,Historical Declaration; Live Definition Must Be Verified
supabase/migrations/20260829163424_mystery_bounty_paid_at_follows_the_credit.sql,44,fn_mystery_bounty_pay,Historical Declaration; Live Definition Must Be Verified
supabase/migrations/20260829163851_a_bounty_award_must_have_someone_to_pay.sql,39,fn_assert_bounty_award_has_recipients,Historical Declaration; Live Definition Must Be Verified
supabase/migrations/20260829163948_a_bounty_head_funded_from_nowhere_says_so.sql,38,trg_seed_bounty_head,Historical Declaration; Live Definition Must Be Verified
supabase/migrations/20260829164049_rake_hardening_and_retention.sql,12,fn_hand_rake_breakdown,Historical Declaration; Live Definition Must Be Verified
supabase/migrations/20260829164049_rake_hardening_and_retention.sql,87,settle_club_rakeback,Historical Declaration; Live Definition Must Be Verified
supabase/migrations/20260829164049_rake_hardening_and_retention.sql,151,fn_redrive_unbanked_rake,Historical Declaration; Live Definition Must Be Verified
supabase/migrations/20260829164049_rake_hardening_and_retention.sql,198,sp_prune_hand_history,Historical Declaration; Live Definition Must Be Verified
supabase/migrations/20260829164049_rake_hardening_and_retention.sql,302,fn_backfill_rake_attributions,Historical Declaration; Live Definition Must Be Verified
supabase/migrations/20260829164049_rake_hardening_and_retention.sql,347,fn_bbj_my_contribution,Historical Declaration; Live Definition Must Be Verified
supabase/migrations/20260829164155_rake_consumers_read_the_ledger.sql,14,fn_rake_shares_for_record,Historical Declaration; Live Definition Must Be Verified
supabase/migrations/20260829164155_rake_consumers_read_the_ledger.sql,34,fn_rakeback_recompute_periods,Historical Declaration; Live Definition Must Be Verified
supabase/migrations/20260829164155_rake_consumers_read_the_ledger.sql,99,fn_close_settlement_period,Historical Declaration; Live Definition Must Be Verified
supabase/migrations/20260829164155_rake_consumers_read_the_ledger.sql,215,fn_club_rake_rollup_day,Historical Declaration; Live Definition Must Be Verified
supabase/migrations/20260829164257_downline_reads_the_ledger.sql,9,fn_agent_downline_rake,Historical Declaration; Live Definition Must Be Verified
supabase/migrations/20260829180000_v29_postflop_solver_compact.sql,58,fn_gto_texture_class,Historical Declaration; Live Definition Must Be Verified
supabase/migrations/20260829180000_v29_postflop_solver_compact.sql,119,fn_aggregate_gto_flop,Historical Declaration; Live Definition Must Be Verified
supabase/migrations/20260829190000_cosmetic_checkout_and_entitlement_delivery.sql,46,trg_deliver_card_back_entitlement,Historical Declaration; Live Definition Must Be Verified
supabase/migrations/20260829190000_cosmetic_checkout_and_entitlement_delivery.sql,137,sp_resolve_theme_preset,Historical Declaration; Live Definition Must Be Verified
supabase/migrations/20260829190000_cosmetic_checkout_and_entitlement_delivery.sql,150,sp_grant_theme_preset,Historical Declaration; Live Definition Must Be Verified
supabase/migrations/20260829190000_cosmetic_checkout_and_entitlement_delivery.sql,256,sp_resolve_avatar_shop_sku,Historical Declaration; Live Definition Must Be Verified
supabase/migrations/20260829190000_cosmetic_checkout_and_entitlement_delivery.sql,269,sp_resolve_avatar_entitlement,Historical Declaration; Live Definition Must Be Verified
supabase/migrations/20260829190000_cosmetic_checkout_and_entitlement_delivery.sql,310,trg_validate_shop_theme_preset,Historical Declaration; Live Definition Must Be Verified
supabase/migrations/20260829190000_cosmetic_checkout_and_entitlement_delivery.sql,346,fn_redeem_shop_item,Historical Declaration; Live Definition Must Be Verified
supabase/migrations/20260829190000_cosmetic_checkout_and_entitlement_delivery.sql,471,fn_redeem_vip_points,Historical Declaration; Live Definition Must Be Verified
supabase/migrations/20260829200000_v30_turn_river_solver_aggregation.sql,64,fn_gto_texture_class_any,Historical Declaration; Live Definition Must Be Verified
supabase/migrations/20260829210524_v30_cursor_is_uuid_v2.sql,13,fn_aggregate_gto_street_next,Historical Declaration; Live Definition Must Be Verified
supabase/migrations/20260829210627_v30_marked_uuid_pick.sql,6,fn_aggregate_gto_street_next,Historical Declaration; Live Definition Must Be Verified
supabase/migrations/20260829211853_rake_repair_unbanked_selfheal.sql,16,fn_rake_repair_unbanked,Historical Declaration; Live Definition Must Be Verified
supabase/migrations/20260829213000_realtime_shop_fulfillment_and_purchase_intents.sql,53,trg_validate_shop_theme_preset,Historical Declaration; Live Definition Must Be Verified
supabase/migrations/20260829213000_realtime_shop_fulfillment_and_purchase_intents.sql,134,sp_grant_shop_item,Historical Declaration; Live Definition Must Be Verified
supabase/migrations/20260829213000_realtime_shop_fulfillment_and_purchase_intents.sql,218,fn_deliver_shop_purchase,Historical Declaration; Live Definition Must Be Verified
supabase/migrations/20260829213000_realtime_shop_fulfillment_and_purchase_intents.sql,269,fn_redeem_shop_item,Historical Declaration; Live Definition Must Be Verified
supabase/migrations/20260829213000_realtime_shop_fulfillment_and_purchase_intents.sql,325,fn_shop_item_availability,Historical Declaration; Live Definition Must Be Verified
supabase/migrations/20260829213000_realtime_shop_fulfillment_and_purchase_intents.sql,420,fn_refund_shop_purchase,Historical Declaration; Live Definition Must Be Verified
supabase/migrations/20260829213000_v30_root_only_open_cells.sql,47,fn_aggregate_gto_street_next,Historical Declaration; Live Definition Must Be Verified
supabase/migrations/20260829221751_a_promotion_cannot_advertise_a_prize_nobody_can_win.sql,43,fn_warn_promotion_has_no_payout_path,Historical Declaration; Live Definition Must Be Verified
supabase/migrations/20260829222240_20260829_the_bounty_residual_is_measured_from_the_ledger.sql,67,fn_finalize_bounty_pool,Historical Declaration; Live Definition Must Be Verified
supabase/migrations/20260829223000_the_bounty_residual_is_measured_from_the_ledger.sql,61,fn_finalize_bounty_pool,Historical Declaration; Live Definition Must Be Verified
supabase/migrations/20260829230000_table_studio_storefront_and_cloud_preferences.sql,37,trg_deliver_table_studio_entitlement,Historical Declaration; Live Definition Must Be Verified
supabase/migrations/20260829230000_table_studio_storefront_and_cloud_preferences.sql,127,trg_touch_table_studio_preferences,Historical Declaration; Live Definition Must Be Verified
supabase/migrations/20260829234000_training_study_group_atomic_writes.sql,37,create_training_study_group,Historical Declaration; Live Definition Must Be Verified
supabase/migrations/20260829234000_training_study_group_atomic_writes.sql,69,join_training_study_group,Historical Declaration; Live Definition Must Be Verified
supabase/migrations/20260829_a_host_can_change_a_running_table.sql,51,fn_update_table_bomb_settings,Historical Declaration; Live Definition Must Be Verified
supabase/migrations/20260829_backfill_bomb_award_units_by_arithmetic.sql,46,fn_backfill_bomb_pot_award_units,Historical Declaration; Live Definition Must Be Verified
supabase/migrations/20260829_bomb_award_ledger_gaps_are_loud.sql,49,fn_bomb_pot_ledger_gaps,Historical Declaration; Live Definition Must Be Verified
supabase/migrations/20260829_bomb_pot_analytics_stop_being_public.sql,101,fn_club_bomb_pot_report,Historical Declaration; Live Definition Must Be Verified
supabase/migrations/20260829_manual_bomb_pushes_instead_of_being_polled.sql,32,fn_request_manual_bomb_pot,Historical Declaration; Live Definition Must Be Verified
supabase/migrations/20260829_reconcile_reports_bomb_award_gaps.sql,19,reconcile_ledger_nightly,Historical Declaration; Live Definition Must Be Verified
supabase/migrations/20260829_weighted_contributed_rake.sql,85,fn_allocate_rake_credits,Historical Declaration; Live Definition Must Be Verified
supabase/migrations/20260829_weighted_contributed_rake.sql,153,atomic_distribute_rake,Historical Declaration; Live Definition Must Be Verified
supabase/migrations/20260829_weighted_contributed_rake.sql,386,fn_rakeback_recompute_periods,Historical Declaration; Live Definition Must Be Verified
supabase/migrations/20260829_weighted_contributed_rake.sql,460,fn_close_settlement_period,Historical Declaration; Live Definition Must Be Verified
supabase/migrations/20260829_weighted_contributed_rake.sql,581,fn_club_rake_rollup_day,Historical Declaration; Live Definition Must Be Verified
supabase/migrations/20260829_weighted_contributed_rake.sql,631,fn_agent_downline_rake,Historical Declaration; Live Definition Must Be Verified
supabase/migrations/20260829_weighted_contributed_rake.sql,825,fn_bbj_rollup_day,Historical Declaration; Live Definition Must Be Verified
supabase/migrations/20260829_weighted_contributed_rake.sql,896,fn_award_vip_points_from_rake,Historical Declaration; Live Definition Must Be Verified
supabase/migrations/20260829_weighted_contributed_rake.sql,957,fn_hand_rake_breakdown,Historical Declaration; Live Definition Must Be Verified
supabase/migrations/20260829_weighted_contributed_rake.sql,1018,fn_rake_attribution_drift,Historical Declaration; Live Definition Must Be Verified
supabase/migrations/20260829d_relink_backfills_rake_attributions.sql,31,fn_backfill_rake_attributions,Historical Declaration; Live Definition Must Be Verified
supabase/migrations/20260829d_relink_backfills_rake_attributions.sql,74,fn_relink_rake_record_to_hand,Historical Declaration; Live Definition Must Be Verified
supabase/migrations/20260830010000_cashier_integrity_and_wallet_launcher.sql,131,fn_club_cashier_members_v2,Historical Declaration; Live Definition Must Be Verified
supabase/migrations/20260830010000_cashier_integrity_and_wallet_launcher.sql,149,fn_request_chips,Historical Declaration; Live Definition Must Be Verified
supabase/migrations/20260830010000_cashier_integrity_and_wallet_launcher.sql,208,lock_club_cashier_hierarchy_mutation,Historical Declaration; Live Definition Must Be Verified
supabase/migrations/20260830010000_cashier_integrity_and_wallet_launcher.sql,236,fn_issue_tournament_ticket,Historical Declaration; Live Definition Must Be Verified
supabase/migrations/20260830010000_cashier_integrity_and_wallet_launcher.sql,333,guard_agent_wallet_direct_update,Historical Declaration; Live Definition Must Be Verified
supabase/migrations/20260830013000_agent_wallet_send_intent_guard.sql,19,fn_agent_wallet_send,Historical Declaration; Live Definition Must Be Verified
supabase/migrations/20260830021000_offer_open_seat_in_one_transaction.sql,46,fn_offer_open_seat,Historical Declaration; Live Definition Must Be Verified
supabase/migrations/20260830033000_v30_driver_postgrest_safeupdate_fix.sql,32,fn_aggregate_gto_street_next,Historical Declaration; Live Definition Must Be Verified
supabase/migrations/20260830033734_rake_bbj_collection_invariants_watchdog.sql,31,fn_rake_bbj_invariants,Historical Declaration; Live Definition Must Be Verified
supabase/migrations/20260830033734_rake_bbj_collection_invariants_watchdog.sql,121,fn_rake_bbj_audit,Historical Declaration; Live Definition Must Be Verified
supabase/migrations/20260830034500_a_chest_with_a_reveal_in_flight_is_not_unclaimed.sql,91,fn_mystery_bounty_settle,Historical Declaration; Live Definition Must Be Verified
supabase/migrations/20260830035009_20260830_a_settled_chest_cannot_be_paid_a_second_time.sql,20,fn_mystery_bounty_pay,Historical Declaration; Live Definition Must Be Verified
supabase/migrations/20260830035009_20260830_a_settled_chest_cannot_be_paid_a_second_time.sql,121,fn_mystery_bounty_settle,Historical Declaration; Live Definition Must Be Verified
supabase/migrations/20260830035317_20260830_notify_money_flows_server_side.sql,6,fn_raise_notification,Historical Declaration; Live Definition Must Be Verified
supabase/migrations/20260830035317_20260830_notify_money_flows_server_side.sql,21,fn_notify_display_name,Historical Declaration; Live Definition Must Be Verified
supabase/migrations/20260830035317_20260830_notify_money_flows_server_side.sql,29,fn_notify_dispute,Historical Declaration; Live Definition Must Be Verified
supabase/migrations/20260830035317_20260830_notify_money_flows_server_side.sql,59,fn_notify_credit_request,Historical Declaration; Live Definition Must Be Verified
supabase/migrations/20260830035317_20260830_notify_money_flows_server_side.sql,94,fn_notify_cashout,Historical Declaration; Live Definition Must Be Verified
supabase/migrations/20260830035440_20260830_notify_cashout_drop_duplicate_insert_branch.sql,24,fn_notify_cashout,Historical Declaration; Live Definition Must Be Verified
supabase/migrations/20260830035647_restore_settled_chest_guard_overwritten_by_concurrent_migration.sql,30,fn_mystery_bounty_settle,Historical Declaration; Live Definition Must Be Verified
supabase/migrations/20260830040000_a_settled_chest_cannot_be_paid_a_second_time.sql,63,fn_mystery_bounty_pay,Historical Declaration; Live Definition Must Be Verified
supabase/migrations/20260830040000_a_settled_chest_cannot_be_paid_a_second_time.sql,181,fn_mystery_bounty_settle,Historical Declaration; Live Definition Must Be Verified
supabase/migrations/20260830040000_v30_batch_floor_measured_not_guessed.sql,40,fn_aggregate_gto_street_next,Historical Declaration; Live Definition Must Be Verified
supabase/migrations/20260830042027_seat_offers_collapse_by_table.sql,6,fn_mirror_notification_to_push_outbox,Historical Declaration; Live Definition Must Be Verified
supabase/migrations/20260830042553_sweep_stale_waitlists_everywhere.sql,6,fn_sweep_stale_waitlists,Historical Declaration; Live Definition Must Be Verified
supabase/migrations/20260830050000_an_anon_caller_cannot_write_achievements.sql,53,fn_achievement_record_progress,Historical Declaration; Live Definition Must Be Verified
supabase/migrations/20260830051000_an_unlocked_achievement_notifies_from_the_server.sql,52,fn_notify_achievement_unlocked,Historical Declaration; Live Definition Must Be Verified
supabase/migrations/20260830053054_20260830_notify_tournament_blinding_off.sql,36,fn_notify_blinding_off,Historical Declaration; Live Definition Must Be Verified
supabase/migrations/20260830053338_bbj_drift_joins_by_hand_not_window.sql,32,bbj_drift_since,Historical Declaration; Live Definition Must Be Verified
supabase/migrations/20260830053409_attribution_drift_watchdog_db_side_and_dead_column.sql,24,fn_rake_attribution_drift_audit,Historical Declaration; Live Definition Must Be Verified
supabase/migrations/20260830053636_player_rake_stats_rpcs.sql,22,ca_player_rake_stats,Historical Declaration; Live Definition Must Be Verified
supabase/migrations/20260830053636_player_rake_stats_rpcs.sql,88,ca_player_hand_rake_share,Historical Declaration; Live Definition Must Be Verified
supabase/migrations/20260830053658_v30_aggregator_lateral_optimization.sql,44,fn_aggregate_gto_street_next,Historical Declaration; Live Definition Must Be Verified
supabase/migrations/20260830053746_spin_leaderboards.sql,27,fn_spin_leaderboards,Historical Declaration; Live Definition Must Be Verified
supabase/migrations/20260830053917_v30_revert_lateral_optimization_it_was_slower.sql,32,fn_aggregate_gto_street_next,Historical Declaration; Live Definition Must Be Verified
supabase/migrations/20260830055000_v30_restore_measured_batch_floor.sql,58,fn_aggregate_gto_street_next,Historical Declaration; Live Definition Must Be Verified
supabase/migrations/20260830064419_bbj_drift_grace_must_exceed_heal_grace.sql,29,bbj_drift_since,Historical Declaration; Live Definition Must Be Verified
supabase/migrations/20260830064419_bbj_drift_grace_must_exceed_heal_grace.sql,78,fn_rake_bbj_invariants,Historical Declaration; Live Definition Must Be Verified
supabase/migrations/20260830064500_spin_leaderboards_read_only.sql,30,fn_spin_leaderboards,Historical Declaration; Live Definition Must Be Verified
supabase/migrations/20260830070000_customization_atomic_persistence.sql,7,fn_set_interface_theme,Historical Declaration; Live Definition Must Be Verified
supabase/migrations/20260830070000_customization_atomic_persistence.sql,48,fn_seed_table_studio_preferences,Historical Declaration; Live Definition Must Be Verified
supabase/migrations/20260830070000_customization_atomic_persistence.sql,86,fn_mutate_table_studio_preferences,Historical Declaration; Live Definition Must Be Verified
supabase/migrations/20260830110000_spin_sync_survives_closed_tables.sql,24,fn_sync_seat_first_player_count,Historical Declaration; Live Definition Must Be Verified
supabase/migrations/20260830112000_spin_draw_settle_concurrency_hardening.sql,31,fn_spin_seed_instalment,Historical Declaration; Live Definition Must Be Verified
supabase/migrations/20260830112000_spin_draw_settle_concurrency_hardening.sql,48,fn_spin_draw_multiplier,Historical Declaration; Live Definition Must Be Verified
supabase/migrations/20260830112000_spin_draw_settle_concurrency_hardening.sql,131,fn_spin_settle_game,Historical Declaration; Live Definition Must Be Verified
supabase/migrations/20260830130000_commerce_refund_replay_guards.sql,10,settle_diamond_card_purchase_atomic,Historical Declaration; Live Definition Must Be Verified
supabase/migrations/20260830130000_commerce_refund_replay_guards.sql,99,reconcile_card_merch_refund_atomic,Historical Declaration; Live Definition Must Be Verified
supabase/migrations/20260830130000_commerce_refund_replay_guards.sql,165,reconcile_diamond_purchase_refund,Historical Declaration; Live Definition Must Be Verified
supabase/migrations/20260830143000_club_roster_privacy_and_cursor_pages.sql,14,ca_club_roster_access,Historical Declaration; Live Definition Must Be Verified
supabase/migrations/20260830143000_club_roster_privacy_and_cursor_pages.sql,144,ca_club_roster_rows,Historical Declaration; Live Definition Must Be Verified
supabase/migrations/20260830143000_club_roster_privacy_and_cursor_pages.sql,416,ca_club_members_summary,Historical Declaration; Live Definition Must Be Verified
supabase/migrations/20260830143000_club_roster_privacy_and_cursor_pages.sql,538,ca_club_members_page,Historical Declaration; Live Definition Must Be Verified
supabase/migrations/20260830143000_club_roster_privacy_and_cursor_pages.sql,726,ca_club_members_overview,Historical Declaration; Live Definition Must Be Verified
supabase/migrations/20260830143000_club_roster_privacy_and_cursor_pages.sql,778,ca_club_members_export,Historical Declaration; Live Definition Must Be Verified
supabase/migrations/20260830143000_club_roster_privacy_and_cursor_pages.sql,922,ca_club_member_notes_update,Historical Declaration; Live Definition Must Be Verified
supabase/migrations/20260830143000_club_roster_privacy_and_cursor_pages.sql,1026,fn_club_member_notes_guard,Historical Declaration; Live Definition Must Be Verified
supabase/migrations/20260830143000_club_roster_privacy_and_cursor_pages.sql,1057,ca_club_member_detail,Historical Declaration; Live Definition Must Be Verified
supabase/migrations/20260830143000_club_roster_privacy_and_cursor_pages.sql,1225,ca_club_member_statistics,Historical Declaration; Live Definition Must Be Verified
supabase/migrations/20260830143000_club_roster_privacy_and_cursor_pages.sql,1290,ca_club_member_downline,Historical Declaration; Live Definition Must Be Verified
supabase/migrations/20260830170000_customization_operations_telemetry.sql,100,fn_prune_customization_operations,Historical Declaration; Live Definition Must Be Verified
supabase/migrations/20260830180715_a_table_close_cannot_unseat_a_live_tournament.sql,51,fn_on_table_status_change,Historical Declaration; Live Definition Must Be Verified
supabase/migrations/20260830190000_venue_location_integrity_operations.sql,34,resolve_venue_location_integrity,Historical Declaration; Live Definition Must Be Verified
supabase/migrations/20260830191330_fix_silent_table_closed_under_live_tournament_alarm.sql,41,fn_on_table_status_change,Historical Declaration; Live Definition Must Be Verified
supabase/migrations/20260830191835_fix_late_reg_ghost_seats.sql,54,fn_seat_late_registrant,Historical Declaration; Live Definition Must Be Verified
supabase/migrations/20260830191835_fix_late_reg_ghost_seats.sql,208,fn_register_for_tournament,Historical Declaration; Live Definition Must Be Verified
supabase/migrations/20260830192115_20260830c_v31_combo_decode_foundation.sql,123,fn_gto_board_flush_suit,Historical Declaration; Live Definition Must Be Verified
supabase/migrations/20260830192514_20260830_alarm_only_when_a_field_is_actually_stranded.sql,26,fn_on_table_status_change,Historical Declaration; Live Definition Must Be Verified
supabase/migrations/20260830193446_20260830d_v31_aggregator.sql,33,fn_aggregate_gto_v31_next,Historical Declaration; Live Definition Must Be Verified
supabase/migrations/20260830193500_alarm_only_when_a_field_is_actually_stranded.sql,23,fn_on_table_status_change,Historical Declaration; Live Definition Must Be Verified
supabase/migrations/20260830194000_venue_location_integrity_revision.sql,12,resolve_venue_location_integrity,Historical Declaration; Live Definition Must Be Verified
supabase/migrations/20260830200921_20260830e_v31_aggregator_rpc_budget.sql,6,fn_aggregate_gto_v31_next,Historical Declaration; Live Definition Must Be Verified
supabase/migrations/20260830202000_alarm_records_who_closed_the_table.sql,40,fn_on_table_status_change,Historical Declaration; Live Definition Must Be Verified
supabase/migrations/20260830202011_20260830_alarm_records_who_closed_the_table.sql,37,fn_on_table_status_change,Historical Declaration; Live Definition Must Be Verified
supabase/migrations/20260830203000_entitlement_aware_customization_purchases.sql,18,fn_purchase_feature,Historical Declaration; Live Definition Must Be Verified
supabase/migrations/20260830203500_satellite_seats_in_late_reg_and_double_qualification.sql,32,fn_award_satellite_seat,Historical Declaration; Live Definition Must Be Verified
supabase/migrations/20260830204809_20260830_fn_debit_chips_stop_truncating_cents.sql,28,fn_debit_chips,Historical Declaration; Live Definition Must Be Verified
supabase/migrations/20260830204859_20260830_repair_fn_tournament_unregister_counter.sql,30,fn_tournament_unregister_counter,Historical Declaration; Live Definition Must Be Verified
supabase/migrations/20260830205407_club_treasury_reconcile_compared_the_wrong_column.sql,68,reconcile_ledger_nightly,Historical Declaration; Live Definition Must Be Verified
supabase/migrations/20260830205523_20260830g_v31_cells_carry_their_bet_size.sql,30,fn_aggregate_gto_v31_next,Historical Declaration; Live Definition Must Be Verified
supabase/migrations/20260830205631_20260830h_v31_size_aggregate_fix.sql,19,fn_aggregate_gto_v31_next,Historical Declaration; Live Definition Must Be Verified
supabase/migrations/20260830211145_20260830_label_prize_credits_in_chip_ledger.sql,40,fn_club_members_ledger_writer,Historical Declaration; Live Definition Must Be Verified
supabase/migrations/20260830211145_20260830_label_prize_credits_in_chip_ledger.sql,113,fn_credit_and_log,Historical Declaration; Live Definition Must Be Verified
supabase/migrations/20260830211404_20260830_label_prize_credits_v2_never_lose_the_row.sql,39,fn_club_members_ledger_writer,Historical Declaration; Live Definition Must Be Verified
supabase/migrations/20260830211404_20260830_label_prize_credits_v2_never_lose_the_row.sql,130,fn_credit_and_log,Historical Declaration; Live Definition Must Be Verified
supabase/migrations/20260830211704_fn_satellite_conservation_audit.sql,23,fn_satellite_conservation_audit,Historical Declaration; Live Definition Must Be Verified
supabase/migrations/20260830212219_fix_prune_hand_history_cte_name_v2.sql,10,sp_prune_hand_history,Historical Declaration; Live Definition Must Be Verified
supabase/migrations/20260830212438_20260830_cash_out_seats_when_a_cash_table_closes.sql,44,fn_cashout_seats_for_closing_table,Historical Declaration; Live Definition Must Be Verified
supabase/migrations/20260830212532_20260830_wire_cashout_into_table_close_paths.sql,22,fn_on_table_status_change,Historical Declaration; Live Definition Must Be Verified
supabase/migrations/20260830212532_20260830_wire_cashout_into_table_close_paths.sql,104,fn_clear_table_seats,Historical Declaration; Live Definition Must Be Verified
supabase/migrations/20260830212623_20260830_force_close_refund_pays_the_live_wallet.sql,31,force_close_table_and_refund,Historical Declaration; Live Definition Must Be Verified
supabase/migrations/20260830212701_20260830_force_close_refund_actor_fallback.sql,17,force_close_table_and_refund,Historical Declaration; Live Definition Must Be Verified
supabase/migrations/20260830212857_tournament_rebuy_needs_no_seat.sql,27,process_tournament_rebuy,Historical Declaration; Live Definition Must Be Verified
supabase/migrations/20260830220000_atomic_daily_challenge_reroll.sql,16,reroll_daily_challenge,Historical Declaration; Live Definition Must Be Verified
supabase/migrations/20260830223000_leaderboard_reward_setup_safe.sql,51,fn_leaderboard_prizes_are_valid,Historical Declaration; Live Definition Must Be Verified
supabase/migrations/20260830223000_leaderboard_reward_setup_safe.sql,105,fn_leaderboard_reward_contexts,Historical Declaration; Live Definition Must Be Verified
supabase/migrations/20260830223000_leaderboard_reward_setup_safe.sql,172,fn_get_leaderboard_reward_setup,Historical Declaration; Live Definition Must Be Verified
supabase/migrations/20260830223000_leaderboard_reward_setup_safe.sql,267,fn_save_leaderboard_reward_setup,Historical Declaration; Live Definition Must Be Verified
supabase/migrations/20260830223000_leaderboard_reward_setup_safe.sql,367,fn_payout_leaderboard,Historical Declaration; Live Definition Must Be Verified
supabase/migrations/20260830235900_daily_challenge_economy_contracts.sql,14,buy_streak_freeze,Historical Declaration; Live Definition Must Be Verified
supabase/migrations/20260830235900_daily_challenge_economy_contracts.sql,125,claim_daily_challenge,Historical Declaration; Live Definition Must Be Verified
supabase/migrations/20260830235959_club_data_query_path_bounded.sql,21,fn_ca_club_games,Historical Declaration; Live Definition Must Be Verified
supabase/migrations/20260830235959_club_data_query_path_bounded.sql,246,ca_club_data_snapshot,Historical Declaration; Live Definition Must Be Verified
supabase/migrations/20260830235961_club_data_player_single_wallet_pass.sql,6,ca_club_player_breakdown,Historical Declaration; Live Definition Must Be Verified
supabase/migrations/20260830235963_daily_challenge_dashboard_contract.sql,79,fn_snapshot_daily_challenge_contract,Historical Declaration; Live Definition Must Be Verified
supabase/migrations/20260830235963_daily_challenge_dashboard_contract.sql,184,get_challenge_streak,Historical Declaration; Live Definition Must Be Verified
supabase/migrations/20260830235963_daily_challenge_dashboard_contract.sql,323,get_or_assign_challenges,Historical Declaration; Live Definition Must Be Verified
supabase/migrations/20260830235963_daily_challenge_dashboard_contract.sql,393,claim_daily_challenge,Historical Declaration; Live Definition Must Be Verified
supabase/migrations/20260830235963_daily_challenge_dashboard_contract.sql,522,get_daily_challenge_dashboard,Historical Declaration; Live Definition Must Be Verified
supabase/migrations/20260830235990_cashier_claim_back_cent_integrity.sql,14,fn_block_browser_balance_writes,Historical Declaration; Live Definition Must Be Verified
supabase/migrations/20260830235990_cashier_claim_back_cent_integrity.sql,56,fn_block_browser_balance_inserts,Historical Declaration; Live Definition Must Be Verified
supabase/migrations/20260830235990_cashier_claim_back_cent_integrity.sql,97,fn_agent_wallet_claim_back,Historical Declaration; Live Definition Must Be Verified
supabase/migrations/20260830236000_ca_hand_player_idx_prunes_with_its_hands.sql,27,sp_prune_hand_history,Historical Declaration; Live Definition Must Be Verified
supabase/migrations/20260830236000_ca_hand_player_idx_prunes_with_its_hands.sql,124,sp_sweep_ca_hand_player_idx_orphans,Historical Declaration; Live Definition Must Be Verified
supabase/migrations/20260830_audit_leak_spike_detector_cold_start.sql,51,fn_run_horse_daily_audit,Historical Declaration; Live Definition Must Be Verified
supabase/migrations/20260830_notify_money_flows_server_side.sql,50,fn_raise_notification,Historical Declaration; Live Definition Must Be Verified
supabase/migrations/20260830_notify_money_flows_server_side.sql,87,fn_notify_display_name,Historical Declaration; Live Definition Must Be Verified
supabase/migrations/20260830_notify_money_flows_server_side.sql,113,fn_notify_dispute,Historical Declaration; Live Definition Must Be Verified
supabase/migrations/20260830_notify_money_flows_server_side.sql,168,fn_notify_credit_request,Historical Declaration; Live Definition Must Be Verified
supabase/migrations/20260830_notify_tournament_blinding_off.sql,27,fn_notify_blinding_off,Historical Declaration; Live Definition Must Be Verified
supabase/migrations/20260830_spin_flat_rake_sweep_seats_and_table_game_type_law.sql,16,fn_spin_rake_rate,Historical Declaration; Live Definition Must Be Verified
supabase/migrations/20260830_spin_flat_rake_sweep_seats_and_table_game_type_law.sql,25,fn_spin_sweep_unbooked,Historical Declaration; Live Definition Must Be Verified
supabase/migrations/20260830c_v31_combo_decode_foundation.sql,147,fn_gto_board_flush_suit,Historical Declaration; Live Definition Must Be Verified
supabase/migrations/20260830d_v31_aggregator.sql,91,fn_aggregate_gto_v31_next,Historical Declaration; Live Definition Must Be Verified
supabase/migrations/20260830e_v31_aggregator_rpc_budget.sql,62,fn_aggregate_gto_v31_next,Historical Declaration; Live Definition Must Be Verified
supabase/migrations/20260830h_v31_size_aggregate_fix.sql,32,fn_aggregate_gto_v31_next,Historical Declaration; Live Definition Must Be Verified
supabase/migrations/20260831000500_leaderboard_canonical_period_windows.sql,20,fn_leaderboard_period_window,Historical Declaration; Live Definition Must Be Verified
supabase/migrations/20260831000500_leaderboard_canonical_period_windows.sql,102,fn_club_leaderboard_period_v2,Historical Declaration; Live Definition Must Be Verified
supabase/migrations/20260831000500_leaderboard_canonical_period_windows.sql,203,fn_global_leaderboard_period,Historical Declaration; Live Definition Must Be Verified
supabase/migrations/20260831000500_leaderboard_canonical_period_windows.sql,310,fn_union_leaderboard_period_v2,Historical Declaration; Live Definition Must Be Verified
supabase/migrations/20260831002500_leaderboard_historical_period_contract.sql,17,fn_club_leaderboard_by_dates,Historical Declaration; Live Definition Must Be Verified
supabase/migrations/20260831002500_leaderboard_historical_period_contract.sql,166,fn_global_leaderboard_by_dates,Historical Declaration; Live Definition Must Be Verified
supabase/migrations/20260831002500_leaderboard_historical_period_contract.sql,317,fn_user_rank_by_dates,Historical Declaration; Live Definition Must Be Verified
supabase/migrations/20260831002500_leaderboard_historical_period_contract.sql,362,fn_user_rank_global_by_dates,Historical Declaration; Live Definition Must Be Verified
supabase/migrations/20260831003400_20260830_spin_flat_rake_sweep_seats_and_table_game_type_law.sql,31,fn_spin_rake_rate,Historical Declaration; Live Definition Must Be Verified
supabase/migrations/20260831003400_20260830_spin_flat_rake_sweep_seats_and_table_game_type_law.sql,44,fn_spin_sweep_unbooked,Historical Declaration; Live Definition Must Be Verified
supabase/migrations/20260831010000_club_data_incremental_reporting_facts.sql,63,ca_reporting_club_for_activity,Historical Declaration; Live Definition Must Be Verified
supabase/migrations/20260831010000_club_data_incremental_reporting_facts.sql,99,ca_refresh_reporting_rollups,Historical Declaration; Live Definition Must Be Verified
supabase/migrations/20260831010000_club_data_incremental_reporting_facts.sql,321,trg_ca_reporting_wallet_insert,Historical Declaration; Live Definition Must Be Verified
supabase/migrations/20260831010000_club_data_incremental_reporting_facts.sql,389,trg_ca_reporting_rake_insert,Historical Declaration; Live Definition Must Be Verified
supabase/migrations/20260831010000_club_data_incremental_reporting_facts.sql,457,trg_ca_reporting_repair_changed_day,Historical Declaration; Live Definition Must Be Verified
supabase/migrations/20260831010000_club_data_incremental_reporting_facts.sql,504,fn_ca_club_games,Historical Declaration; Live Definition Must Be Verified
supabase/migrations/20260831010000_club_data_incremental_reporting_facts.sql,594,ca_club_data_snapshot,Historical Declaration; Live Definition Must Be Verified
supabase/migrations/20260831010000_club_data_incremental_reporting_facts.sql,687,ca_club_player_breakdown,Historical Declaration; Live Definition Must Be Verified
supabase/migrations/20260831010000_sixty_second_exclusive_seat_hold.sql,37,fn_offer_open_seat,Historical Declaration; Live Definition Must Be Verified
supabase/migrations/20260831010000_sixty_second_exclusive_seat_hold.sql,181,atomic_table_buyin,Historical Declaration; Live Definition Must Be Verified
supabase/migrations/20260831010001_club_data_rollup_attribution_parity.sql,11,ca_reporting_tournament_clubs_for_user,Historical Declaration; Live Definition Must Be Verified
supabase/migrations/20260831010001_club_data_rollup_attribution_parity.sql,37,ca_refresh_reporting_rollups,Historical Declaration; Live Definition Must Be Verified
supabase/migrations/20260831010001_club_data_rollup_attribution_parity.sql,188,trg_ca_reporting_wallet_insert,Historical Declaration; Live Definition Must Be Verified
supabase/migrations/20260831010001_club_data_rollup_attribution_parity.sql,242,trg_ca_reporting_rake_insert,Historical Declaration; Live Definition Must Be Verified
supabase/migrations/20260831010001_club_data_rollup_attribution_parity.sql,291,ca_club_player_breakdown,Historical Declaration; Live Definition Must Be Verified
supabase/migrations/20260831010002_club_data_cash_scope_and_search_plan.sql,9,ca_refresh_reporting_cash_rollup,Historical Declaration; Live Definition Must Be Verified
supabase/migrations/20260831010002_club_data_cash_scope_and_search_plan.sql,52,ca_refresh_reporting_rollups,Historical Declaration; Live Definition Must Be Verified
supabase/migrations/20260831010002_club_data_cash_scope_and_search_plan.sql,65,trg_ca_reporting_wallet_insert,Historical Declaration; Live Definition Must Be Verified
supabase/migrations/20260831010002_club_data_cash_scope_and_search_plan.sql,120,fn_ca_club_games,Historical Declaration; Live Definition Must Be Verified
supabase/migrations/20260831010003_club_data_unsearched_fast_path.sql,9,fn_ca_club_games_unsearched,Historical Declaration; Live Definition Must Be Verified
supabase/migrations/20260831010003_club_data_unsearched_fast_path.sql,64,fn_ca_club_games,Historical Declaration; Live Definition Must Be Verified
supabase/migrations/20260831010004_club_data_custom_game_plan.sql,6,fn_ca_club_games_unsearched,Historical Declaration; Live Definition Must Be Verified
supabase/migrations/20260831010005_club_data_bounded_snapshot_pipeline.sql,7,fn_ca_club_game_summary,Historical Declaration; Live Definition Must Be Verified
supabase/migrations/20260831010005_club_data_bounded_snapshot_pipeline.sql,62,fn_ca_club_game_rows,Historical Declaration; Live Definition Must Be Verified
supabase/migrations/20260831010005_club_data_bounded_snapshot_pipeline.sql,132,ca_club_data_snapshot,Historical Declaration; Live Definition Must Be Verified
supabase/migrations/20260831020000_club_data_cursor_pages.sql,10,ca_club_game_page,Historical Declaration; Live Definition Must Be Verified
supabase/migrations/20260831020000_club_data_cursor_pages.sql,146,ca_club_player_page,Historical Declaration; Live Definition Must Be Verified
supabase/migrations/20260831020001_club_data_snapshot_cursor_order.sql,9,fn_ca_club_game_rows,Historical Declaration; Live Definition Must Be Verified
supabase/migrations/20260831020002_club_data_default_snapshot_fast_path.sql,13,fn_ca_club_game_summary,Historical Declaration; Live Definition Must Be Verified
supabase/migrations/20260831020002_club_data_default_snapshot_fast_path.sql,58,fn_ca_club_game_rows,Historical Declaration; Live Definition Must Be Verified
supabase/migrations/20260831030000_daily_challenge_atomic_action_receipts.sql,31,fn_snapshot_daily_challenge_contract,Historical Declaration; Live Definition Must Be Verified
supabase/migrations/20260831030000_daily_challenge_atomic_action_receipts.sql,141,fn_guard_profile_privileged_columns,Historical Declaration; Live Definition Must Be Verified
supabase/migrations/20260831030000_daily_challenge_atomic_action_receipts.sql,183,claim_daily_challenges,Historical Declaration; Live Definition Must Be Verified
supabase/migrations/20260831030000_daily_challenge_atomic_action_receipts.sql,437,reroll_daily_challenge,Historical Declaration; Live Definition Must Be Verified
supabase/migrations/20260831030000_run_it_mode_describes_what_the_table_actually_does.sql,47,fn_tables_autostart_guard,Historical Declaration; Live Definition Must Be Verified
supabase/migrations/20260831060000_a_seat_that_waits_forever_gets_its_chips_back.sql,62,fn_spin_expire_unfilled,Historical Declaration; Live Definition Must Be Verified
supabase/migrations/20260831080631_20260831_table_creation_guard_replaces_dead_create_table_api.sql,42,fn_tables_creation_guard,Historical Declaration; Live Definition Must Be Verified
supabase/migrations/20260831084428_sweep_honours_the_sixty_second_hold_and_advances_the_queue.sql,44,fn_sweep_stale_waitlists,Historical Declaration; Live Definition Must Be Verified
supabase/migrations/20260831085650_20260831120000_retire_remove_horse_the_delete_that_refunds_nothing.sql,27,remove_horse,Historical Declaration; Live Definition Must Be Verified
supabase/migrations/20260831085650_20260831120000_retire_remove_horse_the_delete_that_refunds_nothing.sql,80,remove_horse,Historical Declaration; Live Definition Must Be Verified
supabase/migrations/20260831093748_waitlist_one_active_row_and_one_live_hold_per_player.sql,76,fn_offer_open_seat,Historical Declaration; Live Definition Must Be Verified
supabase/migrations/20260831094246_fn_cron_fleet_silence_detects_a_dead_fleet.sql,46,fn_cron_fleet_silence,Historical Declaration; Live Definition Must Be Verified
supabase/migrations/20260831094353_cron_fleet_silence_judges_each_job_by_its_own_cadence.sql,36,fn_cron_fleet_silence,Historical Declaration; Live Definition Must Be Verified
supabase/migrations/20260831100610_20260831b_vip_points_fractional_accrual_no_rake_earns_nothing.sql,38,fn_award_vip_credit,Historical Declaration; Live Definition Must Be Verified
supabase/migrations/20260831100610_20260831b_vip_points_fractional_accrual_no_rake_earns_nothing.sql,99,fn_award_vip_points_from_rake,Historical Declaration; Live Definition Must Be Verified
supabase/migrations/20260831100610_20260831b_vip_points_fractional_accrual_no_rake_earns_nothing.sql,134,fn_attribute_tournament_rake,Historical Declaration; Live Definition Must Be Verified
supabase/migrations/20260831104745_20260831_retire_atomic_seat_horse_the_dead_minting_path.sql,84,atomic_seat_horse,Historical Declaration; Live Definition Must Be Verified
supabase/migrations/20260831105543_staff_earn_no_rakeback_agents_half.sql,12,fn_agents_staff_earn_no_rakeback,Historical Declaration; Live Definition Must Be Verified
supabase/migrations/20260831105626_staff_earn_no_rakeback_club_members_half_retry.sql,12,fn_club_members_staff_earn_no_rakeback,Historical Declaration; Live Definition Must Be Verified
supabase/migrations/20260831105743_promotion_chooses_the_rate.sql,14,fn_club_set_member_role,Historical Declaration; Live Definition Must Be Verified
supabase/migrations/20260831105743_promotion_chooses_the_rate.sql,207,fn_admin_update_agent,Historical Declaration; Live Definition Must Be Verified
supabase/migrations/20260831105743_promotion_chooses_the_rate.sql,293,fn_create_agent,Historical Declaration; Live Definition Must Be Verified
supabase/migrations/20260831111557_bomb_backfill_repairs_multi_winner_pots.sql,40,fn_backfill_bomb_multi_winner_units,Historical Declaration; Live Definition Must Be Verified
supabase/migrations/20260831113709_fn_tournament_metrics_for_prometheus_gauges.sql,15,fn_tournament_metrics,Historical Declaration; Live Definition Must Be Verified
supabase/migrations/20260831113835_fn_tournament_metrics_overdue_is_mtt_only_v2.sql,26,fn_tournament_metrics,Historical Declaration; Live Definition Must Be Verified
supabase/migrations/20260831114222_20260831c_vip_award_credit_is_engine_only.sql,31,fn_award_vip_credit,Historical Declaration; Live Definition Must Be Verified
supabase/migrations/20260831114504_index_evidence_fix_sum_returns_numeric.sql,12,fn_truly_unused_indexes,Historical Declaration; Live Definition Must Be Verified
supabase/migrations/20260831115135_seat_first_count_sync_survives_a_deadlock.sql,45,fn_sync_seat_first_player_count,Historical Declaration; Live Definition Must Be Verified
supabase/migrations/20260831115135_seat_first_count_sync_survives_a_deadlock.sql,143,fn_sync_seat_first_player_count,Historical Declaration; Live Definition Must Be Verified
supabase/migrations/20260831115914_20260831_phase4_the_daily_sweep_learns_to_see_readers.sql,53,fn_definer_exposure_audit,Historical Declaration; Live Definition Must Be Verified
supabase/migrations/20260831120000_retire_remove_horse_the_delete_that_refunds_nothing.sql,74,remove_horse,Historical Declaration; Live Definition Must Be Verified
supabase/migrations/20260831120000_retire_remove_horse_the_delete_that_refunds_nothing.sql,146,remove_horse,Historical Declaration; Live Definition Must Be Verified
supabase/migrations/20260831120109_20260831_phase4_group_staff_helper_stops_being_an_oracle.sql,57,fn_home_is_group_staff,Historical Declaration; Live Definition Must Be Verified
supabase/migrations/20260831123241_player_command_lifetime_fee_totals.sql,53,fn_member_fee_lifetime_after_insert,Historical Declaration; Live Definition Must Be Verified
supabase/migrations/20260831123241_player_command_lifetime_fee_totals.sql,72,fn_member_fee_lifetime_after_update,Historical Declaration; Live Definition Must Be Verified
supabase/migrations/20260831123241_player_command_lifetime_fee_totals.sql,141,fn_member_fee_lifetime_after_delete,Historical Declaration; Live Definition Must Be Verified
supabase/migrations/20260831130000_daily_challenge_dashboard_realtime_revision.sql,31,bump_daily_challenge_dashboard_revision,Historical Declaration; Live Definition Must Be Verified
supabase/migrations/20260831130000_waitlist_one_active_row_and_one_live_hold.sql,75,fn_offer_open_seat,Historical Declaration; Live Definition Must Be Verified
supabase/migrations/20260831133057_a_tournament_payout_is_a_record_not_a_column.sql,93,fn_tournament_payouts_are_append_only,Historical Declaration; Live Definition Must Be Verified
supabase/migrations/20260831133146_the_deal_writes_its_record_once.sql,43,fn_final_table_deal,Historical Declaration; Live Definition Must Be Verified
supabase/migrations/20260831133322_the_payout_record_bypass_must_be_asked_for.sql,27,fn_tournament_payouts_are_append_only,Historical Declaration; Live Definition Must Be Verified
supabase/migrations/20260831133423_every_prize_writes_its_own_evidence.sql,58,fn_credit_and_log,Historical Declaration; Live Definition Must Be Verified
supabase/migrations/20260831133608_one_classifier_for_the_payout_record.sql,33,fn_tournament_payout_shape,Historical Declaration; Live Definition Must Be Verified
supabase/migrations/20260831133650_the_record_reads_the_place_from_the_key.sql,28,fn_credit_and_log,Historical Declaration; Live Definition Must Be Verified
supabase/migrations/20260831135007_zero_attribution_is_not_success.sql,38,fn_attribute_tournament_rake,Historical Declaration; Live Definition Must Be Verified
supabase/migrations/20260831135007_zero_attribution_is_not_success.sql,126,fn_settle_tournament_rake,Historical Declaration; Live Definition Must Be Verified
supabase/migrations/20260831135007_zero_attribution_is_not_success.sql,248,fn_repair_tournament_rake_attribution,Historical Declaration; Live Definition Must Be Verified
supabase/migrations/20260831135007_zero_attribution_is_not_success.sql,334,fn_backpay_tournament_rake_attribution,Historical Declaration; Live Definition Must Be Verified
supabase/migrations/20260831135133_the_classifier_learns_the_three_keys_outside_the_tourney_namespace.sql,20,fn_tournament_payout_shape,Historical Declaration; Live Definition Must Be Verified
supabase/migrations/20260831140000_the_rake_law_gets_an_alarm.sql,124,fn_effective_rake_cap,Historical Declaration; Live Definition Must Be Verified
supabase/migrations/20260831140000_the_rake_law_gets_an_alarm.sql,155,fn_rake_law_violations,Historical Declaration; Live Definition Must Be Verified
supabase/migrations/20260831140000_the_rake_law_gets_an_alarm.sql,209,fn_rake_law_check,Historical Declaration; Live Definition Must Be Verified
supabase/migrations/20260831140909_club_entry_four_phase_audit_fixes.sql,6,fn_get_club_creation_eligibility,Historical Declaration; Live Definition Must Be Verified
supabase/migrations/20260831140909_club_entry_four_phase_audit_fixes.sql,34,fn_create_club_atomic,Historical Declaration; Live Definition Must Be Verified
supabase/migrations/20260831140922_rake_law_check_leaves_the_generated_drift_alone.sql,24,fn_rake_law_check,Historical Declaration; Live Definition Must Be Verified
supabase/migrations/20260831141042_the_reconcile_log_admits_a_rake_law_finding.sql,44,fn_rake_law_check,Historical Declaration; Live Definition Must Be Verified
supabase/migrations/20260831141737_the_rake_alarm_learns_the_new_schedule_rows.sql,13,fn_unscheduled_cap_bb,Historical Declaration; Live Definition Must Be Verified
supabase/migrations/20260831141737_the_rake_alarm_learns_the_new_schedule_rows.sql,23,fn_effective_rake_cap,Historical Declaration; Live Definition Must Be Verified
supabase/migrations/20260831142001_the_rake_alarm_had_blind_spots_between_its_tiers.sql,1,fn_effective_rake_cap,Historical Declaration; Live Definition Must Be Verified
supabase/migrations/20260831142004_the_alarm_that_proves_no_chips_vanished_must_finish.sql,89,fn_unaccounted_seat_exits,Historical Declaration; Live Definition Must Be Verified
supabase/migrations/20260831142004_the_alarm_that_proves_no_chips_vanished_must_finish.sql,181,fn_unaccounted_seat_exits,Historical Declaration; Live Definition Must Be Verified
supabase/migrations/20260831142753_ca_incident_core.sql,96,fn_ca_incident_events_append_only,Historical Declaration; Live Definition Must Be Verified
supabase/migrations/20260831142753_ca_incident_core.sql,127,fn_ca_incident_recipient_ids,Historical Declaration; Live Definition Must Be Verified
supabase/migrations/20260831142753_ca_incident_core.sql,157,fn_ca_incident_notify,Historical Declaration; Live Definition Must Be Verified
supabase/migrations/20260831142753_ca_incident_core.sql,232,fn_ca_raise_drift_incident,Historical Declaration; Live Definition Must Be Verified
supabase/migrations/20260831142753_ca_incident_core.sql,340,fn_ca_incident_escalation_tick,Historical Declaration; Live Definition Must Be Verified
supabase/migrations/20260831142753_ca_incident_core.sql,396,fn_ca_incident_action,Historical Declaration; Live Definition Must Be Verified
supabase/migrations/20260831142753_ca_incident_core.sql,476,fn_ca_incident_dashboard,Historical Declaration; Live Definition Must Be Verified
supabase/migrations/20260831142753_ca_incident_core.sql,515,fn_ca_reconcile_log_to_incident,Historical Declaration; Live Definition Must Be Verified
supabase/migrations/20260831142753_ca_incident_core.sql,572,fn_ca_financial_alert_to_incident,Historical Declaration; Live Definition Must Be Verified
supabase/migrations/20260831143501_ca_ledger_hardening.sql,102,fn_ca_current_epoch,Historical Declaration; Live Definition Must Be Verified
supabase/migrations/20260831143501_ca_ledger_hardening.sql,121,fn_ca_journal_append_only,Historical Declaration; Live Definition Must Be Verified
supabase/migrations/20260831143501_ca_ledger_hardening.sql,204,fn_ca_chip_ledger_enrich,Historical Declaration; Live Definition Must Be Verified
supabase/migrations/20260831143501_ca_ledger_hardening.sql,253,fn_ca_verify_ledger_chain,Historical Declaration; Live Definition Must Be Verified
supabase/migrations/20260831144023_ca_full_ledger_coverage_fn.sql,10,fn_ca_autoledger,Historical Declaration; Live Definition Must Be Verified
supabase/migrations/20260831144351_ca_ledger_guc_plumbing_rake_bbj_horse.sql,10,atomic_distribute_rake,Historical Declaration; Live Definition Must Be Verified
supabase/migrations/20260831144351_ca_ledger_guc_plumbing_rake_bbj_horse.sql,257,credit_club_rake_to_treasury,Historical Declaration; Live Definition Must Be Verified
supabase/migrations/20260831144351_ca_ledger_guc_plumbing_rake_bbj_horse.sql,307,fn_horse_fund_from_treasury,Historical Declaration; Live Definition Must Be Verified
supabase/migrations/20260831144351_ca_ledger_guc_plumbing_rake_bbj_horse.sql,392,fn_horse_seat_from_treasury,Historical Declaration; Live Definition Must Be Verified
supabase/migrations/20260831144351_ca_ledger_guc_plumbing_rake_bbj_horse.sql,474,bbj_record_contribution,Historical Declaration; Live Definition Must Be Verified
supabase/migrations/20260831144500_club_data_complete_export_jobs.sql,37,ca_club_game_export_start,Historical Declaration; Live Definition Must Be Verified
supabase/migrations/20260831144500_club_data_complete_export_jobs.sql,176,ca_club_player_export_start,Historical Declaration; Live Definition Must Be Verified
supabase/migrations/20260831144500_club_data_complete_export_jobs.sql,283,ca_club_data_export_page,Historical Declaration; Live Definition Must Be Verified
supabase/migrations/20260831144500_club_data_complete_export_jobs.sql,321,ca_club_data_export_cancel,Historical Declaration; Live Definition Must Be Verified
supabase/migrations/20260831144606_fn_tournaments_creation_guard_function_only.sql,6,fn_tournaments_creation_guard,Historical Declaration; Live Definition Must Be Verified
supabase/migrations/20260831144826_ca_leak_fixes.sql,7,promo_apply_playthrough,Historical Declaration; Live Definition Must Be Verified
supabase/migrations/20260831144826_ca_leak_fixes.sql,88,atomic_table_rebuy,Historical Declaration; Live Definition Must Be Verified
supabase/migrations/20260831144826_ca_leak_fixes.sql,174,fn_credit_chips,Historical Declaration; Live Definition Must Be Verified
supabase/migrations/20260831144826_ca_leak_fixes.sql,232,fn_bbj_promo_payout_atomic,Historical Declaration; Live Definition Must Be Verified
supabase/migrations/20260831144826_ca_leak_fixes.sql,319,log_wallet_transaction,Historical Declaration; Live Definition Must Be Verified
supabase/migrations/20260831144915_ca_ledger_categories_addon_cashout_transfer.sql,7,atomic_table_addon,Historical Declaration; Live Definition Must Be Verified
supabase/migrations/20260831144915_ca_ledger_categories_addon_cashout_transfer.sql,85,atomic_table_cashout,Historical Declaration; Live Definition Must Be Verified
supabase/migrations/20260831144915_ca_ledger_categories_addon_cashout_transfer.sql,143,fn_transfer_chips,Historical Declaration; Live Definition Must Be Verified
supabase/migrations/20260831145042_ca_ledger_categories_buyin_credit.sql,6,atomic_table_buyin,Historical Declaration; Live Definition Must Be Verified
supabase/migrations/20260831145042_ca_ledger_categories_buyin_credit.sql,223,atomic_credit_wallet_and_log,Historical Declaration; Live Definition Must Be Verified
supabase/migrations/20260831145242_ca_quick_reconcile_and_settlements.sql,40,fn_ca_settlement_transition_guard,Historical Declaration; Live Definition Must Be Verified
supabase/migrations/20260831145242_ca_quick_reconcile_and_settlements.sql,96,fn_ca_supply_snapshot,Historical Declaration; Live Definition Must Be Verified
supabase/migrations/20260831145242_ca_quick_reconcile_and_settlements.sql,160,fn_ca_quick_reconcile,Historical Declaration; Live Definition Must Be Verified
supabase/migrations/20260831145242_ca_quick_reconcile_and_settlements.sql,295,fn_ca_auto_reconcile_tick,Historical Declaration; Live Definition Must Be Verified
supabase/migrations/20260831145500_the_alarm_measures_the_engine_not_our_opinion_of_it.sql,69,fn_effective_rake_cap,Historical Declaration; Live Definition Must Be Verified
supabase/migrations/20260831145500_the_alarm_measures_the_engine_not_our_opinion_of_it.sql,85,fn_rake_schedule_drift,Historical Declaration; Live Definition Must Be Verified
supabase/migrations/20260831150000_daily_mission_alerts_and_observability.sql,63,enqueue_daily_mission_reset_notifications,Historical Declaration; Live Definition Must Be Verified
supabase/migrations/20260831150000_daily_mission_alerts_and_observability.sql,219,fn_prune_daily_mission_operations,Historical Declaration; Live Definition Must Be Verified
supabase/migrations/20260831150000_player_command_phase3_security_scale_hardening.sql,231,ca_club_member_notes_update,Historical Declaration; Live Definition Must Be Verified
supabase/migrations/20260831150100_club_creation_atomic_workflow.sql,22,fn_club_name_available,Historical Declaration; Live Definition Must Be Verified
supabase/migrations/20260831150100_club_creation_atomic_workflow.sql,35,fn_get_club_creation_eligibility,Historical Declaration; Live Definition Must Be Verified
supabase/migrations/20260831150100_club_creation_atomic_workflow.sql,65,fn_create_club_atomic,Historical Declaration; Live Definition Must Be Verified
supabase/migrations/20260831150100_daily_mission_alert_enqueue_contract_fix.sql,43,enqueue_daily_mission_reset_notifications,Historical Declaration; Live Definition Must Be Verified
supabase/migrations/20260831150200_player_search_authoritative.sql,27,fn_get_player_search_preferences,Historical Declaration; Live Definition Must Be Verified
supabase/migrations/20260831150200_player_search_authoritative.sql,42,fn_set_player_search_preferences,Historical Declaration; Live Definition Must Be Verified
supabase/migrations/20260831150200_player_search_authoritative.sql,67,fn_search_players,Historical Declaration; Live Definition Must Be Verified
supabase/migrations/20260831150300_club_entry_trust_layer.sql,27,fn_track_club_entry_event,Historical Declaration; Live Definition Must Be Verified
supabase/migrations/20260831150300_club_entry_trust_layer.sql,69,fn_get_club_entry_flags,Historical Declaration; Live Definition Must Be Verified
supabase/migrations/20260831150300_club_entry_trust_layer.sql,83,fn_audit_club_entry_mutation,Historical Declaration; Live Definition Must Be Verified
supabase/migrations/20260831150400_club_join_atomic_workflow.sql,16,fn_preview_club_join,Historical Declaration; Live Definition Must Be Verified
supabase/migrations/20260831150400_club_join_atomic_workflow.sql,45,fn_sync_club_join_request,Historical Declaration; Live Definition Must Be Verified
supabase/migrations/20260831150400_club_join_atomic_workflow.sql,67,fn_join_club_atomic,Historical Declaration; Live Definition Must Be Verified
supabase/migrations/20260831150400_club_join_atomic_workflow.sql,160,fn_cancel_club_join_request,Historical Declaration; Live Definition Must Be Verified
supabase/migrations/20260831153000_player_search_global_downline_watch_access.sql,16,fn_get_table_watch_access,Historical Declaration; Live Definition Must Be Verified
supabase/migrations/20260831153000_player_search_global_downline_watch_access.sql,79,fn_search_players,Historical Declaration; Live Definition Must Be Verified
supabase/migrations/20260831154012_ca_zero_drift_round2.sql,22,fn_ca_incident_escalation_tick,Historical Declaration; Live Definition Must Be Verified
supabase/migrations/20260831154012_ca_zero_drift_round2.sql,93,fn_ca_reconcile_log_to_incident,Historical Declaration; Live Definition Must Be Verified
supabase/migrations/20260831154012_ca_zero_drift_round2.sql,151,fn_ca_quick_reconcile,Historical Declaration; Live Definition Must Be Verified
supabase/migrations/20260831154012_ca_zero_drift_round2.sql,305,fn_ca_auto_reconcile_tick,Historical Declaration; Live Definition Must Be Verified
supabase/migrations/20260831154012_ca_zero_drift_round2.sql,404,fn_ca_block_browser_money_table,Historical Declaration; Live Definition Must Be Verified
supabase/migrations/20260831154012_ca_zero_drift_round2.sql,434,fn_mint_club_chips,Historical Declaration; Live Definition Must Be Verified
supabase/migrations/20260831154012_ca_zero_drift_round2.sql,510,fn_union_send_to_member,Historical Declaration; Live Definition Must Be Verified
supabase/migrations/20260831154012_ca_zero_drift_round2.sql,738,fn_ca_drift_metrics,Historical Declaration; Live Definition Must Be Verified
supabase/migrations/20260831154230_a_new_view_respects_the_caller_without_being_asked.sql,58,fn_new_view_respects_the_caller,Historical Declaration; Live Definition Must Be Verified
supabase/migrations/20260831154256_ca_zero_drift_round2b_bbj_selfheal.sql,10,fn_ca_auto_reconcile_tick,Historical Declaration; Live Definition Must Be Verified
supabase/migrations/20260831154329_ca_zero_drift_round2c_supply_liabilities.sql,10,fn_ca_supply_snapshot,Historical Declaration; Live Definition Must Be Verified
supabase/migrations/20260831154426_ca_incident_dashboard_all_statuses.sql,7,fn_ca_incident_dashboard,Historical Declaration; Live Definition Must Be Verified
supabase/migrations/20260831154912_attribution_takes_its_locks_in_a_fixed_order.sql,36,fn_attribute_tournament_rake,Historical Declaration; Live Definition Must Be Verified
supabase/migrations/20260831155000_mirror_fn_tournament_chip_conservation_check.sql,7,fn_tournament_chip_conservation_check,Historical Declaration; Live Definition Must Be Verified
supabase/migrations/20260831160000_the_rake_alarm_learns_the_new_schedule_rows.sql,70,fn_unscheduled_cap_bb,Historical Declaration; Live Definition Must Be Verified
supabase/migrations/20260831160000_the_rake_alarm_learns_the_new_schedule_rows.sql,82,fn_effective_rake_cap,Historical Declaration; Live Definition Must Be Verified
supabase/migrations/20260831160000_the_reconciler_counts_payouts_not_ledger_rows.sql,86,fn_tournament_payout_reconcile,Historical Declaration; Live Definition Must Be Verified
supabase/migrations/20260831160515_ca_zero_drift_phase1_watchdogs.sql,103,fn_ca_guard_integrity_check,Historical Declaration; Live Definition Must Be Verified
supabase/migrations/20260831160515_ca_zero_drift_phase1_watchdogs.sql,173,fn_ca_money_rpc_drift,Historical Declaration; Live Definition Must Be Verified
supabase/migrations/20260831160515_ca_zero_drift_phase1_watchdogs.sql,197,fn_ca_supply_snapshot,Historical Declaration; Live Definition Must Be Verified
supabase/migrations/20260831160515_ca_zero_drift_phase1_watchdogs.sql,274,fn_ca_escrow_ttl_sweep,Historical Declaration; Live Definition Must Be Verified
supabase/migrations/20260831160616_ca_phase1_fix_rpc_drift_regex.sql,21,fn_ca_money_rpc_drift,Historical Declaration; Live Definition Must Be Verified
supabase/migrations/20260831161500_pgrst_reload_watchdog.sql,64,ca_log_ddl_event,Historical Declaration; Live Definition Must Be Verified
supabase/migrations/20260831161500_pgrst_reload_watchdog.sql,95,ca_log_ddl_drop,Historical Declaration; Live Definition Must Be Verified
supabase/migrations/20260831161500_pgrst_reload_watchdog.sql,136,fn_pgrst_reload_watchdog,Historical Declaration; Live Definition Must Be Verified
supabase/migrations/20260831162000_confirmed_push_receipt_dedup.sql,9,confirm_push_subscription_receipt,Historical Declaration; Live Definition Must Be Verified
supabase/migrations/20260831163500_remove_dead_club_join_requests_dependency.sql,10,fn_cancel_club_join_request,Historical Declaration; Live Definition Must Be Verified
supabase/migrations/20260831170000_the_rake_alarm_had_blind_spots_between_its_tiers.sql,49,fn_effective_rake_cap,Historical Declaration; Live Definition Must Be Verified
supabase/migrations/20260831180000_a_tournament_guard_binds_every_writer_not_just_the_rpc.sql,114,fn_tournaments_creation_guard,Historical Declaration; Live Definition Must Be Verified
supabase/migrations/20260831185816_ca_zero_drift_phase2_suspense_drain.sql,26,fn_spin_settle_game,Historical Declaration; Live Definition Must Be Verified
supabase/migrations/20260831185816_ca_zero_drift_phase2_suspense_drain.sql,209,fn_settle_tournament_rake,Historical Declaration; Live Definition Must Be Verified
supabase/migrations/20260831185816_ca_zero_drift_phase2_suspense_drain.sql,330,fn_apply_prize_guarantee,Historical Declaration; Live Definition Must Be Verified
supabase/migrations/20260831185816_ca_zero_drift_phase2_suspense_drain.sql,480,fn_bbj_repair_unbanked,Historical Declaration; Live Definition Must Be Verified
supabase/migrations/20260831185819_pgrst_reload_watchdog_retention_tune.sql,12,fn_pgrst_reload_watchdog,Historical Declaration; Live Definition Must Be Verified
supabase/migrations/20260831190000_the_mirror_catches_up_to_the_engine.sql,60,fn_effective_rake_cap,Historical Declaration; Live Definition Must Be Verified
supabase/migrations/20260831190041_ca_phase2_increment_union_wallet_category.sql,9,increment_union_wallet,Historical Declaration; Live Definition Must Be Verified
supabase/migrations/20260831190110_the_seat_call_never_skips_a_horse.sql,1,fn_offer_open_seat,Historical Declaration; Live Definition Must Be Verified
supabase/migrations/20260831190500_ca_phase2_rpc_drift_catches_upserts.sql,8,fn_ca_money_rpc_drift,Historical Declaration; Live Definition Must Be Verified
supabase/migrations/20260831190800_ca_phase2_suspense_regression_watch.sql,10,fn_ca_suspense_regression_check,Historical Declaration; Live Definition Must Be Verified
supabase/migrations/20260831191832_the_repo_can_ask_what_the_database_has_applied.sql,39,fn_ca_applied_migrations,Historical Declaration; Live Definition Must Be Verified
supabase/migrations/20260831192518_ca_phase4_redrive_stamps_resolved.sql,14,fn_redrive_unbanked_rake,Historical Declaration; Live Definition Must Be Verified
supabase/migrations/20260831192912_fix_tournament_pushes_after_user_presence_drop.sql,15,check_upcoming_tournament_pushes,Historical Declaration; Live Definition Must Be Verified
supabase/migrations/20260831192927_a_satellite_seat_is_a_payout_and_an_unknown_origin_is_not_a_no.sql,76,fn_award_satellite_seat,Historical Declaration; Live Definition Must Be Verified
supabase/migrations/20260831192940_ca_phase4_tournament_table_cashout_mint_guard.sql,35,atomic_table_cashout,Historical Declaration; Live Definition Must Be Verified
supabase/migrations/20260831192950_biggest_hits_is_one_row_per_spin_and_it_is_the_winner.sql,49,fn_spin_leaderboards,Historical Declaration; Live Definition Must Be Verified
supabase/migrations/20260831193131_ca_phase4_manifest_hashes_content.sql,14,fn_ca_ledger_day_manifest,Historical Declaration; Live Definition Must Be Verified
supabase/migrations/20260831193427_ca_zero_drift_phase5_settle_hand_stacks.sql,40,fn_ca_settle_hand_stacks,Historical Declaration; Live Definition Must Be Verified
supabase/migrations/20260831193507_the_pgrst_watchdog_learns_to_bark.sql,93,fn_ca_pgrst_reload_if_stale,Historical Declaration; Live Definition Must Be Verified
supabase/migrations/20260831193559_ca_zero_drift_phase5_promo_queue_and_burnin_gate.sql,49,fn_ca_retry_promo_accruals,Historical Declaration; Live Definition Must Be Verified
supabase/migrations/20260831193559_ca_zero_drift_phase5_promo_queue_and_burnin_gate.sql,84,fn_ca_midway_burnin_gate,Historical Declaration; Live Definition Must Be Verified
supabase/migrations/20260831193608_nothing_was_watching_the_scheduled_work.sql,63,fn_ca_cron_health,Historical Declaration; Live Definition Must Be Verified
supabase/migrations/20260831193846_a_job_that_is_still_running_has_not_failed.sql,36,fn_ca_cron_health,Historical Declaration; Live Definition Must Be Verified
supabase/migrations/20260831195446_ca_phase5_settle_hand_stacks_absolute.sql,26,fn_ca_settle_hand_stacks_absolute,Historical Declaration; Live Definition Must Be Verified
supabase/migrations/20260831195719_ca_phase5_atomic_buyin_mints_honestly.sql,21,fn_atomic_buyin,Historical Declaration; Live Definition Must Be Verified
supabase/migrations/20260831195846_ca_phase5_split_pot_bounty_ruling.sql,25,fn_collect_bounty,Historical Declaration; Live Definition Must Be Verified
supabase/migrations/20260831200426_ca_phase5_epoch3_reset_executable.sql,40,fn_ca_epoch3_preflight,Historical Declaration; Live Definition Must Be Verified
supabase/migrations/20260831200426_ca_phase5_epoch3_reset_executable.sql,83,fn_ca_execute_epoch3_reset,Historical Declaration; Live Definition Must Be Verified
supabase/migrations/20260831200942_ca_phase5_opening_bank_is_a_mint.sql,17,fn_seed_new_club_opening_bank,Historical Declaration; Live Definition Must Be Verified
supabase/migrations/20260831201808_tournament_chip_conservation_guard.sql,43,fn_tournament_chip_conservation_check,Historical Declaration; Live Definition Must Be Verified
supabase/migrations/20260831202412_tournament_chip_conservation_guard_fixed_entry_scope.sql,6,fn_tournament_chip_conservation_check,Historical Declaration; Live Definition Must Be Verified
supabase/migrations/20260831202451_a_gauge_that_times_out_is_not_a_gauge.sql,87,fn_spin_metrics,Historical Declaration; Live Definition Must Be Verified
supabase/migrations/20260831202752_the_em_dash_ban_reaches_the_database.sql,98,fn_ca_banned_copy_characters,Historical Declaration; Live Definition Must Be Verified
supabase/migrations/20260831203653_a_repair_that_reads_its_own_backlog_three_times.sql,6,fn_backpay_spin_unpaid_winners,Historical Declaration; Live Definition Must Be Verified
supabase/migrations/20260831203732_a_repair_that_reads_its_own_backlog_three_times_truncate.sql,6,fn_backpay_spin_unpaid_winners,Historical Declaration; Live Definition Must Be Verified
supabase/migrations/20260831203955_the_backpay_no_longer_rereads_four_years_to_fix_last_night.sql,6,fn_spin_unpaid_settlements,Historical Declaration; Live Definition Must Be Verified
supabase/migrations/20260831204058_the_backpay_no_longer_rereads_four_years_to_fix_last_night_staged.sql,6,fn_spin_unpaid_settlements,Historical Declaration; Live Definition Must Be Verified
supabase/migrations/20260831204216_the_spin_backpay_gets_a_window_it_can_finish.sql,8,fn_backpay_spin_unpaid_winners,Historical Declaration; Live Definition Must Be Verified
supabase/migrations/20260831204350_the_gauge_stops_asking_the_unbounded_auditor.sql,6,fn_spin_metrics,Historical Declaration; Live Definition Must Be Verified
supabase/migrations/20260831205021_ca_phase1b_alarms_that_watch_the_alarms.sql,22,fn_ca_incident_recipient_ids,Historical Declaration; Live Definition Must Be Verified
supabase/migrations/20260831205021_ca_phase1b_alarms_that_watch_the_alarms.sql,40,fn_ca_incident_notify,Historical Declaration; Live Definition Must Be Verified
supabase/migrations/20260831205021_ca_phase1b_alarms_that_watch_the_alarms.sql,142,fn_ca_cron_health,Historical Declaration; Live Definition Must Be Verified
supabase/migrations/20260831205139_ca_phase1b_cron_watch_dedupe_with_parallel_work.sql,12,fn_ca_cron_failure_watch,Historical Declaration; Live Definition Must Be Verified
supabase/migrations/20260831205408_ca_phase2b_watchdog_depth.sql,168,fn_ca_burnin_gate_tick,Historical Declaration; Live Definition Must Be Verified
supabase/migrations/20260831210500_nothing_was_watching_the_wheel_stay_fair.sql,130,fn_spin_metrics,Historical Declaration; Live Definition Must Be Verified
supabase/migrations/20260831211500_a_deadlock_is_not_a_verdict.sql,33,fn_backpay_tournament_rake_attribution,Historical Declaration; Live Definition Must Be Verified
supabase/migrations/20260831213000_a_gauge_that_times_out_is_not_a_gauge.sql,129,fn_spin_metrics,Historical Declaration; Live Definition Must Be Verified
supabase/migrations/20260831215500_the_spin_backpay_was_timing_out_on_every_single_call.sql,50,fn_spin_unpaid_settlements,Historical Declaration; Live Definition Must Be Verified
supabase/migrations/20260831215500_the_spin_backpay_was_timing_out_on_every_single_call.sql,136,fn_backpay_spin_unpaid_winners,Historical Declaration; Live Definition Must Be Verified
supabase/migrations/20260831220000_the_gauge_stops_asking_the_unbounded_auditor.sql,25,fn_spin_metrics,Historical Declaration; Live Definition Must Be Verified
supabase/migrations/20260831231330_a_showdown_with_no_board_is_impossible.sql,34,fn_rake_law_violations,Historical Declaration; Live Definition Must Be Verified
supabase/migrations/20260831231356_a_guard_where_the_definer_sweep_was.sql,106,fn_ca_browser_reachable_telemetry,Historical Declaration; Live Definition Must Be Verified
supabase/migrations/20260831232524_spin_chip_conservation_check_rename_off_the_overload.sql,20,fn_spin_chip_conservation_check,Historical Declaration; Live Definition Must Be Verified
supabase/migrations/20260831233537_ca_alert_audit_round3_contained.sql,21,fn_ca_financial_alert_to_incident,Historical Declaration; Live Definition Must Be Verified
supabase/migrations/20260831233537_ca_alert_audit_round3_contained.sql,109,fn_ca_supply_snapshot,Historical Declaration; Live Definition Must Be Verified
supabase/migrations/20260831233907_ca_phase3_op_claims_exactly_once.sql,41,fn_mint_club_chips_zd3core,Historical Declaration; Live Definition Must Be Verified
supabase/migrations/20260831233907_ca_phase3_op_claims_exactly_once.sql,120,fn_mint_club_chips,Historical Declaration; Live Definition Must Be Verified
supabase/migrations/20260831233907_ca_phase3_op_claims_exactly_once.sql,167,fn_union_credit_wallet_zd3core,Historical Declaration; Live Definition Must Be Verified
supabase/migrations/20260831233907_ca_phase3_op_claims_exactly_once.sql,233,fn_union_credit_wallet,Historical Declaration; Live Definition Must Be Verified
supabase/migrations/20260831233907_ca_phase3_op_claims_exactly_once.sql,291,fn_union_debit_wallet_zd3core,Historical Declaration; Live Definition Must Be Verified
supabase/migrations/20260831233907_ca_phase3_op_claims_exactly_once.sql,360,fn_union_debit_wallet,Historical Declaration; Live Definition Must Be Verified
supabase/migrations/20260831234000_spin_chip_conservation_guard.sql,33,fn_spin_chip_conservation_check,Historical Declaration; Live Definition Must Be Verified
supabase/migrations/20260831234001_ca_phase3_send_to_member_exactly_once.sql,9,fn_union_send_to_member_zd3core,Historical Declaration; Live Definition Must Be Verified
supabase/migrations/20260831234001_ca_phase3_send_to_member_exactly_once.sql,242,fn_union_send_to_member,Historical Declaration; Live Definition Must Be Verified
supabase/migrations/20260831234052_ca_phase3_rakeback_settles_or_screams.sql,9,fn_union_weekly_rakeback_close,Historical Declaration; Live Definition Must Be Verified
supabase/migrations/20260831234200_tournament_rake_settlement_guard.sql,38,fn_tournament_rake_settlement_check,Historical Declaration; Live Definition Must Be Verified
supabase/migrations/20260831234418_no_emoji_in_the_copy_a_player_reads.sql,110,fn_ca_banned_copy_characters,Historical Declaration; Live Definition Must Be Verified
supabase/migrations/20260831234547_migration_text_is_readable_for_commit.sql,19,fn_ca_migration_text,Historical Declaration; Live Definition Must Be Verified
supabase/migrations/20260831234713_a_guarantee_is_a_promise_and_something_finally_checks_it.sql,55,fn_tournament_guarantee_check,Historical Declaration; Live Definition Must Be Verified
supabase/migrations/20260831235126_ca_prize_credits_follow_the_player_home.sql,18,fn_credit_player_wallet_once,Historical Declaration; Live Definition Must Be Verified
supabase/migrations/20260831235700_ca_phase4_cert_segregation_diamond_audit_collusion_v1.sql,31,fn_ca_is_cert_account,Historical Declaration; Live Definition Must Be Verified
supabase/migrations/20260831235700_ca_phase4_cert_segregation_diamond_audit_collusion_v1.sql,69,fn_ca_diamond_snapshot,Historical Declaration; Live Definition Must Be Verified
supabase/migrations/20260831235700_ca_phase4_cert_segregation_diamond_audit_collusion_v1.sql,143,fn_ca_collusion_scan,Historical Declaration; Live Definition Must Be Verified
supabase/migrations/20260831235735_ca_phase4_supply_snapshot_cert_breakout.sql,8,fn_ca_supply_snapshot,Historical Declaration; Live Definition Must Be Verified
supabase/migrations/20260831235990_cashier_authorization_and_audit_contracts.sql,133,fn_agent_wallet_send,Historical Declaration; Live Definition Must Be Verified
supabase/migrations/20260831235990_cashier_authorization_and_audit_contracts.sql,153,fn_agent_wallet_claim_back,Historical Declaration; Live Definition Must Be Verified
supabase/migrations/20260831235990_cashier_authorization_and_audit_contracts.sql,172,fn_issue_tournament_ticket,Historical Declaration; Live Definition Must Be Verified
supabase/migrations/20260831235990_cashier_authorization_and_audit_contracts.sql,216,fn_cancel_tournament_ticket,Historical Declaration; Live Definition Must Be Verified
supabase/migrations/20260831235990_cashier_authorization_and_audit_contracts.sql,283,fn_redeem_tournament_ticket,Historical Declaration; Live Definition Must Be Verified
supabase/migrations/20260831235991_cashier_roster_ledger_batch_performance.sql,30,fn_club_cashier_members_page_v3,Historical Declaration; Live Definition Must Be Verified
supabase/migrations/20260831235991_cashier_roster_ledger_batch_performance.sql,60,fn_cashier_batch_transfer,Historical Declaration; Live Definition Must Be Verified
supabase/migrations/20260831235992_cashier_operational_telemetry.sql,92,fn_prune_cashier_operations,Historical Declaration; Live Definition Must Be Verified
supabase/migrations/20260831235992_leaderboard_reward_program_versions.sql,69,leaderboard_reward_program_versions_are_immutable,Historical Declaration; Live Definition Must Be Verified
supabase/migrations/20260831235992_leaderboard_reward_program_versions.sql,92,fn_get_leaderboard_reward_plan,Historical Declaration; Live Definition Must Be Verified
supabase/migrations/20260831235992_leaderboard_reward_program_versions.sql,164,fn_publish_leaderboard_reward_program,Historical Declaration; Live Definition Must Be Verified
supabase/migrations/20260831235992_leaderboard_reward_program_versions.sql,360,fn_save_leaderboard_reward_setup,Historical Declaration; Live Definition Must Be Verified
supabase/migrations/20260831235992_leaderboard_reward_program_versions.sql,383,fn_get_leaderboard_reward_setup,Historical Declaration; Live Definition Must Be Verified
supabase/migrations/20260831235995_stats_v2_foundation.sql,63,ca_refresh_hand_player_index,Historical Declaration; Live Definition Must Be Verified
supabase/migrations/20260831235995_stats_v2_foundation.sql,167,ca_player_rake_stats,Historical Declaration; Live Definition Must Be Verified
supabase/migrations/20260831235995_stats_v2_foundation.sql,230,ca_player_hand_rake_share,Historical Declaration; Live Definition Must Be Verified
supabase/migrations/20260831235995_stats_v2_foundation.sql,324,ca_player_stats_overview_v2,Historical Declaration; Live Definition Must Be Verified
supabase/migrations/20260831235995_stats_v2_foundation.sql,369,ca_player_hands_v2,Historical Declaration; Live Definition Must Be Verified
supabase/migrations/20260831235996_co_owner_counts_as_club_staff.sql,55,fn_club_is_staff,Historical Declaration; Live Definition Must Be Verified
supabase/migrations/20260831235996_co_owner_counts_as_club_staff.sql,286,fn_role_rank,Historical Declaration; Live Definition Must Be Verified
supabase/migrations/20260831235996_co_owner_counts_as_club_staff.sql,306,fn_audit_actor_role,Historical Declaration; Live Definition Must Be Verified
supabase/migrations/20260831235997_promotion_assigns_rakeback_and_staff_earn_none.sql,104,fn_club_members_staff_earn_no_rakeback,Historical Declaration; Live Definition Must Be Verified
supabase/migrations/20260831235997_promotion_assigns_rakeback_and_staff_earn_none.sql,130,fn_agents_staff_earn_no_rakeback,Historical Declaration; Live Definition Must Be Verified
supabase/migrations/20260831235997_promotion_assigns_rakeback_and_staff_earn_none.sql,182,fn_club_set_member_role,Historical Declaration; Live Definition Must Be Verified
supabase/migrations/20260831235997_promotion_assigns_rakeback_and_staff_earn_none.sql,411,fn_admin_update_agent,Historical Declaration; Live Definition Must Be Verified
supabase/migrations/20260831235997_promotion_assigns_rakeback_and_staff_earn_none.sql,503,fn_create_agent,Historical Declaration; Live Definition Must Be Verified
supabase/migrations/20260831235998_stats_v2_reads_bounded_rollup.sql,52,ca_player_stats_overview_v2,Historical Declaration; Live Definition Must Be Verified
supabase/migrations/20260831_anon_cannot_name_itself_the_actor.sql,58,fn_club_set_member_role,Historical Declaration; Live Definition Must Be Verified
supabase/migrations/20260831_bbj_ledger_deletion_found_and_guarded.sql,53,fn_bbj_ledger_delete_guard,Historical Declaration; Live Definition Must Be Verified
supabase/migrations/20260831_index_evidence_that_can_actually_accumulate.sql,53,fn_prune_index_usage_snapshots,Historical Declaration; Live Definition Must Be Verified
supabase/migrations/20260831_index_evidence_that_can_actually_accumulate.sql,105,fn_truly_unused_indexes,Historical Declaration; Live Definition Must Be Verified
supabase/migrations/20260831_journal_the_real_treasury_writers.sql,93,fn_horse_fund_from_treasury,Historical Declaration; Live Definition Must Be Verified
supabase/migrations/20260831_journal_the_real_treasury_writers.sql,186,fn_horse_seat_from_treasury,Historical Declaration; Live Definition Must Be Verified
supabase/migrations/20260831_journal_the_real_treasury_writers.sql,270,credit_club_rake_to_treasury,Historical Declaration; Live Definition Must Be Verified
supabase/migrations/20260831_journal_the_real_treasury_writers.sql,321,atomic_distribute_rake,Historical Declaration; Live Definition Must Be Verified
supabase/migrations/20260831_ledger_trigger_stops_inventing_the_treasury.sql,111,fn_club_members_ledger_writer,Historical Declaration; Live Definition Must Be Verified
supabase/migrations/20260831_ledger_trigger_stops_inventing_the_treasury.sql,319,fn_club_members_ledger_writer,Historical Declaration; Live Definition Must Be Verified
supabase/migrations/20260831_phase4_group_staff_helper_stops_being_an_oracle.sql,52,fn_home_is_group_staff,Historical Declaration; Live Definition Must Be Verified
supabase/migrations/20260831_phase4_the_daily_sweep_learns_to_see_readers.sql,48,fn_definer_exposure_audit,Historical Declaration; Live Definition Must Be Verified
supabase/migrations/20260831_prize_disbursement_audit_and_three_false_alarms.sql,48,fn_tournament_prize_disbursement_audit,Historical Declaration; Live Definition Must Be Verified
supabase/migrations/20260831_prize_disbursement_audit_and_three_false_alarms.sql,129,fn_satellite_conservation_audit,Historical Declaration; Live Definition Must Be Verified
supabase/migrations/20260831_prize_disbursement_audit_and_three_false_alarms.sql,218,trg_spin_completed_guard,Historical Declaration; Live Definition Must Be Verified
supabase/migrations/20260831_rakeback_recompute_reads_a_daily_rollup.sql,59,fn_rakeback_recompute_day,Historical Declaration; Live Definition Must Be Verified
supabase/migrations/20260831_rakeback_recompute_reads_a_daily_rollup.sql,137,fn_rakeback_recompute_periods,Historical Declaration; Live Definition Must Be Verified
supabase/migrations/20260831_retire_atomic_seat_horse_the_dead_minting_path.sql,51,atomic_seat_horse,Historical Declaration; Live Definition Must Be Verified
supabase/migrations/20260831_spin_fairness_guard.sql,180,fn_spin_fairness_check,Historical Declaration; Live Definition Must Be Verified
supabase/migrations/20260831_table_creation_guard_replaces_dead_create_table_api.sql,21,fn_tables_creation_guard,Historical Declaration; Live Definition Must Be Verified
supabase/migrations/20260831_treasury_baseline_and_reconcile_from_the_line.sql,131,reconcile_ledger_nightly,Historical Declaration; Live Definition Must Be Verified
supabase/migrations/20260831_two_sweeps_that_never_finished_get_a_timeout.sql,39,fn_requeue_unbanked_cash_rake,Historical Declaration; Live Definition Must Be Verified
supabase/migrations/20260831_unbanked_cash_rake_heals_itself.sql,26,fn_requeue_unbanked_cash_rake,Historical Declaration; Live Definition Must Be Verified
supabase/migrations/20260831b_index_evidence_cron_and_bigint_cast.sql,31,fn_truly_unused_indexes,Historical Declaration; Live Definition Must Be Verified
supabase/migrations/20260831b_vip_points_fractional_accrual.sql,37,fn_award_vip_credit,Historical Declaration; Live Definition Must Be Verified
supabase/migrations/20260831b_vip_points_fractional_accrual.sql,109,fn_award_vip_points_from_rake,Historical Declaration; Live Definition Must Be Verified
supabase/migrations/20260831b_vip_points_fractional_accrual.sql,143,fn_attribute_tournament_rake,Historical Declaration; Live Definition Must Be Verified
supabase/migrations/20260831c_vip_award_credit_is_engine_only.sql,27,fn_award_vip_credit,Historical Declaration; Live Definition Must Be Verified
supabase/migrations/20260831z_player_command_lifetime_fee_totals.sql,48,fn_member_fee_lifetime_after_insert,Historical Declaration; Live Definition Must Be Verified
supabase/migrations/20260831z_player_command_lifetime_fee_totals.sql,67,fn_member_fee_lifetime_after_update,Historical Declaration; Live Definition Must Be Verified
supabase/migrations/20260831z_player_command_lifetime_fee_totals.sql,136,fn_member_fee_lifetime_after_delete,Historical Declaration; Live Definition Must Be Verified
supabase/migrations/20260901000001_an_invoice_bills_what_was_borrowed.sql,76,fn_generate_all_credit_invoices,Historical Declaration; Live Definition Must Be Verified
supabase/migrations/20260901000001_an_invoice_bills_what_was_borrowed.sql,135,fn_generate_credit_invoice,Historical Declaration; Live Definition Must Be Verified
supabase/migrations/20260901000001_an_invoice_bills_what_was_borrowed.sql,212,fn_apply_credit_payment,Historical Declaration; Live Definition Must Be Verified
supabase/migrations/20260901000001_an_invoice_bills_what_was_borrowed.sql,314,fn_pay_credit_invoice_from_wallet,Historical Declaration; Live Definition Must Be Verified
supabase/migrations/20260901000002_a_credit_line_is_spendable_and_staff_hold_agent_wallets.sql,102,fn_enforce_agent_commission_bounds,Historical Declaration; Live Definition Must Be Verified
supabase/migrations/20260901000002_a_credit_line_is_spendable_and_staff_hold_agent_wallets.sql,155,fn_ensure_agent_row,Historical Declaration; Live Definition Must Be Verified
supabase/migrations/20260901000002_a_credit_line_is_spendable_and_staff_hold_agent_wallets.sql,243,fn_club_set_member_role,Historical Declaration; Live Definition Must Be Verified
supabase/migrations/20260901000002_a_credit_line_is_spendable_and_staff_hold_agent_wallets.sql,539,fn_create_agent,Historical Declaration; Live Definition Must Be Verified
supabase/migrations/20260901000002_a_credit_line_is_spendable_and_staff_hold_agent_wallets.sql,639,fn_admin_update_agent,Historical Declaration; Live Definition Must Be Verified
supabase/migrations/20260901000002_a_credit_line_is_spendable_and_staff_hold_agent_wallets.sql,751,fn_agent_wallet_send_core_20260830,Historical Declaration; Live Definition Must Be Verified
supabase/migrations/20260901000002_a_credit_line_is_spendable_and_staff_hold_agent_wallets.sql,1000,fn_agent_wallet_send_phase2_core_20260831,Historical Declaration; Live Definition Must Be Verified
supabase/migrations/20260901000002_a_credit_line_is_spendable_and_staff_hold_agent_wallets.sql,1100,fn_agent_wallet_claim_back_phase2_core_20260831,Historical Declaration; Live Definition Must Be Verified
supabase/migrations/20260901000003_the_agent_panel_cannot_strand_an_agent.sql,64,fn_admin_update_agent,Historical Declaration; Live Definition Must Be Verified
supabase/migrations/20260901000004_the_last_wrong_account_money_path_is_gone.sql,57,fn_union_money_path_check,Historical Declaration; Live Definition Must Be Verified
supabase/migrations/20260901000004_the_last_wrong_account_money_path_is_gone.sql,92,fn_club_arena_global_wallet_check,Historical Declaration; Live Definition Must Be Verified
supabase/migrations/20260901000004_the_last_wrong_account_money_path_is_gone.sql,111,fn_union_overload_check,Historical Declaration; Live Definition Must Be Verified
supabase/migrations/20260901000005_stats_rollups_bounded_locked.sql,8,ca_roll_hand_stats_forward,Historical Declaration; Live Definition Must Be Verified
supabase/migrations/20260901000005_stats_rollups_bounded_locked.sql,101,ca_refresh_hand_player_index,Historical Declaration; Live Definition Must Be Verified
supabase/migrations/20260901000007_stats_maintenance_probes_bounded.sql,11,ca_clubs_with_rebuild_backlog,Historical Declaration; Live Definition Must Be Verified
supabase/migrations/20260901000007_stats_maintenance_probes_bounded.sql,28,ca_clubs_missing_hand_daily,Historical Declaration; Live Definition Must Be Verified
supabase/migrations/20260901000008_a_demotion_closes_the_books.sql,67,fn_club_set_member_role,Historical Declaration; Live Definition Must Be Verified
supabase/migrations/20260901000009_a_staff_demotion_neither_strands_nor_raises.sql,55,fn_enforce_agent_commission_bounds,Historical Declaration; Live Definition Must Be Verified
supabase/migrations/20260901000009_a_staff_demotion_neither_strands_nor_raises.sql,116,fn_club_set_member_role,Historical Declaration; Live Definition Must Be Verified
supabase/migrations/20260901000010_the_ladder_is_complete_and_people_are_told.sql,37,fn_club_set_member_role,Historical Declaration; Live Definition Must Be Verified
supabase/migrations/20260901000010_the_ladder_is_complete_and_people_are_told.sql,431,transfer_club_ownership,Historical Declaration; Live Definition Must Be Verified
supabase/migrations/20260901000100_leaderboard_phase2_release_gate.sql,15,fn_union_can_manage_wallets,Historical Declaration; Live Definition Must Be Verified
supabase/migrations/20260901000100_leaderboard_phase2_release_gate.sql,48,fn_leaderboard_funding_union_id,Historical Declaration; Live Definition Must Be Verified
supabase/migrations/20260901000100_leaderboard_phase2_release_gate.sql,96,fn_leaderboard_prizes_are_valid,Historical Declaration; Live Definition Must Be Verified
supabase/migrations/20260901000100_leaderboard_phase2_release_gate.sql,158,fn_leaderboard_reward_contexts,Historical Declaration; Live Definition Must Be Verified
supabase/migrations/20260901000100_leaderboard_phase2_release_gate.sql,236,fn_publish_leaderboard_reward_program,Historical Declaration; Live Definition Must Be Verified
supabase/migrations/20260901000100_leaderboard_phase2_release_gate.sql,437,fn_get_leaderboard_reward_setup,Historical Declaration; Live Definition Must Be Verified
supabase/migrations/20260901000401_ca_phase5_gate_panel_rpc.sql,9,fn_ca_gate_panel,Historical Declaration; Live Definition Must Be Verified
supabase/migrations/20260901000401_ca_phase5_gate_panel_rpc.sql,55,fn_ca_balance_asof_admin,Historical Declaration; Live Definition Must Be Verified
supabase/migrations/20260901001025_ca_phase5_op_claims_record_their_actor.sql,9,fn_mint_club_chips,Historical Declaration; Live Definition Must Be Verified
supabase/migrations/20260901001025_ca_phase5_op_claims_record_their_actor.sql,52,fn_union_send_to_member,Historical Declaration; Live Definition Must Be Verified
supabase/migrations/20260901001508_ca_phase6_weekly_revenue_digest.sql,9,fn_ca_weekly_revenue_digest,Historical Declaration; Live Definition Must Be Verified
supabase/migrations/20260901001849_ca_phase6_last_uncategorized_writers_learn_their_names.sql,17,fn_spin_move_owner_wallet,Historical Declaration; Live Definition Must Be Verified
supabase/migrations/20260901002242_ca_tournament_seats_close_quietly.sql,13,atomic_seat_cashout_locked,Historical Declaration; Live Definition Must Be Verified
supabase/migrations/20260901004234_ca_one_push_per_drift_and_the_key_consumes_once.sql,9,fn_ca_incident_escalation_tick,Historical Declaration; Live Definition Must Be Verified
supabase/migrations/20260901004234_ca_one_push_per_drift_and_the_key_consumes_once.sql,51,fn_ca_chip_ledger_enrich,Historical Declaration; Live Definition Must Be Verified
supabase/migrations/20260901004458_ca_deleted_rows_journal_their_burn_fn.sql,7,fn_ca_autoledger_delete,Historical Declaration; Live Definition Must Be Verified
supabase/migrations/20260901004500_opening_club_bank_is_not_drift.sql,24,fn_grant_first_club_bonus,Historical Declaration; Live Definition Must Be Verified
supabase/migrations/20260901004500_opening_club_bank_is_not_drift.sql,50,fn_ca_is_midway_scope,Historical Declaration; Live Definition Must Be Verified
supabase/migrations/20260901004949_ca_diamond_journal_locks_and_the_watchers_widen.sql,25,fn_ca_negative_balance_watch,Historical Declaration; Live Definition Must Be Verified
supabase/migrations/20260901005150_ca_midway_scope_keeps_the_platform_alarms.sql,13,fn_ca_is_midway_scope,Historical Declaration; Live Definition Must Be Verified
supabase/migrations/20260901010251_ca_hr2_phase1_sanctioned_corrections.sql,16,fn_ca_post_correction,Historical Declaration; Live Definition Must Be Verified
supabase/migrations/20260901010251_ca_hr2_phase1_sanctioned_corrections.sql,106,fn_ca_repair_write_failure,Historical Declaration; Live Definition Must Be Verified
supabase/migrations/20260901010519_ca_hr2_phase2_mint_velocity_and_guard_def_watch.sql,16,fn_ca_mint_velocity_watch,Historical Declaration; Live Definition Must Be Verified
supabase/migrations/20260901010519_ca_hr2_phase2_mint_velocity_and_guard_def_watch.sql,69,fn_ca_guard_watchlist,Historical Declaration; Live Definition Must Be Verified
supabase/migrations/20260901010519_ca_hr2_phase2_mint_velocity_and_guard_def_watch.sql,93,fn_ca_guard_defs_watch,Historical Declaration; Live Definition Must Be Verified
supabase/migrations/20260901010748_ca_hr2_phase3_the_alarm_drill.sql,23,fn_ca_alarm_drill,Historical Declaration; Live Definition Must Be Verified
supabase/migrations/20260901011252_ca_hr2_phase4_treasury_credit_exactly_once.sql,13,fn_credit_treasury_zd4core,Historical Declaration; Live Definition Must Be Verified
supabase/migrations/20260901011252_ca_hr2_phase4_treasury_credit_exactly_once.sql,56,fn_credit_treasury,Historical Declaration; Live Definition Must Be Verified
supabase/migrations/20260901011443_ca_hr2_phase5_declare_ledger_primitive.sql,13,fn_ca_declare_ledger,Historical Declaration; Live Definition Must Be Verified
supabase/migrations/20260901011443_ca_hr2_phase5_declare_ledger_primitive.sql,85,fn_seed_new_club_opening_bank,Historical Declaration; Live Definition Must Be Verified
supabase/migrations/20260901011511_ca_hr2_phase5_epoch3_cert_fleet_option.sql,8,fn_ca_epoch3_cert_fleet_reset,Historical Declaration; Live Definition Must Be Verified
supabase/migrations/20260901014227_ca_preflight_suspense_window_decays_and_the_drill_is_registered.sql,17,fn_ca_epoch3_preflight,Historical Declaration; Live Definition Must Be Verified
supabase/migrations/20260901014935_20260831_club_join_needs_the_rate_limits_table_that_never_shipped.sql,39,cleanup_rate_limits,Historical Declaration; Live Definition Must Be Verified
supabase/migrations/20260901014935_20260831_club_join_needs_the_rate_limits_table_that_never_shipped.sql,47,check_rate_limit,Historical Declaration; Live Definition Must Be Verified
supabase/migrations/20260901020000_reserved_certification_account_cleanup.sql,10,cleanup_reserved_certification_account,Historical Declaration; Live Definition Must Be Verified
supabase/migrations/20260901020100_reserved_certification_cleanup_order_fix.sql,6,cleanup_reserved_certification_account,Historical Declaration; Live Definition Must Be Verified
supabase/migrations/20260901020200_reserved_certification_cleanup_audit_trail.sql,8,cleanup_reserved_certification_account,Historical Declaration; Live Definition Must Be Verified
supabase/migrations/20260901030000_daily_missions_server_authority.sql,14,fn_snapshot_daily_challenge_contract,Historical Declaration; Live Definition Must Be Verified
supabase/migrations/20260901030000_daily_missions_server_authority.sql,98,fn_assign_current_challenge_period,Historical Declaration; Live Definition Must Be Verified
supabase/migrations/20260901030000_daily_missions_server_authority.sql,198,assign_user_challenges,Historical Declaration; Live Definition Must Be Verified
supabase/migrations/20260901030000_daily_missions_server_authority.sql,237,record_daily_challenge_event,Historical Declaration; Live Definition Must Be Verified
supabase/migrations/20260901030000_daily_missions_server_authority.sql,357,enqueue_daily_challenge_event,Historical Declaration; Live Definition Must Be Verified
supabase/migrations/20260901030000_daily_missions_server_authority.sql,398,fn_drain_daily_challenge_event_outbox,Historical Declaration; Live Definition Must Be Verified
supabase/migrations/20260901030000_daily_missions_server_authority.sql,447,fn_enqueue_hand_daily_missions,Historical Declaration; Live Definition Must Be Verified
supabase/migrations/20260901030000_daily_missions_server_authority.sql,476,increment_challenge_progress,Historical Declaration; Live Definition Must Be Verified
supabase/migrations/20260901030000_daily_missions_server_authority.sql,512,bump_challenge_progress,Historical Declaration; Live Definition Must Be Verified
supabase/migrations/20260901030000_daily_missions_server_authority.sql,582,get_mutual_friends,Historical Declaration; Live Definition Must Be Verified
supabase/migrations/20260901030000_daily_missions_server_authority.sql,609,accept_friendship,Historical Declaration; Live Definition Must Be Verified
supabase/migrations/20260901030000_daily_missions_server_authority.sql,640,fn_daily_missions_friend_accepted,Historical Declaration; Live Definition Must Be Verified
supabase/migrations/20260901030000_daily_missions_server_authority.sql,664,fn_daily_missions_tournament_registered,Historical Declaration; Live Definition Must Be Verified
supabase/migrations/20260901030000_daily_missions_server_authority.sql,695,fn_award_daily_mission_milestones,Historical Declaration; Live Definition Must Be Verified
supabase/migrations/20260901030000_daily_missions_server_authority.sql,750,fn_daily_missions_claimed_milestone,Historical Declaration; Live Definition Must Be Verified
supabase/migrations/20260901030000_daily_missions_server_authority.sql,769,fn_prune_daily_mission_operations,Historical Declaration; Live Definition Must Be Verified
supabase/migrations/20260901030000_daily_missions_server_authority.sql,808,record_daily_mission_operation,Historical Declaration; Live Definition Must Be Verified
supabase/migrations/20260901030100_streak_freeze_receipt_replay.sql,5,buy_streak_freeze,Historical Declaration; Live Definition Must Be Verified
supabase/migrations/20260901030200_certification_cleanup_daily_mission_authority.sql,5,cleanup_reserved_certification_account,Historical Declaration; Live Definition Must Be Verified
supabase/migrations/20260901030800_daily_mission_revision_receipt.sql,9,get_daily_challenge_dashboard_v2,Historical Declaration; Live Definition Must Be Verified
supabase/migrations/20260901030900_safe_push_receipt_confirmation.sql,12,confirm_push_subscription_receipt,Historical Declaration; Live Definition Must Be Verified
supabase/migrations/20260901032430_ca_signup_diamonds_journal_their_own_grant.sql,10,handle_new_user,Historical Declaration; Live Definition Must Be Verified
supabase/migrations/20260901032837_ca_horse_fleet_recognized_and_prize_fail_dedupe_per_tournament.sql,17,fn_ca_is_cert_account,Historical Declaration; Live Definition Must Be Verified
supabase/migrations/20260901032837_ca_horse_fleet_recognized_and_prize_fail_dedupe_per_tournament.sql,45,fn_ca_financial_alert_to_incident,Historical Declaration; Live Definition Must Be Verified
supabase/migrations/20260901034027_cert_diamonds_are_tracked_not_drift.sql,39,fn_ca_diamond_snapshot,Historical Declaration; Live Definition Must Be Verified
supabase/migrations/20260901040000_new_club_opening_bank.sql,9,fn_seed_new_club_opening_bank,Historical Declaration; Live Definition Must Be Verified
supabase/migrations/20260901040000_new_club_opening_bank.sql,27,fn_record_new_club_opening_bank,Historical Declaration; Live Definition Must Be Verified
supabase/migrations/20260901040127_ca_diamond_watch_tolerates_cert_reclassification.sql,10,fn_ca_diamond_snapshot,Historical Declaration; Live Definition Must Be Verified
supabase/migrations/20260901040156_ca_resolved_echoes_fold_instead_of_repaging.sql,9,fn_ca_financial_alert_to_incident,Historical Declaration; Live Definition Must Be Verified
supabase/migrations/20260901040236_ca_echo_fold_writes_to_the_events_table.sql,4,fn_ca_financial_alert_to_incident,Historical Declaration; Live Definition Must Be Verified
supabase/migrations/20260901040345_ca_horse_prize_failures_are_info_until_the_ruling.sql,10,fn_ca_financial_alert_to_incident,Historical Declaration; Live Definition Must Be Verified
supabase/migrations/20260901043936_ca_supply_critical_requires_a_persistent_sign.sql,16,fn_ca_supply_snapshot,Historical Declaration; Live Definition Must Be Verified
supabase/migrations/20260901073000_club_opening_setup_wizard.sql,83,fn_complete_club_opening_setup,Historical Declaration; Live Definition Must Be Verified
supabase/migrations/20260901074000_leaderboard_promo_first_overlay_waterfall.sql,80,fn_payout_leaderboard,Historical Declaration; Live Definition Must Be Verified
supabase/migrations/20260901074000_leaderboard_promo_first_overlay_waterfall.sql,280,fn_settle_due_leaderboards,Historical Declaration; Live Definition Must Be Verified
supabase/migrations/20260901075500_repair_pre_trigger_opening_bank.sql,8,fn_seed_new_club_opening_bank,Historical Declaration; Live Definition Must Be Verified
supabase/migrations/20260901090000_club_card_human_realtime_stats.sql,7,fn_batch_club_realtime_member_counts,Historical Declaration; Live Definition Must Be Verified
supabase/migrations/20260901090000_club_card_human_realtime_stats.sql,19,fn_get_club_realtime_member_count,Historical Declaration; Live Definition Must Be Verified
supabase/migrations/20260901090000_club_card_human_realtime_stats.sql,30,fn_batch_club_realtime_active_counts,Historical Declaration; Live Definition Must Be Verified
supabase/migrations/20260901090000_club_card_human_realtime_stats.sql,48,fn_batch_union_realtime_member_counts,Historical Declaration; Live Definition Must Be Verified
supabase/migrations/20260901090000_club_card_human_realtime_stats.sql,61,fn_batch_union_realtime_active_counts,Historical Declaration; Live Definition Must Be Verified
supabase/migrations/20260901090000_club_card_human_realtime_stats.sql,92,fn_sync_club_member_count,Historical Declaration; Live Definition Must Be Verified
supabase/migrations/20260901090000_club_card_human_realtime_stats.sql,121,fn_ensure_club_wallet,Historical Declaration; Live Definition Must Be Verified
supabase/migrations/20260901090000_club_card_human_realtime_stats.sql,134,fn_player_home_club,Historical Declaration; Live Definition Must Be Verified
supabase/migrations/20260901090000_club_card_human_realtime_stats.sql,176,fn_seat_club_for_user,Historical Declaration; Live Definition Must Be Verified
supabase/migrations/20260901090000_club_card_human_realtime_stats.sql,226,fn_join_club,Historical Declaration; Live Definition Must Be Verified
supabase/migrations/20260901090000_club_card_human_realtime_stats.sql,244,fn_create_club_atomic,Historical Declaration; Live Definition Must Be Verified
supabase/migrations/20260901090000_club_card_human_realtime_stats.sql,269,fn_require_explicit_club_membership_source,Historical Declaration; Live Definition Must Be Verified
supabase/migrations/20260901090000_club_card_human_realtime_stats.sql,303,ca_club_roster_access,Historical Declaration; Live Definition Must Be Verified
supabase/migrations/20260901090000_club_card_human_realtime_stats.sql,484,ca_club_member_statistics,Historical Declaration; Live Definition Must Be Verified
supabase/migrations/20260901091823_20260902014000_a_deleted_user_cannot_be_told_its_dashboard_changed.sql,32,bump_daily_challenge_dashboard_revision,Historical Declaration; Live Definition Must Be Verified
supabase/migrations/20260901093000_a_discard_is_yours_alone.sql,103,sp_prune_hand_discards,Historical Declaration; Live Definition Must Be Verified
supabase/migrations/20260901101500_chip_guard_classifies_the_drift.sql,36,fn_spin_chip_conservation_check,Historical Declaration; Live Definition Must Be Verified
supabase/migrations/20260901105416_deep_stack_society_is_a_house_board_again.sql,10,fn_ca_house_board_allows_automation,Historical Declaration; Live Definition Must Be Verified
supabase/migrations/20260901105534_horse_lanes_can_be_assigned_one_club_at_a_time.sql,14,fn_assign_horse_lanes_for_club,Historical Declaration; Live Definition Must Be Verified
supabase/migrations/20260901110057_a_benched_horse_stays_benched.sql,22,fn_a_benched_horse_stays_benched,Historical Declaration; Live Definition Must Be Verified
supabase/migrations/20260901110603_deep_stack_society_cannot_be_deleted_by_accident.sql,31,fn_deep_stack_society_cannot_be_deleted_by_accident,Historical Declaration; Live Definition Must Be Verified
supabase/migrations/20260901111955_ca_sanctioned_club_funding_and_entry_gate_fns.sql,19,fn_ca_fund_club,Historical Declaration; Live Definition Must Be Verified
supabase/migrations/20260901111955_ca_sanctioned_club_funding_and_entry_gate_fns.sql,61,fn_ca_entry_scope_ok,Historical Declaration; Live Definition Must Be Verified
supabase/migrations/20260901111955_ca_sanctioned_club_funding_and_entry_gate_fns.sql,102,fn_ca_tournament_entry_gate,Historical Declaration; Live Definition Must Be Verified
supabase/migrations/20260901121428_super_agent_grants_reach_the_whole_downline.sql,25,fn_club_grantable_roles,Historical Declaration; Live Definition Must Be Verified
supabase/migrations/20260901121430_a_reversal_is_not_a_mint.sql,79,fn_ca_noncirculating_chip_stores,Historical Declaration; Live Definition Must Be Verified
supabase/migrations/20260901121430_a_reversal_is_not_a_mint.sql,105,fn_ca_supply_snapshot,Historical Declaration; Live Definition Must Be Verified
supabase/migrations/20260901121500_the_seat_exit_alarm_gets_a_repair_arm.sql,26,fn_repay_unaccounted_seat_exits,Historical Declaration; Live Definition Must Be Verified
supabase/migrations/20260901121500_the_seat_exit_alarm_gets_a_repair_arm.sql,119,fn_ca_unresolved_write_failures,Historical Declaration; Live Definition Must Be Verified
supabase/migrations/20260901121645_chips_cannot_be_born_unledgered.sql,78,fn_ca_unledgered_insert_paths,Historical Declaration; Live Definition Must Be Verified
supabase/migrations/20260901121902_the_correction_path_could_never_post.sql,24,fn_ca_post_correction,Historical Declaration; Live Definition Must Be Verified
supabase/migrations/20260901122006_no_result_without_a_hand_detector.sql,38,fn_detect_results_without_a_hand,Historical Declaration; Live Definition Must Be Verified
supabase/migrations/20260901122027_guard_redundant_dead_indexes_report_only.sql,27,fn_redundant_dead_indexes,Historical Declaration; Live Definition Must Be Verified
supabase/migrations/20260901122134_the_seat_exit_alarm_gets_a_repair_arm.sql,26,fn_repay_unaccounted_seat_exits,Historical Declaration; Live Definition Must Be Verified
supabase/migrations/20260901122134_the_seat_exit_alarm_gets_a_repair_arm.sql,119,fn_ca_unresolved_write_failures,Historical Declaration; Live Definition Must Be Verified
supabase/migrations/20260901122257_guard_rls_initplan_regression.sql,27,fn_rls_policies_with_unhoisted_auth,Historical Declaration; Live Definition Must Be Verified
supabase/migrations/20260901123205_the_payout_sweep_covers_its_own_window.sql,36,fn_tournament_payout_sweep,Historical Declaration; Live Definition Must Be Verified
supabase/migrations/20260901123315_deploy_truth_lives_in_the_database.sql,48,fn_ca_record_engine_deploy_attempt,Historical Declaration; Live Definition Must Be Verified
supabase/migrations/20260901123315_deploy_truth_lives_in_the_database.sql,81,fn_ca_engine_deploy_truth_watch,Historical Declaration; Live Definition Must Be Verified
supabase/migrations/20260901123344_largest_remainder_cents_helper.sql,17,fn_ca_largest_remainder_cents,Historical Declaration; Live Definition Must Be Verified
supabase/migrations/20260901123450_deploy_truth_watch_is_cron_safe_and_raises_once.sql,12,fn_ca_engine_deploy_truth_watch,Historical Declaration; Live Definition Must Be Verified
supabase/migrations/20260901123807_one_structure_payout_per_player.sql,43,fn_ca_duplicate_structure_payout_check,Historical Declaration; Live Definition Must Be Verified
supabase/migrations/20260901125950_the_truncation_alert_stops_overclaiming.sql,22,fn_tournament_payout_sweep,Historical Declaration; Live Definition Must Be Verified
supabase/migrations/20260901130000_game_and_ticker_management.sql,46,fn_sync_club_announcement_message,Historical Declaration; Live Definition Must Be Verified
supabase/migrations/20260901130000_game_and_ticker_management.sql,66,fn_is_union_operator,Historical Declaration; Live Definition Must Be Verified
supabase/migrations/20260901130000_game_and_ticker_management.sql,78,fn_save_game_ticker_settings,Historical Declaration; Live Definition Must Be Verified
supabase/migrations/20260901130000_game_and_ticker_management.sql,133,fn_get_game_ticker_settings,Historical Declaration; Live Definition Must Be Verified
supabase/migrations/20260901130000_game_and_ticker_management.sql,158,fn_get_club_message_management,Historical Declaration; Live Definition Must Be Verified
supabase/migrations/20260901130000_game_and_ticker_management.sql,183,fn_save_club_identity_messages,Historical Declaration; Live Definition Must Be Verified
supabase/migrations/20260901130000_game_and_ticker_management.sql,206,fn_manage_club_announcement,Historical Declaration; Live Definition Must Be Verified
supabase/migrations/20260901130000_game_and_ticker_management.sql,248,fn_update_managed_game,Historical Declaration; Live Definition Must Be Verified
supabase/migrations/20260901130000_game_and_ticker_management.sql,293,fn_close_managed_game,Historical Declaration; Live Definition Must Be Verified
supabase/migrations/20260901130000_game_and_ticker_management.sql,369,fn_create_tournament,Historical Declaration; Live Definition Must Be Verified
supabase/migrations/20260901130329_20260901133000_the_spin_backstop_has_not_run_since_august_30.sql,55,fn_spin_sweep_unbooked,Historical Declaration; Live Definition Must Be Verified
supabase/migrations/20260901131129_a_player_who_earned_a_payout_is_always_paid.sql,71,fn_payout_guarantee_check,Historical Declaration; Live Definition Must Be Verified
supabase/migrations/20260901131129_a_player_who_earned_a_payout_is_always_paid.sql,261,fn_pay_backed_payout_shortfalls,Historical Declaration; Live Definition Must Be Verified
supabase/migrations/20260901131227_20260901134500_a_spin_that_never_touched_the_pool_is_the_gap.sql,38,fn_spin_metrics,Historical Declaration; Live Definition Must Be Verified
supabase/migrations/20260901131228_a_player_who_earned_a_payout_is_always_paid_comments.sql,9,fn_pay_backed_payout_shortfalls,Historical Declaration; Live Definition Must Be Verified
supabase/migrations/20260901133000_the_spin_backstop_has_not_run_since_august_30.sql,50,fn_spin_sweep_unbooked,Historical Declaration; Live Definition Must Be Verified
supabase/migrations/20260901133348_the_agents_books_tell_the_truth.sql,100,fn_get_agent_commission_summary,Historical Declaration; Live Definition Must Be Verified
supabase/migrations/20260901133348_the_agents_books_tell_the_truth.sql,159,get_daily_commission_summary,Historical Declaration; Live Definition Must Be Verified
supabase/migrations/20260901133348_the_agents_books_tell_the_truth.sql,241,fn_union_money_path_check,Historical Declaration; Live Definition Must Be Verified
supabase/migrations/20260901133348_the_agents_books_tell_the_truth.sql,290,guard_wallet_balance_write,Historical Declaration; Live Definition Must Be Verified
supabase/migrations/20260901133348_the_agents_books_tell_the_truth.sql,355,fn_ca_gdpr_financial_precheck,Historical Declaration; Live Definition Must Be Verified
supabase/migrations/20260901133348_the_agents_books_tell_the_truth.sql,562,fn_agent_downline_commission,Historical Declaration; Live Definition Must Be Verified
supabase/migrations/20260901133348_the_agents_books_tell_the_truth.sql,615,fn_club_commission_accrued,Historical Declaration; Live Definition Must Be Verified
supabase/migrations/20260901133542_a_place_pays_once_and_a_finisher_places_once.sql,59,fn_credit_and_log,Historical Declaration; Live Definition Must Be Verified
supabase/migrations/20260901133551_phase7_commission_accrued_matches_the_file.sql,16,fn_club_commission_accrued,Historical Declaration; Live Definition Must Be Verified
supabase/migrations/20260901134500_a_spin_that_never_touched_the_pool_is_the_gap.sql,33,fn_spin_metrics,Historical Declaration; Live Definition Must Be Verified
supabase/migrations/20260901134950_a_manager_stakes_its_own_seat_from_its_agent_wallet.sql,21,fn_agent_wallet_self_stake,Historical Declaration; Live Definition Must Be Verified
supabase/migrations/20260901135754_the_union_wallet_says_where_the_chips_came_from.sql,43,fn_ca_union_wallet_ledger_shape,Historical Declaration; Live Definition Must Be Verified
supabase/migrations/20260901135754_the_union_wallet_says_where_the_chips_came_from.sql,63,fn_union_credit_wallet_zd3core,Historical Declaration; Live Definition Must Be Verified
supabase/migrations/20260901135754_the_union_wallet_says_where_the_chips_came_from.sql,145,fn_union_debit_wallet_zd3core,Historical Declaration; Live Definition Must Be Verified
supabase/migrations/20260901135754_the_union_wallet_says_where_the_chips_came_from.sql,228,fn_ca_undeclared_money_paths,Historical Declaration; Live Definition Must Be Verified
supabase/migrations/20260901140000_audit_river_aggression_has_a_win_side.sql,24,fn_audit_river_aggression_ev,Historical Declaration; Live Definition Must Be Verified
supabase/migrations/20260901140036_a_guard_notice_you_can_actually_review.sql,45,fn_ca_guard_defs_watch,Historical Declaration; Live Definition Must Be Verified
supabase/migrations/20260901150055_the_spin_treasury_is_funded_when_the_last_seat_is_paid.sql,39,fn_spin_book_entry,Historical Declaration; Live Definition Must Be Verified
supabase/migrations/20260901151500_settle_books_the_prize_the_entry_books_the_buy_ins.sql,26,fn_spin_settle_game,Historical Declaration; Live Definition Must Be Verified
supabase/migrations/20260901151500_settle_books_the_prize_the_entry_books_the_buy_ins.sql,218,fn_sync_seat_first_player_count,Historical Declaration; Live Definition Must Be Verified
supabase/migrations/20260901153000_the_entry_booking_lock_took_the_wrong_argument_types.sql,18,fn_spin_book_entry,Historical Declaration; Live Definition Must Be Verified
supabase/migrations/20260901153000_the_entry_booking_lock_took_the_wrong_argument_types.sql,118,fn_sync_seat_first_player_count,Historical Declaration; Live Definition Must Be Verified
supabase/migrations/20260901154500_the_seat_holds_its_chips_from_the_moment_it_is_paid_for.sql,35,fn_take_seat_and_buy_in,Historical Declaration; Live Definition Must Be Verified
supabase/migrations/20260901154500_the_seat_holds_its_chips_from_the_moment_it_is_paid_for.sql,158,fn_seat_horse_in_seat_first_game,Historical Declaration; Live Definition Must Be Verified
supabase/migrations/20260901170424_who_sees_what_in_the_trade_ledger.sql,30,fn_club_trade_ledger,Historical Declaration; Live Definition Must Be Verified
supabase/migrations/20260901171500_audit_layer_drift_watches_every_layer.sql,52,fn_audit_layer_drift,Historical Declaration; Live Definition Must Be Verified
supabase/migrations/20260901172200_deleting_the_journal_must_announce_itself.sql,30,fn_ca_journal_append_only,Historical Declaration; Live Definition Must Be Verified
supabase/migrations/20260901173043_the_rakeback_ladder_watches_itself.sql,24,fn_club_rakeback_margin_violations,Historical Declaration; Live Definition Must Be Verified
supabase/migrations/20260901173224_the_money_rpc_sweep_reads_columns_not_just_tables.sql,30,fn_ca_money_rpc_drift,Historical Declaration; Live Definition Must Be Verified
supabase/migrations/20260901173329_the_mint.sql,51,fn_ca_mint,Historical Declaration; Live Definition Must Be Verified
supabase/migrations/20260901174548_one_incident_per_kind_of_maintenance_not_per_run.sql,21,fn_ca_journal_append_only,Historical Declaration; Live Definition Must Be Verified
supabase/migrations/20260901175759_root_cause_or_it_is_not_resolved.sql,46,fn_ca_resolution_needs_a_cause,Historical Declaration; Live Definition Must Be Verified
supabase/migrations/20260901180000_ca_duel_repeat_pairing_signal.sql,49,fn_ca_duel_pairing_scan,Historical Declaration; Live Definition Must Be Verified
supabase/migrations/20260901180325_resolution_law_closes_the_auto_repair_door.sql,21,fn_ca_auto_reconcile_tick,Historical Declaration; Live Definition Must Be Verified
supabase/migrations/20260901180325_resolution_law_closes_the_auto_repair_door.sql,142,fn_ca_resolution_needs_a_cause,Historical Declaration; Live Definition Must Be Verified
supabase/migrations/20260901181246_seat_first_openers_can_be_reseated.sql,17,fn_repair_seat_first_games,Historical Declaration; Live Definition Must Be Verified
supabase/migrations/20260901181626_seat_first_healer_fits_its_timeout.sql,22,fn_repair_seat_first_games,Historical Declaration; Live Definition Must Be Verified
supabase/migrations/20260901181911_seat_first_healer_inside_eight_seconds.sql,15,fn_repair_seat_first_games,Historical Declaration; Live Definition Must Be Verified
supabase/migrations/20260901183719_a_ratchet_nobody_runs_is_decoration.sql,34,fn_ca_ratchet_watch,Historical Declaration; Live Definition Must Be Verified
supabase/migrations/20260901184724_one_page_per_finding_not_one_per_row.sql,32,fn_ca_finding_key,Historical Declaration; Live Definition Must Be Verified
supabase/migrations/20260901184724_one_page_per_finding_not_one_per_row.sql,68,fn_ca_incident_notify,Historical Declaration; Live Definition Must Be Verified
supabase/migrations/20260901184724_one_page_per_finding_not_one_per_row.sql,196,fn_ca_journal_append_only,Historical Declaration; Live Definition Must Be Verified
supabase/migrations/20260901184724_one_page_per_finding_not_one_per_row.sql,280,fn_ca_suspense_regression_check,Historical Declaration; Live Definition Must Be Verified
supabase/migrations/20260901190000_a_conservation_breach_does_not_expire.sql,59,fn_ca_unacknowledged_supply_breaches,Historical Declaration; Live Definition Must Be Verified
supabase/migrations/20260901190000_a_conservation_breach_does_not_expire.sql,90,fn_audit_supply_breaches,Historical Declaration; Live Definition Must Be Verified
supabase/migrations/20260901190226_an_alert_that_repeats_hourly_buries_the_ones_that_do_not.sql,6,fn_raise_server_financial_alert,Historical Declaration; Live Definition Must Be Verified
supabase/migrations/20260901190656_a_cash_pot_reaches_a_player_or_it_is_a_bug.sql,6,fn_cash_pot_conservation_check,Historical Declaration; Live Definition Must Be Verified
supabase/migrations/20260901190748_two_guard_lists_named_a_dropped_function.sql,24,fn_club_arena_global_wallet_check,Historical Declaration; Live Definition Must Be Verified
supabase/migrations/20260901190748_two_guard_lists_named_a_dropped_function.sql,45,fn_union_overload_check,Historical Declaration; Live Definition Must Be Verified
supabase/migrations/20260901190802_the_reconciler_stops_eating_the_rake_evidence.sql,41,fn_ca_reconcile_owned_entity_types,Historical Declaration; Live Definition Must Be Verified
supabase/migrations/20260901190802_the_reconciler_stops_eating_the_rake_evidence.sql,73,fn_ca_reconcile_log_to_incident,Historical Declaration; Live Definition Must Be Verified
supabase/migrations/20260901190802_the_reconciler_stops_eating_the_rake_evidence.sql,150,fn_ca_ratchet_watch,Historical Declaration; Live Definition Must Be Verified
supabase/migrations/20260901190917_a_no_winner_hand_that_owes_nobody_is_not_an_alert.sql,6,fn_cash_pot_conservation_check,Historical Declaration; Live Definition Must Be Verified
supabase/migrations/20260901191125_20260901150000_the_spin_treasury_is_funded_when_the_last_seat_is_paid.sql,44,fn_spin_book_entry,Historical Declaration; Live Definition Must Be Verified
supabase/migrations/20260901191235_20260901151500_settle_books_the_prize_the_entry_books_the_buy_ins.sql,31,fn_spin_settle_game,Historical Declaration; Live Definition Must Be Verified
supabase/migrations/20260901191235_20260901151500_settle_books_the_prize_the_entry_books_the_buy_ins.sql,223,fn_sync_seat_first_player_count,Historical Declaration; Live Definition Must Be Verified
supabase/migrations/20260901191250_a_pot_in_flight_is_not_a_missing_chip.sql,47,fn_ca_tournament_conservation_confirm,Historical Declaration; Live Definition Must Be Verified
supabase/migrations/20260901192531_the_cash_pot_check_is_bounded_at_forty_eight_hours.sql,17,fn_cash_pot_conservation_check,Historical Declaration; Live Definition Must Be Verified
supabase/migrations/20260901193055_healer_human_window_is_45_to_90_seconds.sql,14,fn_repair_seat_first_games,Historical Declaration; Live Definition Must Be Verified
supabase/migrations/20260901193708_the_ratchet_must_be_cheap_enough_to_run_hourly.sql,25,fn_ca_ratchet_watch,Historical Declaration; Live Definition Must Be Verified
supabase/migrations/20260901194301_the_scoped_delete_must_survive_the_next_agent.sql,24,fn_ca_reconciler_delete_unscoped,Historical Declaration; Live Definition Must Be Verified
supabase/migrations/20260901194301_the_scoped_delete_must_survive_the_next_agent.sql,59,fn_ca_ratchet_watch,Historical Declaration; Live Definition Must Be Verified
supabase/migrations/20260901194756_a_bounty_pool_belongs_to_a_player_too.sql,6,fn_backpay_unfinalised_bounty_pools,Historical Declaration; Live Definition Must Be Verified
supabase/migrations/20260901195005_the_guarantee_check_reconciles_the_bounty_pool_too.sql,6,fn_payout_guarantee_check,Historical Declaration; Live Definition Must Be Verified
supabase/migrations/20260901195313_stats_roller_chunks_instead_of_choking.sql,30,ca_roll_hand_stats_forward,Historical Declaration; Live Definition Must Be Verified
supabase/migrations/20260901195602_stats_roller_prunes_once_not_per_chunk.sql,22,ca_roll_hand_stats_forward,Historical Declaration; Live Definition Must Be Verified
supabase/migrations/20260901200000_no_cards_for_hands_nobody_paid_into.sql,40,fn_ca_hand_facts_strip_unpaid_holding,Historical Declaration; Live Definition Must Be Verified
supabase/migrations/20260901200500_the_alarm_i_added_would_have_crashed_the_buy_in.sql,39,fn_spin_book_entry,Historical Declaration; Live Definition Must Be Verified
supabase/migrations/20260901200500_the_alarm_i_added_would_have_crashed_the_buy_in.sql,140,fn_sync_seat_first_player_count,Historical Declaration; Live Definition Must Be Verified
supabase/migrations/20260901201500_one_page_per_finding_not_one_per_row.sql,122,fn_ca_finding_key,Historical Declaration; Live Definition Must Be Verified
supabase/migrations/20260901201500_one_page_per_finding_not_one_per_row.sql,162,fn_ca_incident_notify,Historical Declaration; Live Definition Must Be Verified
supabase/migrations/20260901201500_one_page_per_finding_not_one_per_row.sql,300,fn_ca_journal_append_only,Historical Declaration; Live Definition Must Be Verified
supabase/migrations/20260901201500_one_page_per_finding_not_one_per_row.sql,390,fn_ca_suspense_regression_check,Historical Declaration; Live Definition Must Be Verified
supabase/migrations/20260901201555_the_alarm_still_could_not_ring_two_check_constraints.sql,24,fn_sync_seat_first_player_count,Historical Declaration; Live Definition Must Be Verified
supabase/migrations/20260901230507_a_limit_must_bound_the_work_not_the_view.sql,39,fn_backpay_unfinalised_bounty_pools,Historical Declaration; Live Definition Must Be Verified
supabase/migrations/20260901230638_a_completed_tournament_has_a_champion.sql,38,fn_ca_completed_without_a_champion,Historical Declaration; Live Definition Must Be Verified
supabase/migrations/20260901230638_a_completed_tournament_has_a_champion.sql,66,fn_ca_ratchet_watch,Historical Declaration; Live Definition Must Be Verified
supabase/migrations/20260901231336_a_prize_pool_is_not_the_only_thing_that_funds_a_prize.sql,37,fn_ca_prize_overpay_unexplained,Historical Declaration; Live Definition Must Be Verified
supabase/migrations/20260901231336_a_prize_pool_is_not_the_only_thing_that_funds_a_prize.sql,78,fn_ca_prize_overpay_count,Historical Declaration; Live Definition Must Be Verified
supabase/migrations/20260901231436_the_overpay_ratchet_joins_the_hourly_watch.sql,10,fn_ca_ratchet_watch,Historical Declaration; Live Definition Must Be Verified
supabase/migrations/20260901231551_the_overpay_ratchet_reads_48_hours_not_ten_days.sql,17,fn_ca_prize_overpay_count,Historical Declaration; Live Definition Must Be Verified
supabase/migrations/20260901_audit_a_lost_nightly_job_is_loud.sql,47,fn_audit_nightly_job_health,Historical Declaration; Live Definition Must Be Verified
supabase/migrations/20260902000001_an_agent_can_finally_be_paid.sql,85,fn_agent_unsettled_commission,Historical Declaration; Live Definition Must Be Verified
supabase/migrations/20260902000001_an_agent_can_finally_be_paid.sql,108,fn_agent_claim_commission,Historical Declaration; Live Definition Must Be Verified
supabase/migrations/20260902000001_an_agent_can_finally_be_paid.sql,337,guard_wallet_balance_write,Historical Declaration; Live Definition Must Be Verified
supabase/migrations/20260902002246_rake_distributed_must_equal_rake_collected.sql,47,fn_ca_rake_distribution_mismatch,Historical Declaration; Live Definition Must Be Verified
supabase/migrations/20260902002246_rake_distributed_must_equal_rake_collected.sql,81,fn_ca_rake_distribution_mismatch_count,Historical Declaration; Live Definition Must Be Verified
supabase/migrations/20260902002345_the_rake_ratchet_measures_a_rate_not_a_headcount.sql,16,fn_ca_rake_distribution_mismatch_count,Historical Declaration; Live Definition Must Be Verified
supabase/migrations/20260902002345_the_rake_ratchet_measures_a_rate_not_a_headcount.sql,49,fn_ca_ratchet_watch,Historical Declaration; Live Definition Must Be Verified
supabase/migrations/20260902002506_a_rate_does_not_need_an_hour_of_data.sql,16,fn_ca_rake_distribution_mismatch_count,Historical Declaration; Live Definition Must Be Verified
supabase/migrations/20260902003112_and_does_not_short_circuit_a_record_field_in_plpgsql.sql,42,fn_emit_managed_game_row_event,Historical Declaration; Live Definition Must Be Verified
supabase/migrations/20260902004838_the_accrual_leg_is_not_a_chip_movement.sql,26,fn_ca_rake_distribution_mismatch,Historical Declaration; Live Definition Must Be Verified
supabase/migrations/20260902004838_the_accrual_leg_is_not_a_chip_movement.sql,59,fn_ca_rake_distribution_mismatch_count,Historical Declaration; Live Definition Must Be Verified
supabase/migrations/20260902010000_return_inactive_spin_seed_principal.sql,7,fn_spin_deactivate,Historical Declaration; Live Definition Must Be Verified
supabase/migrations/20260902010204_a_guarantee_is_a_promise_and_settlement_is_measured_both_ways.sql,42,fn_ca_tournament_settlement_mismatch,Historical Declaration; Live Definition Must Be Verified
supabase/migrations/20260902010204_a_guarantee_is_a_promise_and_settlement_is_measured_both_ways.sql,88,fn_ca_tournament_underpaid_count,Historical Declaration; Live Definition Must Be Verified
supabase/migrations/20260902010254_the_underpaid_ratchet_joins_the_hourly_watch.sql,10,fn_ca_ratchet_watch,Historical Declaration; Live Definition Must Be Verified
supabase/migrations/20260902011423_the_overlay_is_funded_by_the_main_bank_atomically.sql,43,fn_ca_overlay_shortfall,Historical Declaration; Live Definition Must Be Verified
supabase/migrations/20260902011423_the_overlay_is_funded_by_the_main_bank_atomically.sql,59,fn_ca_fund_overlay_on_lock,Historical Declaration; Live Definition Must Be Verified
supabase/migrations/20260902011456_an_agents_book_is_not_public_reading.sql,21,fn_agent_unsettled_commission,Historical Declaration; Live Definition Must Be Verified
supabase/migrations/20260902011456_an_agents_book_is_not_public_reading.sql,78,fn_club_set_member_role,Historical Declaration; Live Definition Must Be Verified
supabase/migrations/20260902011456_an_agents_book_is_not_public_reading.sql,87,fn_agent_may_read_commission,Historical Declaration; Live Definition Must Be Verified
supabase/migrations/20260902011456_an_agents_book_is_not_public_reading.sql,131,fn_agent_unsettled_commission,Historical Declaration; Live Definition Must Be Verified
supabase/migrations/20260902011500_a_busted_player_does_not_keep_holding_a_seat.sql,36,fn_enforce_tournament_capacity,Historical Declaration; Live Definition Must Be Verified
supabase/migrations/20260902011556_the_overlay_lands_in_the_prize_liability_account.sql,28,fn_ca_fund_overlay_on_lock,Historical Declaration; Live Definition Must Be Verified
supabase/migrations/20260902011805_v30_batch_floor_is_25_and_the_repo_says_so.sql,20,fn_aggregate_gto_street_next,Historical Declaration; Live Definition Must Be Verified
supabase/migrations/20260902012048_a_check_that_never_runs_looks_like_a_check_finding_nothing.sql,30,fn_record_money_check_run,Historical Declaration; Live Definition Must Be Verified
supabase/migrations/20260902012048_a_check_that_never_runs_looks_like_a_check_finding_nothing.sql,66,fn_money_check_health,Historical Declaration; Live Definition Must Be Verified
supabase/migrations/20260902013000_every_tournament_insert_was_failing_on_a_text_column_read_as_jsonb.sql,40,fn_safe_jsonb_array,Historical Declaration; Live Definition Must Be Verified
supabase/migrations/20260902013000_every_tournament_insert_was_failing_on_a_text_column_read_as_jsonb.sql,69,fn_tournament_management_readiness,Historical Declaration; Live Definition Must Be Verified
supabase/migrations/20260902013112_the_overlay_ledger_row_names_the_tournament_and_the_shortfall.sql,31,fn_ca_fund_overlay_on_lock,Historical Declaration; Live Definition Must Be Verified
supabase/migrations/20260902013251_only_the_top_percent_of_the_field_gets_paid.sql,50,fn_ca_payout_structure,Historical Declaration; Live Definition Must Be Verified
supabase/migrations/20260902013435_the_payout_table_is_built_from_the_field_that_showed_up.sql,18,fn_ca_fund_overlay_on_lock,Historical Declaration; Live Definition Must Be Verified
supabase/migrations/20260902013538_payout_structure_is_text_not_jsonb.sql,20,fn_ca_fund_overlay_on_lock,Historical Declaration; Live Definition Must Be Verified
supabase/migrations/20260902013832_stop_the_lock_trigger_tripping_the_lifecycle_guard.sql,35,fn_ca_fund_overlay_on_lock,Historical Declaration; Live Definition Must Be Verified
supabase/migrations/20260902014858_payout_percent_reaches_the_row_from_the_create_form.sql,19,fn_create_tournament,Historical Declaration; Live Definition Must Be Verified
supabase/migrations/20260902020033_a_fleet_that_produces_nothing_looks_like_a_quiet_night.sql,33,fn_spin_metrics,Historical Declaration; Live Definition Must Be Verified
supabase/migrations/20260902024500_a_set_clause_was_costing_the_database_a_quarter_of_itself.sql,49,fn_club_home_in_scope,Historical Declaration; Live Definition Must Be Verified
supabase/migrations/20260902024500_a_set_clause_was_costing_the_database_a_quarter_of_itself.sql,56,fn_club_home_in_scope,Historical Declaration; Live Definition Must Be Verified
supabase/migrations/20260902030000_one_unpayable_player_stops_everyone.sql,41,fn_tournament_payout_sweep,Historical Declaration; Live Definition Must Be Verified
supabase/migrations/20260902035805_return_unawarded_spin_draws_function.sql,32,fn_ca_return_unawarded_spin_draws,Historical Declaration; Live Definition Must Be Verified
supabase/migrations/20260902035805_return_unawarded_spin_draws_function.sql,91,fn_ca_spin_cancel_returns_draw,Historical Declaration; Live Definition Must Be Verified
supabase/migrations/20260902035829_a_claim_cannot_destroy_chips.sql,151,fn_agent_claim_commission,Historical Declaration; Live Definition Must Be Verified
supabase/migrations/20260902035829_a_claim_cannot_destroy_chips.sql,180,fn_club_unclaimable_commission,Historical Declaration; Live Definition Must Be Verified
supabase/migrations/20260902035854_20260902041500_a_seat_first_board_is_closed_once_it_starts.sql,48,fn_enforce_tournament_capacity,Historical Declaration; Live Definition Must Be Verified
supabase/migrations/20260902035927_the_returned_draw_is_a_surplus_return.sql,17,fn_ca_return_unawarded_spin_draws,Historical Declaration; Live Definition Must Be Verified
supabase/migrations/20260902035927_the_returned_draw_is_a_surplus_return.sql,73,fn_ca_spin_cancel_returns_draw,Historical Declaration; Live Definition Must Be Verified
supabase/migrations/20260902040000_certification_cleanup_respects_append_only_journals.sql,14,cleanup_reserved_certification_account,Historical Declaration; Live Definition Must Be Verified
supabase/migrations/20260902040849_a_diamond_cannot_move_anonymously.sql,55,fn_ca_audit_diamond_change,Historical Declaration; Live Definition Must Be Verified
supabase/migrations/20260902040943_the_seven_diamond_writers_that_never_journalled.sql,29,fn_add_diamonds,Historical Declaration; Live Definition Must Be Verified
supabase/migrations/20260902040943_the_seven_diamond_writers_that_never_journalled.sql,48,increment_diamonds,Historical Declaration; Live Definition Must Be Verified
supabase/migrations/20260902040943_the_seven_diamond_writers_that_never_journalled.sql,67,fn_credit_diamonds,Historical Declaration; Live Definition Must Be Verified
supabase/migrations/20260902040943_the_seven_diamond_writers_that_never_journalled.sql,85,transfer_diamonds_credit,Historical Declaration; Live Definition Must Be Verified
supabase/migrations/20260902040943_the_seven_diamond_writers_that_never_journalled.sql,107,transfer_diamonds_deduct,Historical Declaration; Live Definition Must Be Verified
supabase/migrations/20260902041018_the_buyin_and_the_challenge_journal_their_diamonds.sql,14,fn_atomic_buyin,Historical Declaration; Live Definition Must Be Verified
supabase/migrations/20260902041018_the_buyin_and_the_challenge_journal_their_diamonds.sql,84,complete_daily_challenge,Historical Declaration; Live Definition Must Be Verified
supabase/migrations/20260902041336_a_seat_nobody_paid_for.sql,76,fn_uncollected_entry_check,Historical Declaration; Live Definition Must Be Verified
supabase/migrations/20260902041340_the_dead_pool_leaks_through_a_cascade_not_a_write.sql,57,fn_ca_record_frozen_pool_deletion,Historical Declaration; Live Definition Must Be Verified
supabase/migrations/20260902041433_the_frozen_pool_check_counts_what_left.sql,10,fn_ca_quick_reconcile,Historical Declaration; Live Definition Must Be Verified
supabase/migrations/20260902042044_the_reconciler_counts_the_overlay_backpay.sql,11,fn_tournament_payout_reconcile,Historical Declaration; Live Definition Must Be Verified
supabase/migrations/20260902042842_the_spin_return_declares_its_counterparty.sql,25,fn_ca_spin_cancel_returns_draw,Historical Declaration; Live Definition Must Be Verified
supabase/migrations/20260902042842_the_spin_return_declares_its_counterparty.sql,75,fn_ca_return_unawarded_spin_draws,Historical Declaration; Live Definition Must Be Verified
supabase/migrations/20260902043000_mtt_addon_is_one_minute.sql,24,process_tournament_rebuy,Historical Declaration; Live Definition Must Be Verified
supabase/migrations/20260902044316_rake_ledger_club_isolation_hard_guard.sql,29,fn_guard_rake_belongs_to_club,Historical Declaration; Live Definition Must Be Verified
supabase/migrations/20260902044316_rake_ledger_club_isolation_hard_guard.sql,108,fn_rake_club_isolation_violations,Historical Declaration; Live Definition Must Be Verified
supabase/migrations/20260902045313_a_check_that_never_runs_is_the_biggest_leak_on_this_platform.sql,73,fn_ca_conservation_sweep,Historical Declaration; Live Definition Must Be Verified
supabase/migrations/20260902045343_no_check_may_exist_without_something_running_it.sql,17,fn_ca_orphaned_checks,Historical Declaration; Live Definition Must Be Verified
supabase/migrations/20260902045343_no_check_may_exist_without_something_running_it.sql,50,fn_ca_orphaned_checks_watch,Historical Declaration; Live Definition Must Be Verified
supabase/migrations/20260902045657_the_same_invariant_written_twice_only_learns_once.sql,28,fn_chip_integrity_report,Historical Declaration; Live Definition Must Be Verified
supabase/migrations/20260902050100_managed_game_lifecycle_is_one_door.sql,16,fn_guard_managed_game_lifecycle,Historical Declaration; Live Definition Must Be Verified
supabase/migrations/20260902050100_managed_game_lifecycle_is_one_door.sql,120,fn_guard_managed_game_delete,Historical Declaration; Live Definition Must Be Verified
supabase/migrations/20260902050100_managed_game_lifecycle_is_one_door.sql,168,fn_update_managed_game,Historical Declaration; Live Definition Must Be Verified
supabase/migrations/20260902050100_managed_game_lifecycle_is_one_door.sql,260,fn_close_managed_game,Historical Declaration; Live Definition Must Be Verified
supabase/migrations/20260902050205_every_spin_was_destroying_its_own_house_rake.sql,49,fn_spin_book_entry,Historical Declaration; Live Definition Must Be Verified
supabase/migrations/20260902050552_the_awards_lookback_was_a_month_and_needed_six_hours.sql,50,fn_uncollected_entry_check,Historical Declaration; Live Definition Must Be Verified
supabase/migrations/20260902050631_20260902051500_the_wheel_waits_on_a_five_second_poll_that_calls_itself_one_second.sql,52,fn_seat_first_boards_ready,Historical Declaration; Live Definition Must Be Verified
supabase/migrations/20260902050642_back_pay_every_guarantee_a_player_was_promised.sql,29,fn_ca_backpay_guarantee_shortfalls,Historical Declaration; Live Definition Must Be Verified
supabase/migrations/20260902050738_a_limit_must_bound_the_qualifying_rows_not_the_candidates.sql,17,fn_ca_backpay_guarantee_shortfalls,Historical Declaration; Live Definition Must Be Verified
supabase/migrations/20260902050831_20260902053000_the_board_announces_itself_the_moment_the_last_seat_is_paid.sql,58,fn_sync_seat_first_player_count,Historical Declaration; Live Definition Must Be Verified
supabase/migrations/20260902050908_the_backpay_names_the_wallet_it_credits.sql,11,fn_ca_backpay_guarantee_shortfalls,Historical Declaration; Live Definition Must Be Verified
supabase/migrations/20260902051122_the_backpay_names_who_performed_it.sql,13,fn_ca_backpay_guarantee_shortfalls,Historical Declaration; Live Definition Must Be Verified
supabase/migrations/20260902051335_every_player_who_paid_spin_rake_is_credited_for_it.sql,32,fn_spin_book_entry,Historical Declaration; Live Definition Must Be Verified
supabase/migrations/20260902051422_healer_time_budgeted_and_owner_fair.sql,24,fn_repair_seat_first_games,Historical Declaration; Live Definition Must Be Verified
supabase/migrations/20260902051634_the_union_checks_join_the_sweep_that_reads_them.sql,25,fn_ca_conservation_sweep,Historical Declaration; Live Definition Must Be Verified
supabase/migrations/20260902052302_a_half_guarded_feature_is_a_feature_that_can_be_half_built.sql,72,fn_tournaments_refuse_unbuilt_multi_day,Historical Declaration; Live Definition Must Be Verified
supabase/migrations/20260902052302_a_half_guarded_feature_is_a_feature_that_can_be_half_built.sql,76,fn_tournaments_refuse_unbuilt_multi_day,Historical Declaration; Live Definition Must Be Verified
supabase/migrations/20260902052604_is_xmtt_means_union_event_not_multi_day.sql,47,fn_uncollected_entry_check,Historical Declaration; Live Definition Must Be Verified
supabase/migrations/20260902052712_a_shortfall_is_distributed_by_the_published_structure.sql,21,fn_ca_backpay_guarantee_shortfalls,Historical Declaration; Live Definition Must Be Verified
supabase/migrations/20260902060000_daily_mission_private_broadcast.sql,21,bump_daily_challenge_dashboard_revision,Historical Declaration; Live Definition Must Be Verified
supabase/migrations/20260902070000_new_club_checklist_scope.sql,10,fn_mark_new_club_opening_checklist,Historical Declaration; Live Definition Must Be Verified
supabase/migrations/20260902080000_maintenance_break_survives_the_restart.sql,103,fn_maintenance_break_state,Historical Declaration; Live Definition Must Be Verified
supabase/migrations/20260902090000_the_platform_freezes_at_the_tables_not_the_functions.sql,103,fn_platform_frozen,Historical Declaration; Live Definition Must Be Verified
supabase/migrations/20260902090000_the_platform_freezes_at_the_tables_not_the_functions.sql,138,fn_freeze_bypass_active,Historical Declaration; Live Definition Must Be Verified
supabase/migrations/20260902090000_the_platform_freezes_at_the_tables_not_the_functions.sql,160,fn_refuse_while_frozen,Historical Declaration; Live Definition Must Be Verified
supabase/migrations/20260902090000_the_platform_freezes_at_the_tables_not_the_functions.sql,312,fn_evict_sitting_out_cash_players,Historical Declaration; Live Definition Must Be Verified
supabase/migrations/20260902090000_the_platform_freezes_at_the_tables_not_the_functions.sql,390,fn_credit_stalled_seat_first_stacks,Historical Declaration; Live Definition Must Be Verified
supabase/migrations/20260902090000_the_platform_freezes_at_the_tables_not_the_functions.sql,468,fn_sweep_seatless_late_registrants,Historical Declaration; Live Definition Must Be Verified
supabase/migrations/20260902091000_the_thaw_gives_back_every_frozen_minute.sql,56,fn_thaw_platform,Historical Declaration; Live Definition Must Be Verified
supabase/migrations/20260902100000_onboarding_never_freezes_and_clocks_are_measured.sql,25,fn_refuse_while_frozen,Historical Declaration; Live Definition Must Be Verified
supabase/migrations/20260902100000_onboarding_never_freezes_and_clocks_are_measured.sql,88,fn_db_now,Historical Declaration; Live Definition Must Be Verified
supabase/migrations/20260902103000_deploy_truth_cannot_mistake_zero_for_healthy.sql,32,fn_ca_engine_deploy_truth_watch,Historical Declaration; Live Definition Must Be Verified
supabase/migrations/20260902110000_published_game_contracts_are_promises.sql,41,fn_managed_game_contract_document,Historical Declaration; Live Definition Must Be Verified
supabase/migrations/20260902110000_published_game_contracts_are_promises.sql,107,fn_managed_game_contract_hash,Historical Declaration; Live Definition Must Be Verified
supabase/migrations/20260902110000_published_game_contracts_are_promises.sql,116,fn_capture_managed_game_contract,Historical Declaration; Live Definition Must Be Verified
supabase/migrations/20260902110000_published_game_contracts_are_promises.sql,164,fn_guard_registered_tournament_contract,Historical Declaration; Live Definition Must Be Verified
supabase/migrations/20260902110000_published_game_contracts_are_promises.sql,192,fn_tournament_management_readiness,Historical Declaration; Live Definition Must Be Verified
supabase/migrations/20260902110000_published_game_contracts_are_promises.sql,308,fn_guard_tournament_start_readiness,Historical Declaration; Live Definition Must Be Verified
supabase/migrations/20260902110000_published_game_contracts_are_promises.sql,333,fn_guard_tournament_publish_readiness,Historical Declaration; Live Definition Must Be Verified
supabase/migrations/20260902110000_published_game_contracts_are_promises.sql,440,fn_get_managed_game_contracts,Historical Declaration; Live Definition Must Be Verified
supabase/migrations/20260902110000_published_game_contracts_are_promises.sql,511,fn_get_managed_game_contract_history,Historical Declaration; Live Definition Must Be Verified
supabase/migrations/20260902113000_club_lobby_owner_message.sql,42,fn_set_club_lobby_message,Historical Declaration; Live Definition Must Be Verified
supabase/migrations/20260902114500_the_newest_clamp_declaration_is_the_live_one.sql,29,fn_aggregate_gto_street_next,Historical Declaration; Live Definition Must Be Verified
supabase/migrations/20260902120000_the_break_writes_its_own_weekly_report.sql,17,fn_maintenance_week_report,Historical Declaration; Live Definition Must Be Verified
supabase/migrations/20260902121500_a_deleted_account_leaves_financial_testimony.sql,43,fn_ca_journal_profile_deletion,Historical Declaration; Live Definition Must Be Verified
supabase/migrations/20260902130000_the_dead_pool_stops_taking_deposits.sql,36,atomic_chip_transfer,Historical Declaration; Live Definition Must Be Verified
supabase/migrations/20260902130000_the_dead_pool_stops_taking_deposits.sql,60,wallet_user_transfer,Historical Declaration; Live Definition Must Be Verified
supabase/migrations/20260902150000_managed_game_commands_are_exactly_once.sql,37,fn_guard_managed_game_command_receipt,Historical Declaration; Live Definition Must Be Verified
supabase/migrations/20260902150000_managed_game_commands_are_exactly_once.sql,74,fn_managed_game_command_hash,Historical Declaration; Live Definition Must Be Verified
supabase/migrations/20260902150000_managed_game_commands_are_exactly_once.sql,106,fn_execute_managed_game_command,Historical Declaration; Live Definition Must Be Verified
supabase/migrations/20260902150000_managed_game_commands_are_exactly_once.sql,286,fn_get_managed_game_command_receipt,Historical Declaration; Live Definition Must Be Verified
supabase/migrations/20260902150000_managed_game_commands_are_exactly_once.sql,319,fn_get_managed_game_command_receipts,Historical Declaration; Live Definition Must Be Verified
supabase/migrations/20260902150500_the_spin_treasury_credit_double_paid_the_rake.sql,6,fn_spin_book_entry,Historical Declaration; Live Definition Must Be Verified
supabase/migrations/20260902160019_a_seat_is_money_even_when_no_wallet_moved.sql,10,fn_tournament_conservation_delta,Historical Declaration; Live Definition Must Be Verified
supabase/migrations/20260902160019_a_seat_is_money_even_when_no_wallet_moved.sql,72,fn_tournament_money_conservation,Historical Declaration; Live Definition Must Be Verified
supabase/migrations/20260902164357_a_place_is_paid_once_no_matter_who_holds_it.sql,46,fn_tournament_payout_reconcile,Historical Declaration; Live Definition Must Be Verified
supabase/migrations/20260902170000_game_management_realtime_and_observability.sql,58,fn_guard_game_management_event,Historical Declaration; Live Definition Must Be Verified
supabase/migrations/20260902170000_game_management_realtime_and_observability.sql,70,fn_game_management_scope,Historical Declaration; Live Definition Must Be Verified
supabase/migrations/20260902170000_game_management_realtime_and_observability.sql,85,fn_emit_game_management_event,Historical Declaration; Live Definition Must Be Verified
supabase/migrations/20260902170000_game_management_realtime_and_observability.sql,115,fn_emit_managed_game_row_event,Historical Declaration; Live Definition Must Be Verified
supabase/migrations/20260902170000_game_management_realtime_and_observability.sql,140,fn_emit_managed_command_event,Historical Declaration; Live Definition Must Be Verified
supabase/migrations/20260902170000_game_management_realtime_and_observability.sql,183,fn_emit_management_content_event,Historical Declaration; Live Definition Must Be Verified
supabase/migrations/20260902170000_game_management_realtime_and_observability.sql,240,fn_emit_management_access_event,Historical Declaration; Live Definition Must Be Verified
supabase/migrations/20260902170000_game_management_realtime_and_observability.sql,284,fn_emit_club_union_access_event,Historical Declaration; Live Definition Must Be Verified
supabase/migrations/20260902170000_game_management_realtime_and_observability.sql,310,fn_emit_union_owner_access_event,Historical Declaration; Live Definition Must Be Verified
supabase/migrations/20260902170000_game_management_realtime_and_observability.sql,330,fn_get_game_management_health,Historical Declaration; Live Definition Must Be Verified
supabase/migrations/20260902171129_a_spins_payout_ladder_is_drawn_not_computed_from_the_field.sql,46,fn_ca_fund_overlay_on_lock,Historical Declaration; Live Definition Must Be Verified
supabase/migrations/20260902172915_the_mint_issuance_and_retirement.sql,11,fn_diamond_balance_mirrors_canonical,Historical Declaration; Live Definition Must Be Verified
supabase/migrations/20260902172915_the_mint_issuance_and_retirement.sql,28,fn_diamond_side_tables_follow_profiles,Historical Declaration; Live Definition Must Be Verified
supabase/migrations/20260902172915_the_mint_issuance_and_retirement.sql,126,fn_ca_mint_supply,Historical Declaration; Live Definition Must Be Verified
supabase/migrations/20260902172915_the_mint_issuance_and_retirement.sql,138,fn_ca_mint,Historical Declaration; Live Definition Must Be Verified
supabase/migrations/20260902172915_the_mint_issuance_and_retirement.sql,284,fn_ca_burn,Historical Declaration; Live Definition Must Be Verified
supabase/migrations/20260902172915_the_mint_issuance_and_retirement.sql,436,fn_ca_mint_overview,Historical Declaration; Live Definition Must Be Verified
supabase/migrations/20260902172915_the_mint_issuance_and_retirement.sql,467,fn_guard_profile_privileged_columns,Historical Declaration; Live Definition Must Be Verified
supabase/migrations/20260902173200_one_rake_spec_read_by_engine_and_database.sql,109,fn_unscheduled_cap_bb,Historical Declaration; Live Definition Must Be Verified
supabase/migrations/20260902173200_one_rake_spec_read_by_engine_and_database.sql,122,fn_rake_stake_price,Historical Declaration; Live Definition Must Be Verified
supabase/migrations/20260902173200_one_rake_spec_read_by_engine_and_database.sql,137,fn_rake_tier_price,Historical Declaration; Live Definition Must Be Verified
supabase/migrations/20260902173200_one_rake_spec_read_by_engine_and_database.sql,155,fn_rake_cap_for_dealt,Historical Declaration; Live Definition Must Be Verified
supabase/migrations/20260902173200_one_rake_spec_read_by_engine_and_database.sql,173,fn_rake_spec_rebuild_caps,Historical Declaration; Live Definition Must Be Verified
supabase/migrations/20260902173200_one_rake_spec_read_by_engine_and_database.sql,212,fn_effective_rake,Historical Declaration; Live Definition Must Be Verified
supabase/migrations/20260902173200_one_rake_spec_read_by_engine_and_database.sql,291,fn_effective_bbj_drop,Historical Declaration; Live Definition Must Be Verified
supabase/migrations/20260902173200_one_rake_spec_read_by_engine_and_database.sql,342,fn_rake_spec_canonical,Historical Declaration; Live Definition Must Be Verified
supabase/migrations/20260902173200_one_rake_spec_read_by_engine_and_database.sql,390,fn_rake_spec_checksum,Historical Declaration; Live Definition Must Be Verified
supabase/migrations/20260902173200_one_rake_spec_read_by_engine_and_database.sql,402,fn_rake_spec_self_check,Historical Declaration; Live Definition Must Be Verified
supabase/migrations/20260902173200_one_rake_spec_read_by_engine_and_database.sql,434,fn_rake_law_violations,Historical Declaration; Live Definition Must Be Verified
supabase/migrations/20260902173200_one_rake_spec_read_by_engine_and_database.sql,520,fn_rake_law_check,Historical Declaration; Live Definition Must Be Verified
supabase/migrations/20260902173200_one_rake_spec_read_by_engine_and_database.sql,563,fn_rake_bbj_invariants,Historical Declaration; Live Definition Must Be Verified
supabase/migrations/20260902173213_the_spin_ladder_written_down_where_the_auditor_can_read_it.sql,56,fn_spin_ladder_is_the_drawn_one,Historical Declaration; Live Definition Must Be Verified
supabase/migrations/20260902173213_the_spin_ladder_written_down_where_the_auditor_can_read_it.sql,117,fn_spin_ladder_drift_check,Historical Declaration; Live Definition Must Be Verified
supabase/migrations/20260902173645_tournament_chips_are_conserved_hand_by_hand.sql,54,fn_ca_settle_hand_stacks_absolute,Historical Declaration; Live Definition Must Be Verified
supabase/migrations/20260902173645_tournament_chips_are_conserved_hand_by_hand.sql,235,fn_spin_chip_conservation_check,Historical Declaration; Live Definition Must Be Verified
supabase/migrations/20260902174500_cash_one_cashout_path_one_seat_creator.sql,141,atomic_table_rebuy,Historical Declaration; Live Definition Must Be Verified
supabase/migrations/20260902174500_cash_one_cashout_path_one_seat_creator.sql,231,atomic_table_cashout,Historical Declaration; Live Definition Must Be Verified
supabase/migrations/20260902174500_cash_one_cashout_path_one_seat_creator.sql,270,atomic_table_withdraw,Historical Declaration; Live Definition Must Be Verified
supabase/migrations/20260902174500_cash_one_cashout_path_one_seat_creator.sql,359,fn_ca_guard_seat_creation,Historical Declaration; Live Definition Must Be Verified
supabase/migrations/20260902174500_cash_one_cashout_path_one_seat_creator.sql,451,player_leave_table,Historical Declaration; Live Definition Must Be Verified
supabase/migrations/20260902174500_cash_one_cashout_path_one_seat_creator.sql,489,fn_cashout_seats_for_closing_table,Historical Declaration; Live Definition Must Be Verified
supabase/migrations/20260902174500_cash_one_cashout_path_one_seat_creator.sql,654,seat_horse,Historical Declaration; Live Definition Must Be Verified
supabase/migrations/20260902174600_the_seat_guard_watches_before_it_refuses.sql,74,fn_ca_guard_seat_creation,Historical Declaration; Live Definition Must Be Verified
supabase/migrations/20260902182717_20260902_every_horse_gets_a_social_identity.sql,32,fn_mint_social_alias,Historical Declaration; Live Definition Must Be Verified
supabase/migrations/20260902182717_20260902_every_horse_gets_a_social_identity.sql,140,fn_horses_without_social_identity,Historical Declaration; Live Definition Must Be Verified
supabase/migrations/20260902183553_a_shortfall_can_only_be_owed_once.sql,48,fn_tournament_double_paid_obligations,Historical Declaration; Live Definition Must Be Verified
supabase/migrations/20260902183602_freerolls_are_free_buy.sql,65,fn_is_free_buy_event,Historical Declaration; Live Definition Must Be Verified
supabase/migrations/20260902183602_freerolls_are_free_buy.sql,109,fn_freerolls_are_free_buy,Historical Declaration; Live Definition Must Be Verified
supabase/migrations/20260902185000_mirror_production_only_cash_rpcs.sql,73,fn_ca_settle_hand_stacks_absolute,Historical Declaration; Live Definition Must Be Verified
supabase/migrations/20260902185000_mirror_production_only_cash_rpcs.sql,257,resolve_pending_addon,Historical Declaration; Live Definition Must Be Verified
supabase/migrations/20260902185000_mirror_production_only_cash_rpcs.sql,352,fn_add_chips,Historical Declaration; Live Definition Must Be Verified
supabase/migrations/20260902185000_mirror_production_only_cash_rpcs.sql,372,credit_club_wallet_rake,Historical Declaration; Live Definition Must Be Verified
supabase/migrations/20260902190253_a_management_event_means_the_board_changed.sql,34,fn_emit_managed_game_row_event,Historical Declaration; Live Definition Must Be Verified
supabase/migrations/20260902190359_an_access_change_is_a_role_not_a_balance.sql,28,fn_emit_management_access_event,Historical Declaration; Live Definition Must Be Verified
supabase/migrations/20260902191500_a_place_is_paid_once_the_settle_function_the_engine_already_calls.sql,90,fn_settle_tournament_obligation,Historical Declaration; Live Definition Must Be Verified
supabase/migrations/20260902194500_bounty_rows_do_not_count_against_the_prize_pool.sql,39,fn_settle_tournament_obligation,Historical Declaration; Live Definition Must Be Verified
supabase/migrations/20260902195704_a_pending_close_is_on_the_board_so_it_must_announce_itself.sql,30,fn_emit_managed_schedule_event,Historical Declaration; Live Definition Must Be Verified
supabase/migrations/20260902200000_game_management_content_commands_are_safe.sql,43,fn_game_management_color_luminance,Historical Declaration; Live Definition Must Be Verified
supabase/migrations/20260902200000_game_management_content_commands_are_safe.sql,67,fn_game_management_contrast_ratio,Historical Declaration; Live Definition Must Be Verified
supabase/migrations/20260902200000_game_management_content_commands_are_safe.sql,90,fn_get_game_ticker_settings_for_management,Historical Declaration; Live Definition Must Be Verified
supabase/migrations/20260902200000_game_management_content_commands_are_safe.sql,139,fn_save_game_ticker_settings_versioned,Historical Declaration; Live Definition Must Be Verified
supabase/migrations/20260902200000_game_management_content_commands_are_safe.sql,311,fn_get_club_message_management,Historical Declaration; Live Definition Must Be Verified
supabase/migrations/20260902200000_game_management_content_commands_are_safe.sql,357,fn_save_club_identity_messages_versioned,Historical Declaration; Live Definition Must Be Verified
supabase/migrations/20260902200000_game_management_content_commands_are_safe.sql,417,fn_manage_club_announcement_versioned,Historical Declaration; Live Definition Must Be Verified
supabase/migrations/20260902201000_db_payers_settle_through_obligations.sql,67,fn_tournament_obligation_paid_so_far,Historical Declaration; Live Definition Must Be Verified
supabase/migrations/20260902201000_db_payers_settle_through_obligations.sql,125,fn_settle_tournament_obligation,Historical Declaration; Live Definition Must Be Verified
supabase/migrations/20260902201000_db_payers_settle_through_obligations.sql,345,fn_tournament_payout_reconcile,Historical Declaration; Live Definition Must Be Verified
supabase/migrations/20260902201000_db_payers_settle_through_obligations.sql,700,fn_pay_backed_payout_shortfalls,Historical Declaration; Live Definition Must Be Verified
supabase/migrations/20260902201000_db_payers_settle_through_obligations.sql,849,fn_ca_backpay_guarantee_shortfalls,Historical Declaration; Live Definition Must Be Verified
supabase/migrations/20260902201000_db_payers_settle_through_obligations.sql,972,fn_backpay_spin_unpaid_winners,Historical Declaration; Live Definition Must Be Verified
supabase/migrations/20260902201000_db_payers_settle_through_obligations.sql,1075,fn_backpay_hu_winner_shortfalls,Historical Declaration; Live Definition Must Be Verified
supabase/migrations/20260902201000_db_payers_settle_through_obligations.sql,1197,fn_final_table_deal,Historical Declaration; Live Definition Must Be Verified
supabase/migrations/20260902201500_r3_money_path_log_only.sql,61,fn_ca_money_path_log,Historical Declaration; Live Definition Must Be Verified
supabase/migrations/20260902203000_chip_std_controls.sql,139,fn_ca_caller_is_management,Historical Declaration; Live Definition Must Be Verified
supabase/migrations/20260902203000_chip_std_controls.sql,167,fn_ca_open_payout_freeze,Historical Declaration; Live Definition Must Be Verified
supabase/migrations/20260902203000_chip_std_controls.sql,224,fn_ca_clear_payout_freeze,Historical Declaration; Live Definition Must Be Verified
supabase/migrations/20260902203000_chip_std_controls.sql,331,fn_ca_propose_manual_adjustment,Historical Declaration; Live Definition Must Be Verified
supabase/migrations/20260902203000_chip_std_controls.sql,391,fn_ca_approve_manual_adjustment,Historical Declaration; Live Definition Must Be Verified
supabase/migrations/20260902203000_chip_std_controls.sql,461,fn_ca_reject_manual_adjustment,Historical Declaration; Live Definition Must Be Verified
supabase/migrations/20260902203000_chip_std_controls.sql,540,fn_ca_trial_balance,Historical Declaration; Live Definition Must Be Verified
supabase/migrations/20260902203000_chip_std_controls.sql,653,fn_ca_trial_balance_watch,Historical Declaration; Live Definition Must Be Verified
supabase/migrations/20260902203100_engine_restart_phase1_scorecard_freezeproof_dispatcher.sql,51,fn_ca_circulation_total,Historical Declaration; Live Definition Must Be Verified
supabase/migrations/20260902203100_engine_restart_phase1_scorecard_freezeproof_dispatcher.sql,66,fn_ca_capture_freeze_mark,Historical Declaration; Live Definition Must Be Verified
supabase/migrations/20260902203100_engine_restart_phase1_scorecard_freezeproof_dispatcher.sql,97,fn_ca_record_break_scorecard,Historical Declaration; Live Definition Must Be Verified
supabase/migrations/20260902203100_engine_restart_phase1_scorecard_freezeproof_dispatcher.sql,195,fn_ca_break_scorecard_push,Historical Declaration; Live Definition Must Be Verified
supabase/migrations/20260902203100_engine_restart_phase1_scorecard_freezeproof_dispatcher.sql,257,fn_ca_deploy_run_exists_this_hour,Historical Declaration; Live Definition Must Be Verified
supabase/migrations/20260902203100_engine_restart_phase1_scorecard_freezeproof_dispatcher.sql,269,fn_ca_deploy_dispatch_tick,Historical Declaration; Live Definition Must Be Verified
supabase/migrations/20260902203325_the_club_home_count_was_costing_a_quarter_of_the_database.sql,46,fn_club_member_count,Historical Declaration; Live Definition Must Be Verified
supabase/migrations/20260902203325_the_club_home_count_was_costing_a_quarter_of_the_database.sql,65,get_club_players_playing,Historical Declaration; Live Definition Must Be Verified
supabase/migrations/20260902203325_the_club_home_count_was_costing_a_quarter_of_the_database.sql,119,get_club_home,Historical Declaration; Live Definition Must Be Verified
supabase/migrations/20260902204500_chip_std_controls_total_is_the_sum_of_its_rows.sql,27,fn_ca_trial_balance,Historical Declaration; Live Definition Must Be Verified
supabase/migrations/20260902204600_engine_restart_phase1_deploy_start_marker.sql,22,fn_ca_record_engine_deploy_start,Historical Declaration; Live Definition Must Be Verified
supabase/migrations/20260902204600_engine_restart_phase1_deploy_start_marker.sql,40,fn_ca_deploy_run_exists_this_hour,Historical Declaration; Live Definition Must Be Verified
supabase/migrations/20260902204600_engine_restart_phase1_deploy_start_marker.sql,49,fn_ca_prune_deploy_run_markers,Historical Declaration; Live Definition Must Be Verified
supabase/migrations/20260902205000_the_payout_record_keeps_its_class.sql,38,fn_settle_tournament_obligation,Historical Declaration; Live Definition Must Be Verified
supabase/migrations/20260902205213_the_board_opens_on_the_live_floor.sql,54,fn_list_managed_games,Historical Declaration; Live Definition Must Be Verified
supabase/migrations/20260902205500_chip_std_controls_a_named_actor_can_reject.sql,22,fn_ca_reject_manual_adjustment,Historical Declaration; Live Definition Must Be Verified
supabase/migrations/20260902210000_table_management_scale_and_scheduling.sql,53,fn_schedule_managed_game_close,Historical Declaration; Live Definition Must Be Verified
supabase/migrations/20260902210000_table_management_scale_and_scheduling.sql,106,fn_cancel_managed_game_schedule,Historical Declaration; Live Definition Must Be Verified
supabase/migrations/20260902210000_table_management_scale_and_scheduling.sql,139,fn_run_due_managed_game_schedules,Historical Declaration; Live Definition Must Be Verified
supabase/migrations/20260902210000_table_management_scale_and_scheduling.sql,179,fn_list_managed_games,Historical Declaration; Live Definition Must Be Verified
supabase/migrations/20260902210000_table_management_scale_and_scheduling.sql,271,fn_guard_game_management_event,Historical Declaration; Live Definition Must Be Verified
supabase/migrations/20260902210000_table_management_scale_and_scheduling.sql,280,fn_prune_game_management_events,Historical Declaration; Live Definition Must Be Verified
supabase/migrations/20260902210000_table_management_scale_and_scheduling.sql,303,fn_get_game_management_scale_health,Historical Declaration; Live Definition Must Be Verified
supabase/migrations/20260902211500_engine_restart_phase1_review_fixes.sql,8,fn_ca_capture_freeze_mark,Historical Declaration; Live Definition Must Be Verified
supabase/migrations/20260902211500_engine_restart_phase1_review_fixes.sql,43,fn_ca_deploy_dispatch_tick,Historical Declaration; Live Definition Must Be Verified
supabase/migrations/20260902211809_a_cursor_that_omits_its_bucket_is_still_a_cursor.sql,40,fn_list_managed_games,Historical Declaration; Live Definition Must Be Verified
supabase/migrations/20260902212622_an_omitted_field_is_unchanged_not_null.sql,50,fn_update_managed_game,Historical Declaration; Live Definition Must Be Verified
supabase/migrations/20260902213000_a_guaranteed_seat_is_a_guarantee_and_is_funded_at_lock.sql,42,fn_ca_fund_overlay_on_lock,Historical Declaration; Live Definition Must Be Verified
supabase/migrations/20260902213100_engine_restart_phase2_the_gate_counts_a_live_hand.sql,30,fn_ca_record_break_scorecard,Historical Declaration; Live Definition Must Be Verified
supabase/migrations/20260902214500_player_search_fuzzy_and_affiliations.sql,37,fn_search_players,Historical Declaration; Live Definition Must Be Verified
supabase/migrations/20260902215043_owners_and_co_owners_play_out_of_a_player_wallet_admins_do_not.sql,25,fn_agent_wallet_self_stake,Historical Declaration; Live Definition Must Be Verified
supabase/migrations/20260902215043_owners_and_co_owners_play_out_of_a_player_wallet_admins_do_not.sql,118,fn_club_bank_send,Historical Declaration; Live Definition Must Be Verified
supabase/migrations/20260902220500_the_undeclared_legs_name_their_counterparty.sql,70,fn_register_for_tournament,Historical Declaration; Live Definition Must Be Verified
supabase/migrations/20260902220500_the_undeclared_legs_name_their_counterparty.sql,289,process_tournament_rebuy_before_one_minute_addon,Historical Declaration; Live Definition Must Be Verified
supabase/migrations/20260902220500_the_undeclared_legs_name_their_counterparty.sql,553,fn_spin_settle_game,Historical Declaration; Live Definition Must Be Verified
supabase/migrations/20260902220500_the_undeclared_legs_name_their_counterparty.sql,748,fn_sweep_bbj_promo,Historical Declaration; Live Definition Must Be Verified
supabase/migrations/20260902220500_the_undeclared_legs_name_their_counterparty.sql,840,fn_sweep_bbj_promo_all,Historical Declaration; Live Definition Must Be Verified
supabase/migrations/20260902221405_a_tab_is_a_query_not_a_filter_over_one_page.sql,41,fn_list_managed_games,Historical Declaration; Live Definition Must Be Verified
supabase/migrations/20260902221500_the_horse_door_declares_the_same_way.sql,22,fn_register_horse_for_tournament,Historical Declaration; Live Definition Must Be Verified
supabase/migrations/20260902222000_bounties_and_refunds_settle_through_obligations.sql,92,fn_collect_bounty,Historical Declaration; Live Definition Must Be Verified
supabase/migrations/20260902222000_bounties_and_refunds_settle_through_obligations.sql,287,fn_finalize_bounty_pool,Historical Declaration; Live Definition Must Be Verified
supabase/migrations/20260902222000_bounties_and_refunds_settle_through_obligations.sql,405,fn_mystery_bounty_pay,Historical Declaration; Live Definition Must Be Verified
supabase/migrations/20260902222000_bounties_and_refunds_settle_through_obligations.sql,520,fn_mystery_bounty_settle,Historical Declaration; Live Definition Must Be Verified
supabase/migrations/20260902222000_bounties_and_refunds_settle_through_obligations.sql,657,atomic_cancel_tournament,Historical Declaration; Live Definition Must Be Verified
supabase/migrations/20260902222000_bounties_and_refunds_settle_through_obligations.sql,760,atomic_tournament_unregister,Historical Declaration; Live Definition Must Be Verified
supabase/migrations/20260902222000_bounties_and_refunds_settle_through_obligations.sql,809,fn_unregister_from_tournament,Historical Declaration; Live Definition Must Be Verified
supabase/migrations/20260902222000_bounties_and_refunds_settle_through_obligations.sql,928,fn_leave_seat_and_refund,Historical Declaration; Live Definition Must Be Verified
supabase/migrations/20260902222851_the_club_promo_wallet_the_bbj_has_been_funding_all_along.sql,37,fn_club_money_panel,Historical Declaration; Live Definition Must Be Verified
supabase/migrations/20260902223750_the_board_row_arrives_whole.sql,42,fn_list_managed_games,Historical Declaration; Live Definition Must Be Verified
supabase/migrations/20260902224000_every_entry_and_prize_leg_names_its_counterparty.sql,52,fn_credit_and_log,Historical Declaration; Live Definition Must Be Verified
supabase/migrations/20260902224053_a_count_that_did_not_move_is_not_a_write.sql,40,fn_sync_seat_first_player_count,Historical Declaration; Live Definition Must Be Verified
supabase/migrations/20260902230000_a_logged_out_caller_writes_nothing.sql,74,fn_set_club_lobby_message,Historical Declaration; Live Definition Must Be Verified
supabase/migrations/20260902232420_horse_mind_persist_postflop_af_and_river_reads.sql,47,upsert_horse_mind_stats,Historical Declaration; Live Definition Must Be Verified
supabase/migrations/20260902232500_engine_restart_phase4_the_sit_out_stamp_lets_the_thaw_through.sql,30,fn_stamp_sit_out_at,Historical Declaration; Live Definition Must Be Verified
supabase/migrations/20260902233000_engine_restart_phase4_the_thaw_runs_in_installments.sql,44,fn_thaw_platform,Historical Declaration; Live Definition Must Be Verified
supabase/migrations/20260902_admin_platform_aggregates.sql,66,fn_admin_platform_aggregates,Historical Declaration; Live Definition Must Be Verified
supabase/migrations/20260903000735_diamond_std_foundation.sql,64,fn_ca_diamond_incident,Historical Declaration; Live Definition Must Be Verified
supabase/migrations/20260903001500_an_alarm_that_fails_to_file_says_so.sql,100,fn_ca_raise_drift_incident,Historical Declaration; Live Definition Must Be Verified
supabase/migrations/20260903001500_an_alarm_that_fails_to_file_says_so.sql,235,fn_ca_escalate_reconcile_criticals,Historical Declaration; Live Definition Must Be Verified
supabase/migrations/20260903002248_diamond_b_the_mint_issues_diamonds.sql,116,fn_ca_mint,Historical Declaration; Live Definition Must Be Verified
supabase/migrations/20260903002248_diamond_b_the_mint_issues_diamonds.sql,305,fn_ca_burn,Historical Declaration; Live Definition Must Be Verified
supabase/migrations/20260903002248_diamond_b_the_mint_issues_diamonds.sql,506,handle_new_user,Historical Declaration; Live Definition Must Be Verified
supabase/migrations/20260903002333_diamond_b_a_balance_born_outside_the_mint_is_recorded.sql,58,fn_ca_diamond_born_with_balance,Historical Declaration; Live Definition Must Be Verified
supabase/migrations/20260903002841_diamond_e_every_earn_engine_has_a_budget_line.sql,136,fn_ca_diamond_engine_of,Historical Declaration; Live Definition Must Be Verified
supabase/migrations/20260903002841_diamond_e_every_earn_engine_has_a_budget_line.sql,214,fn_ca_diamond_earn_ledger,Historical Declaration; Live Definition Must Be Verified
supabase/migrations/20260903002841_diamond_e_every_earn_engine_has_a_budget_line.sql,333,fn_ca_diamond_catalog_history,Historical Declaration; Live Definition Must Be Verified
supabase/migrations/20260903002841_diamond_e_every_earn_engine_has_a_budget_line.sql,560,enter_trivia_tournament_v2,Historical Declaration; Live Definition Must Be Verified
supabase/migrations/20260903003000_engine_restart_phase6a_the_freeze_is_total.sql,51,fn_refuse_new_entries_while_frozen,Historical Declaration; Live Definition Must Be Verified
supabase/migrations/20260903003036_diamond_a_identity_and_doors.sql,93,fn_ca_diamond_snapshot,Historical Declaration; Live Definition Must Be Verified
supabase/migrations/20260903003036_diamond_a_identity_and_doors.sql,207,fn_diamond_side_tables_follow_profiles,Historical Declaration; Live Definition Must Be Verified
supabase/migrations/20260903003036_diamond_a_identity_and_doors.sql,349,fn_purchase_time_banks,Historical Declaration; Live Definition Must Be Verified
supabase/migrations/20260903003036_diamond_a_identity_and_doors.sql,479,fn_union_send_to_member_zd3core,Historical Declaration; Live Definition Must Be Verified
supabase/migrations/20260903003036_diamond_a_identity_and_doors.sql,724,ca_promo_vault_buy,Historical Declaration; Live Definition Must Be Verified
supabase/migrations/20260903003128_diamond_g_controls.sql,153,fn_ca_propose_manual_adjustment,Historical Declaration; Live Definition Must Be Verified
supabase/migrations/20260903003128_diamond_g_controls.sql,255,fn_ca_open_payout_freeze,Historical Declaration; Live Definition Must Be Verified
supabase/migrations/20260903003128_diamond_g_controls.sql,334,fn_ca_diamond_trial_balance,Historical Declaration; Live Definition Must Be Verified
supabase/migrations/20260903003128_diamond_g_controls.sql,597,fn_ca_diamond_trial_balance_watch,Historical Declaration; Live Definition Must Be Verified
supabase/migrations/20260903003327_diamond_d_purchase_clearing.sql,336,settle_diamond_card_purchase_atomic,Historical Declaration; Live Definition Must Be Verified
supabase/migrations/20260903003327_diamond_d_purchase_clearing.sql,537,reconcile_diamond_purchase_refund,Historical Declaration; Live Definition Must Be Verified
supabase/migrations/20260903003327_diamond_d_purchase_clearing.sql,708,fn_diamond_purchase_dispute,Historical Declaration; Live Definition Must Be Verified
supabase/migrations/20260903003714_diamond_g_the_audit_names_the_writer.sql,119,fn_ca_audit_diamond_change,Historical Declaration; Live Definition Must Be Verified
supabase/migrations/20260903003714_diamond_g_the_audit_names_the_writer.sql,233,fn_ca_diamond_trial_balance,Historical Declaration; Live Definition Must Be Verified
supabase/migrations/20260903013500_the_escrow_shadow_what_every_tournament_held_versus_what_it_paid.sql,142,fn_ca_tournament_escrow,Historical Declaration; Live Definition Must Be Verified
supabase/migrations/20260903013500_the_escrow_shadow_what_every_tournament_held_versus_what_it_paid.sql,313,fn_ca_escrow_vs_counter_check,Historical Declaration; Live Definition Must Be Verified
supabase/migrations/20260903014000_the_shadow_summary_reads_its_own_run.sql,22,fn_ca_escrow_vs_counter_check,Historical Declaration; Live Definition Must Be Verified
supabase/migrations/20260903020000_a_satellite_seat_is_paid_from_the_satellites_own_pool.sql,59,fn_award_satellite_seat,Historical Declaration; Live Definition Must Be Verified
supabase/migrations/20260903020000_a_satellite_seat_is_paid_from_the_satellites_own_pool.sql,347,fn_satellite_conservation_audit,Historical Declaration; Live Definition Must Be Verified
supabase/migrations/20260903031500_diamond_c_the_journal_keeps_both_sides_and_survives_deletion.sql,125,add_diamonds_to_balance,Historical Declaration; Live Definition Must Be Verified
supabase/migrations/20260903031500_diamond_c_the_journal_keeps_both_sides_and_survives_deletion.sql,282,deduct_diamonds,Historical Declaration; Live Definition Must Be Verified
supabase/migrations/20260903031500_diamond_c_the_journal_keeps_both_sides_and_survives_deletion.sql,387,fn_ca_journal_profile_deletion,Historical Declaration; Live Definition Must Be Verified
supabase/migrations/20260903031500_diamond_c_the_journal_keeps_both_sides_and_survives_deletion.sql,472,fn_ca_journal_append_only,Historical Declaration; Live Definition Must Be Verified
supabase/migrations/20260903032151_one_definition_each_and_the_snapshot_pages.sql,21,ca_rake_snapshot,Historical Declaration; Live Definition Must Be Verified
supabase/migrations/20260903040000_the_snapshot_an_operator_asks_for.sql,33,fn_ca_rake_window,Historical Declaration; Live Definition Must Be Verified
supabase/migrations/20260903040000_the_snapshot_an_operator_asks_for.sql,73,fn_ca_rake_series,Historical Declaration; Live Definition Must Be Verified
supabase/migrations/20260903040000_the_snapshot_an_operator_asks_for.sql,106,fn_ca_rake_by_club,Historical Declaration; Live Definition Must Be Verified
supabase/migrations/20260903040000_the_snapshot_an_operator_asks_for.sql,157,ca_rake_snapshot,Historical Declaration; Live Definition Must Be Verified
supabase/migrations/20260903041923_the_agent_table_says_what_the_agent_costs.sql,46,fn_ca_rake_by_agent,Historical Declaration; Live Definition Must Be Verified
supabase/migrations/20260903042107_commission_that_belongs_to_nobody_listed_is_still_owed.sql,25,fn_ca_rake_by_agent,Historical Declaration; Live Definition Must Be Verified
supabase/migrations/20260903044023_a_search_narrows_the_list_not_the_denominator.sql,34,fn_ca_rake_by_club,Historical Declaration; Live Definition Must Be Verified
supabase/migrations/20260903044023_a_search_narrows_the_list_not_the_denominator.sql,94,fn_ca_rake_by_downline,Historical Declaration; Live Definition Must Be Verified
supabase/migrations/20260903044430_the_agent_table_can_be_searched_and_sorted.sql,24,fn_ca_rake_by_agent,Historical Declaration; Live Definition Must Be Verified
supabase/migrations/20260903044507_the_count_is_of_matches_not_of_the_page_you_landed_on.sql,20,fn_ca_rake_by_club,Historical Declaration; Live Definition Must Be Verified
supabase/migrations/20260903044507_the_count_is_of_matches_not_of_the_page_you_landed_on.sql,77,fn_ca_rake_by_downline,Historical Declaration; Live Definition Must Be Verified
supabase/migrations/20260903045023_a_row_says_whether_it_opens.sql,28,fn_ca_rake_by_agent,Historical Declaration; Live Definition Must Be Verified
supabase/migrations/20260903045109_the_snapshot_carries_the_search_and_the_sort.sql,21,ca_rake_snapshot,Historical Declaration; Live Definition Must Be Verified
supabase/migrations/20260903051036_the_union_card_counts_its_own_tables_again.sql,8,fn_batch_union_realtime_active_counts,Historical Declaration; Live Definition Must Be Verified
supabase/migrations/20260903053000_the_snapshot_says_who_produced_it.sql,33,fn_ca_rake_by_agent,Historical Declaration; Live Definition Must Be Verified
supabase/migrations/20260903053000_the_snapshot_says_who_produced_it.sql,116,fn_ca_rake_by_downline,Historical Declaration; Live Definition Must Be Verified
supabase/migrations/20260903053000_the_snapshot_says_who_produced_it.sql,146,ca_rake_snapshot,Historical Declaration; Live Definition Must Be Verified
supabase/migrations/20260903065000_the_agent_table_stops_lying_about_today.sql,37,fn_ca_rake_by_agent,Historical Declaration; Live Definition Must Be Verified
supabase/migrations/20260903065000_the_agent_table_stops_lying_about_today.sql,181,ca_rake_snapshot,Historical Declaration; Live Definition Must Be Verified
supabase/migrations/20260903072000_a_list_that_stops_at_fifty_says_so.sql,33,fn_ca_rake_by_club,Historical Declaration; Live Definition Must Be Verified
supabase/migrations/20260903072000_a_list_that_stops_at_fifty_says_so.sql,86,fn_ca_rake_by_downline,Historical Declaration; Live Definition Must Be Verified
supabase/migrations/20260903072000_a_list_that_stops_at_fifty_says_so.sql,128,fn_ca_rake_by_agent,Historical Declaration; Live Definition Must Be Verified
supabase/migrations/20260903073000_one_definition_each_and_the_snapshot_pages.sql,17,ca_rake_snapshot,Historical Declaration; Live Definition Must Be Verified
supabase/migrations/20260903080748_a_union_clubs_active_players_sit_at_union_tables.sql,36,fn_batch_club_realtime_active_counts,Historical Declaration; Live Definition Must Be Verified
supabase/migrations/20260903080854_one_game_changed_so_read_one_game.sql,36,fn_list_managed_games,Historical Declaration; Live Definition Must Be Verified
supabase/migrations/20260903082712_the_board_is_the_floor_not_the_archive.sql,36,fn_list_managed_games,Historical Declaration; Live Definition Must Be Verified
supabase/migrations/20260903083114_counting_is_a_first_page_job.sql,28,fn_list_managed_games,Historical Declaration; Live Definition Must Be Verified
supabase/migrations/20260903090000_the_agent_table_says_what_the_agent_costs.sql,46,fn_ca_rake_by_agent,Historical Declaration; Live Definition Must Be Verified
supabase/migrations/20260903100000_a_search_narrows_the_list_not_the_denominator.sql,33,fn_ca_rake_by_club,Historical Declaration; Live Definition Must Be Verified
supabase/migrations/20260903100000_a_search_narrows_the_list_not_the_denominator.sql,92,fn_ca_rake_by_downline,Historical Declaration; Live Definition Must Be Verified
supabase/migrations/20260903101000_a_row_says_whether_it_opens.sql,31,fn_ca_rake_by_agent,Historical Declaration; Live Definition Must Be Verified
supabase/migrations/20260903103000_the_snapshot_carries_the_search_and_the_sort.sql,24,ca_rake_snapshot,Historical Declaration; Live Definition Must Be Verified
supabase/migrations/20260903110000_a_search_term_is_text_not_a_pattern.sql,31,fn_like_escape,Historical Declaration; Live Definition Must Be Verified
supabase/migrations/20260903110000_a_search_term_is_text_not_a_pattern.sql,41,fn_ca_rake_by_club,Historical Declaration; Live Definition Must Be Verified
supabase/migrations/20260903110000_a_search_term_is_text_not_a_pattern.sql,100,fn_ca_rake_by_downline,Historical Declaration; Live Definition Must Be Verified
supabase/migrations/20260903110000_a_search_term_is_text_not_a_pattern.sql,151,fn_ca_rake_by_agent,Historical Declaration; Live Definition Must Be Verified
supabase/migrations/20260903120000_the_arena_name_is_the_alias_in_sql_too.sql,89,fn_arena_name,Historical Declaration; Live Definition Must Be Verified
supabase/migrations/20260903120000_the_arena_name_is_the_alias_in_sql_too.sql,137,fn_player_display_name,Historical Declaration; Live Definition Must Be Verified
supabase/migrations/20260903120000_the_arena_name_is_the_alias_in_sql_too.sql,149,fn_hg_caller_display_name,Historical Declaration; Live Definition Must Be Verified
supabase/migrations/20260903120000_the_arena_name_is_the_alias_in_sql_too.sql,162,fn_notify_display_name,Historical Declaration; Live Definition Must Be Verified
supabase/migrations/20260903120000_the_arena_name_is_the_alias_in_sql_too.sql,188,fn_search_players,Historical Declaration; Live Definition Must Be Verified
supabase/migrations/20260903121000_ten_club_arena_rpcs_stop_answering_with_real_names.sql,54,ca_club_activity,Historical Declaration; Live Definition Must Be Verified
supabase/migrations/20260903121000_ten_club_arena_rpcs_stop_answering_with_real_names.sql,138,ca_club_top_players,Historical Declaration; Live Definition Must Be Verified
supabase/migrations/20260903121000_ten_club_arena_rpcs_stop_answering_with_real_names.sql,179,fn_list_pending_members,Historical Declaration; Live Definition Must Be Verified
supabase/migrations/20260903121000_ten_club_arena_rpcs_stop_answering_with_real_names.sql,210,fn_union_player_directory,Historical Declaration; Live Definition Must Be Verified
supabase/migrations/20260903121000_ten_club_arena_rpcs_stop_answering_with_real_names.sql,251,get_top_mission_completers,Historical Declaration; Live Definition Must Be Verified
supabase/migrations/20260903121000_ten_club_arena_rpcs_stop_answering_with_real_names.sql,258,fn_cashout_queue,Historical Declaration; Live Definition Must Be Verified
supabase/migrations/20260903121000_ten_club_arena_rpcs_stop_answering_with_real_names.sql,284,fn_club_cashier_members,Historical Declaration; Live Definition Must Be Verified
supabase/migrations/20260903121000_ten_club_arena_rpcs_stop_answering_with_real_names.sql,366,ca_promo_vault_records,Historical Declaration; Live Definition Must Be Verified
supabase/migrations/20260903121000_ten_club_arena_rpcs_stop_answering_with_real_names.sql,400,ca_club_member_downline,Historical Declaration; Live Definition Must Be Verified
supabase/migrations/20260903121000_ten_club_arena_rpcs_stop_answering_with_real_names.sql,461,fn_my_wallet_ledger,Historical Declaration; Live Definition Must Be Verified
supabase/migrations/20260903130000_one_panel_names_a_person_one_way.sql,27,fn_ca_rake_by_agent,Historical Declaration; Live Definition Must Be Verified
supabase/migrations/20260903140000_a_union_overseer_may_open_a_club_in_their_own_union.sql,41,ca_can_view_club_finances,Historical Declaration; Live Definition Must Be Verified
supabase/migrations/20260903141000_a_union_club_row_says_whether_it_opens.sql,21,fn_ca_rake_by_club,Historical Declaration; Live Definition Must Be Verified
supabase/migrations/20260903150000_the_union_branch_belongs_to_production.sql,39,ca_can_view_club_finances,Historical Declaration; Live Definition Must Be Verified
supabase/migrations/20260903150000_the_union_branch_belongs_to_production.sql,56,ca_can_read_club_production,Historical Declaration; Live Definition Must Be Verified
supabase/migrations/20260903150000_the_union_branch_belongs_to_production.sql,77,fn_ca_rake_by_club,Historical Declaration; Live Definition Must Be Verified
supabase/migrations/20260903150000_the_union_branch_belongs_to_production.sql,137,ca_rake_snapshot,Historical Declaration; Live Definition Must Be Verified
supabase/migrations/20260903155801_the_overlay_row_retries_a_deadlock_and_names_its_bank.sql,46,fn_ca_fund_overlay_on_lock,Historical Declaration; Live Definition Must Be Verified
supabase/migrations/20260903155801_the_overlay_row_retries_a_deadlock_and_names_its_bank.sql,217,fn_ca_tournament_escrow,Historical Declaration; Live Definition Must Be Verified
supabase/migrations/20260903160000_the_operations_page_reads_the_club_it_governs.sql,39,ca_club_operations_overview,Historical Declaration; Live Definition Must Be Verified
supabase/migrations/20260903161443_the_weekly_union_close_pays_from_the_rake_treasury_and_only_from_it.sql,64,fn_union_weekly_rakeback_close,Historical Declaration; Live Definition Must Be Verified
supabase/migrations/20260903163422_commission_accrues_for_every_agent_in_the_chain.sql,65,credit_agent_commission_from_rake,Historical Declaration; Live Definition Must Be Verified
supabase/migrations/20260903165749_the_hierarchy_has_words_for_its_sends_and_an_undeclared_wallet_write_is_honest.sql,81,fn_club_members_ledger_writer,Historical Declaration; Live Definition Must Be Verified
supabase/migrations/20260903170000_an_integrity_decision_is_written_down.sql,68,fn_ca_can_review_integrity,Historical Declaration; Live Definition Must Be Verified
supabase/migrations/20260903170000_an_integrity_decision_is_written_down.sql,96,fn_club_anti_cheat_flags,Historical Declaration; Live Definition Must Be Verified
supabase/migrations/20260903170000_an_integrity_decision_is_written_down.sql,147,fn_review_anti_cheat_flag,Historical Declaration; Live Definition Must Be Verified
supabase/migrations/20260903170000_an_integrity_decision_is_written_down.sql,222,get_anti_cheat_stats,Historical Declaration; Live Definition Must Be Verified
supabase/migrations/20260903170000_an_integrity_decision_is_written_down.sql,300,detect_collusion_pairs,Historical Declaration; Live Definition Must Be Verified
supabase/migrations/20260903170000_an_integrity_decision_is_written_down.sql,402,fn_ca_dismiss_collusion_pair,Historical Declaration; Live Definition Must Be Verified
supabase/migrations/20260903170000_an_integrity_decision_is_written_down.sql,455,fn_dispute_start_review,Historical Declaration; Live Definition Must Be Verified
supabase/migrations/20260903170000_an_integrity_decision_is_written_down.sql,494,fn_dispute_escalate,Historical Declaration; Live Definition Must Be Verified
supabase/migrations/20260903170529_the_hierarchy_sends_are_one_journal_row_each.sql,91,fn_ca_post_leg,Historical Declaration; Live Definition Must Be Verified
supabase/migrations/20260903170529_the_hierarchy_sends_are_one_journal_row_each.sql,131,fn_club_bank_send,Historical Declaration; Live Definition Must Be Verified
supabase/migrations/20260903170529_the_hierarchy_sends_are_one_journal_row_each.sql,331,fn_club_bank_claim_back,Historical Declaration; Live Definition Must Be Verified
supabase/migrations/20260903170529_the_hierarchy_sends_are_one_journal_row_each.sql,515,fn_club_bank_reverse,Historical Declaration; Live Definition Must Be Verified
supabase/migrations/20260903170529_the_hierarchy_sends_are_one_journal_row_each.sql,655,fn_admin_remove_player_chips,Historical Declaration; Live Definition Must Be Verified
supabase/migrations/20260903170529_the_hierarchy_sends_are_one_journal_row_each.sql,783,fn_agent_wallet_send_core_20260830,Historical Declaration; Live Definition Must Be Verified
supabase/migrations/20260903170529_the_hierarchy_sends_are_one_journal_row_each.sql,1054,fn_agent_wallet_claim_back_phase2_core_20260831,Historical Declaration; Live Definition Must Be Verified
supabase/migrations/20260903170529_the_hierarchy_sends_are_one_journal_row_each.sql,1353,fn_agent_wallet_self_stake,Historical Declaration; Live Definition Must Be Verified
supabase/migrations/20260903170529_the_hierarchy_sends_are_one_journal_row_each.sql,1457,fn_promo_wallet_send,Historical Declaration; Live Definition Must Be Verified
supabase/migrations/20260903170529_the_hierarchy_sends_are_one_journal_row_each.sql,1647,fn_union_clawback_from_club,Historical Declaration; Live Definition Must Be Verified
supabase/migrations/20260903171736_the_third_seat_waits_60_to_150_seconds_for_a_human_everywhere.sql,21,fn_repair_seat_first_games,Historical Declaration; Live Definition Must Be Verified
supabase/migrations/20260903172703_an_event_may_restart_every_week.sql,23,fn_create_tournament_governed_legacy,Historical Declaration; Live Definition Must Be Verified
supabase/migrations/20260903180000_a_cleared_pair_stays_cleared.sql,51,detect_collusion_pairs,Historical Declaration; Live Definition Must Be Verified
supabase/migrations/20260903180000_a_cleared_pair_stays_cleared.sql,160,fn_ca_dismiss_collusion_pair,Historical Declaration; Live Definition Must Be Verified
supabase/migrations/20260903190000_stats_page_money_is_exact_and_live.sql,75,ca_hand_player_facts,Historical Declaration; Live Definition Must Be Verified
supabase/migrations/20260903190000_stats_page_money_is_exact_and_live.sql,433,trg_ca_stats_live_from_hand,Historical Declaration; Live Definition Must Be Verified
supabase/migrations/20260903190000_stats_page_money_is_exact_and_live.sql,480,ca_refresh_hand_player_index,Historical Declaration; Live Definition Must Be Verified
supabase/migrations/20260903190000_stats_page_money_is_exact_and_live.sql,572,ca_roll_hand_stats_forward,Historical Declaration; Live Definition Must Be Verified
supabase/migrations/20260903190000_stats_page_money_is_exact_and_live.sql,682,ca_player_stats_full,Historical Declaration; Live Definition Must Be Verified
supabase/migrations/20260903190000_stats_page_money_is_exact_and_live.sql,938,ca_player_stats_overview_v2,Historical Declaration; Live Definition Must Be Verified
supabase/migrations/20260903190000_stats_page_money_is_exact_and_live.sql,1011,ca_player_hands,Historical Declaration; Live Definition Must Be Verified
supabase/migrations/20260903190000_stats_page_money_is_exact_and_live.sql,1113,ca_repair_hand_player_stat_money,Historical Declaration; Live Definition Must Be Verified
supabase/migrations/20260903200000_an_agent_payout_is_a_record.sql,62,fn_ca_can_manage_agents,Historical Declaration; Live Definition Must Be Verified
supabase/migrations/20260903200000_an_agent_payout_is_a_record.sql,88,fn_ca_agent_payables,Historical Declaration; Live Definition Must Be Verified
supabase/migrations/20260903200000_an_agent_payout_is_a_record.sql,227,fn_ca_ban_club_player,Historical Declaration; Live Definition Must Be Verified
supabase/migrations/20260903201301_two_orphan_money_doors_are_closed_and_manual_movements_are_reported.sql,124,fn_ca_money_rpc_drift,Historical Declaration; Live Definition Must Be Verified
supabase/migrations/20260903201301_two_orphan_money_doors_are_closed_and_manual_movements_are_reported.sql,198,fn_ca_adjustments_report,Historical Declaration; Live Definition Must Be Verified
supabase/migrations/20260903201348_a_club_message_is_shown_once_per_revision_per_person.sql,51,fn_get_club_entry_message,Historical Declaration; Live Definition Must Be Verified
supabase/migrations/20260903201348_a_club_message_is_shown_once_per_revision_per_person.sql,99,fn_dismiss_club_message,Historical Declaration; Live Definition Must Be Verified
supabase/migrations/20260903203214_one_length_for_the_club_message_not_three.sql,47,fn_save_club_identity_messages_versioned,Historical Declaration; Live Definition Must Be Verified
supabase/migrations/20260903204724_the_hierarchys_debts_are_on_the_balance_sheet.sql,50,fn_ca_hierarchy_payables,Historical Declaration; Live Definition Must Be Verified
supabase/migrations/20260903204843_a_satellite_is_recognised_by_what_it_pays.sql,56,fn_ca_fund_overlay_on_lock,Historical Declaration; Live Definition Must Be Verified
supabase/migrations/20260903204843_a_satellite_is_recognised_by_what_it_pays.sql,231,fn_pay_backed_payout_shortfalls,Historical Declaration; Live Definition Must Be Verified
supabase/migrations/20260903204843_a_satellite_is_recognised_by_what_it_pays.sql,378,fn_tournament_payout_sweep,Historical Declaration; Live Definition Must Be Verified
supabase/migrations/20260903211722_every_chip_of_union_rake_knows_which_clubs_player_paid_it.sql,74,fn_ca_attribute_union_rake,Historical Declaration; Live Definition Must Be Verified
supabase/migrations/20260903212129_the_weekly_union_close_shares_the_rake_a_clubs_players_generated.sql,49,fn_ca_attribute_union_rake,Historical Declaration; Live Definition Must Be Verified
supabase/migrations/20260903212129_the_weekly_union_close_shares_the_rake_a_clubs_players_generated.sql,139,fn_union_weekly_rakeback_close,Historical Declaration; Live Definition Must Be Verified
supabase/migrations/20260903212855_a_new_clubs_first_100000_chips_come_from_the_mint_and_stay_in_the_club.sql,53,fn_seed_new_club_opening_bank,Historical Declaration; Live Definition Must Be Verified
supabase/migrations/20260903212855_a_new_clubs_first_100000_chips_come_from_the_mint_and_stay_in_the_club.sql,75,fn_record_new_club_opening_bank,Historical Declaration; Live Definition Must Be Verified
supabase/migrations/20260903212855_a_new_clubs_first_100000_chips_come_from_the_mint_and_stay_in_the_club.sql,145,fn_union_clawback_from_club,Historical Declaration; Live Definition Must Be Verified
supabase/migrations/20260903215830_the_promo_wallets_are_on_the_chip_meter.sql,94,fn_ca_supply_snapshot,Historical Declaration; Live Definition Must Be Verified
supabase/migrations/20260903215830_the_promo_wallets_are_on_the_chip_meter.sql,212,fn_ca_trial_balance,Historical Declaration; Live Definition Must Be Verified
supabase/migrations/20260903223515_r3_goes_from_log_to_refuse_and_the_switch_back_is_one_update.sql,56,fn_ca_money_path_log,Historical Declaration; Live Definition Must Be Verified
supabase/migrations/20260903224025_the_union_sets_a_rakeback_rate_per_game_type_and_the_close_pays_at_it.sql,65,fn_union_weekly_rakeback_close,Historical Declaration; Live Definition Must Be Verified
supabase/migrations/20260903224815_promo_is_disbursed_by_the_owner_and_it_lands_as_ordinary_chips.sql,40,fn_promo_disburse,Historical Declaration; Live Definition Must Be Verified
supabase/migrations/20260903225020_the_promo_disbursement_speaks_the_ledgers_own_word_for_promo.sql,19,fn_promo_disburse,Historical Declaration; Live Definition Must Be Verified
supabase/migrations/20260903225121_the_union_funded_leaderboard_names_its_counterparty_too.sql,29,fn_payout_leaderboard,Historical Declaration; Live Definition Must Be Verified
supabase/migrations/20260903230339_a_certification_club_is_retired_to_the_mint_and_then_it_is_gone.sql,51,fn_ca_retire_certification_club,Historical Declaration; Live Definition Must Be Verified
supabase/migrations/20260903231637_a_promo_rain_falls_from_the_float_the_sweep_fills_and_lands_as_chips.sql,35,fn_bbj_promo_payout_atomic,Historical Declaration; Live Definition Must Be Verified
supabase/migrations/20260903231744_the_grant_is_the_gate_on_the_promo_payout_not_the_callers_jwt.sql,25,fn_bbj_promo_payout_atomic,Historical Declaration; Live Definition Must Be Verified
supabase/migrations/20260903233924_the_splash_pot_is_not_designed_yet_so_its_door_is_shut.sql,30,fn_bbj_promo_rain,Historical Declaration; Live Definition Must Be Verified
supabase/migrations/20260903234327_the_phantom_promo_pool_is_retired_and_its_doors_are_shut.sql,114,add_to_promo_wallet,Historical Declaration; Live Definition Must Be Verified
supabase/migrations/20260903234327_the_phantom_promo_pool_is_retired_and_its_doors_are_shut.sql,130,distribute_promo_chips,Historical Declaration; Live Definition Must Be Verified
supabase/migrations/20260903234327_the_phantom_promo_pool_is_retired_and_its_doors_are_shut.sql,146,transfer_promo_club_to_agent,Historical Declaration; Live Definition Must Be Verified
supabase/migrations/20260903234327_the_phantom_promo_pool_is_retired_and_its_doors_are_shut.sql,162,create_user_wallets,Historical Declaration; Live Definition Must Be Verified
supabase/migrations/20260904001715_the_repo_can_ask_production_whether_a_club_is_still_deletable.sql,30,fn_ca_fk_index_gaps,Historical Declaration; Live Definition Must Be Verified
supabase/migrations/20260904005613_the_scorecard_grades_what_the_break_controls.sql,101,fn_ca_record_break_scorecard,Historical Declaration; Live Definition Must Be Verified
supabase/migrations/20260904005613_the_scorecard_grades_what_the_break_controls.sql,207,fn_ca_break_scorecard_push,Historical Declaration; Live Definition Must Be Verified
supabase/migrations/20260904012413_only_a_message_someone_wrote_earns_the_screen.sql,59,fn_get_club_entry_message,Historical Declaration; Live Definition Must Be Verified
supabase/migrations/20260904065106_free_buy_tiers_may_set_their_own_price.sql,26,fn_freerolls_are_free_buy,Historical Declaration; Live Definition Must Be Verified
supabase/migrations/20260904083540_stats_phase_1_witness_audit_and_health.sql,453,ca_hand_player_facts_range,Historical Declaration; Live Definition Must Be Verified
supabase/migrations/20260904083540_stats_phase_1_witness_audit_and_health.sql,466,ca_hand_player_facts_one,Historical Declaration; Live Definition Must Be Verified
supabase/migrations/20260904083540_stats_phase_1_witness_audit_and_health.sql,478,ca_hand_player_facts,Historical Declaration; Live Definition Must Be Verified
supabase/migrations/20260904083540_stats_phase_1_witness_audit_and_health.sql,523,trg_ca_stats_live_from_hand,Historical Declaration; Live Definition Must Be Verified
supabase/migrations/20260904083540_stats_phase_1_witness_audit_and_health.sql,601,ca_stats_witness_audit,Historical Declaration; Live Definition Must Be Verified
supabase/migrations/20260904083540_stats_phase_1_witness_audit_and_health.sql,747,ca_stats_health,Historical Declaration; Live Definition Must Be Verified
supabase/migrations/20260904092705_stats_phase_1_every_seat_is_indexed.sql,49,trg_ca_stats_live_from_hand,Historical Declaration; Live Definition Must Be Verified
supabase/migrations/20260904092705_stats_phase_1_every_seat_is_indexed.sql,93,ca_refresh_hand_player_index,Historical Declaration; Live Definition Must Be Verified
supabase/migrations/20260904092705_stats_phase_1_every_seat_is_indexed.sql,202,ca_index_every_seat,Historical Declaration; Live Definition Must Be Verified
supabase/migrations/20260904092705_stats_phase_1_every_seat_is_indexed.sql,290,ca_stats_witness_audit,Historical Declaration; Live Definition Must Be Verified
supabase/migrations/20260904092705_stats_phase_1_every_seat_is_indexed.sql,444,ca_stats_health,Historical Declaration; Live Definition Must Be Verified
supabase/migrations/20260904100000_the_dashboard_counts_what_is_there.sql,73,ca_club_tables,Historical Declaration; Live Definition Must Be Verified
supabase/migrations/20260904100000_the_dashboard_counts_what_is_there.sql,170,ca_club_dashboard_stats,Historical Declaration; Live Definition Must Be Verified
supabase/migrations/20260904100000_the_dashboard_counts_what_is_there.sql,252,ca_club_top_players,Historical Declaration; Live Definition Must Be Verified
supabase/migrations/20260904100000_the_dashboard_counts_what_is_there.sql,327,ca_club_tournaments,Historical Declaration; Live Definition Must Be Verified
supabase/migrations/20260904100000_the_dashboard_counts_what_is_there.sql,413,ca_club_revenue,Historical Declaration; Live Definition Must Be Verified
supabase/migrations/20260904103652_the_replication_slot_can_be_seen.sql,67,fn_replication_slot_metrics,Historical Declaration; Live Definition Must Be Verified
supabase/migrations/20260904104350_the_hand_snapshot_is_written_once_not_twice.sql,82,save_hand_state_snapshot,Historical Declaration; Live Definition Must Be Verified
supabase/migrations/20260904104540_settlements_are_pruned.sql,80,sp_prune_ca_settlements,Historical Declaration; Live Definition Must Be Verified
supabase/migrations/20260904104847_felt_erasure_delta_settlement.sql,84,credit_club_rake_to_treasury,Historical Declaration; Live Definition Must Be Verified
supabase/migrations/20260904104847_felt_erasure_delta_settlement.sql,186,fn_ca_settle_hand_stacks_absolute,Historical Declaration; Live Definition Must Be Verified
supabase/migrations/20260904104847_felt_erasure_delta_settlement.sql,461,fn_ca_restore_erased_seat_credit,Historical Declaration; Live Definition Must Be Verified
supabase/migrations/20260904104847_felt_erasure_delta_settlement.sql,537,fn_ca_find_erased_seat_credits,Historical Declaration; Live Definition Must Be Verified
supabase/migrations/20260904104847_felt_erasure_delta_settlement.sql,610,fn_ca_restore_erased_seat_credits,Historical Declaration; Live Definition Must Be Verified
supabase/migrations/20260904112929_restore_erased_seat_credits.sql,61,fn_ca_find_erased_seat_credits,Historical Declaration; Live Definition Must Be Verified
supabase/migrations/20260904113047_erased_seat_credit_sweep_self_retiring.sql,24,fn_ca_erased_seat_credit_sweep,Historical Declaration; Live Definition Must Be Verified
supabase/migrations/20260904120000_chip_continuity_slice_0.sql,146,fn_cash_stay_remaining_ms,Historical Declaration; Live Definition Must Be Verified
supabase/migrations/20260904120000_chip_continuity_slice_0.sql,162,fn_cash_rejoin_floor,Historical Declaration; Live Definition Must Be Verified
supabase/migrations/20260904120000_chip_continuity_slice_0.sql,184,fn_cash_effective_buyin,Historical Declaration; Live Definition Must Be Verified
supabase/migrations/20260904120000_chip_continuity_slice_0.sql,221,fn_cash_session_open,Historical Declaration; Live Definition Must Be Verified
supabase/migrations/20260904120000_chip_continuity_slice_0.sql,255,fn_cash_session_add_baseline,Historical Declaration; Live Definition Must Be Verified
supabase/migrations/20260904120000_chip_continuity_slice_0.sql,293,fn_cash_session_evaluate,Historical Declaration; Live Definition Must Be Verified
supabase/migrations/20260904120000_chip_continuity_slice_0.sql,357,fn_cash_leave_check,Historical Declaration; Live Definition Must Be Verified
supabase/migrations/20260904120000_chip_continuity_slice_0.sql,386,fn_cash_session_close,Historical Declaration; Live Definition Must Be Verified
supabase/migrations/20260904120000_chip_continuity_slice_0.sql,452,atomic_seat_cashout_locked,Historical Declaration; Live Definition Must Be Verified
supabase/migrations/20260904120000_chip_continuity_slice_0.sql,577,fn_cashout_seats_for_closing_table,Historical Declaration; Live Definition Must Be Verified
supabase/migrations/20260904120000_chip_continuity_slice_0.sql,642,player_leave_table,Historical Declaration; Live Definition Must Be Verified
supabase/migrations/20260904120000_chip_continuity_slice_0.sql,683,atomic_table_buyin,Historical Declaration; Live Definition Must Be Verified
supabase/migrations/20260904120000_chip_continuity_slice_0.sql,908,atomic_table_addon,Historical Declaration; Live Definition Must Be Verified
supabase/migrations/20260904120000_chip_continuity_slice_0.sql,999,resolve_pending_addon,Historical Declaration; Live Definition Must Be Verified
supabase/migrations/20260904120000_chip_continuity_slice_0.sql,1090,fn_horse_fund_from_treasury,Historical Declaration; Live Definition Must Be Verified
supabase/migrations/20260904120000_chip_continuity_slice_0.sql,1176,fn_horse_seat_from_treasury,Historical Declaration; Live Definition Must Be Verified
supabase/migrations/20260904120000_chip_continuity_slice_0.sql,1278,fn_thaw_platform,Historical Declaration; Live Definition Must Be Verified
supabase/migrations/20260904120601_a_seat_that_left_mid_hand_is_settled_not_refused.sql,25,fn_ca_settle_hand_stacks_absolute,Historical Declaration; Live Definition Must Be Verified
supabase/migrations/20260904130701_departed_seat_settles_cash_only_and_the_tournament_debit_is_reversed.sql,25,fn_ca_settle_hand_stacks_absolute,Historical Declaration; Live Definition Must Be Verified
supabase/migrations/20260904140000_chip_continuity_slice_0_hardening.sql,72,fn_cash_stay_remaining_ms,Historical Declaration; Live Definition Must Be Verified
supabase/migrations/20260904140000_chip_continuity_slice_0_hardening.sql,92,fn_cash_session_open,Historical Declaration; Live Definition Must Be Verified
supabase/migrations/20260904140000_chip_continuity_slice_0_hardening.sql,140,fn_cash_session_add_baseline,Historical Declaration; Live Definition Must Be Verified
supabase/migrations/20260904140000_chip_continuity_slice_0_hardening.sql,170,fn_cash_session_evaluate,Historical Declaration; Live Definition Must Be Verified
supabase/migrations/20260904140000_chip_continuity_slice_0_hardening.sql,235,fn_cash_session_close,Historical Declaration; Live Definition Must Be Verified
supabase/migrations/20260904140000_chip_continuity_slice_0_hardening.sql,285,atomic_seat_cashout_locked,Historical Declaration; Live Definition Must Be Verified
supabase/migrations/20260904140000_chip_continuity_slice_0_hardening.sql,430,fn_admin_kick_player,Historical Declaration; Live Definition Must Be Verified
supabase/migrations/20260904140000_chip_continuity_slice_0_hardening.sql,508,fn_thaw_platform,Historical Declaration; Live Definition Must Be Verified
supabase/migrations/20260904160500_cash_games_slice_1.sql,98,fn_cash_stakes_label,Historical Declaration; Live Definition Must Be Verified
supabase/migrations/20260904160500_cash_games_slice_1.sql,108,fn_cash_template_defaults,Historical Declaration; Live Definition Must Be Verified
supabase/migrations/20260904160500_cash_games_slice_1.sql,180,fn_cash_game_create,Historical Declaration; Live Definition Must Be Verified
supabase/migrations/20260904160500_cash_games_slice_1.sql,421,fn_cash_session_open,Historical Declaration; Live Definition Must Be Verified
supabase/migrations/20260904170000_what_the_club_owes_is_kept_not_recounted.sql,71,trg_agent_commission_rollup_insert,Historical Declaration; Live Definition Must Be Verified
supabase/migrations/20260904170000_what_the_club_owes_is_kept_not_recounted.sql,97,fn_agent_commission_rollup_recompute,Historical Declaration; Live Definition Must Be Verified
supabase/migrations/20260904170000_what_the_club_owes_is_kept_not_recounted.sql,130,trg_agent_commission_rollup_change,Historical Declaration; Live Definition Must Be Verified
supabase/migrations/20260904170000_what_the_club_owes_is_kept_not_recounted.sql,199,fn_rebuild_agent_commission_rollup,Historical Declaration; Live Definition Must Be Verified
supabase/migrations/20260904170000_what_the_club_owes_is_kept_not_recounted.sql,251,fn_ca_agent_payables,Historical Declaration; Live Definition Must Be Verified
supabase/migrations/20260904171000_the_rollup_rebuild_holds_the_ledger_still.sql,19,fn_rebuild_agent_commission_rollup,Historical Declaration; Live Definition Must Be Verified
supabase/migrations/20260904180000_a_player_record_says_what_it_measured.sql,47,ca_can_view_club,Historical Declaration; Live Definition Must Be Verified
supabase/migrations/20260904180000_a_player_record_says_what_it_measured.sql,76,ca_can_view_club_finances,Historical Declaration; Live Definition Must Be Verified
supabase/migrations/20260904180000_a_player_record_says_what_it_measured.sql,114,ca_club_member_statistics,Historical Declaration; Live Definition Must Be Verified
supabase/migrations/20260904183408_phase_3_1_one_mint_the_register_follows_the_journal.sql,57,fn_ca_register_issuance_leg,Historical Declaration; Live Definition Must Be Verified
supabase/migrations/20260904183408_phase_3_1_one_mint_the_register_follows_the_journal.sql,146,fn_ca_issuance_leg_is_registered,Historical Declaration; Live Definition Must Be Verified
supabase/migrations/20260904183408_phase_3_1_one_mint_the_register_follows_the_journal.sql,256,fn_mint_chips_from_diamonds,Historical Declaration; Live Definition Must Be Verified
supabase/migrations/20260904183408_phase_3_1_one_mint_the_register_follows_the_journal.sql,423,fn_ca_mint_register_vs_supply,Historical Declaration; Live Definition Must Be Verified
supabase/migrations/20260904192338_the_erasure_detector_knows_delta_mode_and_the_sweep_retires.sql,41,fn_ca_find_erased_seat_credits,Historical Declaration; Live Definition Must Be Verified
supabase/migrations/20260904194036_the_mint_hardened.sql,71,fn_ca_mint_register_append_only,Historical Declaration; Live Definition Must Be Verified
supabase/migrations/20260904194036_the_mint_hardened.sql,207,fn_ca_mint_policy_set,Historical Declaration; Live Definition Must Be Verified
supabase/migrations/20260904194036_the_mint_hardened.sql,256,fn_ca_mint_issued_24h,Historical Declaration; Live Definition Must Be Verified
supabase/migrations/20260904194036_the_mint_hardened.sql,274,fn_ca_issuance_leg_is_registered,Historical Declaration; Live Definition Must Be Verified
supabase/migrations/20260904194036_the_mint_hardened.sql,305,fn_ca_mint,Historical Declaration; Live Definition Must Be Verified
supabase/migrations/20260904194036_the_mint_hardened.sql,501,fn_ca_burn,Historical Declaration; Live Definition Must Be Verified
supabase/migrations/20260904194036_the_mint_hardened.sql,692,fn_ca_mint_register_vs_supply,Historical Declaration; Live Definition Must Be Verified
supabase/migrations/20260904194036_the_mint_hardened.sql,709,fn_ca_mint_overview,Historical Declaration; Live Definition Must Be Verified
supabase/migrations/20260904200000_the_estimates_and_the_old_keys_come_down.sql,31,fn_ca_agent_payables,Historical Declaration; Live Definition Must Be Verified
supabase/migrations/20260904200000_the_estimates_and_the_old_keys_come_down.sql,122,ca_club_tournaments,Historical Declaration; Live Definition Must Be Verified
supabase/migrations/20260904200000_the_estimates_and_the_old_keys_come_down.sql,194,ca_club_member_statistics,Historical Declaration; Live Definition Must Be Verified
supabase/migrations/20260904200000_the_estimates_and_the_old_keys_come_down.sql,282,ca_club_members_summary,Historical Declaration; Live Definition Must Be Verified
supabase/migrations/20260904210000_a_union_has_a_slug.sql,30,fn_union_slugify,Historical Declaration; Live Definition Must Be Verified
supabase/migrations/20260904210000_a_union_has_a_slug.sql,42,fn_unions_set_slug,Historical Declaration; Live Definition Must Be Verified
supabase/migrations/20260904210917_phase_4_3_one_bbj_allocator_and_every_jackpot_door_declares_itself.sql,65,fn_ca_is_midway_scope,Historical Declaration; Live Definition Must Be Verified
supabase/migrations/20260904210917_phase_4_3_one_bbj_allocator_and_every_jackpot_door_declares_itself.sql,162,fn_bbj_allocate,Historical Declaration; Live Definition Must Be Verified
supabase/migrations/20260904210917_phase_4_3_one_bbj_allocator_and_every_jackpot_door_declares_itself.sql,207,fn_bbj_move_between_banks,Historical Declaration; Live Definition Must Be Verified
supabase/migrations/20260904210917_phase_4_3_one_bbj_allocator_and_every_jackpot_door_declares_itself.sql,265,fn_bbj_reseed_main_from_backup,Historical Declaration; Live Definition Must Be Verified
supabase/migrations/20260904210917_phase_4_3_one_bbj_allocator_and_every_jackpot_door_declares_itself.sql,303,bbj_record_contribution,Historical Declaration; Live Definition Must Be Verified
supabase/migrations/20260904210917_phase_4_3_one_bbj_allocator_and_every_jackpot_door_declares_itself.sql,414,fn_bbj_repair_unbanked,Historical Declaration; Live Definition Must Be Verified
supabase/migrations/20260904210917_phase_4_3_one_bbj_allocator_and_every_jackpot_door_declares_itself.sql,495,bbj_credit_one_recipient,Historical Declaration; Live Definition Must Be Verified
supabase/migrations/20260904210917_phase_4_3_one_bbj_allocator_and_every_jackpot_door_declares_itself.sql,578,bbj_atomic_payout_v2,Historical Declaration; Live Definition Must Be Verified
supabase/migrations/20260904210917_phase_4_3_one_bbj_allocator_and_every_jackpot_door_declares_itself.sql,721,fn_union_fund_bbj_pool,Historical Declaration; Live Definition Must Be Verified
supabase/migrations/20260904210917_phase_4_3_one_bbj_allocator_and_every_jackpot_door_declares_itself.sql,804,fn_union_bbj_backup_transfer,Historical Declaration; Live Definition Must Be Verified
supabase/migrations/20260904211714_phase_4_2_the_jackpot_has_an_opening_balance_it_can_prove.sql,80,fn_bbj_reconcile,Historical Declaration; Live Definition Must Be Verified
supabase/migrations/20260904211714_phase_4_2_the_jackpot_has_an_opening_balance_it_can_prove.sql,164,fn_bbj_reconcile_all,Historical Declaration; Live Definition Must Be Verified
supabase/migrations/20260904211714_phase_4_2_the_jackpot_has_an_opening_balance_it_can_prove.sql,213,fn_rake_bbj_audit,Historical Declaration; Live Definition Must Be Verified
supabase/migrations/20260904211714_phase_4_2_the_jackpot_has_an_opening_balance_it_can_prove.sql,256,fn_bbj_conservation_check,Historical Declaration; Live Definition Must Be Verified
supabase/migrations/20260904212347_phase_4_3_the_allocator_carries_its_rounding_residue.sql,35,fn_bbj_allocate,Historical Declaration; Live Definition Must Be Verified
supabase/migrations/20260904212347_phase_4_3_the_allocator_carries_its_rounding_residue.sql,85,bbj_record_contribution,Historical Declaration; Live Definition Must Be Verified
supabase/migrations/20260904212347_phase_4_3_the_allocator_carries_its_rounding_residue.sql,205,fn_bbj_repair_unbanked,Historical Declaration; Live Definition Must Be Verified
supabase/migrations/20260904213506_phase_4_2_a_pool_the_meter_has_never_seen_opens_its_own_balance.sql,13,fn_bbj_open_pool_baseline,Historical Declaration; Live Definition Must Be Verified
supabase/migrations/20260904213506_phase_4_2_a_pool_the_meter_has_never_seen_opens_its_own_balance.sql,70,fn_bbj_reconcile_all,Historical Declaration; Live Definition Must Be Verified
supabase/migrations/20260904220000_the_money_is_read_from_the_ledger.sql,121,fn_ca_club_rake_daily_compute,Historical Declaration; Live Definition Must Be Verified
supabase/migrations/20260904220000_the_money_is_read_from_the_ledger.sql,218,fn_ca_club_rake_daily_apply,Historical Declaration; Live Definition Must Be Verified
supabase/migrations/20260904220000_the_money_is_read_from_the_ledger.sql,250,fn_ca_club_rake_daily_rebuild_range,Historical Declaration; Live Definition Must Be Verified
supabase/migrations/20260904220000_the_money_is_read_from_the_ledger.sql,289,fn_ca_club_rake_daily_rebuild,Historical Declaration; Live Definition Must Be Verified
supabase/migrations/20260904220000_the_money_is_read_from_the_ledger.sql,316,trg_ca_club_rake_daily_insert,Historical Declaration; Live Definition Must Be Verified
supabase/migrations/20260904220000_the_money_is_read_from_the_ledger.sql,337,trg_ca_club_rake_daily_change,Historical Declaration; Live Definition Must Be Verified
supabase/migrations/20260904220000_the_money_is_read_from_the_ledger.sql,428,trg_agent_commission_rollup_insert,Historical Declaration; Live Definition Must Be Verified
supabase/migrations/20260904220000_the_money_is_read_from_the_ledger.sql,463,trg_agent_commission_rollup_change,Historical Declaration; Live Definition Must Be Verified
supabase/migrations/20260904220000_the_money_is_read_from_the_ledger.sql,547,fn_rebuild_ca_club_commission_daily,Historical Declaration; Live Definition Must Be Verified
supabase/migrations/20260904220000_the_money_is_read_from_the_ledger.sql,584,fn_club_table_daily_refresh_day,Historical Declaration; Live Definition Must Be Verified
supabase/migrations/20260904220000_the_money_is_read_from_the_ledger.sql,707,fn_club_table_daily_catchup,Historical Declaration; Live Definition Must Be Verified
supabase/migrations/20260904220000_the_money_is_read_from_the_ledger.sql,800,ca_club_player_breakdown,Historical Declaration; Live Definition Must Be Verified
supabase/migrations/20260904220000_the_money_is_read_from_the_ledger.sql,869,ca_club_player_page,Historical Declaration; Live Definition Must Be Verified
supabase/migrations/20260904220000_the_money_is_read_from_the_ledger.sql,995,trg_ca_reporting_wallet_insert,Historical Declaration; Live Definition Must Be Verified
supabase/migrations/20260904220000_the_money_is_read_from_the_ledger.sql,1069,ca_refresh_reporting_cash_rollup,Historical Declaration; Live Definition Must Be Verified
supabase/migrations/20260904220000_the_money_is_read_from_the_ledger.sql,1129,ca_refresh_reporting_rollups_base,Historical Declaration; Live Definition Must Be Verified
supabase/migrations/20260904220000_the_money_is_read_from_the_ledger.sql,1303,ca_club_insurance_report,Historical Declaration; Live Definition Must Be Verified
supabase/migrations/20260904220000_the_money_is_read_from_the_ledger.sql,1434,ca_club_financials,Historical Declaration; Live Definition Must Be Verified
supabase/migrations/20260904220000_the_money_is_read_from_the_ledger.sql,1651,ca_club_chip_ledger,Historical Declaration; Live Definition Must Be Verified
supabase/migrations/20260904220000_the_money_is_read_from_the_ledger.sql,1707,ca_club_dashboard_stats,Historical Declaration; Live Definition Must Be Verified
supabase/migrations/20260904220000_the_money_is_read_from_the_ledger.sql,1801,ca_club_revenue,Historical Declaration; Live Definition Must Be Verified
supabase/migrations/20260904220000_the_money_is_read_from_the_ledger.sql,1910,fn_hand_rake_breakdown,Historical Declaration; Live Definition Must Be Verified
supabase/migrations/20260904220932_phase_5_1_the_escrow_becomes_a_balance.sql,85,fn_ca_escrow_apply,Historical Declaration; Live Definition Must Be Verified
supabase/migrations/20260904220932_phase_5_1_the_escrow_becomes_a_balance.sql,188,fn_ca_escrow_on_wallet_tx,Historical Declaration; Live Definition Must Be Verified
supabase/migrations/20260904220932_phase_5_1_the_escrow_becomes_a_balance.sql,225,fn_ca_escrow_on_rake_record,Historical Declaration; Live Definition Must Be Verified
supabase/migrations/20260904220932_phase_5_1_the_escrow_becomes_a_balance.sql,246,fn_ca_escrow_on_overlay_leg,Historical Declaration; Live Definition Must Be Verified
supabase/migrations/20260904220932_phase_5_1_the_escrow_becomes_a_balance.sql,264,fn_ca_escrow_on_seat_payout,Historical Declaration; Live Definition Must Be Verified
supabase/migrations/20260904220932_phase_5_1_the_escrow_becomes_a_balance.sql,278,fn_ca_escrow_on_rake_settlement,Historical Declaration; Live Definition Must Be Verified
supabase/migrations/20260904220932_phase_5_1_the_escrow_becomes_a_balance.sql,294,fn_ca_escrow_on_close,Historical Declaration; Live Definition Must Be Verified
supabase/migrations/20260904220932_phase_5_1_the_escrow_becomes_a_balance.sql,330,fn_ca_escrow_can_pay,Historical Declaration; Live Definition Must Be Verified
supabase/migrations/20260904220932_phase_5_1_the_escrow_becomes_a_balance.sql,354,fn_settle_tournament_obligation,Historical Declaration; Live Definition Must Be Verified
supabase/migrations/20260904220932_phase_5_1_the_escrow_becomes_a_balance.sql,612,fn_ca_escrow_balance_drift,Historical Declaration; Live Definition Must Be Verified
supabase/migrations/20260904222705_stats_phase_3_pulse_timezone_and_ev_coverage.sql,66,ca_player_stats_pulse,Historical Declaration; Live Definition Must Be Verified
supabase/migrations/20260904222705_stats_phase_3_pulse_timezone_and_ev_coverage.sql,114,ca_player_stats_full,Historical Declaration; Live Definition Must Be Verified
supabase/migrations/20260904222705_stats_phase_3_pulse_timezone_and_ev_coverage.sql,393,ca_player_stats_overview_v2,Historical Declaration; Live Definition Must Be Verified
supabase/migrations/20260904222705_stats_phase_3_pulse_timezone_and_ev_coverage.sql,475,ca_stats_witness_audit,Historical Declaration; Live Definition Must Be Verified
supabase/migrations/20260904222705_stats_phase_3_pulse_timezone_and_ev_coverage.sql,645,ca_stats_health,Historical Declaration; Live Definition Must Be Verified
supabase/migrations/20260904223000_union_creation_is_an_allowlist.sql,61,fn_can_create_union,Historical Declaration; Live Definition Must Be Verified
supabase/migrations/20260904223000_union_creation_is_an_allowlist.sql,85,fn_can_i_create_a_union,Historical Declaration; Live Definition Must Be Verified
supabase/migrations/20260904223000_union_creation_is_an_allowlist.sql,104,fn_guard_union_creation,Historical Declaration; Live Definition Must Be Verified
supabase/migrations/20260904224726_stats_phase_3_ev_coverage_counts_runouts_only.sql,28,ca_stats_witness_audit,Historical Declaration; Live Definition Must Be Verified
supabase/migrations/20260904224836_horse_data_ledger.sql,39,fn_ledger_fires,Historical Declaration; Live Definition Must Be Verified
supabase/migrations/20260904224836_horse_data_ledger.sql,54,fn_audit_data_receipts,Historical Declaration; Live Definition Must Be Verified
supabase/migrations/20260904224836_horse_data_ledger.sql,158,ca_horse_data_ledger,Historical Declaration; Live Definition Must Be Verified
supabase/migrations/20260904230000_cash_games_slice_1_hardening.sql,83,fn_cash_money_text,Historical Declaration; Live Definition Must Be Verified
supabase/migrations/20260904230000_cash_games_slice_1_hardening.sql,96,fn_cash_stakes_label,Historical Declaration; Live Definition Must Be Verified
supabase/migrations/20260904230000_cash_games_slice_1_hardening.sql,111,fn_cash_override_int,Historical Declaration; Live Definition Must Be Verified
supabase/migrations/20260904230000_cash_games_slice_1_hardening.sql,127,fn_cash_override_bool,Historical Declaration; Live Definition Must Be Verified
supabase/migrations/20260904230000_cash_games_slice_1_hardening.sql,148,fn_cash_game_create,Historical Declaration; Live Definition Must Be Verified
supabase/migrations/20260904230000_cash_games_slice_1_hardening.sql,403,fn_close_managed_game,Historical Declaration; Live Definition Must Be Verified
supabase/migrations/20260904230000_cash_games_slice_1_hardening.sql,462,fn_table_lifecycle_pass,Historical Declaration; Live Definition Must Be Verified
supabase/migrations/20260904231353_the_ten_hand_vpip_window_and_the_status_readers.sql,57,fn_cash_template_defaults,Historical Declaration; Live Definition Must Be Verified
supabase/migrations/20260904231353_the_ten_hand_vpip_window_and_the_status_readers.sql,142,fn_nit_status,Historical Declaration; Live Definition Must Be Verified
supabase/migrations/20260904231353_the_ten_hand_vpip_window_and_the_status_readers.sql,190,fn_cash_vpip_status,Historical Declaration; Live Definition Must Be Verified
supabase/migrations/20260904234500_a_rebuild_that_races_the_ledger_checks_itself.sql,45,fn_ca_club_rake_daily_ledger_total,Historical Declaration; Live Definition Must Be Verified
supabase/migrations/20260904234500_a_rebuild_that_races_the_ledger_checks_itself.sql,63,fn_ca_club_rake_daily_rebuild_range,Historical Declaration; Live Definition Must Be Verified
supabase/migrations/20260904234500_a_rebuild_that_races_the_ledger_checks_itself.sql,116,fn_club_table_daily_catchup,Historical Declaration; Live Definition Must Be Verified
supabase/migrations/20260904235500_a_live_day_is_the_triggers_to_keep.sql,47,fn_ca_club_rake_daily_rebuild_range,Historical Declaration; Live Definition Must Be Verified
supabase/migrations/20260904235500_a_live_day_is_the_triggers_to_keep.sql,91,fn_ca_club_rake_daily_rebuild_range,Historical Declaration; Live Definition Must Be Verified
supabase/migrations/20260904235500_a_live_day_is_the_triggers_to_keep.sql,108,fn_ca_club_rake_daily_rebuild,Historical Declaration; Live Definition Must Be Verified
supabase/migrations/20260904235500_a_live_day_is_the_triggers_to_keep.sql,143,fn_club_table_daily_catchup,Historical Declaration; Live Definition Must Be Verified
supabase/migrations/20260904235900_one_rebuild_signature_and_a_correction_still_lands.sql,36,trg_ca_club_rake_daily_change,Historical Declaration; Live Definition Must Be Verified
supabase/migrations/20260905001500_the_busiest_tables_count_table_hands.sql,37,ca_club_revenue,Historical Declaration; Live Definition Must Be Verified
supabase/migrations/20260905004639_audit_reports_the_step_not_the_week_after_it.sql,48,fn_audit_layer_drift,Historical Declaration; Live Definition Must Be Verified
supabase/migrations/20260905004815_bust_sweep_lag_names_what_it_measures.sql,26,fn_audit_fleet_health,Historical Declaration; Live Definition Must Be Verified
supabase/migrations/20260905010500_cluster_controller_slice_2.sql,51,fn_cash_cluster_open_table,Historical Declaration; Live Definition Must Be Verified
supabase/migrations/20260905010500_cluster_controller_slice_2.sql,155,fn_cash_game_create,Historical Declaration; Live Definition Must Be Verified
supabase/migrations/20260905010500_cluster_controller_slice_2.sql,348,fn_cash_seat_moves_pending,Historical Declaration; Live Definition Must Be Verified
supabase/migrations/20260905010500_cluster_controller_slice_2.sql,368,fn_cash_seat_move_execute,Historical Declaration; Live Definition Must Be Verified
supabase/migrations/20260905010500_cluster_controller_slice_2.sql,484,fn_cash_cluster_tick,Historical Declaration; Live Definition Must Be Verified
supabase/migrations/20260905010500_cluster_controller_slice_2.sql,790,fn_cash_clusters_to_tick,Historical Declaration; Live Definition Must Be Verified
supabase/migrations/20260905010500_cluster_controller_slice_2.sql,814,fn_managed_game_contract_document,Historical Declaration; Live Definition Must Be Verified
supabase/migrations/20260905010500_cluster_controller_slice_2.sql,881,fn_capture_managed_game_contract,Historical Declaration; Live Definition Must Be Verified
supabase/migrations/20260905010500_cluster_controller_slice_2.sql,940,fn_thaw_platform,Historical Declaration; Live Definition Must Be Verified
supabase/migrations/20260905014049_daily_audit_fits_its_timeout_and_reads_its_own_steps.sql,41,fn_run_horse_daily_audit,Historical Declaration; Live Definition Must Be Verified
supabase/migrations/20260905014049_daily_audit_fits_its_timeout_and_reads_its_own_steps.sql,275,fn_audit_data_receipts,Historical Declaration; Live Definition Must Be Verified
supabase/migrations/20260905014049_daily_audit_fits_its_timeout_and_reads_its_own_steps.sql,405,fn_audit_layer_drift,Historical Declaration; Live Definition Must Be Verified
supabase/migrations/20260905014508_daily_audit_baseline_from_the_rollup.sql,26,fn_run_horse_daily_audit,Historical Declaration; Live Definition Must Be Verified
supabase/migrations/20260905020000_r10_a_game_counts_its_players.sql,17,get_club_home,Historical Declaration; Live Definition Must Be Verified
supabase/migrations/20260905025642_phase_5_1_part_three_the_supply_meter_reads_the_escrow.sql,14,fn_ca_supply_snapshot,Historical Declaration; Live Definition Must Be Verified
supabase/migrations/20260905030000_cluster_tick_survives_safeupdate.sql,70,fn_cash_cluster_census,Historical Declaration; Live Definition Must Be Verified
supabase/migrations/20260905030000_cluster_tick_survives_safeupdate.sql,100,fn_cash_cluster_tick,Historical Declaration; Live Definition Must Be Verified
supabase/migrations/20260905030225_action_is_thirty_and_madness_is_fifty.sql,49,fn_cash_template_defaults,Historical Declaration; Live Definition Must Be Verified
supabase/migrations/20260905030433_horse_hand_facts_go_everywhere_and_get_a_retention.sql,37,fn_prune_ca_hand_facts,Historical Declaration; Live Definition Must Be Verified
supabase/migrations/20260905030738_union_promo_lands_in_the_club_promo_wallet.sql,76,fn_union_promo_send,Historical Declaration; Live Definition Must Be Verified
supabase/migrations/20260905030738_union_promo_lands_in_the_club_promo_wallet.sql,214,fn_club_promo_wallet_send,Historical Declaration; Live Definition Must Be Verified
supabase/migrations/20260905030738_union_promo_lands_in_the_club_promo_wallet.sql,394,fn_promo_wallet_ledger,Historical Declaration; Live Definition Must Be Verified
supabase/migrations/20260905030840_phase_5_1_part_four_the_meter_definition_is_reconciled_to_the_register.sql,28,fn_ca_supply_snapshot,Historical Declaration; Live Definition Must Be Verified
supabase/migrations/20260905030840_phase_5_1_part_four_the_meter_definition_is_reconciled_to_the_register.sql,156,fn_ca_mint_register_vs_supply,Historical Declaration; Live Definition Must Be Verified
supabase/migrations/20260905031852_the_club_promo_wallet_is_where_union_promo_lands.sql,50,fn_promo_disburse,Historical Declaration; Live Definition Must Be Verified
supabase/migrations/20260905033729_the_snapshot_is_the_rule.sql,46,fn_cash_apply_ruleset,Historical Declaration; Live Definition Must Be Verified
supabase/migrations/20260905033729_the_snapshot_is_the_rule.sql,157,fn_cash_cluster_tick,Historical Declaration; Live Definition Must Be Verified
supabase/migrations/20260905034557_every_union_to_club_chip_route_declares_itself.sql,40,fn_union_send_to_club_atomic,Historical Declaration; Live Definition Must Be Verified
supabase/migrations/20260905034557_every_union_to_club_chip_route_declares_itself.sql,108,fn_union_promo_send,Historical Declaration; Live Definition Must Be Verified
supabase/migrations/20260905034640_the_union_ledger_totals_do_not_rescan_a_million_rake_rows.sql,45,fn_promo_wallet_ledger,Historical Declaration; Live Definition Must Be Verified
supabase/migrations/20260905034937_gate_7_every_cash_table_is_a_game.sql,75,fn_cash_game_ensure,Historical Declaration; Live Definition Must Be Verified
supabase/migrations/20260905040000_community_search_is_one_ranked_union_aware_index.sql,58,fn_community_search_score,Historical Declaration; Live Definition Must Be Verified
supabase/migrations/20260905040000_community_search_is_one_ranked_union_aware_index.sql,95,fn_community_search,Historical Declaration; Live Definition Must Be Verified
supabase/migrations/20260905040020_a_sweep_has_no_actor.sql,26,fn_promo_wallet_ledger,Historical Declaration; Live Definition Must Be Verified
supabase/migrations/20260905040100_an_approval_can_be_retried_and_a_freeze_means_something.sql,82,fn_club_settlement_frozen,Historical Declaration; Live Definition Must Be Verified
supabase/migrations/20260905040100_an_approval_can_be_retried_and_a_freeze_means_something.sql,104,fn_refuse_operator_move_while_settling,Historical Declaration; Live Definition Must Be Verified
supabase/migrations/20260905040100_an_approval_can_be_retried_and_a_freeze_means_something.sql,166,fn_respond_chip_request,Historical Declaration; Live Definition Must Be Verified
supabase/migrations/20260905040500_the_break_keeps_a_seat_open_and_the_door_refuses_a_closed_table.sql,50,fn_refuse_seat_on_closed_cluster_table,Historical Declaration; Live Definition Must Be Verified
supabase/migrations/20260905040500_the_break_keeps_a_seat_open_and_the_door_refuses_a_closed_table.sql,78,fn_cash_cluster_tick,Historical Declaration; Live Definition Must Be Verified
supabase/migrations/20260905041000_a_move_within_one_game_is_not_a_fifth_game.sql,39,fn_enforce_four_table_limit,Historical Declaration; Live Definition Must Be Verified
supabase/migrations/20260905041000_a_move_within_one_game_is_not_a_fifth_game.sql,120,fn_cash_cluster_tick,Historical Declaration; Live Definition Must Be Verified
supabase/migrations/20260905041033_one_mint_for_diamonds_the_register_follows_the_diamond_journ.sql,119,fn_ca_diamond_journal_origin,Historical Declaration; Live Definition Must Be Verified
supabase/migrations/20260905041033_one_mint_for_diamonds_the_register_follows_the_diamond_journ.sql,177,fn_ca_register_diamond_journal_row,Historical Declaration; Live Definition Must Be Verified
supabase/migrations/20260905041033_one_mint_for_diamonds_the_register_follows_the_diamond_journ.sql,233,fn_ca_diamond_register_follows_journal,Historical Declaration; Live Definition Must Be Verified
supabase/migrations/20260905041033_one_mint_for_diamonds_the_register_follows_the_diamond_journ.sql,265,fn_ca_diamond_register_vs_supply,Historical Declaration; Live Definition Must Be Verified
supabase/migrations/20260905041033_one_mint_for_diamonds_the_register_follows_the_diamond_journ.sql,340,fn_ca_mint_overview,Historical Declaration; Live Definition Must Be Verified
supabase/migrations/20260905041500_a_settlement_period_belongs_to_a_club.sql,46,get_current_settlement_period,Historical Declaration; Live Definition Must Be Verified
supabase/migrations/20260905041557_the_must_move_list_knows_who_asks_and_an_expired_opening_hol.sql,40,fn_cash_game_must_move_list,Historical Declaration; Live Definition Must Be Verified
supabase/migrations/20260905041557_the_must_move_list_knows_who_asks_and_an_expired_opening_hol.sql,82,fn_cash_cluster_tick,Historical Declaration; Live Definition Must Be Verified
supabase/migrations/20260905042000_the_new_chair_first_then_the_old.sql,27,fn_cash_seat_move_execute,Historical Declaration; Live Definition Must Be Verified
supabase/migrations/20260905042100_the_agent_breakdown_reads_the_attributions.sql,58,fn_ca_rake_by_agent,Historical Declaration; Live Definition Must Be Verified
supabase/migrations/20260905043000_and_the_helper_goes_back_behind_its_one_door.sql,41,fn_ca_rake_by_agent,Historical Declaration; Live Definition Must Be Verified
supabase/migrations/20260905050000_the_move_survives_the_hand_and_a_game_seats_you_once.sql,108,fn_cash_seat_move_announce,Historical Declaration; Live Definition Must Be Verified
supabase/migrations/20260905050000_the_move_survives_the_hand_and_a_game_seats_you_once.sql,133,fn_cash_seat_moves_pending,Historical Declaration; Live Definition Must Be Verified
supabase/migrations/20260905050000_the_move_survives_the_hand_and_a_game_seats_you_once.sql,154,fn_cash_seat_move_execute,Historical Declaration; Live Definition Must Be Verified
supabase/migrations/20260905050000_the_move_survives_the_hand_and_a_game_seats_you_once.sql,290,fn_enforce_four_table_limit,Historical Declaration; Live Definition Must Be Verified
supabase/migrations/20260905050000_the_move_survives_the_hand_and_a_game_seats_you_once.sql,365,fn_refuse_seat_on_closed_cluster_table,Historical Declaration; Live Definition Must Be Verified
supabase/migrations/20260905050000_the_move_survives_the_hand_and_a_game_seats_you_once.sql,406,fn_cash_cluster_open_table,Historical Declaration; Live Definition Must Be Verified
supabase/migrations/20260905050000_the_move_survives_the_hand_and_a_game_seats_you_once.sql,508,fn_cash_cluster_tick,Historical Declaration; Live Definition Must Be Verified
supabase/migrations/20260905051000_the_bomb_pot_report_remembers_and_stops_reading_the_hands.sql,144,fn_ca_bomb_pot_rollup_day,Historical Declaration; Live Definition Must Be Verified
supabase/migrations/20260905051000_the_bomb_pot_report_remembers_and_stops_reading_the_hands.sql,240,fn_ca_bomb_pot_catchup,Historical Declaration; Live Definition Must Be Verified
supabase/migrations/20260905051000_the_bomb_pot_report_remembers_and_stops_reading_the_hands.sql,292,fn_club_bomb_pot_report,Historical Declaration; Live Definition Must Be Verified
supabase/migrations/20260905052000_the_live_edge_is_bounded_by_the_days_that_are_live.sql,47,fn_club_bomb_pot_report,Historical Declaration; Live Definition Must Be Verified
supabase/migrations/20260905052500_and_the_rake_breakdown_live_edge_is_bounded_the_same_way.sql,52,fn_ca_rake_by_agent,Historical Declaration; Live Definition Must Be Verified
supabase/migrations/20260905053000_join_game_seats_you_at_the_right_table_or_holds_your_place.sql,41,fn_cash_game_open_seats,Historical Declaration; Live Definition Must Be Verified
supabase/migrations/20260905053000_join_game_seats_you_at_the_right_table_or_holds_your_place.sql,56,fn_cash_game_join,Historical Declaration; Live Definition Must Be Verified
supabase/migrations/20260905053000_join_game_seats_you_at_the_right_table_or_holds_your_place.sql,125,fn_cash_game_leave_waitlist,Historical Declaration; Live Definition Must Be Verified
supabase/migrations/20260905053000_join_game_seats_you_at_the_right_table_or_holds_your_place.sql,143,fn_cash_game_waitlist_position,Historical Declaration; Live Definition Must Be Verified
supabase/migrations/20260905053000_join_game_seats_you_at_the_right_table_or_holds_your_place.sql,173,fn_cash_cluster_tick,Historical Declaration; Live Definition Must Be Verified
supabase/migrations/20260905060000_the_must_move_lobby_a_seat_change_and_the_order_you_joined.sql,179,fn_cash_game_roster_track,Historical Declaration; Live Definition Must Be Verified
supabase/migrations/20260905060000_the_must_move_lobby_a_seat_change_and_the_order_you_joined.sql,250,fn_cash_game_open_seats,Historical Declaration; Live Definition Must Be Verified
supabase/migrations/20260905060000_the_must_move_lobby_a_seat_change_and_the_order_you_joined.sql,268,fn_cash_game_must_move_list,Historical Declaration; Live Definition Must Be Verified
supabase/migrations/20260905060000_the_must_move_lobby_a_seat_change_and_the_order_you_joined.sql,288,fn_cash_game_lobby,Historical Declaration; Live Definition Must Be Verified
supabase/migrations/20260905060000_the_must_move_lobby_a_seat_change_and_the_order_you_joined.sql,403,fn_cash_seat_change_plan,Historical Declaration; Live Definition Must Be Verified
supabase/migrations/20260905060000_the_must_move_lobby_a_seat_change_and_the_order_you_joined.sql,510,fn_cash_seat_change_request,Historical Declaration; Live Definition Must Be Verified
supabase/migrations/20260905060000_the_must_move_lobby_a_seat_change_and_the_order_you_joined.sql,606,fn_cash_seat_change_status,Historical Declaration; Live Definition Must Be Verified
supabase/migrations/20260905060000_the_must_move_lobby_a_seat_change_and_the_order_you_joined.sql,642,fn_cash_seat_change_cancel,Historical Declaration; Live Definition Must Be Verified
supabase/migrations/20260905060000_the_must_move_lobby_a_seat_change_and_the_order_you_joined.sql,674,fn_cash_seat_moves_pending,Historical Declaration; Live Definition Must Be Verified
supabase/migrations/20260905060000_the_must_move_lobby_a_seat_change_and_the_order_you_joined.sql,696,fn_cash_seat_swap_execute,Historical Declaration; Live Definition Must Be Verified
supabase/migrations/20260905060000_the_must_move_lobby_a_seat_change_and_the_order_you_joined.sql,812,fn_cash_seat_move_execute,Historical Declaration; Live Definition Must Be Verified
supabase/migrations/20260905060000_the_must_move_lobby_a_seat_change_and_the_order_you_joined.sql,951,fn_cash_session_close,Historical Declaration; Live Definition Must Be Verified
supabase/migrations/20260905060000_the_must_move_lobby_a_seat_change_and_the_order_you_joined.sql,1044,fn_cash_cluster_tick,Historical Declaration; Live Definition Must Be Verified
supabase/migrations/20260905062510_member_detail_txn_scan_is_bounded_by_the_player.sql,48,ca_club_member_detail,Historical Declaration; Live Definition Must Be Verified
supabase/migrations/20260905064000_booted_for_low_vpip_is_barred_for_two_hours.sql,37,fn_cash_rejoin_floor,Historical Declaration; Live Definition Must Be Verified
supabase/migrations/20260905064000_booted_for_low_vpip_is_barred_for_two_hours.sql,70,fn_cash_effective_buyin,Historical Declaration; Live Definition Must Be Verified
supabase/migrations/20260905064000_booted_for_low_vpip_is_barred_for_two_hours.sql,112,fn_cash_session_close,Historical Declaration; Live Definition Must Be Verified
supabase/migrations/20260905064000_booted_for_low_vpip_is_barred_for_two_hours.sql,196,atomic_seat_cashout_locked,Historical Declaration; Live Definition Must Be Verified
supabase/migrations/20260905064000_booted_for_low_vpip_is_barred_for_two_hours.sql,336,fn_cash_game_barred_seconds,Historical Declaration; Live Definition Must Be Verified
supabase/migrations/20260905064000_booted_for_low_vpip_is_barred_for_two_hours.sql,351,fn_cash_game_join,Historical Declaration; Live Definition Must Be Verified
supabase/migrations/20260905064237_horses_use_the_seat_change_and_presence_follows_the_move.sql,67,fn_cash_seat_change_request,Historical Declaration; Live Definition Must Be Verified
supabase/migrations/20260905064237_horses_use_the_seat_change_and_presence_follows_the_move.sql,177,fn_cash_seat_move_execute,Historical Declaration; Live Definition Must Be Verified
supabase/migrations/20260905064237_horses_use_the_seat_change_and_presence_follows_the_move.sql,322,fn_cash_seat_swap_execute,Historical Declaration; Live Definition Must Be Verified
supabase/migrations/20260905064901_the_signup_grant_is_registered_once_and_deletion_retires_wha.sql,65,fn_ca_diamond_journal_origin,Historical Declaration; Live Definition Must Be Verified
supabase/migrations/20260905064901_the_signup_grant_is_registered_once_and_deletion_retires_wha.sql,130,fn_ca_journal_profile_deletion,Historical Declaration; Live Definition Must Be Verified
supabase/migrations/20260905065612_friendships_reference_real_accounts_and_the_union_network_is.sql,148,fn_can_i_operate_the_union_network,Historical Declaration; Live Definition Must Be Verified
supabase/migrations/20260905065636_card_slide_usage_telemetry.sql,54,fn_record_card_slide_usage,Historical Declaration; Live Definition Must Be Verified
supabase/migrations/20260905065636_card_slide_usage_telemetry.sql,100,fn_card_slide_adoption,Historical Declaration; Live Definition Must Be Verified
supabase/migrations/20260905070223_the_community_center_reads_live_counts.sql,38,fn_community_overview,Historical Declaration; Live Definition Must Be Verified
supabase/migrations/20260905071659_card_slide_adoption_is_admin_only.sql,32,fn_card_slide_adoption,Historical Declaration; Live Definition Must Be Verified
supabase/migrations/20260905071929_card_slide_adoption_reads_its_caller.sql,29,fn_card_slide_adoption,Historical Declaration; Live Definition Must Be Verified
supabase/migrations/20260905073943_the_per_player_live_edge_is_a_rollup_not_a_scan_of_today.sql,110,fn_ca_club_rake_daily_user_apply,Historical Declaration; Live Definition Must Be Verified
supabase/migrations/20260905073943_the_per_player_live_edge_is_a_rollup_not_a_scan_of_today.sql,147,fn_ca_club_rake_daily_user_rebuild_day,Historical Declaration; Live Definition Must Be Verified
supabase/migrations/20260905074227_phase_5_2_the_spin_escrow_reads_the_reserve.sql,59,fn_ca_escrow_apply,Historical Declaration; Live Definition Must Be Verified
supabase/migrations/20260905074227_phase_5_2_the_spin_escrow_reads_the_reserve.sql,170,fn_ca_escrow_on_reserve_leg,Historical Declaration; Live Definition Must Be Verified
supabase/migrations/20260905074227_phase_5_2_the_spin_escrow_reads_the_reserve.sql,187,fn_ca_escrow_balance_drift,Historical Declaration; Live Definition Must Be Verified
supabase/migrations/20260905074227_phase_5_2_the_spin_escrow_reads_the_reserve.sql,296,fn_ca_supply_snapshot,Historical Declaration; Live Definition Must Be Verified
supabase/migrations/20260905074228_the_attribution_triggers_and_the_read_that_uses_them.sql,41,trg_ca_club_rake_daily_user_insert,Historical Declaration; Live Definition Must Be Verified
supabase/migrations/20260905074228_the_attribution_triggers_and_the_read_that_uses_them.sql,63,trg_ca_club_rake_daily_user_change,Historical Declaration; Live Definition Must Be Verified
supabase/migrations/20260905074228_the_attribution_triggers_and_the_read_that_uses_them.sql,91,trg_ca_club_rake_daily_user_delete,Historical Declaration; Live Definition Must Be Verified
supabase/migrations/20260905074228_the_attribution_triggers_and_the_read_that_uses_them.sql,141,fn_ca_rake_by_agent,Historical Declaration; Live Definition Must Be Verified
supabase/migrations/20260905075122_the_journal_is_never_refused_by_the_freeze.sql,37,fn_refuse_while_frozen,Historical Declaration; Live Definition Must Be Verified
supabase/migrations/20260905075122_the_journal_is_never_refused_by_the_freeze.sql,104,fn_bbj_repair_unbanked,Historical Declaration; Live Definition Must Be Verified
supabase/migrations/20260905080120_a_promo_pull_comes_back_from_the_club_promo_wallet.sql,43,fn_union_clawback_promo_from_club,Historical Declaration; Live Definition Must Be Verified
supabase/migrations/20260905083005_a_granted_item_reaches_the_player_or_is_not_spent.sql,103,fn_promo_vault_delivery_for,Historical Declaration; Live Definition Must Be Verified
supabase/migrations/20260905083005_a_granted_item_reaches_the_player_or_is_not_spent.sql,161,ca_promo_vault_grant,Historical Declaration; Live Definition Must Be Verified
supabase/migrations/20260905083005_a_granted_item_reaches_the_player_or_is_not_spent.sql,306,ca_promo_vault_grant,Historical Declaration; Live Definition Must Be Verified
supabase/migrations/20260905083442_the_rules_save_writes_one_key_and_says_who_may_write_it.sql,57,fn_set_club_rules,Historical Declaration; Live Definition Must Be Verified
supabase/migrations/20260905083442_the_rules_save_writes_one_key_and_says_who_may_write_it.sql,120,fn_audit_club_settings_change,Historical Declaration; Live Definition Must Be Verified
supabase/migrations/20260905083654_the_drift_check_reads_the_balance_and_the_shadow_at_the_same.sql,27,fn_ca_escrow_balance_drift,Historical Declaration; Live Definition Must Be Verified
supabase/migrations/20260905083756_the_break_counts_orbits_not_only_minutes.sql,66,fn_cash_cluster_tick,Historical Declaration; Live Definition Must Be Verified
supabase/migrations/20260905084034_a_claim_records_what_the_promotion_says_not_what_the_client_.sql,50,fn_promotion_claim_takes_the_promotions_word,Historical Declaration; Live Definition Must Be Verified
supabase/migrations/20260905085818_the_delivery_lookup_reads_a_catalogue_anyone_may_read.sql,36,fn_promo_vault_delivery_for,Historical Declaration; Live Definition Must Be Verified
supabase/migrations/20260905090006_one_chair_per_player_per_game_is_reconciled_every_tick.sql,49,fn_cash_cluster_tick,Historical Declaration; Live Definition Must Be Verified
supabase/migrations/20260905091025_one_tick_rpc_per_pass_and_dormant_games_rest.sql,51,fn_cash_clusters_tick_all,Historical Declaration; Live Definition Must Be Verified
supabase/migrations/20260905101732_the_spin_books_its_entry_with_the_escrow_lock_first.sql,33,fn_spin_book_entry,Historical Declaration; Live Definition Must Be Verified
supabase/migrations/20260905102140_phase_5_gate_every_new_door_is_registered_and_no_sweep_moves.sql,35,fn_redrive_unbanked_rake,Historical Declaration; Live Definition Must Be Verified
supabase/migrations/20260905103510_referral_milestones_pay_diamonds_not_chips.sql,67,fn_claim_referral_milestone,Historical Declaration; Live Definition Must Be Verified
supabase/migrations/20260905103622_a_horse_is_stamped_on_its_seat_and_the_felt_can_see_it.sql,88,trg_auto_cashout_on_table_close,Historical Declaration; Live Definition Must Be Verified
supabase/migrations/20260905103622_a_horse_is_stamped_on_its_seat_and_the_felt_can_see_it.sql,126,fn_stamp_seat_horse_id,Historical Declaration; Live Definition Must Be Verified
supabase/migrations/20260905103839_referral_signup_bonus_pays_diamonds_not_chips.sql,39,redeem_referral_code,Historical Declaration; Live Definition Must Be Verified
supabase/migrations/20260905104109_the_third_seat_waits_90_to_350_seconds_for_a_human.sql,48,fn_repair_seat_first_games,Historical Declaration; Live Definition Must Be Verified
supabase/migrations/20260905114421_a_mission_pays_diamonds_not_chips.sql,181,claim_daily_challenge,Historical Declaration; Live Definition Must Be Verified
supabase/migrations/20260905114421_a_mission_pays_diamonds_not_chips.sql,296,claim_daily_challenges,Historical Declaration; Live Definition Must Be Verified
supabase/migrations/20260905114421_a_mission_pays_diamonds_not_chips.sql,527,fn_award_daily_mission_milestones,Historical Declaration; Live Definition Must Be Verified
supabase/migrations/20260905114421_a_mission_pays_diamonds_not_chips.sql,621,get_daily_challenge_dashboard,Historical Declaration; Live Definition Must Be Verified
supabase/migrations/20260905153833_vip_is_monthly_yearly_or_lifetime.sql,96,purchase_vip_with_diamonds_atomic,Historical Declaration; Live Definition Must Be Verified
supabase/migrations/20260905154157_mutual_friends_answer_with_the_arena_name_and_arena_avatar.sql,55,get_mutual_friends,Historical Declaration; Live Definition Must Be Verified
supabase/migrations/20260905155400_main_1_is_the_live_one_and_a_closed_table_owns_no_index.sql,68,fn_closed_cluster_main_releases_index,Historical Declaration; Live Definition Must Be Verified
supabase/migrations/20260905155400_main_1_is_the_live_one_and_a_closed_table_owns_no_index.sql,95,fn_cluster_table_ceiling,Historical Declaration; Live Definition Must Be Verified
supabase/migrations/20260905161235_the_repair_sees_a_spin_that_never_started_and_believes_the_d.sql,63,fn_spin_repair_missing_multiplier,Historical Declaration; Live Definition Must Be Verified
supabase/migrations/20260905164455_hands_played_is_the_number_you_played.sql,45,fn_sync_profile_total_hands,Historical Declaration; Live Definition Must Be Verified
supabase/migrations/20260905165154_a_lost_spin_stamp_cannot_age_out_of_its_own_repair.sql,84,fn_spin_sweep_unbooked,Historical Declaration; Live Definition Must Be Verified
supabase/migrations/20260905165154_a_lost_spin_stamp_cannot_age_out_of_its_own_repair.sql,179,fn_spin_repair_missing_multiplier,Historical Declaration; Live Definition Must Be Verified
supabase/migrations/20260905171210_a_certification_fixture_is_not_a_friend.sql,45,auto_connect_to_dan_bekavac,Historical Declaration; Live Definition Must Be Verified
supabase/migrations/20260905171518_a_spin_pays_only_what_it_holds.sql,67,fn_spin_shortfall_funds_the_escrow,Historical Declaration; Live Definition Must Be Verified
supabase/migrations/20260905171518_a_spin_pays_only_what_it_holds.sql,125,fn_spin_escrow_is_enforced,Historical Declaration; Live Definition Must Be Verified
supabase/migrations/20260905174801_the_test_accounts_are_swept.sql,126,fn_sweep_test_account,Historical Declaration; Live Definition Must Be Verified
supabase/migrations/20260905175039_a_repair_counts_only_the_rows_it_actually_repaired.sql,45,fn_spin_repair_missing_multiplier,Historical Declaration; Live Definition Must Be Verified
supabase/migrations/20260905175039_a_repair_counts_only_the_rows_it_actually_repaired.sql,198,fn_spin_sweep_unbooked,Historical Declaration; Live Definition Must Be Verified
supabase/migrations/20260905194329_main_one_is_looked_up_on_the_live_board_not_the_oldest_row.sql,51,fn_cash_cluster_tick,Historical Declaration; Live Definition Must Be Verified
supabase/migrations/20260905194420_phase_5_gate_the_spin_is_enforced_and_the_seat_reads_the_mon.sql,42,fn_ca_escrow_apply,Historical Declaration; Live Definition Must Be Verified
supabase/migrations/20260905194420_phase_5_gate_the_spin_is_enforced_and_the_seat_reads_the_mon.sql,155,fn_ca_escrow_on_rake_record,Historical Declaration; Live Definition Must Be Verified
supabase/migrations/20260905194420_phase_5_gate_the_spin_is_enforced_and_the_seat_reads_the_mon.sql,181,fn_ca_tournament_escrow,Historical Declaration; Live Definition Must Be Verified
supabase/migrations/20260905194420_phase_5_gate_the_spin_is_enforced_and_the_seat_reads_the_mon.sql,309,fn_ca_escrow_on_seat_transfer_leg,Historical Declaration; Live Definition Must Be Verified
supabase/migrations/20260905194441_the_report_queue_is_scoped_to_the_club_it_is_shown_under.sql,38,fn_list_player_reports,Historical Declaration; Live Definition Must Be Verified
supabase/migrations/20260905194840_the_break_consolidates_a_thin_game_the_floor_was_never_a_bar.sql,47,fn_cash_cluster_tick,Historical Declaration; Live Definition Must Be Verified
supabase/migrations/20260905195011_a_cash_entrant_who_wins_a_seat_is_paid_the_seat_in_cash.sql,39,fn_award_satellite_seat,Historical Declaration; Live Definition Must Be Verified
supabase/migrations/20260905200041_a_cancelled_target_refunds_the_satellite_seat_it_holds.sql,48,atomic_cancel_tournament,Historical Declaration; Live Definition Must Be Verified
supabase/migrations/20260905200041_a_cancelled_target_refunds_the_satellite_seat_it_holds.sql,162,trg_tournaments_cancel_must_refund,Historical Declaration; Live Definition Must Be Verified
supabase/migrations/20260905200041_a_cancelled_target_refunds_the_satellite_seat_it_holds.sql,217,fn_ca_escrow_apply,Historical Declaration; Live Definition Must Be Verified
supabase/migrations/20260905200041_a_cancelled_target_refunds_the_satellite_seat_it_holds.sql,345,fn_ca_escrow_on_rake_record,Historical Declaration; Live Definition Must Be Verified
supabase/migrations/20260905200041_a_cancelled_target_refunds_the_satellite_seat_it_holds.sql,378,fn_ca_tournament_escrow,Historical Declaration; Live Definition Must Be Verified
supabase/migrations/20260905201812_the_tuner_stops_fighting_the_rake_and_studies_every_horse.sql,37,fn_horse_daily_nets_add,Historical Declaration; Live Definition Must Be Verified
supabase/migrations/20260905201812_the_tuner_stops_fighting_the_rake_and_studies_every_horse.sql,95,fn_horse_daily_play_add,Historical Declaration; Live Definition Must Be Verified
supabase/migrations/20260905201812_the_tuner_stops_fighting_the_rake_and_studies_every_horse.sql,149,sp_prune_horse_hand_reviews,Historical Declaration; Live Definition Must Be Verified
supabase/migrations/20260905202112_the_headcount_column_is_the_seats.sql,34,fn_cash_cluster_tick,Historical Declaration; Live Definition Must Be Verified
supabase/migrations/20260905203123_phase_6_1_a_settlement_outside_the_platform_needs_an_approve.sql,83,fn_settle_tournament_obligation,Historical Declaration; Live Definition Must Be Verified
supabase/migrations/20260905203123_phase_6_1_a_settlement_outside_the_platform_needs_an_approve.sql,372,fn_ca_adjustment_under_10_9,Historical Declaration; Live Definition Must Be Verified
supabase/migrations/20260905203427_phase_6_3_every_detector_has_an_owner_an_sla_and_a_way_to_re.sql,110,fn_ca_raise_drift_incident,Historical Declaration; Live Definition Must Be Verified
supabase/migrations/20260905203427_phase_6_3_every_detector_has_an_owner_an_sla_and_a_way_to_re.sql,234,fn_ca_incident_escalation_tick,Historical Declaration; Live Definition Must Be Verified
supabase/migrations/20260905203905_phase_6_2_the_kill_switch_trips_itself_at_a_thousand_chips.sql,58,fn_ca_kill_switch_trip,Historical Declaration; Live Definition Must Be Verified
supabase/migrations/20260905203905_phase_6_2_the_kill_switch_trips_itself_at_a_thousand_chips.sql,106,fn_ca_supply_snapshot,Historical Declaration; Live Definition Must Be Verified
supabase/migrations/20260905203905_phase_6_2_the_kill_switch_trips_itself_at_a_thousand_chips.sql,240,fn_bbj_reconcile_all,Historical Declaration; Live Definition Must Be Verified
supabase/migrations/20260905203905_phase_6_2_the_kill_switch_trips_itself_at_a_thousand_chips.sql,294,fn_ca_escrow_balance_drift,Historical Declaration; Live Definition Must Be Verified
supabase/migrations/20260905203905_phase_6_2_the_kill_switch_trips_itself_at_a_thousand_chips.sql,342,bbj_atomic_payout_v2,Historical Declaration; Live Definition Must Be Verified
supabase/migrations/20260905203905_phase_6_2_the_kill_switch_trips_itself_at_a_thousand_chips.sql,500,fn_ca_open_payout_freeze,Historical Declaration; Live Definition Must Be Verified
supabase/migrations/20260905204436_the_bomb_pot_live_floor_cannot_reach_past_the_oldest_hand.sql,42,fn_club_bomb_pot_report,Historical Declaration; Live Definition Must Be Verified
supabase/migrations/20260905204620_the_tournament_lane_gets_a_scoreboard_and_a_leak_profile.sql,52,fn_horse_tournament_daily_compile,Historical Declaration; Live Definition Must Be Verified
supabase/migrations/20260905204620_the_tournament_lane_gets_a_scoreboard_and_a_leak_profile.sql,102,fn_horse_tournament_leaks,Historical Declaration; Live Definition Must Be Verified
supabase/migrations/20260905204620_the_tournament_lane_gets_a_scoreboard_and_a_leak_profile.sql,126,fn_audit_tournament_results,Historical Declaration; Live Definition Must Be Verified
supabase/migrations/20260905204620_the_tournament_lane_gets_a_scoreboard_and_a_leak_profile.sql,175,ca_horse_tournament_card,Historical Declaration; Live Definition Must Be Verified
supabase/migrations/20260905204620_the_tournament_lane_gets_a_scoreboard_and_a_leak_profile.sql,207,sp_prune_horse_hand_reviews,Historical Declaration; Live Definition Must Be Verified
supabase/migrations/20260905204835_phase_6_4_every_leg_names_its_hand_or_its_event.sql,45,fn_ca_chip_ledger_enrich,Historical Declaration; Live Definition Must Be Verified
supabase/migrations/20260905204835_phase_6_4_every_leg_names_its_hand_or_its_event.sql,122,bbj_record_contribution,Historical Declaration; Live Definition Must Be Verified
supabase/migrations/20260905204835_phase_6_4_every_leg_names_its_hand_or_its_event.sql,247,atomic_distribute_rake,Historical Declaration; Live Definition Must Be Verified
supabase/migrations/20260905210642_the_fleet_state_says_when_a_horse_last_acted_and_the_mind_remembers_tempo.sql,27,fn_ca_fleet_seat_touch,Historical Declaration; Live Definition Must Be Verified
supabase/migrations/20260905212733_the_audit_reads_the_tag_registry_the_tuner_and_the_seat_clock.sql,28,fn_audit_tag_consumers,Historical Declaration; Live Definition Must Be Verified
supabase/migrations/20260905212733_the_audit_reads_the_tag_registry_the_tuner_and_the_seat_clock.sql,81,fn_audit_tuner_health,Historical Declaration; Live Definition Must Be Verified
supabase/migrations/20260905212733_the_audit_reads_the_tag_registry_the_tuner_and_the_seat_clock.sql,125,fn_audit_seat_clock,Historical Declaration; Live Definition Must Be Verified
supabase/migrations/20260905213801_a_read_is_scoped_to_the_game_it_was_learned_in.sql,52,upsert_horse_mind_stats_scoped,Historical Declaration; Live Definition Must Be Verified
supabase/migrations/20260905223231_phase_6_gate_no_detector_is_unowned_and_every_leg_names_its_.sql,42,fn_ca_raise_drift_incident,Historical Declaration; Live Definition Must Be Verified
supabase/migrations/20260905223231_phase_6_gate_no_detector_is_unowned_and_every_leg_names_its_.sql,174,fn_ca_chip_ledger_enrich,Historical Declaration; Live Definition Must Be Verified
supabase/migrations/20260905224524_the_kill_switch_escalates_and_only_a_human_freezes_a_payout.sql,75,fn_ca_kill_switch_trip,Historical Declaration; Live Definition Must Be Verified
supabase/migrations/20260905225400_the_leaks_a_twenty_bb_loss_cannot_see.sql,28,fn_horse_frequency_leaks,Historical Declaration; Live Definition Must Be Verified
supabase/migrations/20260905225400_the_leaks_a_twenty_bb_loss_cannot_see.sql,89,fn_audit_frequency_leaks,Historical Declaration; Live Definition Must Be Verified
supabase/migrations/20260905225400_the_leaks_a_twenty_bb_loss_cannot_see.sql,140,ca_horse_frequency_card,Historical Declaration; Live Definition Must Be Verified
supabase/migrations/20260905230154_the_switch_confirms_before_it_pages_and_never_freezes.sql,65,fn_ca_kill_switch_trip,Historical Declaration; Live Definition Must Be Verified
supabase/migrations/20260905230606_the_one_number_the_league_cannot_produce.sql,36,fn_horse_solver_agreement_add,Historical Declaration; Live Definition Must Be Verified
supabase/migrations/20260905230606_the_one_number_the_league_cannot_produce.sql,64,fn_audit_solver_agreement,Historical Declaration; Live Definition Must Be Verified
supabase/migrations/20260905230611_phase_7_1_the_journal_replays_every_account_it_named.sql,81,fn_ca_leg_accounts,Historical Declaration; Live Definition Must Be Verified
supabase/migrations/20260905230611_phase_7_1_the_journal_replays_every_account_it_named.sql,129,fn_ca_account_balance,Historical Declaration; Live Definition Must Be Verified
supabase/migrations/20260905230611_phase_7_1_the_journal_replays_every_account_it_named.sql,182,fn_ca_ledger_replay,Historical Declaration; Live Definition Must Be Verified
supabase/migrations/20260906002035_phase_7_2_a_horse_funding_names_its_player_and_can_be_keyed.sql,47,fn_horse_fund_from_treasury,Historical Declaration; Live Definition Must Be Verified
supabase/migrations/20260906002035_phase_7_2_a_horse_funding_names_its_player_and_can_be_keyed.sql,151,fn_horse_seat_from_treasury,Historical Declaration; Live Definition Must Be Verified
supabase/migrations/20260906002836_the_panel_can_read_the_solver_agreement.sql,5,ca_horse_solver_agreement,Historical Declaration; Live Definition Must Be Verified
supabase/migrations/20260906002855_short_deck_is_its_own_read_family.sql,28,upsert_horse_mind_stats_scoped,Historical Declaration; Live Definition Must Be Verified
supabase/migrations/20260906003717_leaderboard_phase3_funded_publication.sql,24,fn_leaderboard_program_commitment,Historical Declaration; Live Definition Must Be Verified
supabase/migrations/20260906003717_leaderboard_phase3_funded_publication.sql,46,fn_leaderboard_funding_summary,Historical Declaration; Live Definition Must Be Verified
supabase/migrations/20260906003717_leaderboard_phase3_funded_publication.sql,146,fn_enforce_leaderboard_program_funding,Historical Declaration; Live Definition Must Be Verified
supabase/migrations/20260906003717_leaderboard_phase3_funded_publication.sql,240,fn_get_leaderboard_reward_setup,Historical Declaration; Live Definition Must Be Verified
supabase/migrations/20260906003739_the_replay_keys_an_account_by_what_owns_the_chips.sql,55,fn_ca_leg_accounts,Historical Declaration; Live Definition Must Be Verified
supabase/migrations/20260906003739_the_replay_keys_an_account_by_what_owns_the_chips.sql,107,fn_ca_account_balance,Historical Declaration; Live Definition Must Be Verified
supabase/migrations/20260906004318_action_and_madness_are_one_game_per_blind_category.sql,74,fn_cash_stake_band,Historical Declaration; Live Definition Must Be Verified
supabase/migrations/20260906004318_action_and_madness_are_one_game_per_blind_category.sql,160,fn_guard_one_game_per_blind_category,Historical Declaration; Live Definition Must Be Verified
supabase/migrations/20260906011010_phase_8_1_the_other_side_of_a_leg_names_the_column_this_side.sql,51,fn_ca_leg_accounts,Historical Declaration; Live Definition Must Be Verified
supabase/migrations/20260906011113_the_worklist_reaches_the_game_the_repair_was_written_for.sql,68,fn_cash_clusters_to_tick,Historical Declaration; Live Definition Must Be Verified
supabase/migrations/20260906011113_the_worklist_reaches_the_game_the_repair_was_written_for.sql,98,fn_cash_clusters_tick_all,Historical Declaration; Live Definition Must Be Verified
supabase/migrations/20260906011318_the_feeder_tables_stay_within_one_player_of_each_other.sql,98,fn_cash_cluster_balance,Historical Declaration; Live Definition Must Be Verified
supabase/migrations/20260906011318_the_feeder_tables_stay_within_one_player_of_each_other.sql,260,fn_cash_clusters_tick_all,Historical Declaration; Live Definition Must Be Verified
supabase/migrations/20260906011716_a_residue_that_already_cancelled_is_not_a_finding.sql,43,fn_ca_ledger_replay,Historical Declaration; Live Definition Must Be Verified
supabase/migrations/20260906015012_reserved_certification_cleanup_tracks_current_schema.sql,12,cleanup_reserved_certification_account,Historical Declaration; Live Definition Must Be Verified
supabase/migrations/20260906015029_an_opening_feeder_is_filled_before_it_is_abandoned.sql,61,fn_cash_cluster_tick,Historical Declaration; Live Definition Must Be Verified
supabase/migrations/20260906015217_the_overlay_a_tournament_was_funded_by_is_read_from_the_jour.sql,51,fn_tournament_conservation_delta,Historical Declaration; Live Definition Must Be Verified
supabase/migrations/20260906020147_the_floor_is_not_a_leak.sql,42,fn_horse_daily_play_add,Historical Declaration; Live Definition Must Be Verified
supabase/migrations/20260906020147_the_floor_is_not_a_leak.sql,94,fn_horse_frequency_leaks,Historical Declaration; Live Definition Must Be Verified
supabase/migrations/20260906020732_the_audit_says_how_much_play_the_bands_cannot_judge.sql,14,fn_audit_frequency_leaks,Historical Declaration; Live Definition Must Be Verified
supabase/migrations/20260906020732_the_audit_says_how_much_play_the_bands_cannot_judge.sql,88,fn_audit_tuner_health,Historical Declaration; Live Definition Must Be Verified
supabase/migrations/20260906021500_test_accounts_leave_their_audit_testimony.sql,32,fn_guard_test_account_audit_archive,Historical Declaration; Live Definition Must Be Verified
supabase/migrations/20260906021500_test_accounts_leave_their_audit_testimony.sql,61,fn_sweep_test_account,Historical Declaration; Live Definition Must Be Verified
supabase/migrations/20260906021958_the_drop_is_the_rake_and_the_jackpot.sql,35,fn_horse_daily_nets_add,Historical Declaration; Live Definition Must Be Verified
supabase/migrations/20260906021958_the_drop_is_the_rake_and_the_jackpot.sql,72,fn_audit_fleet_drop_identity,Historical Declaration; Live Definition Must Be Verified
supabase/migrations/20260906022000_reserved_cleanup_archives_audit_testimony.sql,9,cleanup_reserved_certification_account,Historical Declaration; Live Definition Must Be Verified
supabase/migrations/20260906022011_the_frozen_pool_baseline_moves_only_with_a_reason_written_be.sql,54,fn_ca_frozen_baseline_needs_a_reason,Historical Declaration; Live Definition Must Be Verified
supabase/migrations/20260906022137_leaderboard_settlement_follows_the_published_period.sql,19,fn_settle_due_leaderboards,Historical Declaration; Live Definition Must Be Verified
supabase/migrations/20260906022346_tuner_health_reads_the_whole_drop.sql,12,fn_audit_tuner_health,Historical Declaration; Live Definition Must Be Verified
supabase/migrations/20260906022655_the_drop_identity_costs_one_small_table.sql,25,fn_audit_fleet_drop_identity,Historical Declaration; Live Definition Must Be Verified
supabase/migrations/20260906023024_a_hand_that_cannot_name_itself_by_id_still_names_itself_by_t.sql,68,atomic_distribute_rake,Historical Declaration; Live Definition Must Be Verified
supabase/migrations/20260906084547_leaderboard_phase_4_promo_only_settlement_truth.sql,93,fn_payout_leaderboard,Historical Declaration; Live Definition Must Be Verified
supabase/migrations/20260906084547_leaderboard_phase_4_promo_only_settlement_truth.sql,343,fn_settle_due_leaderboards,Historical Declaration; Live Definition Must Be Verified
supabase/migrations/20260906084547_leaderboard_phase_4_promo_only_settlement_truth.sql,473,fn_get_leaderboard_settlement_status,Historical Declaration; Live Definition Must Be Verified
supabase/migrations/20260906091511_phase_1_table_management_authority_recertified.sql,54,fn_cash_game_create,Historical Declaration; Live Definition Must Be Verified
supabase/migrations/20260906091511_phase_1_table_management_authority_recertified.sql,107,fn_update_managed_game,Historical Declaration; Live Definition Must Be Verified
supabase/migrations/20260906091511_phase_1_table_management_authority_recertified.sql,220,fn_close_managed_game,Historical Declaration; Live Definition Must Be Verified
supabase/migrations/20260906091646_cashier_requests_and_membership_deletes_are_server_owned.sql,140,fn_guard_membership_lifecycle_write,Historical Declaration; Live Definition Must Be Verified
supabase/migrations/20260906091646_cashier_requests_and_membership_deletes_are_server_owned.sql,177,fn_remove_settled_club_member,Historical Declaration; Live Definition Must Be Verified
supabase/migrations/20260906091646_cashier_requests_and_membership_deletes_are_server_owned.sql,428,fn_join_club,Historical Declaration; Live Definition Must Be Verified
supabase/migrations/20260906091646_cashier_requests_and_membership_deletes_are_server_owned.sql,559,fn_guard_club_lifecycle_write,Historical Declaration; Live Definition Must Be Verified
supabase/migrations/20260906091646_cashier_requests_and_membership_deletes_are_server_owned.sql,611,fn_guard_retired_club_mutation,Historical Declaration; Live Definition Must Be Verified
supabase/migrations/20260906091646_cashier_requests_and_membership_deletes_are_server_owned.sql,735,fn_club_retirement_impact,Historical Declaration; Live Definition Must Be Verified
supabase/migrations/20260906091646_cashier_requests_and_membership_deletes_are_server_owned.sql,903,fn_club_deletion_impact,Historical Declaration; Live Definition Must Be Verified
supabase/migrations/20260906091646_cashier_requests_and_membership_deletes_are_server_owned.sql,935,fn_retire_settled_club,Historical Declaration; Live Definition Must Be Verified
supabase/migrations/20260906091809_cashier_trade_ledger_is_role_scoped.sql,28,fn_club_trade_ledger,Historical Declaration; Live Definition Must Be Verified
supabase/migrations/20260906092312_a_synthetic_probe_can_find_a_table_that_is_dealing.sql,71,fn_probe_table_candidate,Historical Declaration; Live Definition Must Be Verified
supabase/migrations/20260906092329_hand_notes_and_tags_are_the_players_own.sql,52,fn_ca_hand_tags_ok,Historical Declaration; Live Definition Must Be Verified
supabase/migrations/20260906092329_hand_notes_and_tags_are_the_players_own.sql,121,fn_ca_hand_notes_touch,Historical Declaration; Live Definition Must Be Verified
supabase/migrations/20260906093024_cashier_rpc_idempotency_and_telemetry_boundary.sql,43,fn_request_chips,Historical Declaration; Live Definition Must Be Verified
supabase/migrations/20260906093024_cashier_rpc_idempotency_and_telemetry_boundary.sql,145,fn_record_cashier_operation,Historical Declaration; Live Definition Must Be Verified
supabase/migrations/20260906093032_a_band_with_no_game_gets_no_horses.sql,100,fn_available_stake_bands,Historical Declaration; Live Definition Must Be Verified
supabase/migrations/20260906093032_a_band_with_no_game_gets_no_horses.sql,137,fn_project_stake_band,Historical Declaration; Live Definition Must Be Verified
supabase/migrations/20260906093032_a_band_with_no_game_gets_no_horses.sql,167,fn_assign_horse_stake_bands,Historical Declaration; Live Definition Must Be Verified
supabase/migrations/20260906093500_daily_mission_certification_repairs.sql,64,fn_assign_current_challenge_period,Historical Declaration; Live Definition Must Be Verified
supabase/migrations/20260906093500_daily_mission_certification_repairs.sql,207,get_daily_challenge_dashboard_v2,Historical Declaration; Live Definition Must Be Verified
supabase/migrations/20260906093500_daily_mission_certification_repairs.sql,267,get_daily_challenge_dashboard_v3,Historical Declaration; Live Definition Must Be Verified
supabase/migrations/20260906093500_daily_mission_certification_repairs.sql,318,reroll_daily_challenge,Historical Declaration; Live Definition Must Be Verified
supabase/migrations/20260906093500_daily_mission_certification_repairs.sql,487,bump_daily_challenge_dashboard_revision,Historical Declaration; Live Definition Must Be Verified
supabase/migrations/20260906095606_one_condition_is_one_incident_counted_in_chips_that_closes_w.sql,128,fn_ca_stable_dedupe_key,Historical Declaration; Live Definition Must Be Verified
supabase/migrations/20260906095606_one_condition_is_one_incident_counted_in_chips_that_closes_w.sql,139,fn_ca_alert_resolution_reaches_the_incident,Historical Declaration; Live Definition Must Be Verified
supabase/migrations/20260906095606_one_condition_is_one_incident_counted_in_chips_that_closes_w.sql,168,fn_ca_incident_resolution_reaches_the_alerts,Historical Declaration; Live Definition Must Be Verified
supabase/migrations/20260906095606_one_condition_is_one_incident_counted_in_chips_that_closes_w.sql,210,fn_ca_raise_drift_incident,Historical Declaration; Live Definition Must Be Verified
supabase/migrations/20260906100405_a_cron_job_that_vanishes_is_not_invisible.sql,61,fn_ca_cron_roster_watch,Historical Declaration; Live Definition Must Be Verified
supabase/migrations/20260906100735_a_bomb_pot_cannot_commit_without_saying_who_won_which_board.sql,63,fn_ca_insert_hand_with_awards,Historical Declaration; Live Definition Must Be Verified
supabase/migrations/20260906100735_a_bomb_pot_cannot_commit_without_saying_who_won_which_board.sql,101,fn_ca_bomb_hand_keeps_its_award_units,Historical Declaration; Live Definition Must Be Verified
supabase/migrations/20260906102549_the_seat_guard_is_armed.sql,80,fn_ca_guard_seat_creation,Historical Declaration; Live Definition Must Be Verified
supabase/migrations/20260906111420_a_flagged_hand_reaches_the_operators_and_a_godmode_read_is_logged.sql,145,fn_ca_is_club_staff,Historical Declaration; Live Definition Must Be Verified
supabase/migrations/20260906111420_a_flagged_hand_reaches_the_operators_and_a_godmode_read_is_logged.sql,168,fn_ca_is_club_control,Historical Declaration; Live Definition Must Be Verified
supabase/migrations/20260906111420_a_flagged_hand_reaches_the_operators_and_a_godmode_read_is_logged.sql,192,fn_ca_club_actor_role,Historical Declaration; Live Definition Must Be Verified
supabase/migrations/20260906111420_a_flagged_hand_reaches_the_operators_and_a_godmode_read_is_logged.sql,216,fn_ca_flag_hand,Historical Declaration; Live Definition Must Be Verified
supabase/migrations/20260906111420_a_flagged_hand_reaches_the_operators_and_a_godmode_read_is_logged.sql,281,fn_ca_club_hand_flags,Historical Declaration; Live Definition Must Be Verified
supabase/migrations/20260906111420_a_flagged_hand_reaches_the_operators_and_a_godmode_read_is_logged.sql,344,fn_ca_resolve_hand_flag,Historical Declaration; Live Definition Must Be Verified
supabase/migrations/20260906111420_a_flagged_hand_reaches_the_operators_and_a_godmode_read_is_logged.sql,413,fn_ca_operator_read_hand,Historical Declaration; Live Definition Must Be Verified
supabase/migrations/20260906111420_a_flagged_hand_reaches_the_operators_and_a_godmode_read_is_logged.sql,527,fn_ca_hand_flags_touch,Historical Declaration; Live Definition Must Be Verified
supabase/migrations/20260906111734_the_operators_hand_lookup_reads_the_store_that_keeps_the_cards.sql,50,fn_ca_operator_read_hand,Historical Declaration; Live Definition Must Be Verified
supabase/migrations/20260906111916_daily_missions_serialized_replay_streak_and_reset_safety.sql,29,fn_lock_daily_mission_user,Historical Declaration; Live Definition Must Be Verified
supabase/migrations/20260906111916_daily_missions_serialized_replay_streak_and_reset_safety.sql,67,fn_parse_daily_mission_date,Historical Declaration; Live Definition Must Be Verified
supabase/migrations/20260906111916_daily_missions_serialized_replay_streak_and_reset_safety.sql,110,fn_assign_current_challenge_period,Historical Declaration; Live Definition Must Be Verified
supabase/migrations/20260906111916_daily_missions_serialized_replay_streak_and_reset_safety.sql,157,record_daily_challenge_event,Historical Declaration; Live Definition Must Be Verified
supabase/migrations/20260906111916_daily_missions_serialized_replay_streak_and_reset_safety.sql,220,record_daily_challenge_event,Historical Declaration; Live Definition Must Be Verified
supabase/migrations/20260906111916_daily_missions_serialized_replay_streak_and_reset_safety.sql,475,enqueue_daily_challenge_event,Historical Declaration; Live Definition Must Be Verified
supabase/migrations/20260906111916_daily_missions_serialized_replay_streak_and_reset_safety.sql,572,enqueue_daily_challenge_event,Historical Declaration; Live Definition Must Be Verified
supabase/migrations/20260906111916_daily_missions_serialized_replay_streak_and_reset_safety.sql,673,fn_enqueue_hand_daily_missions,Historical Declaration; Live Definition Must Be Verified
supabase/migrations/20260906111916_daily_missions_serialized_replay_streak_and_reset_safety.sql,716,fn_daily_missions_friend_accepted,Historical Declaration; Live Definition Must Be Verified
supabase/migrations/20260906111916_daily_missions_serialized_replay_streak_and_reset_safety.sql,770,fn_daily_missions_tournament_registered_inserted,Historical Declaration; Live Definition Must Be Verified
supabase/migrations/20260906111916_daily_missions_serialized_replay_streak_and_reset_safety.sql,818,fn_daily_missions_tournament_registered_updated,Historical Declaration; Live Definition Must Be Verified
supabase/migrations/20260906111916_daily_missions_serialized_replay_streak_and_reset_safety.sql,902,fn_drain_daily_challenge_event_outbox,Historical Declaration; Live Definition Must Be Verified
supabase/migrations/20260906111916_daily_missions_serialized_replay_streak_and_reset_safety.sql,978,fn_prune_daily_mission_operations,Historical Declaration; Live Definition Must Be Verified
supabase/migrations/20260906111916_daily_missions_serialized_replay_streak_and_reset_safety.sql,1036,get_daily_challenge_dashboard,Historical Declaration; Live Definition Must Be Verified
supabase/migrations/20260906111916_daily_missions_serialized_replay_streak_and_reset_safety.sql,1083,get_daily_challenge_dashboard_v2,Historical Declaration; Live Definition Must Be Verified
supabase/migrations/20260906111916_daily_missions_serialized_replay_streak_and_reset_safety.sql,1127,get_daily_challenge_dashboard_v3,Historical Declaration; Live Definition Must Be Verified
supabase/migrations/20260906111916_daily_missions_serialized_replay_streak_and_reset_safety.sql,1188,claim_daily_challenge,Historical Declaration; Live Definition Must Be Verified
supabase/migrations/20260906111916_daily_missions_serialized_replay_streak_and_reset_safety.sql,1275,claim_daily_challenges,Historical Declaration; Live Definition Must Be Verified
supabase/migrations/20260906111916_daily_missions_serialized_replay_streak_and_reset_safety.sql,1369,buy_streak_freeze,Historical Declaration; Live Definition Must Be Verified
supabase/migrations/20260906111916_daily_missions_serialized_replay_streak_and_reset_safety.sql,1417,buy_streak_freeze,Historical Declaration; Live Definition Must Be Verified
supabase/migrations/20260906111916_daily_missions_serialized_replay_streak_and_reset_safety.sql,1696,get_challenge_streak,Historical Declaration; Live Definition Must Be Verified
supabase/migrations/20260906111916_daily_missions_serialized_replay_streak_and_reset_safety.sql,1972,fn_award_daily_mission_milestones,Historical Declaration; Live Definition Must Be Verified
supabase/migrations/20260906111916_daily_missions_serialized_replay_streak_and_reset_safety.sql,2086,reroll_daily_challenge,Historical Declaration; Live Definition Must Be Verified
supabase/migrations/20260906111916_daily_missions_serialized_replay_streak_and_reset_safety.sql,2304,reroll_daily_challenge,Historical Declaration; Live Definition Must Be Verified
supabase/migrations/20260906111916_daily_missions_serialized_replay_streak_and_reset_safety.sql,2347,enqueue_daily_mission_reset_notifications,Historical Declaration; Live Definition Must Be Verified
supabase/migrations/20260906111916_daily_missions_serialized_replay_streak_and_reset_safety.sql,2417,fn_drain_daily_mission_reset_notifications,Historical Declaration; Live Definition Must Be Verified
supabase/migrations/20260906111919_an_audit_row_names_its_target_as_a_uuid.sql,41,fn_ca_resolve_hand_flag,Historical Declaration; Live Definition Must Be Verified
supabase/migrations/20260906111919_an_audit_row_names_its_target_as_a_uuid.sql,104,fn_ca_operator_read_hand,Historical Declaration; Live Definition Must Be Verified
supabase/migrations/20260906113000_phase_2_published_contracts_recertified.sql,45,fn_guard_managed_game_contract_version,Historical Declaration; Live Definition Must Be Verified
supabase/migrations/20260906113000_phase_2_published_contracts_recertified.sql,70,fn_tournament_management_readiness_for_row,Historical Declaration; Live Definition Must Be Verified
supabase/migrations/20260906113000_phase_2_published_contracts_recertified.sql,284,fn_tournament_management_readiness,Historical Declaration; Live Definition Must Be Verified
supabase/migrations/20260906113000_phase_2_published_contracts_recertified.sql,309,fn_guard_tournament_start_readiness,Historical Declaration; Live Definition Must Be Verified
supabase/migrations/20260906113000_phase_2_published_contracts_recertified.sql,353,fn_guard_tournament_publish_readiness,Historical Declaration; Live Definition Must Be Verified
supabase/migrations/20260906113554_the_atomic_hand_insert_lets_the_defaults_apply_and_proves_it.sql,45,fn_ca_insert_hand_with_awards,Historical Declaration; Live Definition Must Be Verified
supabase/migrations/20260906113923_the_propagation_says_why_and_cannot_fail_in_silence.sql,47,fn_ca_alert_resolution_reaches_the_incident,Historical Declaration; Live Definition Must Be Verified
supabase/migrations/20260906113923_the_propagation_says_why_and_cannot_fail_in_silence.sql,90,fn_ca_incident_resolution_reaches_the_alerts,Historical Declaration; Live Definition Must Be Verified
supabase/migrations/20260906123632_table_management_readiness_recognizes_every_satellite_guaran.sql,21,fn_tournament_management_readiness_for_row,Historical Declaration; Live Definition Must Be Verified
supabase/migrations/20260906123632_table_management_readiness_recognizes_every_satellite_guaran.sql,249,fn_capture_managed_game_contract,Historical Declaration; Live Definition Must Be Verified
supabase/migrations/20260906124733_published_tournament_contracts_include_every_creator_promise.sql,24,fn_managed_game_contract_document,Historical Declaration; Live Definition Must Be Verified
supabase/migrations/20260906132537_phase_3_managed_command_integrity_recertified.sql,18,fn_execute_managed_game_command,Historical Declaration; Live Definition Must Be Verified
supabase/migrations/20260906132947_only_a_critical_that_needs_a_person_reaches_a_person.sql,86,fn_ca_escrow_on_close,Historical Declaration; Live Definition Must Be Verified
supabase/migrations/20260906132947_only_a_critical_that_needs_a_person_reaches_a_person.sql,135,fn_ca_incident_notify,Historical Declaration; Live Definition Must Be Verified
supabase/migrations/20260906141022_daily_mission_rerolls_cost_one_diamond.sql,24,reroll_daily_challenge,Historical Declaration; Live Definition Must Be Verified
supabase/migrations/20260906141022_daily_mission_rerolls_cost_one_diamond.sql,239,reroll_daily_challenge,Historical Declaration; Live Definition Must Be Verified
supabase/migrations/20260906144315_phase_4_realtime_access_and_health_recertified.sql,32,fn_emit_management_access_event,Historical Declaration; Live Definition Must Be Verified
supabase/migrations/20260906144315_phase_4_realtime_access_and_health_recertified.sql,152,fn_emit_club_union_access_event,Historical Declaration; Live Definition Must Be Verified
supabase/migrations/20260906144315_phase_4_realtime_access_and_health_recertified.sql,222,fn_emit_management_content_event,Historical Declaration; Live Definition Must Be Verified
supabase/migrations/20260906144315_phase_4_realtime_access_and_health_recertified.sql,296,fn_get_game_management_health,Historical Declaration; Live Definition Must Be Verified
supabase/migrations/20260906144448_a_booking_is_a_game_an_hour_before_it_starts_and_a_horse_pla.sql,65,fn_concurrent_game_load,Historical Declaration; Live Definition Must Be Verified
supabase/migrations/20260906145058_an_escrow_incident_closes_itself_when_the_leg_lands.sql,89,fn_ca_escrow_incident_closes_when_the_leg_lands,Historical Declaration; Live Definition Must Be Verified
supabase/migrations/20260906145058_an_escrow_incident_closes_itself_when_the_leg_lands.sql,196,fn_ca_escrow_vs_counter_check,Historical Declaration; Live Definition Must Be Verified
supabase/migrations/20260906145706_an_unregistration_fee_reversal_is_attribution_not_escrow_mon.sql,31,fn_ca_tournament_escrow,Historical Declaration; Live Definition Must Be Verified
supabase/migrations/20260906150328_the_realtime_poller_decodes_only_what_someone_reads.sql,208,is_club_member,Historical Declaration; Live Definition Must Be Verified
supabase/migrations/20260906150328_the_realtime_poller_decodes_only_what_someone_reads.sql,216,is_club_admin,Historical Declaration; Live Definition Must Be Verified
supabase/migrations/20260906150328_the_realtime_poller_decodes_only_what_someone_reads.sql,227,fn_is_union_overseer,Historical Declaration; Live Definition Must Be Verified
supabase/migrations/20260906150328_the_realtime_poller_decodes_only_what_someone_reads.sql,241,fn_union_oversees_club,Historical Declaration; Live Definition Must Be Verified
supabase/migrations/20260906150328_the_realtime_poller_decodes_only_what_someone_reads.sql,254,fn_club_is_in_downline,Historical Declaration; Live Definition Must Be Verified
supabase/migrations/20260906150328_the_realtime_poller_decodes_only_what_someone_reads.sql,279,fn_club_cashier_can_transact,Historical Declaration; Live Definition Must Be Verified
supabase/migrations/20260906150328_the_realtime_poller_decodes_only_what_someone_reads.sql,355,ca_log_ddl_event,Historical Declaration; Live Definition Must Be Verified
supabase/migrations/20260906150328_the_realtime_poller_decodes_only_what_someone_reads.sql,390,ca_log_ddl_drop,Historical Declaration; Live Definition Must Be Verified
supabase/migrations/20260906150328_the_realtime_poller_decodes_only_what_someone_reads.sql,424,fn_request_manual_bomb_pot,Historical Declaration; Live Definition Must Be Verified
supabase/migrations/20260906150532_a_receipt_deployed_after_the_audited_day_is_not_a_dark_layer.sql,43,fn_audit_data_receipts,Historical Declaration; Live Definition Must Be Verified
supabase/migrations/20260906150640_the_two_rls_helpers_a_policy_inlines_go_back_to_plpgsql.sql,57,is_club_member,Historical Declaration; Live Definition Must Be Verified
supabase/migrations/20260906150640_the_two_rls_helpers_a_policy_inlines_go_back_to_plpgsql.sql,73,is_club_admin,Historical Declaration; Live Definition Must Be Verified
supabase/migrations/20260906150956_a_pass_commits_what_it_did.sql,61,fn_cash_clusters_tick_all,Historical Declaration; Live Definition Must Be Verified
supabase/migrations/20260906151803_daily_mission_reroll_replay_proof_and_current_projection.sql,29,reroll_daily_challenge,Historical Declaration; Live Definition Must Be Verified
supabase/migrations/20260906151803_daily_mission_reroll_replay_proof_and_current_projection.sql,97,reroll_daily_challenge,Historical Declaration; Live Definition Must Be Verified
supabase/migrations/20260906152215_the_reporting_rollup_shares_its_lock_instead_of_serialising_.sql,54,trg_ca_reporting_wallet_insert,Historical Declaration; Live Definition Must Be Verified
supabase/migrations/20260906152215_the_reporting_rollup_shares_its_lock_instead_of_serialising_.sql,135,trg_ca_reporting_rake_insert,Historical Declaration; Live Definition Must Be Verified
supabase/migrations/20260906152529_tournament_chips_are_synced_in_one_order.sql,26,fn_sync_tournament_chips,Historical Declaration; Live Definition Must Be Verified
supabase/migrations/20260906152640_an_unpayable_jackpot_share_is_parked_not_lost.sql,197,fn_bbj_unclaimed_shares,Historical Declaration; Live Definition Must Be Verified
supabase/migrations/20260906152700_tournament_rake_settles_in_the_same_lock_order_as_cash_rake.sql,28,fn_settle_tournament_rake,Historical Declaration; Live Definition Must Be Verified
supabase/migrations/20260906152756_a_seat_cashout_locks_the_game_before_the_seat.sql,33,atomic_seat_cashout_locked,Historical Declaration; Live Definition Must Be Verified
supabase/migrations/20260906152850_seating_a_horse_takes_the_missions_lock_before_the_game_row.sql,25,fn_seat_horse_in_seat_first_game,Historical Declaration; Live Definition Must Be Verified
supabase/migrations/20260906154248_one_seat_first_repair_runs_at_a_time.sql,43,fn_repair_seat_first_games,Historical Declaration; Live Definition Must Be Verified
supabase/migrations/20260906160042_an_audit_capture_never_refuses_the_game_write_it_audits.sql,89,fn_capture_managed_game_contract,Historical Declaration; Live Definition Must Be Verified
supabase/migrations/20260906160550_a_cloned_table_joins_its_game_as_a_feeder_never_as_a_second_.sql,55,fn_clone_table_row,Historical Declaration; Live Definition Must Be Verified
supabase/migrations/20260906163151_one_definition_of_a_games_players_and_tables.sql,51,get_club_home,Historical Declaration; Live Definition Must Be Verified
supabase/migrations/20260906163151_one_definition_of_a_games_players_and_tables.sql,241,fn_cash_game_lobby,Historical Declaration; Live Definition Must Be Verified
supabase/migrations/20260906232223_the_seat_guard_says_what_it_actually_does.sql,45,fn_ca_guard_seat_creation,Historical Declaration; Live Definition Must Be Verified
supabase/migrations/20260906233722_a_cap_counts_entries_not_the_seats_filled_right_now.sql,96,fn_tournament_entry_cap_reached,Historical Declaration; Live Definition Must Be Verified
supabase/migrations/20260906233722_a_cap_counts_entries_not_the_seats_filled_right_now.sql,140,fn_enforce_tournament_capacity,Historical Declaration; Live Definition Must Be Verified
supabase/migrations/20260906233722_a_cap_counts_entries_not_the_seats_filled_right_now.sql,218,fn_register_horse_for_tournament,Historical Declaration; Live Definition Must Be Verified
supabase/migrations/20260906233722_a_cap_counts_entries_not_the_seats_filled_right_now.sql,367,atomic_tournament_register,Historical Declaration; Live Definition Must Be Verified
supabase/migrations/20260906233733_one_payment_is_one_payout_row.sql,186,zz_a_payout_row_carries_its_key,Historical Declaration; Live Definition Must Be Verified
supabase/migrations/20260906234056_the_jackpot_says_when_it_crosses_a_number_the_club_chose.sql,128,fn_bbj_notify_thresholds,Historical Declaration; Live Definition Must Be Verified
supabase/migrations/20260906234244_the_threshold_fanout_takes_its_locks_in_one_order.sql,46,fn_bbj_notify_thresholds,Historical Declaration; Live Definition Must Be Verified
supabase/migrations/20260907035121_a_profile_is_born_with_its_diamond_mirrors.sql,77,fn_diamond_side_tables_follow_profiles,Historical Declaration; Live Definition Must Be Verified
supabase/migrations/20260907035309_a_mirror_never_invents_a_number.sql,66,initialize_user_diamonds,Historical Declaration; Live Definition Must Be Verified
supabase/migrations/20260907042418_the_ranked_club_data_page_ranks_a_narrow_key_set.sql,57,ca_club_game_page,Historical Declaration; Live Definition Must Be Verified
supabase/migrations/20260907044041_the_union_week_ends_at_midnight_pacific.sql,57,fn_union_week_start,Historical Declaration; Live Definition Must Be Verified
supabase/migrations/20260907044041_the_union_week_ends_at_midnight_pacific.sql,70,fn_union_prev_week_start,Historical Declaration; Live Definition Must Be Verified
supabase/migrations/20260907044041_the_union_week_ends_at_midnight_pacific.sql,85,fn_union_settlement_cascade,Historical Declaration; Live Definition Must Be Verified
supabase/migrations/20260907044041_the_union_week_ends_at_midnight_pacific.sql,179,fn_union_settlement_cascade_all,Historical Declaration; Live Definition Must Be Verified
supabase/migrations/20260907044041_the_union_week_ends_at_midnight_pacific.sql,251,fn_union_settlement_cascade_due,Historical Declaration; Live Definition Must Be Verified
supabase/migrations/20260907044041_the_union_week_ends_at_midnight_pacific.sql,290,fn_union_club_invoice,Historical Declaration; Live Definition Must Be Verified
supabase/migrations/20260907044041_the_union_week_ends_at_midnight_pacific.sql,375,fn_union_issue_weekly_invoices,Historical Declaration; Live Definition Must Be Verified
supabase/migrations/20260907045255_a_tournament_with_one_player_left_is_not_still_running.sql,74,fn_ca_tournament_finished_but_not_completed,Historical Declaration; Live Definition Must Be Verified
supabase/migrations/20260907045901_the_weekly_settlement_never_starts_a_race_it_cannot_finish.sql,45,fn_union_settlement_cascade_due,Historical Declaration; Live Definition Must Be Verified
supabase/migrations/20260907051536_the_drill_arms_a_table_never_a_deck.sql,105,fn_bbj_arm_drill,Historical Declaration; Live Definition Must Be Verified
supabase/migrations/20260907051536_the_drill_arms_a_table_never_a_deck.sql,180,fn_bbj_claim_drill,Historical Declaration; Live Definition Must Be Verified
supabase/migrations/20260907051536_the_drill_arms_a_table_never_a_deck.sql,215,fn_bbj_drill_arms,Historical Declaration; Live Definition Must Be Verified
supabase/migrations/20260907053223_a_statement_is_not_sent_on_a_basis_the_money_does_not_use.sql,53,fn_union_settlement_cascade,Historical Declaration; Live Definition Must Be Verified
supabase/migrations/20260907054009_the_stop_loss_is_enforced_not_just_reported.sql,48,fn_union_club_exposure,Historical Declaration; Live Definition Must Be Verified
supabase/migrations/20260907054009_the_stop_loss_is_enforced_not_just_reported.sql,96,fn_union_enforce_stop_loss,Historical Declaration; Live Definition Must Be Verified
supabase/migrations/20260907054009_the_stop_loss_is_enforced_not_just_reported.sql,173,fn_union_integrity_sweep_all,Historical Declaration; Live Definition Must Be Verified
supabase/migrations/20260907054244_the_journal_dedupe_survives_a_partition.sql,72,zz_chip_ledger_key_is_claimed_once,Historical Declaration; Live Definition Must Be Verified
supabase/migrations/20260907070111_daily_mission_claim_receipts_account_for_every_diamond.sql,69,add_diamonds_to_balance,Historical Declaration; Live Definition Must Be Verified
supabase/migrations/20260907070111_daily_mission_claim_receipts_account_for_every_diamond.sql,281,fn_award_daily_mission_milestones,Historical Declaration; Live Definition Must Be Verified
supabase/migrations/20260907070111_daily_mission_claim_receipts_account_for_every_diamond.sql,389,claim_daily_challenge,Historical Declaration; Live Definition Must Be Verified
supabase/migrations/20260907070111_daily_mission_claim_receipts_account_for_every_diamond.sql,411,claim_daily_challenges,Historical Declaration; Live Definition Must Be Verified
supabase/migrations/20260907070111_daily_mission_claim_receipts_account_for_every_diamond.sql,619,get_daily_challenge_dashboard_v3,Historical Declaration; Live Definition Must Be Verified
supabase/migrations/20260907070134_daily_mission_freeze_history_survives_reload.sql,78,get_challenge_streak_calculate_body,Historical Declaration; Live Definition Must Be Verified
supabase/migrations/20260907070134_daily_mission_freeze_history_survives_reload.sql,364,get_challenge_streak,Historical Declaration; Live Definition Must Be Verified
supabase/migrations/20260907101200_the_audit_tells_a_retired_lane_from_a_silent_one_and_does_no.sql,52,fn_audit_layer_silence,Historical Declaration; Live Definition Must Be Verified
supabase/migrations/20260907101200_the_audit_tells_a_retired_lane_from_a_silent_one_and_does_no.sql,137,fn_audit_tuner_health,Historical Declaration; Live Definition Must Be Verified
supabase/migrations/20260907161921_every_attested_day_is_re_read_not_just_yesterday.sql,95,fn_ca_ledger_day_manifest_verify_all,Historical Declaration; Live Definition Must Be Verified
supabase/migrations/20260907161937_the_promo_bank_check_can_say_explained.sql,60,fn_bbj_promo_bank_check,Historical Declaration; Live Definition Must Be Verified
supabase/migrations/20260907162037_a_deadlock_is_retried_and_says_what_it_hit.sql,58,fn_union_settlement_cascade_all,Historical Declaration; Live Definition Must Be Verified
supabase/migrations/20260907162037_a_deadlock_is_retried_and_says_what_it_hit.sql,182,fn_union_settlement_cascade,Historical Declaration; Live Definition Must Be Verified
supabase/migrations/20260907163100_the_break_scorecard_measures_the_break_that_actually_ran.sql,69,fn_ca_record_break_scorecard,Historical Declaration; Live Definition Must Be Verified
supabase/migrations/20260907163100_the_break_scorecard_measures_the_break_that_actually_ran.sql,237,fn_ca_break_scorecard_push,Historical Declaration; Live Definition Must Be Verified
supabase/migrations/20260907163403_the_lifetime_gap_is_forty_hits_the_payout_table_never_saw.sql,98,fn_bbj_conservation_check,Historical Declaration; Live Definition Must Be Verified
supabase/migrations/20260907163416_the_escrow_reads_the_reserve_ledger_not_a_side_effect.sql,114,fn_ca_tournament_escrow,Historical Declaration; Live Definition Must Be Verified
supabase/migrations/20260907163416_the_escrow_reads_the_reserve_ledger_not_a_side_effect.sql,263,fn_ca_escrow_apply,Historical Declaration; Live Definition Must Be Verified
supabase/migrations/20260907163639_a_pre_ledger_bucket_must_not_be_able_to_grow.sql,58,fn_bbj_conservation_check,Historical Declaration; Live Definition Must Be Verified
supabase/migrations/20260907163820_a_pool_that_is_fully_paid_has_nobody_left_to_pay.sql,65,fn_payout_guarantee_check,Historical Declaration; Live Definition Must Be Verified
supabase/migrations/20260907164234_no_round_runs_if_the_round_before_it_failed.sql,63,fn_union_settlement_cascade,Historical Declaration; Live Definition Must Be Verified
supabase/migrations/20260907164234_no_round_runs_if_the_round_before_it_failed.sql,215,fn_union_settlement_cascade_due,Historical Declaration; Live Definition Must Be Verified
supabase/migrations/20260907164321_the_attestation_covers_the_journal_not_the_last_eight_days.sql,76,fn_ca_ledger_day_manifest_backfill,Historical Declaration; Live Definition Must Be Verified
supabase/migrations/20260907164321_the_attestation_covers_the_journal_not_the_last_eight_days.sql,122,fn_ca_ledger_day_manifest_verify_all,Historical Declaration; Live Definition Must Be Verified
supabase/migrations/20260907164541_a_seat_change_nobody_got_comes_back.sql,38,fn_cash_seat_change_plan,Historical Declaration; Live Definition Must Be Verified
supabase/migrations/20260907164838_two_definers_a_browser_can_reach_and_an_audit_that_never_clears.sql,74,fn_rake_bbj_audit,Historical Declaration; Live Definition Must Be Verified
supabase/migrations/20260907165636_an_alarm_asks_the_healer_whether_it_has_had_its_chance.sql,136,fn_rake_bbj_invariants,Historical Declaration; Live Definition Must Be Verified
supabase/migrations/20260907170147_the_check_stops_reading_a_column_four_functions_can_move.sql,81,fn_bbj_conservation_check,Historical Declaration; Live Definition Must Be Verified
supabase/migrations/20260907170551_nothing_can_see_table_share_farming_yet_and_it_says_so.sql,69,fn_bbj_table_share_farming,Historical Declaration; Live Definition Must Be Verified
supabase/migrations/20260907171945_a_move_waits_as_long_as_the_table_takes.sql,50,fn_cash_seat_move_window,Historical Declaration; Live Definition Must Be Verified
supabase/migrations/20260907171945_a_move_waits_as_long_as_the_table_takes.sql,75,fn_cash_seat_move_set_window,Historical Declaration; Live Definition Must Be Verified
supabase/migrations/20260907172933_a_settlement_that_does_not_balance_is_not_committed.sql,44,fn_union_settlement_conservation_assert,Historical Declaration; Live Definition Must Be Verified
supabase/migrations/20260907173111_a_closed_period_is_closed.sql,65,fn_union_mark_period_settled,Historical Declaration; Live Definition Must Be Verified
supabase/migrations/20260907173111_a_closed_period_is_closed.sql,100,fn_close_due_settlement_periods,Historical Declaration; Live Definition Must Be Verified
supabase/migrations/20260907173111_a_closed_period_is_closed.sql,135,zz_closed_period_is_immutable,Historical Declaration; Live Definition Must Be Verified
supabase/migrations/20260907173404_an_emergency_lock_cannot_be_forgotten.sql,36,fn_settlement_lock_hygiene,Historical Declaration; Live Definition Must Be Verified
supabase/migrations/20260907173449_a_zero_that_only_means_the_healer_got_there_first.sql,68,fn_rake_bbj_invariants,Historical Declaration; Live Definition Must Be Verified
supabase/migrations/20260907175655_an_invoice_has_a_number_and_a_way_to_be_corrected.sql,70,fn_next_invoice_number,Historical Declaration; Live Definition Must Be Verified
supabase/migrations/20260907175655_an_invoice_has_a_number_and_a_way_to_be_corrected.sql,130,fn_union_issue_credit_note,Historical Declaration; Live Definition Must Be Verified
supabase/migrations/20260907175852_a_club_can_see_its_balance_and_contest_a_statement.sql,39,fn_union_club_statement_of_account,Historical Declaration; Live Definition Must Be Verified
supabase/migrations/20260907175852_a_club_can_see_its_balance_and_contest_a_statement.sql,108,fn_union_dispute_invoice,Historical Declaration; Live Definition Must Be Verified
supabase/migrations/20260907175852_a_club_can_see_its_balance_and_contest_a_statement.sql,194,fn_union_resolve_invoice_dispute,Historical Declaration; Live Definition Must Be Verified
supabase/migrations/20260907181202_the_mini_jackpot_is_a_flat_amount_out_of_the_reserve.sql,146,fn_bbj_mini_payout,Historical Declaration; Live Definition Must Be Verified
supabase/migrations/20260907181347_the_mini_names_a_player_the_way_the_rest_of_the_arena_does.sql,35,fn_bbj_mini_payout,Historical Declaration; Live Definition Must Be Verified
supabase/migrations/20260907181944_a_number_is_only_taken_when_a_document_is_made.sql,86,fn_union_issue_credit_note,Historical Declaration; Live Definition Must Be Verified
supabase/migrations/20260907181944_a_number_is_only_taken_when_a_document_is_made.sql,225,fn_union_dispute_invoice,Historical Declaration; Live Definition Must Be Verified
supabase/migrations/20260907181944_a_number_is_only_taken_when_a_document_is_made.sql,312,fn_union_resolve_invoice_dispute,Historical Declaration; Live Definition Must Be Verified
supabase/migrations/20260907183130_an_unpaid_statement_ages_and_is_chased.sql,65,fn_union_invoice_outstanding,Historical Declaration; Live Definition Must Be Verified
supabase/migrations/20260907183130_an_unpaid_statement_ages_and_is_chased.sql,81,fn_union_age_invoices,Historical Declaration; Live Definition Must Be Verified
supabase/migrations/20260907183130_an_unpaid_statement_ages_and_is_chased.sql,202,fn_union_enforce_stop_loss,Historical Declaration; Live Definition Must Be Verified
supabase/migrations/20260907190300_the_rakeback_that_was_earned_is_the_rakeback_that_is_paid.sql,127,fn_close_settlement_period,Historical Declaration; Live Definition Must Be Verified
supabase/migrations/20260907190420_the_rakeback_drain_finishes_inside_the_time_it_is_given.sql,41,fn_settle_club_rakeback_batch,Historical Declaration; Live Definition Must Be Verified
supabase/migrations/20260907190420_the_rakeback_drain_finishes_inside_the_time_it_is_given.sql,153,settle_club_rakeback,Historical Declaration; Live Definition Must Be Verified
supabase/migrations/20260907190420_the_rakeback_drain_finishes_inside_the_time_it_is_given.sql,169,fn_rakeback_settlement_status,Historical Declaration; Live Definition Must Be Verified
supabase/migrations/20260907190515_the_vpip_floor_is_the_template_s_not_a_stale_snapshot.sql,62,fn_cash_game_floor_from_template,Historical Declaration; Live Definition Must Be Verified
supabase/migrations/20260907190645_a_period_that_cannot_pay_refuses_before_it_does_the_work.sql,44,fn_close_settlement_period,Historical Declaration; Live Definition Must Be Verified
supabase/migrations/20260907190645_a_period_that_cannot_pay_refuses_before_it_does_the_work.sql,225,fn_settle_club_rakeback_batch,Historical Declaration; Live Definition Must Be Verified
supabase/migrations/20260907190645_a_period_that_cannot_pay_refuses_before_it_does_the_work.sql,365,settle_club_rakeback,Historical Declaration; Live Definition Must Be Verified
supabase/migrations/20260907190955_one_bad_period_does_not_stop_a_club_being_paid.sql,40,fn_settle_club_rakeback_batch,Historical Declaration; Live Definition Must Be Verified
supabase/migrations/20260907192843_a_hand_carries_what_it_takes_to_bank_its_own_rake.sql,49,fn_rake_repair_unbanked,Historical Declaration; Live Definition Must Be Verified
supabase/migrations/20260907193905_throwable_expired_vip_null_tier.sql,1,fn_use_throwable_v2,Historical Declaration; Live Definition Must Be Verified
supabase/migrations/20260907194634_mini_jackpot_allocations_conserve_before_recipient_credit.sql,21,fn_bbj_mini_payout,Historical Declaration; Live Definition Must Be Verified
supabase/migrations/20260907195018_the_admin_drain_returns_before_the_database_cancels_it.sql,46,fn_run_pending_rakeback_settlement,Historical Declaration; Live Definition Must Be Verified
supabase/migrations/20260907195018_the_admin_drain_returns_before_the_database_cancels_it.sql,128,fn_rakeback_settlement_status,Historical Declaration; Live Definition Must Be Verified
supabase/migrations/20260907195116_the_hand_id_is_minted_before_the_rake_is_banked.sql,50,fn_rake_repair_unbanked,Historical Declaration; Live Definition Must Be Verified
supabase/migrations/20260907195229_union_statements_retain_opening_balance_and_check_finance_access.sql,16,fn_union_club_statement_of_account,Historical Declaration; Live Definition Must Be Verified
supabase/migrations/20260907202012_bbj_parked_shares_refund_and_redeem_exactly_once.sql,6,bbj_credit_one_recipient,Historical Declaration; Live Definition Must Be Verified
supabase/migrations/20260907203446_bbj_preserves_parked_funding_and_replays_stored_obligations.sql,6,fn_bbj_parked_reserve,Historical Declaration; Live Definition Must Be Verified
supabase/migrations/20260907203446_bbj_preserves_parked_funding_and_replays_stored_obligations.sql,15,bbj_atomic_payout_v2,Historical Declaration; Live Definition Must Be Verified
supabase/migrations/20260907203446_bbj_preserves_parked_funding_and_replays_stored_obligations.sql,183,fn_bbj_mini_payout,Historical Declaration; Live Definition Must Be Verified
supabase/migrations/20260907203446_bbj_preserves_parked_funding_and_replays_stored_obligations.sql,374,fn_bbj_move_between_banks,Historical Declaration; Live Definition Must Be Verified
supabase/migrations/20260907203446_bbj_preserves_parked_funding_and_replays_stored_obligations.sql,429,fn_bbj_reseed_main_from_backup,Historical Declaration; Live Definition Must Be Verified
supabase/migrations/20260907203446_bbj_preserves_parked_funding_and_replays_stored_obligations.sql,464,fn_close_club_wallets_on_union_join,Historical Declaration; Live Definition Must Be Verified
supabase/migrations/20260907203446_bbj_preserves_parked_funding_and_replays_stored_obligations.sql,549,fn_union_bbj_backup_transfer,Historical Declaration; Live Definition Must Be Verified
supabase/migrations/20260907205211_union_completion_requires_every_stage_and_exact_conservation.sql,6,fn_union_settlement_conservation_assert,Historical Declaration; Live Definition Must Be Verified
supabase/migrations/20260907205211_union_completion_requires_every_stage_and_exact_conservation.sql,90,fn_union_settlement_cascade,Historical Declaration; Live Definition Must Be Verified
supabase/migrations/20260907205211_union_completion_requires_every_stage_and_exact_conservation.sql,253,fn_union_settlement_cascade_due,Historical Declaration; Live Definition Must Be Verified
supabase/migrations/20260907210210_union_statement_payments_require_exact_cents.sql,6,ca_union_set_statement_paid,Historical Declaration; Live Definition Must Be Verified
supabase/migrations/20260907210849_union_money_report_enforces_scope_and_stays_read_only.sql,5,fn_union_money_report,Historical Declaration; Live Definition Must Be Verified
supabase/migrations/20260907211431_union_statements_remain_with_the_issuing_union.sql,5,ca_union_statement_board,Historical Declaration; Live Definition Must Be Verified
supabase/migrations/20260907211431_union_statements_remain_with_the_issuing_union.sql,140,ca_union_set_statement_paid,Historical Declaration; Live Definition Must Be Verified
supabase/migrations/20260907212347_union_statement_reports_identify_missing_accounting_snapshots.sql,5,ca_union_statement_board,Historical Declaration; Live Definition Must Be Verified
supabase/migrations/20260907214446_tournament_rake_is_attributed_once_and_a_vip_credit_is_the_rake_share.sql,57,fn_award_vip_points_from_rake,Historical Declaration; Live Definition Must Be Verified
supabase/migrations/20260907214500_one_refused_bounty_pool_does_not_stop_the_sweep.sql,34,fn_backpay_unfinalised_bounty_pools,Historical Declaration; Live Definition Must Be Verified
supabase/migrations/20260907214827_the_attestation_restates_itself_and_never_outgrows_its_budget.sql,140,fn_ca_manifest_is_restated_not_edited,Historical Declaration; Live Definition Must Be Verified
supabase/migrations/20260907214827_the_attestation_restates_itself_and_never_outgrows_its_budget.sql,198,fn_ca_restatement_is_append_only,Historical Declaration; Live Definition Must Be Verified
supabase/migrations/20260907214827_the_attestation_restates_itself_and_never_outgrows_its_budget.sql,230,fn_ca_ledger_day_manifest,Historical Declaration; Live Definition Must Be Verified
supabase/migrations/20260907214827_the_attestation_restates_itself_and_never_outgrows_its_budget.sql,329,fn_ca_attested_day_is_restated,Historical Declaration; Live Definition Must Be Verified
supabase/migrations/20260907214827_the_attestation_restates_itself_and_never_outgrows_its_budget.sql,396,fn_ca_ledger_finished_days,Historical Declaration; Live Definition Must Be Verified
supabase/migrations/20260907214827_the_attestation_restates_itself_and_never_outgrows_its_budget.sql,422,fn_ca_ledger_day_manifest_backfill,Historical Declaration; Live Definition Must Be Verified
supabase/migrations/20260907214827_the_attestation_restates_itself_and_never_outgrows_its_budget.sql,459,fn_ca_ledger_day_manifest_verify_all,Historical Declaration; Live Definition Must Be Verified
supabase/migrations/20260907215613_tournament_settlement_reports_remaining_debt.sql,9,fn_settle_tournament_obligation,Historical Declaration; Live Definition Must Be Verified
supabase/migrations/20260907215753_the_union_has_one_rake_basis_and_the_statement_describes_what_was_paid.sql,61,fn_union_club_rake_basis,Historical Declaration; Live Definition Must Be Verified
supabase/migrations/20260907215753_the_union_has_one_rake_basis_and_the_statement_describes_what_was_paid.sql,256,fn_union_eco_adjustment,Historical Declaration; Live Definition Must Be Verified
supabase/migrations/20260907215753_the_union_has_one_rake_basis_and_the_statement_describes_what_was_paid.sql,362,fn_union_club_invoice,Historical Declaration; Live Definition Must Be Verified
supabase/migrations/20260907220229_diamond_review_the_alarms_measure_the_right_things.sql,40,fn_ca_is_fixture_account,Historical Declaration; Live Definition Must Be Verified
supabase/migrations/20260907220229_diamond_review_the_alarms_measure_the_right_things.sql,62,fn_ca_diamond_snapshot,Historical Declaration; Live Definition Must Be Verified
supabase/migrations/20260907220229_diamond_review_the_alarms_measure_the_right_things.sql,161,fn_ca_diamond_trial_balance,Historical Declaration; Live Definition Must Be Verified
supabase/migrations/20260907220229_diamond_review_the_alarms_measure_the_right_things.sql,322,fn_ca_diamond_trial_balance_watch,Historical Declaration; Live Definition Must Be Verified
supabase/migrations/20260907220229_diamond_review_the_alarms_measure_the_right_things.sql,369,fn_ca_audit_diamond_change,Historical Declaration; Live Definition Must Be Verified
supabase/migrations/20260907220229_diamond_review_the_alarms_measure_the_right_things.sql,444,fn_ca_diamond_born_with_balance,Historical Declaration; Live Definition Must Be Verified
supabase/migrations/20260907220229_diamond_review_the_alarms_measure_the_right_things.sql,482,fn_ca_journal_append_only,Historical Declaration; Live Definition Must Be Verified
supabase/migrations/20260907220229_diamond_review_the_alarms_measure_the_right_things.sql,650,fn_ca_diamond_journal_classifier,Historical Declaration; Live Definition Must Be Verified
supabase/migrations/20260907220229_diamond_review_the_alarms_measure_the_right_things.sql,773,add_diamonds_to_balance,Historical Declaration; Live Definition Must Be Verified
supabase/migrations/20260907220229_diamond_review_the_alarms_measure_the_right_things.sql,928,fn_ca_diamond_engine_of,Historical Declaration; Live Definition Must Be Verified
supabase/migrations/20260907220229_diamond_review_the_alarms_measure_the_right_things.sql,978,fn_ca_diamond_earn_ledger,Historical Declaration; Live Definition Must Be Verified
supabase/migrations/20260907220229_diamond_review_the_alarms_measure_the_right_things.sql,1100,fn_diamond_side_tables_follow_profiles,Historical Declaration; Live Definition Must Be Verified
supabase/migrations/20260907220229_diamond_review_the_alarms_measure_the_right_things.sql,1166,ca_promo_vault_buy,Historical Declaration; Live Definition Must Be Verified
supabase/migrations/20260907220229_diamond_review_the_alarms_measure_the_right_things.sql,1193,fn_diamond_purchase_refund,Historical Declaration; Live Definition Must Be Verified
supabase/migrations/20260907220229_diamond_review_the_alarms_measure_the_right_things.sql,1338,fn_diamond_purchase_dispute,Historical Declaration; Live Definition Must Be Verified
supabase/migrations/20260907220528_money_is_whole_cents_and_a_hand_is_one_record_in_the_rakeback_basis.sql,71,fn_money_rounding_policy,Historical Declaration; Live Definition Must Be Verified
supabase/migrations/20260907220659_diamond_review_fixtures_are_measured_apart.sql,22,fn_ca_diamond_snapshot,Historical Declaration; Live Definition Must Be Verified
supabase/migrations/20260907220659_diamond_review_fixtures_are_measured_apart.sql,123,fn_ca_diamond_trial_balance,Historical Declaration; Live Definition Must Be Verified
supabase/migrations/20260907220659_diamond_review_fixtures_are_measured_apart.sql,271,fn_ca_diamond_trial_balance_watch,Historical Declaration; Live Definition Must Be Verified
supabase/migrations/20260907220945_guarantee_overlay_journal_and_bank_debit_are_atomic.sql,10,fn_ca_fund_overlay_on_lock,Historical Declaration; Live Definition Must Be Verified
supabase/migrations/20260907221350_horse_flag_is_masked_for_non_staff_rpcs.sql,44,fn_can_see_horse_flag,Historical Declaration; Live Definition Must Be Verified
supabase/migrations/20260907221350_horse_flag_is_masked_for_non_staff_rpcs.sql,68,ca_club_top_players,Historical Declaration; Live Definition Must Be Verified
supabase/migrations/20260907221350_horse_flag_is_masked_for_non_staff_rpcs.sql,107,ca_club_members,Historical Declaration; Live Definition Must Be Verified
supabase/migrations/20260907221350_horse_flag_is_masked_for_non_staff_rpcs.sql,182,fn_club_cashier_members_v2,Historical Declaration; Live Definition Must Be Verified
supabase/migrations/20260907221609_the_second_writer_is_audited_against_the_register.sql,82,fn_ca_second_writer_check,Historical Declaration; Live Definition Must Be Verified
supabase/migrations/20260907221609_the_second_writer_is_audited_against_the_register.sql,211,increment_column,Historical Declaration; Live Definition Must Be Verified
supabase/migrations/20260907221633_guarantee_funding_follows_tournament_ownership.sql,12,fn_apply_prize_guarantee,Historical Declaration; Live Definition Must Be Verified
supabase/migrations/20260907222000_a_completed_hand_snapshot_is_kept_for_hours_not_a_week.sql,37,sp_prune_hand_state_snapshots,Historical Declaration; Live Definition Must Be Verified
supabase/migrations/20260907222512_spin_cancellation_returns_the_original_reserve_draw.sql,12,fn_ca_spin_cancel_returns_draw,Historical Declaration; Live Definition Must Be Verified
supabase/migrations/20260907222626_a_player_can_audit_their_own_chips.sql,66,fn_ca_chip_statement,Historical Declaration; Live Definition Must Be Verified
supabase/migrations/20260907222658_diamond_review_one_snapshot_and_the_rulings.sql,17,fn_ca_diamond_snapshot,Historical Declaration; Live Definition Must Be Verified
supabase/migrations/20260907222658_diamond_review_one_snapshot_and_the_rulings.sql,122,fn_ca_diamond_trial_balance,Historical Declaration; Live Definition Must Be Verified
supabase/migrations/20260907222658_diamond_review_one_snapshot_and_the_rulings.sql,274,fn_ca_diamond_trial_balance_watch,Historical Declaration; Live Definition Must Be Verified
supabase/migrations/20260907222658_diamond_review_one_snapshot_and_the_rulings.sql,318,fn_ca_diamond_incident,Historical Declaration; Live Definition Must Be Verified
supabase/migrations/20260907223105_spin_cancellation_reverses_original_aggregate_rake_rows.sql,13,atomic_cancel_tournament,Historical Declaration; Live Definition Must Be Verified
supabase/migrations/20260907223616_spin_cancellation_covers_both_aggregate_fee_writers.sql,10,atomic_cancel_tournament,Historical Declaration; Live Definition Must Be Verified
supabase/migrations/20260907224656_the_second_writer_check_speaks_about_money_doors.sql,44,fn_ca_second_writer_check,Historical Declaration; Live Definition Must Be Verified
supabase/migrations/20260907224856_union_periods_settle_only_after_zero_recipient_shortfalls.sql,12,fn_union_settlement_cascade,Historical Declaration; Live Definition Must Be Verified
supabase/migrations/20260907224856_union_periods_settle_only_after_zero_recipient_shortfalls.sql,189,fn_union_settlement_cascade_due,Historical Declaration; Live Definition Must Be Verified
supabase/migrations/20260907225000_a_spins_prize_is_buy_in_times_multiplier_not_its_pool.sql,17,fn_tournament_prize_disbursement_audit,Historical Declaration; Live Definition Must Be Verified
supabase/migrations/20260907230617_guarantee_overlay_requires_an_actual_funding_bank.sql,8,fn_apply_prize_guarantee,Historical Declaration; Live Definition Must Be Verified
supabase/migrations/20260907233957_paid_obligation_owner_is_checked_before_its_amount_changes.sql,11,fn_settle_tournament_obligation,Historical Declaration; Live Definition Must Be Verified
supabase/migrations/20260907234436_the_daily_club_arena_bonus_has_a_ledger.sql,153,fn_ca_daily_bonus_calendar_history,Historical Declaration; Live Definition Must Be Verified
supabase/migrations/20260907234436_the_daily_club_arena_bonus_has_a_ledger.sql,263,fn_ca_daily_bonus_claims_append_only,Historical Declaration; Live Definition Must Be Verified
supabase/migrations/20260907234436_the_daily_club_arena_bonus_has_a_ledger.sql,308,fn_ca_diamond_engine_of,Historical Declaration; Live Definition Must Be Verified
supabase/migrations/20260907234436_the_daily_club_arena_bonus_has_a_ledger.sql,364,fn_ca_daily_bonus_eligibility,Historical Declaration; Live Definition Must Be Verified
supabase/migrations/20260907234436_the_daily_club_arena_bonus_has_a_ledger.sql,391,fn_ca_daily_bonus_open_day,Historical Declaration; Live Definition Must Be Verified
supabase/migrations/20260907234436_the_daily_club_arena_bonus_has_a_ledger.sql,482,fn_ca_daily_bonus_status,Historical Declaration; Live Definition Must Be Verified
supabase/migrations/20260907234436_the_daily_club_arena_bonus_has_a_ledger.sql,594,fn_ca_daily_bonus_claim,Historical Declaration; Live Definition Must Be Verified
supabase/migrations/20260907234547_the_profile_guard_admits_the_daily_bonus_claim.sql,22,fn_guard_profile_privileged_columns,Historical Declaration; Live Definition Must Be Verified
supabase/migrations/20260907234848_the_daily_bonus_lives_inside_the_diamond_caps.sql,65,fn_ca_daily_bonus_eligibility,Historical Declaration; Live Definition Must Be Verified
supabase/migrations/20260907234848_the_daily_bonus_lives_inside_the_diamond_caps.sql,88,fn_ca_daily_bonus_caps,Historical Declaration; Live Definition Must Be Verified
supabase/migrations/20260907234848_the_daily_bonus_lives_inside_the_diamond_caps.sql,140,fn_ca_daily_bonus_status,Historical Declaration; Live Definition Must Be Verified
supabase/migrations/20260907234948_the_daily_bonus_claims_journal_honours_ledger_maintenance.sql,6,fn_ca_daily_bonus_claims_append_only,Historical Declaration; Live Definition Must Be Verified
supabase/migrations/20260908000009_in_app_purchases_settle_through_the_same_idempotent_diamond_.sql,120,fn_iap_settle_event,Historical Declaration; Live Definition Must Be Verified
supabase/migrations/20260908000459_reconciliation_displays_only_actual_settlement.sql,5,fn_tournament_payout_reconcile,Historical Declaration; Live Definition Must Be Verified
supabase/migrations/20260908004420_a_player_states_a_date_of_birth_once_and_the_platform_refuse.sql,35,fn_set_my_birthday,Historical Declaration; Live Definition Must Be Verified
supabase/migrations/20260908011408_tournament_settlement_rejects_invalid_amounts_and_places.sql,5,fn_settle_tournament_obligation,Historical Declaration; Live Definition Must Be Verified
supabase/migrations/20260908013901_the_daily_bonus_files_under_its_own_engine_again.sql,13,fn_ca_diamond_engine_of,Historical Declaration; Live Definition Must Be Verified
supabase/migrations/20260908020401_the_open_week_is_snapshotted_and_every_reader_gets_the_one_basis_in_time.sql,95,fn_union_club_rake_basis,Historical Declaration; Live Definition Must Be Verified
supabase/migrations/20260908020401_the_open_week_is_snapshotted_and_every_reader_gets_the_one_basis_in_time.sql,247,fn_union_rake_basis_refresh,Historical Declaration; Live Definition Must Be Verified
supabase/migrations/20260908020401_the_open_week_is_snapshotted_and_every_reader_gets_the_one_basis_in_time.sql,390,fn_rake_record_is_ghost_twin,Historical Declaration; Live Definition Must Be Verified
supabase/migrations/20260908020736_satellite_seat_replay_precedes_target_admission.sql,8,fn_award_satellite_seat,Historical Declaration; Live Definition Must Be Verified
supabase/migrations/20260908021452_diamond_rules_wired_for_refusal_and_the_money_paths_finished.sql,114,fn_ca_diamond_rule_mode,Historical Declaration; Live Definition Must Be Verified
supabase/migrations/20260908021452_diamond_rules_wired_for_refusal_and_the_money_paths_finished.sql,124,fn_ca_diamond_rule_flip,Historical Declaration; Live Definition Must Be Verified
supabase/migrations/20260908021452_diamond_rules_wired_for_refusal_and_the_money_paths_finished.sql,164,fn_ca_consume_purchase_lots,Historical Declaration; Live Definition Must Be Verified
supabase/migrations/20260908021452_diamond_rules_wired_for_refusal_and_the_money_paths_finished.sql,203,fn_ca_diamond_born_with_balance,Historical Declaration; Live Definition Must Be Verified
supabase/migrations/20260908021809_a_tournament_rake_row_names_its_player_so_a_fee_earns_rakeback.sql,65,fn_tournament_fee_names_its_player,Historical Declaration; Live Definition Must Be Verified
supabase/migrations/20260908024019_the_engine_dashboard_asks_an_admin_rpc_for_the_fleet.sql,31,fn_admin_horse_fleet_counts,Historical Declaration; Live Definition Must Be Verified
supabase/migrations/20260908024742_daily_challenges_claimed_for_horses_capped_by_the_line_and_e.sql,81,fn_expire_daily_challenge_rewards,Historical Declaration; Live Definition Must Be Verified
supabase/migrations/20260908024742_daily_challenges_claimed_for_horses_capped_by_the_line_and_e.sql,113,fn_ca_is_fixture_account,Historical Declaration; Live Definition Must Be Verified
supabase/migrations/20260908024909_chip_journal_failure_rolls_back_movement.sql,15,atomic_distribute_rake,Historical Declaration; Live Definition Must Be Verified
supabase/migrations/20260908024909_chip_journal_failure_rolls_back_movement.sql,326,credit_club_rake_to_treasury,Historical Declaration; Live Definition Must Be Verified
supabase/migrations/20260908024909_chip_journal_failure_rolls_back_movement.sql,397,fn_ca_autoledger,Historical Declaration; Live Definition Must Be Verified
supabase/migrations/20260908024909_chip_journal_failure_rolls_back_movement.sql,486,fn_ca_autoledger_delete,Historical Declaration; Live Definition Must Be Verified
supabase/migrations/20260908024909_chip_journal_failure_rolls_back_movement.sql,557,fn_ca_post_leg,Historical Declaration; Live Definition Must Be Verified
supabase/migrations/20260908024909_chip_journal_failure_rolls_back_movement.sql,594,fn_club_members_ledger_writer,Historical Declaration; Live Definition Must Be Verified
supabase/migrations/20260908024909_chip_journal_failure_rolls_back_movement.sql,667,fn_horse_fund_from_treasury,Historical Declaration; Live Definition Must Be Verified
supabase/migrations/20260908024909_chip_journal_failure_rolls_back_movement.sql,774,fn_horse_seat_from_treasury,Historical Declaration; Live Definition Must Be Verified
supabase/migrations/20260908025000_a_hand_is_recorded_in_milliseconds.sql,60,fn_enqueue_hand_daily_missions,Historical Declaration; Live Definition Must Be Verified
supabase/migrations/20260908025000_a_hand_is_recorded_in_milliseconds.sql,108,fn_drain_daily_challenge_event_outbox,Historical Declaration; Live Definition Must Be Verified
supabase/migrations/20260908025653_round_2_records_the_period_it_paid_instead_of_stamping_two_million_rows.sql,134,fn_agent_commission_paid_by_period,Historical Declaration; Live Definition Must Be Verified
supabase/migrations/20260908025653_round_2_records_the_period_it_paid_instead_of_stamping_two_million_rows.sql,146,fn_agent_commission_open_intervals,Historical Declaration; Live Definition Must Be Verified
supabase/migrations/20260908025653_round_2_records_the_period_it_paid_instead_of_stamping_two_million_rows.sql,169,fn_agent_commission_owed_rows,Historical Declaration; Live Definition Must Be Verified
supabase/migrations/20260908025653_round_2_records_the_period_it_paid_instead_of_stamping_two_million_rows.sql,225,fn_settle_round2_club_to_agents,Historical Declaration; Live Definition Must Be Verified
supabase/migrations/20260908025653_round_2_records_the_period_it_paid_instead_of_stamping_two_million_rows.sql,325,fn_agent_commission_rollup_recompute,Historical Declaration; Live Definition Must Be Verified
supabase/migrations/20260908025653_round_2_records_the_period_it_paid_instead_of_stamping_two_million_rows.sql,356,fn_rebuild_agent_commission_rollup,Historical Declaration; Live Definition Must Be Verified
supabase/migrations/20260908025653_round_2_records_the_period_it_paid_instead_of_stamping_two_million_rows.sql,385,fn_agent_unsettled_commission,Historical Declaration; Live Definition Must Be Verified
supabase/migrations/20260908030000_the_outbox_drainer_uses_its_index_and_never_waits.sql,36,fn_drain_daily_challenge_event_outbox,Historical Declaration; Live Definition Must Be Verified
supabase/migrations/20260908030358_the_other_currencies_get_a_meter.sql,107,fn_award_vip_credit,Historical Declaration; Live Definition Must Be Verified
supabase/migrations/20260908030358_the_other_currencies_get_a_meter.sql,170,fn_redeem_vip_points,Historical Declaration; Live Definition Must Be Verified
supabase/migrations/20260908030358_the_other_currencies_get_a_meter.sql,299,fn_ca_currency_meter,Historical Declaration; Live Definition Must Be Verified
supabase/migrations/20260908030657_the_other_currencies_get_their_guards.sql,55,fn_ca_journal_append_only,Historical Declaration; Live Definition Must Be Verified
supabase/migrations/20260908030657_the_other_currencies_get_their_guards.sql,231,fn_vip_points_move_only_with_a_leg,Historical Declaration; Live Definition Must Be Verified
supabase/migrations/20260908031445_the_settlement_predicate_must_inline_or_it_is_a_per_row_call.sql,45,fn_agent_commission_paid_by_period,Historical Declaration; Live Definition Must Be Verified
supabase/migrations/20260908031445_the_settlement_predicate_must_inline_or_it_is_a_per_row_call.sql,56,fn_agent_commission_open_intervals,Historical Declaration; Live Definition Must Be Verified
supabase/migrations/20260908031445_the_settlement_predicate_must_inline_or_it_is_a_per_row_call.sql,78,fn_agent_commission_owed_rows,Historical Declaration; Live Definition Must Be Verified
supabase/migrations/20260908031500_the_outbox_drainer_gets_the_headroom_its_arrival_rate_needs.sql,21,fn_drain_daily_challenge_event_outbox,Historical Declaration; Live Definition Must Be Verified
supabase/migrations/20260908031918_transfers_are_off_gifts_are_atomic_and_the_waivers_are_gone.sql,62,send_wallet_diamond_transfer,Historical Declaration; Live Definition Must Be Verified
supabase/migrations/20260908031918_transfers_are_off_gifts_are_atomic_and_the_waivers_are_gone.sql,98,fn_check_anti_farming_gift_cap,Historical Declaration; Live Definition Must Be Verified
supabase/migrations/20260908031918_transfers_are_off_gifts_are_atomic_and_the_waivers_are_gone.sql,350,fn_ca_giftable_balance,Historical Declaration; Live Definition Must Be Verified
supabase/migrations/20260908032050_satellite_award_commits_with_funding_and_receipt.sql,9,fn_award_satellite_seat,Historical Declaration; Live Definition Must Be Verified
supabase/migrations/20260908032311_reconnect_allowance_survives_maintenance.sql,3,fn_thaw_reconnect_states,Historical Declaration; Live Definition Must Be Verified
supabase/migrations/20260908032311_reconnect_allowance_survives_maintenance.sql,46,fn_thaw_platform,Historical Declaration; Live Definition Must Be Verified
supabase/migrations/20260908032500_a_skipped_mission_event_says_so_and_eventually_wins_its_lock.sql,36,fn_drain_daily_challenge_event_outbox,Historical Declaration; Live Definition Must Be Verified
supabase/migrations/20260908032512_the_owed_set_is_an_anti_join_not_a_set_returning_detour.sql,55,fn_settle_round2_club_to_agents,Historical Declaration; Live Definition Must Be Verified
supabase/migrations/20260908032512_the_owed_set_is_an_anti_join_not_a_set_returning_detour.sql,161,fn_agent_unsettled_commission,Historical Declaration; Live Definition Must Be Verified
supabase/migrations/20260908032512_the_owed_set_is_an_anti_join_not_a_set_returning_detour.sql,193,fn_agent_commission_rollup_recompute,Historical Declaration; Live Definition Must Be Verified
supabase/migrations/20260908034500_the_gto_aggregation_cursor_seeks_instead_of_rescanning.sql,46,fn_aggregate_gto_v31_next,Historical Declaration; Live Definition Must Be Verified
supabase/migrations/20260908034530_the_diamond_arena_accounting_foundation.sql,100,fn_arena_deposit,Historical Declaration; Live Definition Must Be Verified
supabase/migrations/20260908034530_the_diamond_arena_accounting_foundation.sql,188,fn_arena_withdraw,Historical Declaration; Live Definition Must Be Verified
supabase/migrations/20260908034530_the_diamond_arena_accounting_foundation.sql,284,fn_ca_arena_seat_is_same_asset,Historical Declaration; Live Definition Must Be Verified
supabase/migrations/20260908034530_the_diamond_arena_accounting_foundation.sql,326,fn_ca_arena_diamonds,Historical Declaration; Live Definition Must Be Verified
supabase/migrations/20260908035339_cashout_escrow_ledger_atomicity.sql,8,fn_cashout_request,Historical Declaration; Live Definition Must Be Verified
supabase/migrations/20260908035339_cashout_escrow_ledger_atomicity.sql,169,fn_cashout_approve,Historical Declaration; Live Definition Must Be Verified
supabase/migrations/20260908035339_cashout_escrow_ledger_atomicity.sql,320,fn_cashout_release,Historical Declaration; Live Definition Must Be Verified
supabase/migrations/20260908040743_the_rollup_rebuild_survives_safeupdate_and_the_owed_reader_names_its_roles.sql,81,fn_rebuild_agent_commission_rollup,Historical Declaration; Live Definition Must Be Verified
supabase/migrations/20260908042000_bounty_elimination_outbox_is_atomic_and_recoverable.sql,443,fn_emit_tournament_manager_wake,Historical Declaration; Live Definition Must Be Verified
supabase/migrations/20260908042000_bounty_elimination_outbox_is_atomic_and_recoverable.sql,492,fn_ack_tournament_manager_wakes,Historical Declaration; Live Definition Must Be Verified
supabase/migrations/20260908042000_bounty_elimination_outbox_is_atomic_and_recoverable.sql,566,fn_emit_manager_wake_for_settled_bounty,Historical Declaration; Live Definition Must Be Verified
supabase/migrations/20260908042000_bounty_elimination_outbox_is_atomic_and_recoverable.sql,588,fn_cast_tournament_deal_vote,Historical Declaration; Live Definition Must Be Verified
supabase/migrations/20260908042000_bounty_elimination_outbox_is_atomic_and_recoverable.sql,682,fn_sync_tournament_live_seat_chips,Historical Declaration; Live Definition Must Be Verified
supabase/migrations/20260908042000_bounty_elimination_outbox_is_atomic_and_recoverable.sql,730,fn_eliminate_tournament_player_atomic,Historical Declaration; Live Definition Must Be Verified
supabase/migrations/20260908042000_bounty_elimination_outbox_is_atomic_and_recoverable.sql,814,fn_exact_tournament_knockout_claimants,Historical Declaration; Live Definition Must Be Verified
supabase/migrations/20260908042000_bounty_elimination_outbox_is_atomic_and_recoverable.sql,929,fn_claim_tournament_bounty_elimination,Historical Declaration; Live Definition Must Be Verified
supabase/migrations/20260908042000_bounty_elimination_outbox_is_atomic_and_recoverable.sql,1278,fn_bounty_obligation_has_complete_marker,Historical Declaration; Live Definition Must Be Verified
supabase/migrations/20260908042000_bounty_elimination_outbox_is_atomic_and_recoverable.sql,1377,fn_attach_bounty_ledger_obligation,Historical Declaration; Live Definition Must Be Verified
supabase/migrations/20260908042000_bounty_elimination_outbox_is_atomic_and_recoverable.sql,1420,fn_attach_bounty_award_obligation,Historical Declaration; Live Definition Must Be Verified
supabase/migrations/20260908042000_bounty_elimination_outbox_is_atomic_and_recoverable.sql,1472,fn_ack_bounty_obligation_from_ledger,Historical Declaration; Live Definition Must Be Verified
supabase/migrations/20260908042000_bounty_elimination_outbox_is_atomic_and_recoverable.sql,1485,fn_ack_bounty_obligation_from_award,Historical Declaration; Live Definition Must Be Verified
supabase/migrations/20260908042000_bounty_elimination_outbox_is_atomic_and_recoverable.sql,1505,fn_refuse_reentry_with_pending_bounty,Historical Declaration; Live Definition Must Be Verified
supabase/migrations/20260908042000_bounty_elimination_outbox_is_atomic_and_recoverable.sql,1754,fn_mystery_bounty_pay,Historical Declaration; Live Definition Must Be Verified
supabase/migrations/20260908042000_bounty_elimination_outbox_is_atomic_and_recoverable.sql,1788,fn_collect_bounty,Historical Declaration; Live Definition Must Be Verified
supabase/migrations/20260908042000_bounty_elimination_outbox_is_atomic_and_recoverable.sql,1935,fn_collect_bounty_obligation,Historical Declaration; Live Definition Must Be Verified
supabase/migrations/20260908042000_bounty_elimination_outbox_is_atomic_and_recoverable.sql,1966,fn_mystery_bounty_reserve,Historical Declaration; Live Definition Must Be Verified
supabase/migrations/20260908042000_bounty_elimination_outbox_is_atomic_and_recoverable.sql,2034,fn_sweep_pending_tournament_bounties,Historical Declaration; Live Definition Must Be Verified
supabase/migrations/20260908042000_bounty_elimination_outbox_is_atomic_and_recoverable.sql,2227,fn_tournament_has_unsettled_bounties,Historical Declaration; Live Definition Must Be Verified
supabase/migrations/20260908042000_bounty_elimination_outbox_is_atomic_and_recoverable.sql,2263,fn_finalize_bounty_pool,Historical Declaration; Live Definition Must Be Verified
supabase/migrations/20260908042000_bounty_elimination_outbox_is_atomic_and_recoverable.sql,2343,fn_mystery_bounty_settle,Historical Declaration; Live Definition Must Be Verified
supabase/migrations/20260908042000_bounty_elimination_outbox_is_atomic_and_recoverable.sql,2490,fn_final_table_deal,Historical Declaration; Live Definition Must Be Verified
supabase/migrations/20260908042000_bounty_elimination_outbox_is_atomic_and_recoverable.sql,2533,fn_refuse_completed_with_pending_bounties,Historical Declaration; Live Definition Must Be Verified
supabase/migrations/20260908042000_bounty_elimination_outbox_is_atomic_and_recoverable.sql,2560,fn_retire_manager_wakes_after_terminal_status,Historical Declaration; Live Definition Must Be Verified
supabase/migrations/20260908042000_bounty_elimination_outbox_is_atomic_and_recoverable.sql,2578,fn_refuse_mystery_activation_with_pending_heads,Historical Declaration; Live Definition Must Be Verified
supabase/migrations/20260908042000_bounty_elimination_outbox_is_atomic_and_recoverable.sql,2599,fn_receipt_mystery_activation,Historical Declaration; Live Definition Must Be Verified
supabase/migrations/20260908042000_bounty_elimination_outbox_is_atomic_and_recoverable.sql,2725,fn_create_late_registration_capacity,Historical Declaration; Live Definition Must Be Verified
supabase/migrations/20260908042000_bounty_elimination_outbox_is_atomic_and_recoverable.sql,2810,fn_register_for_tournament,Historical Declaration; Live Definition Must Be Verified
supabase/migrations/20260908042000_bounty_elimination_outbox_is_atomic_and_recoverable.sql,2871,fn_after_tournament_rebuy,Historical Declaration; Live Definition Must Be Verified
supabase/migrations/20260908042000_bounty_elimination_outbox_is_atomic_and_recoverable.sql,2903,process_tournament_rebuy,Historical Declaration; Live Definition Must Be Verified
supabase/migrations/20260908042000_bounty_elimination_outbox_is_atomic_and_recoverable.sql,3009,fn_close_tournament_addon_period,Historical Declaration; Live Definition Must Be Verified
supabase/migrations/20260908042100_an_accepted_hand_is_one_commit_and_stats_leave_the_hot_path.sql,106,fn_process_hand_position_stats,Historical Declaration; Live Definition Must Be Verified
supabase/migrations/20260908042100_an_accepted_hand_is_one_commit_and_stats_leave_the_hot_path.sql,217,fn_process_hand_position_stats,Historical Declaration; Live Definition Must Be Verified
supabase/migrations/20260908042100_an_accepted_hand_is_one_commit_and_stats_leave_the_hot_path.sql,236,sp_prune_hand_history,Historical Declaration; Live Definition Must Be Verified
supabase/migrations/20260908042100_an_accepted_hand_is_one_commit_and_stats_leave_the_hot_path.sql,321,fn_enqueue_hand_daily_missions,Historical Declaration; Live Definition Must Be Verified
supabase/migrations/20260908042100_an_accepted_hand_is_one_commit_and_stats_leave_the_hot_path.sql,358,fn_fold_hand_winnings,Historical Declaration; Live Definition Must Be Verified
supabase/migrations/20260908042100_an_accepted_hand_is_one_commit_and_stats_leave_the_hot_path.sql,401,trg_hand_history_position_stats,Historical Declaration; Live Definition Must Be Verified
supabase/migrations/20260908042100_an_accepted_hand_is_one_commit_and_stats_leave_the_hot_path.sql,417,trg_ca_stats_live_from_hand,Historical Declaration; Live Definition Must Be Verified
supabase/migrations/20260908042100_an_accepted_hand_is_one_commit_and_stats_leave_the_hot_path.sql,450,trg_hand_history_club_member_stats,Historical Declaration; Live Definition Must Be Verified
supabase/migrations/20260908042100_an_accepted_hand_is_one_commit_and_stats_leave_the_hot_path.sql,542,fn_project_hand_side_effects,Historical Declaration; Live Definition Must Be Verified
supabase/migrations/20260908042100_an_accepted_hand_is_one_commit_and_stats_leave_the_hot_path.sql,748,fn_ca_commit_hand_settlement,Historical Declaration; Live Definition Must Be Verified
supabase/migrations/20260908042100_an_accepted_hand_is_one_commit_and_stats_leave_the_hot_path.sql,1038,fn_open_tournament_rebuy_decisions,Historical Declaration; Live Definition Must Be Verified
supabase/migrations/20260908042100_an_accepted_hand_is_one_commit_and_stats_leave_the_hot_path.sql,1116,fn_after_tournament_rebuy,Historical Declaration; Live Definition Must Be Verified
supabase/migrations/20260908042100_an_accepted_hand_is_one_commit_and_stats_leave_the_hot_path.sql,1161,fn_decline_tournament_rebuy,Historical Declaration; Live Definition Must Be Verified
supabase/migrations/20260908042100_an_accepted_hand_is_one_commit_and_stats_leave_the_hot_path.sql,1244,fn_eliminate_tournament_player_atomic,Historical Declaration; Live Definition Must Be Verified
supabase/migrations/20260908042100_an_accepted_hand_is_one_commit_and_stats_leave_the_hot_path.sql,1361,fn_claim_tournament_bounty_elimination,Historical Declaration; Live Definition Must Be Verified
supabase/migrations/20260908042156_hand_settlement_roster_and_replay_identity.sql,6,fn_ca_settle_hand_stacks_absolute,Historical Declaration; Live Definition Must Be Verified
supabase/migrations/20260908042200_late_registration_can_build_its_first_table.sql,24,fn_tournament_late_registration_open,Historical Declaration; Live Definition Must Be Verified
supabase/migrations/20260908042200_late_registration_can_build_its_first_table.sql,61,fn_resolve_tournament_blinds,Historical Declaration; Live Definition Must Be Verified
supabase/migrations/20260908042200_late_registration_can_build_its_first_table.sql,223,fn_tournament_current_blinds,Historical Declaration; Live Definition Must Be Verified
supabase/migrations/20260908042200_late_registration_can_build_its_first_table.sql,296,fn_tournament_place_prize_exact,Historical Declaration; Live Definition Must Be Verified
supabase/migrations/20260908042200_late_registration_can_build_its_first_table.sql,370,fn_finalize_tournament_entry_pool_locked,Historical Declaration; Live Definition Must Be Verified
supabase/migrations/20260908042200_late_registration_can_build_its_first_table.sql,519,fn_close_tournament_entry_window,Historical Declaration; Live Definition Must Be Verified
supabase/migrations/20260908042200_late_registration_can_build_its_first_table.sql,589,fn_close_tournament_addon_period,Historical Declaration; Live Definition Must Be Verified
supabase/migrations/20260908042200_late_registration_can_build_its_first_table.sql,629,fn_complete_tournament_entry_reprice,Historical Declaration; Live Definition Must Be Verified
supabase/migrations/20260908042200_late_registration_can_build_its_first_table.sql,730,fn_ensure_late_registration_capacity,Historical Declaration; Live Definition Must Be Verified
supabase/migrations/20260908042200_late_registration_can_build_its_first_table.sql,984,fn_ack_tournament_capacity_tables,Historical Declaration; Live Definition Must Be Verified
supabase/migrations/20260908042200_late_registration_can_build_its_first_table.sql,1040,fn_register_for_tournament,Historical Declaration; Live Definition Must Be Verified
supabase/migrations/20260908042200_late_registration_can_build_its_first_table.sql,1085,fn_register_for_tournament,Historical Declaration; Live Definition Must Be Verified
supabase/migrations/20260908042300_a_satellite_finish_pays_one_frozen_entitlement_plan.sql,135,trg_freeze_satellite_entitlement,Historical Declaration; Live Definition Must Be Verified
supabase/migrations/20260908042300_a_satellite_finish_pays_one_frozen_entitlement_plan.sql,147,trg_freeze_satellite_economic_snapshot,Historical Declaration; Live Definition Must Be Verified
supabase/migrations/20260908042300_a_satellite_finish_pays_one_frozen_entitlement_plan.sql,171,trg_freeze_satellite_settlement_batch,Historical Declaration; Live Definition Must Be Verified
supabase/migrations/20260908042300_a_satellite_finish_pays_one_frozen_entitlement_plan.sql,292,trg_capture_satellite_economics_on_start,Historical Declaration; Live Definition Must Be Verified
supabase/migrations/20260908042300_a_satellite_finish_pays_one_frozen_entitlement_plan.sql,459,trg_require_satellite_economics_at_entry_close,Historical Declaration; Live Definition Must Be Verified
supabase/migrations/20260908042300_a_satellite_finish_pays_one_frozen_entitlement_plan.sql,489,fn_materialize_satellite_entitlements_locked,Historical Declaration; Live Definition Must Be Verified
supabase/migrations/20260908042300_a_satellite_finish_pays_one_frozen_entitlement_plan.sql,666,fn_get_tournament_satellite_entitlement_depth,Historical Declaration; Live Definition Must Be Verified
supabase/migrations/20260908042300_a_satellite_finish_pays_one_frozen_entitlement_plan.sql,678,fn_settle_satellite_cash_entitlement_exact,Historical Declaration; Live Definition Must Be Verified
supabase/migrations/20260908042300_a_satellite_finish_pays_one_frozen_entitlement_plan.sql,715,fn_deliver_satellite_ticket_exact,Historical Declaration; Live Definition Must Be Verified
supabase/migrations/20260908042300_a_satellite_finish_pays_one_frozen_entitlement_plan.sql,890,fn_check_atomic_satellite_finish,Historical Declaration; Live Definition Must Be Verified
supabase/migrations/20260908042300_a_satellite_finish_pays_one_frozen_entitlement_plan.sql,1132,fn_settle_satellite_finish_atomic,Historical Declaration; Live Definition Must Be Verified
supabase/migrations/20260908042300_a_satellite_finish_pays_one_frozen_entitlement_plan.sql,1372,trg_guard_atomic_satellite_completion,Historical Declaration; Live Definition Must Be Verified
supabase/migrations/20260908042400_tournament_places_settle_and_complete_atomically.sql,118,fn_settle_tournament_obligation,Historical Declaration; Live Definition Must Be Verified
supabase/migrations/20260908042400_tournament_places_settle_and_complete_atomically.sql,156,fn_settle_satellite_cash_entitlement_exact,Historical Declaration; Live Definition Must Be Verified
supabase/migrations/20260908042400_tournament_places_settle_and_complete_atomically.sql,202,trg_freeze_batched_tournament_place,Historical Declaration; Live Definition Must Be Verified
supabase/migrations/20260908042400_tournament_places_settle_and_complete_atomically.sql,300,fn_tournament_payout_key_is_place_evidence,Historical Declaration; Live Definition Must Be Verified
supabase/migrations/20260908042400_tournament_places_settle_and_complete_atomically.sql,329,fn_normalize_tournament_final_standings,Historical Declaration; Live Definition Must Be Verified
supabase/migrations/20260908042400_tournament_places_settle_and_complete_atomically.sql,623,fn_prepare_tournament_place_obligations,Historical Declaration; Live Definition Must Be Verified
supabase/migrations/20260908042400_tournament_places_settle_and_complete_atomically.sql,1438,fn_settle_tournament_places_atomic,Historical Declaration; Live Definition Must Be Verified
supabase/migrations/20260908042400_tournament_places_settle_and_complete_atomically.sql,2173,trg_lock_atomic_place_tournament_status,Historical Declaration; Live Definition Must Be Verified
supabase/migrations/20260908042400_tournament_places_settle_and_complete_atomically.sql,2227,trg_tournament_atomic_place_completion_guard,Historical Declaration; Live Definition Must Be Verified
supabase/migrations/20260908042400_tournament_places_settle_and_complete_atomically.sql,2589,trg_refuse_normal_tournament_completed_insert,Historical Declaration; Live Definition Must Be Verified
supabase/migrations/20260908042400_tournament_places_settle_and_complete_atomically.sql,2641,fn_apply_prize_guarantee,Historical Declaration; Live Definition Must Be Verified
supabase/migrations/20260908042400_tournament_places_settle_and_complete_atomically.sql,2915,trg_tournament_pool_finalization_window_guard,Historical Declaration; Live Definition Must Be Verified
supabase/migrations/20260908042400_tournament_places_settle_and_complete_atomically.sql,3017,trg_refuse_finalized_tournament_entry,Historical Declaration; Live Definition Must Be Verified
supabase/migrations/20260908042400_tournament_places_settle_and_complete_atomically.sql,3052,trg_freeze_finalized_tournament_prize_pool,Historical Declaration; Live Definition Must Be Verified
supabase/migrations/20260908042400_tournament_places_settle_and_complete_atomically.sql,3110,trg_freeze_batched_tournament_result,Historical Declaration; Live Definition Must Be Verified
supabase/migrations/20260908042400_tournament_places_settle_and_complete_atomically.sql,3204,trg_freeze_registered_tournament_settlement_contract,Historical Declaration; Live Definition Must Be Verified
supabase/migrations/20260908042400_tournament_places_settle_and_complete_atomically.sql,3270,fn_register_for_tournament,Historical Declaration; Live Definition Must Be Verified
supabase/migrations/20260908042400_tournament_places_settle_and_complete_atomically.sql,3324,fn_register_for_tournament,Historical Declaration; Live Definition Must Be Verified
supabase/migrations/20260908042400_tournament_places_settle_and_complete_atomically.sql,3385,process_tournament_rebuy_before_one_minute_addon,Historical Declaration; Live Definition Must Be Verified
supabase/migrations/20260908042400_tournament_places_settle_and_complete_atomically.sql,3525,process_tournament_rebuy,Historical Declaration; Live Definition Must Be Verified
supabase/migrations/20260908042500_a_final_table_deal_pays_every_share_or_none.sql,109,trg_freeze_batched_tournament_result,Historical Declaration; Live Definition Must Be Verified
supabase/migrations/20260908042500_a_final_table_deal_pays_every_share_or_none.sql,176,trg_freeze_atomic_final_table_deal_obligation,Historical Declaration; Live Definition Must Be Verified
supabase/migrations/20260908042500_a_final_table_deal_pays_every_share_or_none.sql,257,fn_check_atomic_final_table_deal,Historical Declaration; Live Definition Must Be Verified
supabase/migrations/20260908042500_a_final_table_deal_pays_every_share_or_none.sql,843,trg_atomic_final_table_deal_completion_guard,Historical Declaration; Live Definition Must Be Verified
supabase/migrations/20260908042500_a_final_table_deal_pays_every_share_or_none.sql,884,trg_lock_atomic_final_table_deal_status,Historical Declaration; Live Definition Must Be Verified
supabase/migrations/20260908042500_a_final_table_deal_pays_every_share_or_none.sql,940,fn_settle_final_table_deal_atomic,Historical Declaration; Live Definition Must Be Verified
supabase/migrations/20260908042500_a_final_table_deal_pays_every_share_or_none.sql,2238,fn_final_table_deal,Historical Declaration; Live Definition Must Be Verified
supabase/migrations/20260908042600_completed_means_financially_certified.sql,74,fn_tournament_finish_kind,Historical Declaration; Live Definition Must Be Verified
supabase/migrations/20260908042600_completed_means_financially_certified.sql,95,fn_claim_tournament_finish,Historical Declaration; Live Definition Must Be Verified
supabase/migrations/20260908042600_completed_means_financially_certified.sql,229,fn_tournament_finish_readiness,Historical Declaration; Live Definition Must Be Verified
supabase/migrations/20260908042600_completed_means_financially_certified.sql,585,fn_guard_tournament_completed_certificate,Historical Declaration; Live Definition Must Be Verified
supabase/migrations/20260908042600_completed_means_financially_certified.sql,679,fn_guard_tournament_completing_claim,Historical Declaration; Live Definition Must Be Verified
supabase/migrations/20260908042600_completed_means_financially_certified.sql,738,fn_certify_tournament_finish,Historical Declaration; Live Definition Must Be Verified
supabase/migrations/20260908042800_maintenance_announcement_and_entry_purchases_are_serialized.sql,41,fn_entry_purchases_frozen,Historical Declaration; Live Definition Must Be Verified
supabase/migrations/20260908042800_maintenance_announcement_and_entry_purchases_are_serialized.sql,82,fn_maintenance_break_state,Historical Declaration; Live Definition Must Be Verified
supabase/migrations/20260908042800_maintenance_announcement_and_entry_purchases_are_serialized.sql,130,fn_serialize_engine_maintenance_break_write,Historical Declaration; Live Definition Must Be Verified
supabase/migrations/20260908042800_maintenance_announcement_and_entry_purchases_are_serialized.sql,176,fn_save_engine_maintenance_break,Historical Declaration; Live Definition Must Be Verified
supabase/migrations/20260908042800_maintenance_announcement_and_entry_purchases_are_serialized.sql,235,fn_claim_engine_maintenance_break,Historical Declaration; Live Definition Must Be Verified
supabase/migrations/20260908042800_maintenance_announcement_and_entry_purchases_are_serialized.sql,287,fn_clear_engine_maintenance_break,Historical Declaration; Live Definition Must Be Verified
supabase/migrations/20260908042800_maintenance_announcement_and_entry_purchases_are_serialized.sql,335,fn_serialize_entry_statement,Historical Declaration; Live Definition Must Be Verified
supabase/migrations/20260908042800_maintenance_announcement_and_entry_purchases_are_serialized.sql,372,fn_refuse_new_entries_while_frozen,Historical Declaration; Live Definition Must Be Verified
supabase/migrations/20260908042800_maintenance_announcement_and_entry_purchases_are_serialized.sql,522,trg_entry_purchase_receipt_is_immutable,Historical Declaration; Live Definition Must Be Verified
supabase/migrations/20260908042800_maintenance_announcement_and_entry_purchases_are_serialized.sql,559,fn_claim_entry_purchase_receipt,Historical Declaration; Live Definition Must Be Verified
supabase/migrations/20260908042800_maintenance_announcement_and_entry_purchases_are_serialized.sql,610,fn_record_entry_purchase_receipt,Historical Declaration; Live Definition Must Be Verified
supabase/migrations/20260908042800_maintenance_announcement_and_entry_purchases_are_serialized.sql,660,fn_release_entry_purchase_claim,Historical Declaration; Live Definition Must Be Verified
supabase/migrations/20260908042800_maintenance_announcement_and_entry_purchases_are_serialized.sql,714,fn_register_for_tournament,Historical Declaration; Live Definition Must Be Verified
supabase/migrations/20260908042800_maintenance_announcement_and_entry_purchases_are_serialized.sql,756,fn_register_horse_for_tournament,Historical Declaration; Live Definition Must Be Verified
supabase/migrations/20260908042800_maintenance_announcement_and_entry_purchases_are_serialized.sql,798,fn_take_seat_and_buy_in,Historical Declaration; Live Definition Must Be Verified
supabase/migrations/20260908042800_maintenance_announcement_and_entry_purchases_are_serialized.sql,840,fn_seat_horse_in_seat_first_game,Historical Declaration; Live Definition Must Be Verified
supabase/migrations/20260908042800_maintenance_announcement_and_entry_purchases_are_serialized.sql,881,fn_seat_late_registrant,Historical Declaration; Live Definition Must Be Verified
supabase/migrations/20260908042800_maintenance_announcement_and_entry_purchases_are_serialized.sql,929,fn_repair_seat_first_games,Historical Declaration; Live Definition Must Be Verified
supabase/migrations/20260908042800_maintenance_announcement_and_entry_purchases_are_serialized.sql,988,fn_cash_seat_swap_execute,Historical Declaration; Live Definition Must Be Verified
supabase/migrations/20260908042800_maintenance_announcement_and_entry_purchases_are_serialized.sql,1004,fn_cash_seat_move_execute,Historical Declaration; Live Definition Must Be Verified
supabase/migrations/20260908042800_maintenance_announcement_and_entry_purchases_are_serialized.sql,1049,trg_tournament_launch_receipt_is_immutable,Historical Declaration; Live Definition Must Be Verified
supabase/migrations/20260908042800_maintenance_announcement_and_entry_purchases_are_serialized.sql,1086,trg_lock_tournament_start_time_during_launch,Historical Declaration; Live Definition Must Be Verified
supabase/migrations/20260908042800_maintenance_announcement_and_entry_purchases_are_serialized.sql,1117,fn_begin_tournament_launch_atomic,Historical Declaration; Live Definition Must Be Verified
supabase/migrations/20260908042800_maintenance_announcement_and_entry_purchases_are_serialized.sql,1211,fn_complete_tournament_launch_atomic,Historical Declaration; Live Definition Must Be Verified
supabase/migrations/20260908042800_maintenance_announcement_and_entry_purchases_are_serialized.sql,1445,trg_freeze_finalized_tournament_prize_pool,Historical Declaration; Live Definition Must Be Verified
supabase/migrations/20260908042800_maintenance_announcement_and_entry_purchases_are_serialized.sql,1587,fn_settle_satellite_finish_atomic,Historical Declaration; Live Definition Must Be Verified
supabase/migrations/20260908042800_maintenance_announcement_and_entry_purchases_are_serialized.sql,1634,process_tournament_rebuy,Historical Declaration; Live Definition Must Be Verified
supabase/migrations/20260908042800_maintenance_announcement_and_entry_purchases_are_serialized.sql,1731,fn_assert_cash_chip_purchase_table,Historical Declaration; Live Definition Must Be Verified
supabase/migrations/20260908042800_maintenance_announcement_and_entry_purchases_are_serialized.sql,1785,atomic_table_buyin,Historical Declaration; Live Definition Must Be Verified
supabase/migrations/20260908042800_maintenance_announcement_and_entry_purchases_are_serialized.sql,1881,atomic_table_rebuy,Historical Declaration; Live Definition Must Be Verified
supabase/migrations/20260908042800_maintenance_announcement_and_entry_purchases_are_serialized.sql,1970,atomic_table_addon,Historical Declaration; Live Definition Must Be Verified
supabase/migrations/20260908042800_maintenance_announcement_and_entry_purchases_are_serialized.sql,2053,fn_horse_fund_from_treasury,Historical Declaration; Live Definition Must Be Verified
supabase/migrations/20260908042800_maintenance_announcement_and_entry_purchases_are_serialized.sql,2141,fn_horse_seat_from_treasury,Historical Declaration; Live Definition Must Be Verified
supabase/migrations/20260908042900_tournament_leases_have_fencing_generations.sql,55,claim_tournament_lease,Historical Declaration; Live Definition Must Be Verified
supabase/migrations/20260908042900_tournament_leases_have_fencing_generations.sql,116,heartbeat_tournament_leases_v2,Historical Declaration; Live Definition Must Be Verified
supabase/migrations/20260908042900_tournament_leases_have_fencing_generations.sql,161,heartbeat_tournament_leases,Historical Declaration; Live Definition Must Be Verified
supabase/migrations/20260908042900_tournament_leases_have_fencing_generations.sql,177,release_tournament_leases,Historical Declaration; Live Definition Must Be Verified
supabase/migrations/20260908042900_tournament_leases_have_fencing_generations.sql,224,claim_tournament_lease_v2,Historical Declaration; Live Definition Must Be Verified
supabase/migrations/20260908042900_tournament_leases_have_fencing_generations.sql,335,heartbeat_tournament_leases_v3,Historical Declaration; Live Definition Must Be Verified
supabase/migrations/20260908042900_tournament_leases_have_fencing_generations.sql,428,release_tournament_leases_v2,Historical Declaration; Live Definition Must Be Verified
supabase/migrations/20260908042900_tournament_leases_have_fencing_generations.sql,520,trg_tournament_launch_receipt_is_immutable,Historical Declaration; Live Definition Must Be Verified
supabase/migrations/20260908042900_tournament_leases_have_fencing_generations.sql,622,fn_begin_tournament_launch_atomic,Historical Declaration; Live Definition Must Be Verified
supabase/migrations/20260908042900_tournament_leases_have_fencing_generations.sql,651,fn_complete_tournament_launch_atomic,Historical Declaration; Live Definition Must Be Verified
supabase/migrations/20260908042900_tournament_leases_have_fencing_generations.sql,686,fn_begin_tournament_launch_atomic,Historical Declaration; Live Definition Must Be Verified
supabase/migrations/20260908042900_tournament_leases_have_fencing_generations.sql,756,fn_complete_tournament_launch_atomic,Historical Declaration; Live Definition Must Be Verified
supabase/migrations/20260908043000_tournament_launch_children_share_the_transition_lock.sql,95,fn_lock_tournament_launch_proof_parents,Historical Declaration; Live Definition Must Be Verified
supabase/migrations/20260908043000_tournament_launch_children_share_the_transition_lock.sql,178,trg_lock_tournament_player_launch_proof,Historical Declaration; Live Definition Must Be Verified
supabase/migrations/20260908043000_tournament_launch_children_share_the_transition_lock.sql,263,trg_lock_and_validate_tournament_live_seat,Historical Declaration; Live Definition Must Be Verified
supabase/migrations/20260908043000_tournament_launch_children_share_the_transition_lock.sql,365,trg_lock_and_classify_tournament_table,Historical Declaration; Live Definition Must Be Verified
supabase/migrations/20260908043000_tournament_launch_children_share_the_transition_lock.sql,521,fn_stage_a_bridge_legacy_capacity_receipt,Historical Declaration; Live Definition Must Be Verified
supabase/migrations/20260908043000_tournament_launch_children_share_the_transition_lock.sql,643,trg_validate_tournament_table_origin,Historical Declaration; Live Definition Must Be Verified
supabase/migrations/20260908043000_tournament_launch_children_share_the_transition_lock.sql,739,trg_tournament_table_origin_is_immutable,Historical Declaration; Live Definition Must Be Verified
supabase/migrations/20260908043000_tournament_launch_children_share_the_transition_lock.sql,763,trg_assert_live_tournament_seat_has_roster,Historical Declaration; Live Definition Must Be Verified
supabase/migrations/20260908043100_table_leases_and_hand_commits_have_generations.sql,95,fn_engine_lease_stale_seconds,Historical Declaration; Live Definition Must Be Verified
supabase/migrations/20260908043100_table_leases_and_hand_commits_have_generations.sql,111,claim_table_lease,Historical Declaration; Live Definition Must Be Verified
supabase/migrations/20260908043100_table_leases_and_hand_commits_have_generations.sql,187,heartbeat_table_leases,Historical Declaration; Live Definition Must Be Verified
supabase/migrations/20260908043100_table_leases_and_hand_commits_have_generations.sql,203,heartbeat_table_leases_v2,Historical Declaration; Live Definition Must Be Verified
supabase/migrations/20260908043100_table_leases_and_hand_commits_have_generations.sql,251,release_table_leases,Historical Declaration; Live Definition Must Be Verified
supabase/migrations/20260908043100_table_leases_and_hand_commits_have_generations.sql,296,claim_table_lease_v2,Historical Declaration; Live Definition Must Be Verified
supabase/migrations/20260908043100_table_leases_and_hand_commits_have_generations.sql,411,heartbeat_table_leases_v3,Historical Declaration; Live Definition Must Be Verified
supabase/migrations/20260908043100_table_leases_and_hand_commits_have_generations.sql,506,release_table_leases_v2,Historical Declaration; Live Definition Must Be Verified
supabase/migrations/20260908043100_table_leases_and_hand_commits_have_generations.sql,596,fn_ca_commit_hand_settlement,Historical Declaration; Live Definition Must Be Verified
supabase/migrations/20260908043100_table_leases_and_hand_commits_have_generations.sql,690,fn_ca_commit_hand_settlement,Historical Declaration; Live Definition Must Be Verified
supabase/migrations/20260908130000_seat_first_board_creation_is_one_transaction.sql,20,fn_create_seat_first_game_atomic,Historical Declaration; Live Definition Must Be Verified
supabase/migrations/20260908043300_tournament_table_break_close_is_atomic.sql,22,trg_tournament_table_close_requires_empty,Historical Declaration; Live Definition Must Be Verified
supabase/migrations/20260908043300_tournament_table_break_close_is_atomic.sql,78,trg_refuse_live_seat_on_closed_tournament_table,Historical Declaration; Live Definition Must Be Verified
supabase/migrations/20260908043300_tournament_table_break_close_is_atomic.sql,136,fn_close_empty_tournament_table,Historical Declaration; Live Definition Must Be Verified
supabase/migrations/20260908130009_post_commit_obligations_are_atomic_and_resumable.sql,69,fn_ca_commit_hand_settlement,Historical Declaration; Live Definition Must Be Verified
supabase/migrations/20260908130009_post_commit_obligations_are_atomic_and_resumable.sql,110,fn_ca_commit_hand_settlement,Historical Declaration; Live Definition Must Be Verified
supabase/migrations/20260908130009_post_commit_obligations_are_atomic_and_resumable.sql,696,fn_ca_process_hand_post_commit_obligations,Historical Declaration; Live Definition Must Be Verified
supabase/migrations/20260908130009_post_commit_obligations_are_atomic_and_resumable.sql,1039,fn_ca_resolve_unbound_pending_addons,Historical Declaration; Live Definition Must Be Verified
supabase/migrations/20260908130009_post_commit_obligations_are_atomic_and_resumable.sql,1149,trg_finish_hand_post_commit_obligations,Historical Declaration; Live Definition Must Be Verified
supabase/migrations/20260908044150_union_close_period_boundaries_are_disjoint.sql,14,fn_union_weekly_rakeback_close,Historical Declaration; Live Definition Must Be Verified
supabase/migrations/20260908044150_union_close_period_boundaries_are_disjoint.sql,381,fn_union_weekly_rakeback_close_all,Historical Declaration; Live Definition Must Be Verified
supabase/migrations/20260908045608_settling_nothing_needs_no_wallet_and_level_stats_stop_being_a_stub.sql,115,get_user_level_stats,Historical Declaration; Live Definition Must Be Verified
supabase/migrations/20260908045746_bbj_contribution_identity_serializes_before_allocation.sql,12,bbj_record_contribution,Historical Declaration; Live Definition Must Be Verified
supabase/migrations/20260908050354_the_diamond_economy_has_a_report.sql,39,fn_ca_diamond_breakage_aging,Historical Declaration; Live Definition Must Be Verified
supabase/migrations/20260908050354_the_diamond_economy_has_a_report.sql,83,fn_ca_diamond_economy,Historical Declaration; Live Definition Must Be Verified
supabase/migrations/20260908050418_three_standing_nets_over_the_diamond_economy.sql,47,fn_ca_diamond_economy_watch,Historical Declaration; Live Definition Must Be Verified
supabase/migrations/20260908050418_three_standing_nets_over_the_diamond_economy.sql,109,fn_ca_diamond_prune_history,Historical Declaration; Live Definition Must Be Verified
supabase/migrations/20260908050418_three_standing_nets_over_the_diamond_economy.sql,148,fn_ca_diamond_unreachable_money,Historical Declaration; Live Definition Must Be Verified
supabase/migrations/20260908051016_bbj_table_routing_and_receipt_are_one_transaction.sql,15,bbj_record_table_contribution,Historical Declaration; Live Definition Must Be Verified
supabase/migrations/20260908051206_the_health_number_counts_what_players_spent_playing.sql,45,fn_ca_diamond_player_spend,Historical Declaration; Live Definition Must Be Verified
supabase/migrations/20260908051448_player_spend_is_decided_by_the_registers_own_origin_rule.sql,32,fn_ca_diamond_player_spend,Historical Declaration; Live Definition Must Be Verified
supabase/migrations/20260908052322_insurance_payment_scope_and_journal_identity.sql,12,record_insurance_transaction,Historical Declaration; Live Definition Must Be Verified
supabase/migrations/20260908060643_the_register_lost_a_movement.sql,70,fn_ca_register_diamond_journal_row,Historical Declaration; Live Definition Must Be Verified
supabase/migrations/20260908060700_what_the_second_review_found.sql,222,fn_ca_diamond_economy_watch,Historical Declaration; Live Definition Must Be Verified
supabase/migrations/20260908060700_what_the_second_review_found.sql,323,fn_ca_diamond_prune_history,Historical Declaration; Live Definition Must Be Verified
supabase/migrations/20260908114501_the_arena_gets_its_club.sql,68,fn_seed_new_club_opening_bank,Historical Declaration; Live Definition Must Be Verified
supabase/migrations/20260908114501_the_arena_gets_its_club.sql,97,fn_record_new_club_opening_bank,Historical Declaration; Live Definition Must Be Verified
supabase/migrations/20260908114533_a_horse_may_play_in_the_arena.sql,54,fn_ca_house_board_allows_automation,Historical Declaration; Live Definition Must Be Verified
supabase/migrations/20260908115639_the_closing_position_is_recorded_before_anything_is_zeroed.sql,60,fn_ca_capture_closing_position,Historical Declaration; Live Definition Must Be Verified
supabase/migrations/20260908115639_the_closing_position_is_recorded_before_anything_is_zeroed.sql,203,fn_ca_closing_position_summary,Historical Declaration; Live Definition Must Be Verified
supabase/migrations/20260908115731_the_closing_position_refuses_an_edit_on_purpose.sql,20,fn_ca_closing_position_is_immutable,Historical Declaration; Live Definition Must Be Verified
supabase/migrations/20260908121053_horse_funding_replay_is_payload_bound.sql,12,fn_horse_fund_from_treasury,Historical Declaration; Live Definition Must Be Verified
supabase/migrations/20260908123428_the_budget_stops_being_one_row.sql,100,fn_ca_diamond_engine_spent,Historical Declaration; Live Definition Must Be Verified
supabase/migrations/20260908123428_the_budget_stops_being_one_row.sql,124,fn_ca_diamond_earn_ledger,Historical Declaration; Live Definition Must Be Verified
supabase/migrations/20260908123720_ticket_escrow_keeps_its_identity.sql,10,fn_issue_tournament_ticket_phase2_core_20260831,Historical Declaration; Live Definition Must Be Verified
supabase/migrations/20260908123720_ticket_escrow_keeps_its_identity.sql,121,fn_cancel_tournament_ticket,Historical Declaration; Live Definition Must Be Verified
supabase/migrations/20260908123720_ticket_escrow_keeps_its_identity.sql,223,fn_redeem_tournament_ticket,Historical Declaration; Live Definition Must Be Verified
supabase/migrations/20260908124528_diamond_engine_spend_report_is_private_by_construction.sql,62,fn_ca_diamond_engine_spend_is_immutable,Historical Declaration; Live Definition Must Be Verified
supabase/migrations/20260908125130_agent_wallet_ledger_context_is_scoped.sql,4,fn_agent_wallet_send_core_20260830,Historical Declaration; Live Definition Must Be Verified
supabase/migrations/20260908125130_agent_wallet_ledger_context_is_scoped.sql,283,fn_agent_wallet_claim_back_phase2_core_20260831,Historical Declaration; Live Definition Must Be Verified
supabase/migrations/20260908131745_rebuy_shared_receipts_validate_amount_and_context.sql,6,atomic_table_rebuy,Historical Declaration; Live Definition Must Be Verified
supabase/migrations/20260908131745_rebuy_shared_receipts_validate_amount_and_context.sql,80,atomic_table_rebuy_before_maintenance_announcement_gate,Historical Declaration; Live Definition Must Be Verified
supabase/migrations/20260908132937_the_books_survive_the_arena.sql,52,fn_ca_diamond_offledger_float,Historical Declaration; Live Definition Must Be Verified
supabase/migrations/20260908133319_recovery_drills_cannot_count_as_production_watchdog_kills.sql,65,fn_classify_engine_recovery_event,Historical Declaration; Live Definition Must Be Verified
supabase/migrations/20260908134715_the_flip_forecast.sql,47,fn_ca_diamond_flip_forecast,Historical Declaration; Live Definition Must Be Verified
supabase/migrations/20260908134732_a_horse_is_not_test_equipment.sql,63,fn_ca_is_cert_account,Historical Declaration; Live Definition Must Be Verified
supabase/migrations/20260908134818_a_horse_collects_its_daily_bonus.sql,62,fn_ca_daily_bonus_claim,Historical Declaration; Live Definition Must Be Verified
supabase/migrations/20260908140700_horse_funding_receipts_keep_maintenance_gate.sql,159,fn_horse_fund_from_treasury_before_maintenance_gate,Historical Declaration; Live Definition Must Be Verified
supabase/migrations/20260908140700_horse_funding_receipts_keep_maintenance_gate.sql,359,fn_horse_fund_from_treasury,Historical Declaration; Live Definition Must Be Verified
supabase/migrations/20260908144013_satellite_entries_preserve_the_funded_split.sql,24,fn_award_satellite_seat,Historical Declaration; Live Definition Must Be Verified
supabase/migrations/20260908144013_satellite_entries_preserve_the_funded_split.sql,296,fn_ca_escrow_apply,Historical Declaration; Live Definition Must Be Verified
supabase/migrations/20260908144013_satellite_entries_preserve_the_funded_split.sql,413,fn_ca_escrow_on_rake_record,Historical Declaration; Live Definition Must Be Verified
supabase/migrations/20260908144013_satellite_entries_preserve_the_funded_split.sql,446,fn_ca_escrow_on_seat_transfer_leg,Historical Declaration; Live Definition Must Be Verified
supabase/migrations/20260908144013_satellite_entries_preserve_the_funded_split.sql,471,fn_ca_tournament_escrow,Historical Declaration; Live Definition Must Be Verified
supabase/migrations/20260908144013_satellite_entries_preserve_the_funded_split.sql,600,fn_deliver_satellite_ticket_exact,Historical Declaration; Live Definition Must Be Verified
supabase/migrations/20260908144733_the_daily_limit_is_a_real_number.sql,91,fn_ca_diamond_flip_forecast,Historical Declaration; Live Definition Must Be Verified
supabase/migrations/20260908144733_the_daily_limit_is_a_real_number.sql,184,fn_ca_diamond_cap_headroom,Historical Declaration; Live Definition Must Be Verified
supabase/migrations/20260908144747_the_vip_cap_and_the_expiring_claims.sql,96,fn_ca_diamond_cap_headroom,Historical Declaration; Live Definition Must Be Verified
supabase/migrations/20260908144801_five_that_answer_wrongly.sql,84,fn_ca_is_cert_account,Historical Declaration; Live Definition Must Be Verified
supabase/migrations/20260908144801_five_that_answer_wrongly.sql,137,fn_ca_diamond_budget_reality,Historical Declaration; Live Definition Must Be Verified
supabase/migrations/20260908144801_five_that_answer_wrongly.sql,197,fn_ca_engine_spend_append_only,Historical Declaration; Live Definition Must Be Verified
supabase/migrations/20260908144801_five_that_answer_wrongly.sql,216,fn_ca_diamond_flip_forecast,Historical Declaration; Live Definition Must Be Verified
supabase/migrations/20260908144801_five_that_answer_wrongly.sql,302,fn_ca_normalise_claim_loop,Historical Declaration; Live Definition Must Be Verified
supabase/migrations/20260908151633_the_flip_had_no_hand.sql,84,fn_ca_touch_updated_at,Historical Declaration; Live Definition Must Be Verified
supabase/migrations/20260908151633_the_flip_had_no_hand.sql,116,fn_ca_diamond_flip_forecast,Historical Declaration; Live Definition Must Be Verified
supabase/migrations/20260908151633_the_flip_had_no_hand.sql,223,fn_ca_diamond_rule_flip_due,Historical Declaration; Live Definition Must Be Verified
supabase/migrations/20260908151633_the_flip_had_no_hand.sql,332,fn_ca_diamond_health,Historical Declaration; Live Definition Must Be Verified
supabase/migrations/20260908151800_agent_self_stake_restores_ledger_context.sql,7,fn_agent_wallet_self_stake,Historical Declaration; Live Definition Must Be Verified
supabase/migrations/20260908152950_the_horse_claim_button.sql,71,fn_ca_horse_claim_due,Historical Declaration; Live Definition Must Be Verified
supabase/migrations/20260908152950_the_horse_claim_button.sql,202,fn_ca_diamond_health,Historical Declaration; Live Definition Must Be Verified
