file,line,tag,handlers,label,file_kind,status,suggested_phases
scripts/dev/club-entry-preview.tsx,7,ClubEntryActionBar,onCreate={() => undefined}; onFind={() => undefined}; onJoin={() => undefined},,development-or-preview,"Requires Interaction, Error, Authorization And Accessibility Verification",10;12
scripts/dev/lobby-card-shot.tsx,291,LobbyTable,onSelect={() => {}}; onActivate={() => {}},,development-or-preview,"Requires Interaction, Error, Authorization And Accessibility Verification",8;12
src/App.tsx,531,a,,,runtime-or-tooling-source,"Requires Interaction, Error, Authorization And Accessibility Verification",12
src/App.tsx,538,IntroVideo,onComplete={handleIntroComplete},,runtime-or-tooling-source,"Requires Interaction, Error, Authorization And Accessibility Verification",12
src/components/ClubLogoSelector.tsx,167,button,onClick={() => setActiveTab('preset')},,runtime-or-tooling-source,"Requires Interaction, Error, Authorization And Accessibility Verification",10;11
src/components/ClubLogoSelector.tsx,173,button,onClick={() => setActiveTab('upload')},,runtime-or-tooling-source,"Requires Interaction, Error, Authorization And Accessibility Verification",10;11
src/components/ClubLogoSelector.tsx,185,input,onChange={handleFileSelect},type=file,runtime-or-tooling-source,"Requires Interaction, Error, Authorization And Accessibility Verification",10;11
src/components/ClubLogoSelector.tsx,192,button,onClick={triggerFileInput},,runtime-or-tooling-source,"Requires Interaction, Error, Authorization And Accessibility Verification",10;11
src/components/ClubLogoSelector.tsx,200,button,onClick={() => handlePresetSelect(preset)},title={preset.name},runtime-or-tooling-source,"Requires Interaction, Error, Authorization And Accessibility Verification",10;11
src/components/IntroVideo.tsx,86,video,onEnded={handleVideoEnd},,runtime-or-tooling-source,"Requires Interaction, Error, Authorization And Accessibility Verification",11
src/components/IntroVideo.tsx,97,button,onClick={handleSkip},,runtime-or-tooling-source,"Requires Interaction, Error, Authorization And Accessibility Verification",11
src/components/Shell.tsx,30,button,"onClick={() => {
        navigate('/marketplace?tab=diamonds');
      }}",title={isVIP ? 'VIP Gold Active' : 'Get VIP Benefits'},runtime-or-tooling-source,"Requires Interaction, Error, Authorization And Accessibility Verification",11
src/components/Shell.tsx,127,button,onClick={() => setMobileMenuOpen(!mobileMenuOpen)},aria-label=Menu,runtime-or-tooling-source,"Requires Interaction, Error, Authorization And Accessibility Verification",11
src/components/Shell.tsx,188,button,onClick={() => navigate('/notifications')},"title=Notifications; aria-label={
                unreadCount > 0 ? `Notifications (${unreadCount} Unread)` : 'Notifications'
              }",runtime-or-tooling-source,"Requires Interaction, Error, Authorization And Accessibility Verification",11
src/components/Shell.tsx,200,div,"onKeyDown={(e) => {
                if (e.key === 'Enter' || e.key === ' ') e.currentTarget.click();
              }}; onClick={() => {
                navigate('/marketplace?tab=diamonds');
              }}",aria-label=View Diamond Balance,runtime-or-tooling-source,"Requires Interaction, Error, Authorization And Accessibility Verification",11
src/components/Shell.tsx,232,button,onClick={() => navigate('/profile')},aria-label=Open Profile,runtime-or-tooling-source,"Requires Interaction, Error, Authorization And Accessibility Verification",11
src/components/Shell.tsx,242,button,onClick={() => setMobileMenuOpen(!mobileMenuOpen)},aria-label={mobileMenuOpen ? 'Close Menu' : 'Open Menu'},runtime-or-tooling-source,"Requires Interaction, Error, Authorization And Accessibility Verification",11
src/components/Shell.tsx,263,NavLink,onClick={() => setMobileMenuOpen(false)},,runtime-or-tooling-source,"Requires Interaction, Error, Authorization And Accessibility Verification",11
src/components/Shell.tsx,267,NavLink,onClick={() => setMobileMenuOpen(false)},,runtime-or-tooling-source,"Requires Interaction, Error, Authorization And Accessibility Verification",11
src/components/Shell.tsx,271,NavLink,onClick={() => setMobileMenuOpen(false)},,runtime-or-tooling-source,"Requires Interaction, Error, Authorization And Accessibility Verification",11
src/components/Shell.tsx,275,NavLink,onClick={() => setMobileMenuOpen(false)},,runtime-or-tooling-source,"Requires Interaction, Error, Authorization And Accessibility Verification",11
src/components/Shell.tsx,278,NavLink,onClick={() => setMobileMenuOpen(false)},,runtime-or-tooling-source,"Requires Interaction, Error, Authorization And Accessibility Verification",11
src/components/Shell.tsx,292,InAppAlerts,onDismiss={dismissAlert},,runtime-or-tooling-source,"Requires Interaction, Error, Authorization And Accessibility Verification",11
src/components/accordions/Accordion.tsx,30,button,onClick={() => toggle(item.id)},,runtime-or-tooling-source,"Requires Interaction, Error, Authorization And Accessibility Verification",11
src/components/accordions/Collapsible.tsx,19,button,onClick={() => setIsOpen(!isOpen)},,runtime-or-tooling-source,"Requires Interaction, Error, Authorization And Accessibility Verification",11
src/components/achievements/AchievementBadge.tsx,57,div,onClick={onClick},,runtime-or-tooling-source,"Requires Interaction, Error, Authorization And Accessibility Verification",11
src/components/achievements/AchievementShareCard.tsx,209,div,onClick={onClose},,runtime-or-tooling-source,"Requires Interaction, Error, Authorization And Accessibility Verification",11
src/components/achievements/AchievementShareCard.tsx,210,div,onClick={(e) => e.stopPropagation()},,runtime-or-tooling-source,"Requires Interaction, Error, Authorization And Accessibility Verification",11
src/components/achievements/AchievementShareCard.tsx,213,button,onClick={onClose},,runtime-or-tooling-source,"Requires Interaction, Error, Authorization And Accessibility Verification",11
src/components/achievements/AchievementShareCard.tsx,235,button,onClick={handleShare},,runtime-or-tooling-source,"Requires Interaction, Error, Authorization And Accessibility Verification",11
src/components/admin/AdminCommandPalette.tsx,218,div,onClick={() => setIsOpen(false)},,runtime-or-tooling-source,"Requires Interaction, Error, Authorization And Accessibility Verification",11
src/components/admin/AdminCommandPalette.tsx,276,input,"onChange={(e) => {
              setSearch(e.target.value);
              setSelectedIndex(0);
            }}; onKeyDown={handleKeyDown}",,runtime-or-tooling-source,"Requires Interaction, Error, Authorization And Accessibility Verification",11
src/components/admin/AdminCommandPalette.tsx,340,div,"onClick={() => {
                      action.action();
                      setIsOpen(false);
                    }}; onMouseEnter={() => setSelectedIndex(idx)}",,runtime-or-tooling-source,"Requires Interaction, Error, Authorization And Accessibility Verification",11
src/components/admin/AdminTableHeatmap.tsx,162,button,"onClick={() => {
                haptic('light');
                setViewMode(mode);
              }}",,runtime-or-tooling-source,"Requires Interaction, Error, Authorization And Accessibility Verification",4;11
src/components/admin/AdminTableHeatmap.tsx,198,div,"onClick={() => {
                haptic('medium');
                onAction?.({ action: 'manage', table: t });
              }}",,runtime-or-tooling-source,"Requires Interaction, Error, Authorization And Accessibility Verification",4;11
src/components/admin/ArenaLedger.tsx,221,button,onClick={() => setIsLive(!isLive)},,runtime-or-tooling-source,"Requires Interaction, Error, Authorization And Accessibility Verification",11
src/components/admin/ArenaLedger.tsx,227,button,onClick={fetchEntries},,runtime-or-tooling-source,"Requires Interaction, Error, Authorization And Accessibility Verification",11
src/components/admin/ArenaLedger.tsx,235,input,onChange={(e) => setSearchQuery(e.target.value)},type=text,runtime-or-tooling-source,"Requires Interaction, Error, Authorization And Accessibility Verification",11
src/components/admin/ArenaLedger.tsx,242,select,onChange={(e) => setFilter(e.target.value)},,runtime-or-tooling-source,"Requires Interaction, Error, Authorization And Accessibility Verification",11
src/components/admin/AuditLog.tsx,304,button,onClick={() => setFilter(f)},,runtime-or-tooling-source,"Requires Interaction, Error, Authorization And Accessibility Verification",11
src/components/admin/AuditLog.tsx,310,input,onChange={(e) => setSearch(e.target.value)},type=text,runtime-or-tooling-source,"Requires Interaction, Error, Authorization And Accessibility Verification",11
src/components/admin/AuditLog.tsx,376,button,"onClick={async () => {
                  setLoadingMore(true);
                  await loadAuditLog({ silent: true, limit: loadedLimit + AUDIT_PAGE_SIZE });
                  if (isMounted.current) setLoadingMore(false);
                }}",type=button,runtime-or-tooling-source,"Requires Interaction, Error, Authorization And Accessibility Verification",11
src/components/admin/ClubMemberManagement.tsx,306,button,onClick={() => loadMembers()},type=button,runtime-or-tooling-source,"Requires Interaction, Error, Authorization And Accessibility Verification",10;11
src/components/admin/ClubMemberManagement.tsx,317,input,onChange={(e) => setSearchTerm(e.target.value)},type=text,runtime-or-tooling-source,"Requires Interaction, Error, Authorization And Accessibility Verification",10;11
src/components/admin/ClubMemberManagement.tsx,326,select,onChange={(e) => setRoleFilter(e.target.value)},,runtime-or-tooling-source,"Requires Interaction, Error, Authorization And Accessibility Verification",10;11
src/components/admin/ClubMemberManagement.tsx,334,select,onChange={(e) => setSortBy(e.target.value as any)},,runtime-or-tooling-source,"Requires Interaction, Error, Authorization And Accessibility Verification",10;11
src/components/admin/ClubMemberManagement.tsx,383,select,"onChange={(e) => updateRole(member.id, e.target.value as ClubRole)}",,runtime-or-tooling-source,"Requires Interaction, Error, Authorization And Accessibility Verification",10;11
src/components/admin/ClubMemberManagement.tsx,399,button,"onClick={() => toggleBan(member.id, member.isBanned)}",type=button,runtime-or-tooling-source,"Requires Interaction, Error, Authorization And Accessibility Verification",10;11
src/components/admin/ClubMemberManagement.tsx,407,button,onClick={() => kickMember(member)},"type=button; aria-label={`Remove ${member.username} From The Club`}; title={
                    member.chipsAtRisk > 0
                      ? 'Holds Or Owes Chips In This Club. Settle Before Removing.'
                      : 'Remove From Club'
                  }",runtime-or-tooling-source,"Requires Interaction, Error, Authorization And Accessibility Verification",10;11
src/components/admin/PlayerSearch.tsx,230,button,onClick={() => setSearchType(type)},,runtime-or-tooling-source,"Requires Interaction, Error, Authorization And Accessibility Verification",11
src/components/admin/PlayerSearch.tsx,240,input,onChange={(e) => setQuery(e.target.value)}; onKeyDown={(e) => e.key === 'Enter' && handleSearch()},type=text,runtime-or-tooling-source,"Requires Interaction, Error, Authorization And Accessibility Verification",11
src/components/admin/PlayerSearch.tsx,247,button,onClick={handleSearch},,runtime-or-tooling-source,"Requires Interaction, Error, Authorization And Accessibility Verification",11
src/components/admin/PlayerSearch.tsx,277,div,onClick={() => onPlayerSelect?.(player)},,runtime-or-tooling-source,"Requires Interaction, Error, Authorization And Accessibility Verification",11
src/components/admin/PlayerSearch.tsx,289,img,"onError={(e) => {
                      (e.target as HTMLImageElement).src = generateDefaultAvatar();
                    }}",,runtime-or-tooling-source,"Requires Interaction, Error, Authorization And Accessibility Verification",11
src/components/admin/PlayerSearch.tsx,315,button,"onClick={(e) => {
                    e.stopPropagation();
                    onViewProfile?.(player.id);
                  }}",,runtime-or-tooling-source,"Requires Interaction, Error, Authorization And Accessibility Verification",11
src/components/admin/PlayerSearch.tsx,325,button,"onClick={(e) => {
                      e.stopPropagation();
                      onBanPlayer?.(player.id);
                    }}",,runtime-or-tooling-source,"Requires Interaction, Error, Authorization And Accessibility Verification",11
src/components/admin/RakeReports.tsx,283,button,onClick={() => void loadRakeData()},,runtime-or-tooling-source,"Requires Interaction, Error, Authorization And Accessibility Verification",5;9;11
src/components/admin/RakeReports.tsx,307,button,onClick={() => setPeriod(p)},,runtime-or-tooling-source,"Requires Interaction, Error, Authorization And Accessibility Verification",5;9;11
src/components/admin/RakeReports.tsx,377,input,"onChange={(e) => setLookupInput(e.target.value)}; onKeyDown={(e) => {
              if (e.key === 'Enter') lookupHand();
            }}",aria-label=Hand ID Or Hand Number,runtime-or-tooling-source,"Requires Interaction, Error, Authorization And Accessibility Verification",5;9;11
src/components/admin/RakeReports.tsx,387,button,onClick={lookupHand},,runtime-or-tooling-source,"Requires Interaction, Error, Authorization And Accessibility Verification",5;9;11
src/components/admin/RakeReports.tsx,444,button,onClick={exportCSV},,runtime-or-tooling-source,"Requires Interaction, Error, Authorization And Accessibility Verification",5;9;11
src/components/admin/SecurityDashboard.tsx,116,button,onClick={() => setExpanded(!expanded)},,runtime-or-tooling-source,"Requires Interaction, Error, Authorization And Accessibility Verification",2;6;11
src/components/admin/StatsExport.tsx,270,div,onClick={onClose},,runtime-or-tooling-source,"Requires Interaction, Error, Authorization And Accessibility Verification",9;11
src/components/admin/StatsExport.tsx,271,div,onClick={(e) => e.stopPropagation()},,runtime-or-tooling-source,"Requires Interaction, Error, Authorization And Accessibility Verification",9;11
src/components/admin/StatsExport.tsx,282,button,onClick={onClose},,runtime-or-tooling-source,"Requires Interaction, Error, Authorization And Accessibility Verification",9;11
src/components/admin/StatsExport.tsx,292,button,onClick={() => setDataset('members')},,runtime-or-tooling-source,"Requires Interaction, Error, Authorization And Accessibility Verification",9;11
src/components/admin/StatsExport.tsx,298,button,onClick={() => setDataset('hands')},,runtime-or-tooling-source,"Requires Interaction, Error, Authorization And Accessibility Verification",9;11
src/components/admin/StatsExport.tsx,311,button,onClick={() => setFormat('csv')},,runtime-or-tooling-source,"Requires Interaction, Error, Authorization And Accessibility Verification",9;11
src/components/admin/StatsExport.tsx,314,button,onClick={() => setFormat('json')},,runtime-or-tooling-source,"Requires Interaction, Error, Authorization And Accessibility Verification",9;11
src/components/admin/StatsExport.tsx,326,select,onChange={(e) => setDateRange(e.target.value as any)},,runtime-or-tooling-source,"Requires Interaction, Error, Authorization And Accessibility Verification",9;11
src/components/admin/StatsExport.tsx,342,button,onClick={exportStats},,runtime-or-tooling-source,"Requires Interaction, Error, Authorization And Accessibility Verification",9;11
src/components/ads/HouseAdCard.tsx,106,img,onError={() => setImageFailed(true)},,runtime-or-tooling-source,"Requires Interaction, Error, Authorization And Accessibility Verification",11
src/components/ads/HouseAdCard.tsx,142,button,onClick={activate},type=button; aria-label={`Smarter Poker: ${ad.headline}${ad.body ? `. ${ad.body}` : ''}`},runtime-or-tooling-source,"Requires Interaction, Error, Authorization And Accessibility Verification",11
src/components/agent/AgentAssignmentPanel.tsx,177,select,onChange={(e) => setPlayerId(e.target.value)},,runtime-or-tooling-source,"Requires Interaction, Error, Authorization And Accessibility Verification",10;11
src/components/agent/AgentAssignmentPanel.tsx,185,select,onChange={(e) => setPlayerAgentId(e.target.value)},,runtime-or-tooling-source,"Requires Interaction, Error, Authorization And Accessibility Verification",10;11
src/components/agent/AgentAssignmentPanel.tsx,197,button,onClick={() => void assignPlayer()},,runtime-or-tooling-source,"Requires Interaction, Error, Authorization And Accessibility Verification",10;11
src/components/agent/AgentAssignmentPanel.tsx,215,select,onChange={(e) => setAgentId(e.target.value)},,runtime-or-tooling-source,"Requires Interaction, Error, Authorization And Accessibility Verification",10;11
src/components/agent/AgentAssignmentPanel.tsx,225,select,onChange={(e) => setSuperAgentId(e.target.value)},,runtime-or-tooling-source,"Requires Interaction, Error, Authorization And Accessibility Verification",10;11
src/components/agent/AgentAssignmentPanel.tsx,233,button,onClick={() => void assignAgent()},,runtime-or-tooling-source,"Requires Interaction, Error, Authorization And Accessibility Verification",10;11
src/components/agent/AgentBackOffice.tsx,80,button,onClick={() => void load()},,runtime-or-tooling-source,"Requires Interaction, Error, Authorization And Accessibility Verification",10;11
src/components/agent/AgentBackOffice.tsx,202,Th,onSort={setSort},,runtime-or-tooling-source,"Requires Interaction, Error, Authorization And Accessibility Verification",10;11
src/components/agent/AgentBackOffice.tsx,205,Th,onSort={setSort},,runtime-or-tooling-source,"Requires Interaction, Error, Authorization And Accessibility Verification",10;11
src/components/agent/AgentBackOffice.tsx,208,Th,onSort={setSort},,runtime-or-tooling-source,"Requires Interaction, Error, Authorization And Accessibility Verification",10;11
src/components/agent/AgentBackOffice.tsx,211,Th,onSort={setSort},,runtime-or-tooling-source,"Requires Interaction, Error, Authorization And Accessibility Verification",10;11
src/components/agent/AgentBackOffice.tsx,214,Th,onSort={setSort},,runtime-or-tooling-source,"Requires Interaction, Error, Authorization And Accessibility Verification",10;11
src/components/agent/AgentBackOffice.tsx,217,Th,onSort={setSort},,runtime-or-tooling-source,"Requires Interaction, Error, Authorization And Accessibility Verification",10;11
src/components/agent/AgentBackOffice.tsx,293,th,onClick={() => onSort(field)},,runtime-or-tooling-source,"Requires Interaction, Error, Authorization And Accessibility Verification",10;11
src/components/agent/AgentCashoutPanel.tsx,354,button,onClick={loadCashouts},,runtime-or-tooling-source,"Requires Interaction, Error, Authorization And Accessibility Verification",1;10;11
src/components/agent/AgentCashoutPanel.tsx,379,button,onClick={loadCashouts},title=Refresh,runtime-or-tooling-source,"Requires Interaction, Error, Authorization And Accessibility Verification",1;10;11
src/components/agent/AgentCashoutPanel.tsx,426,button,onClick={() => handleApprove(cashout)},,runtime-or-tooling-source,"Requires Interaction, Error, Authorization And Accessibility Verification",1;10;11
src/components/agent/AgentCashoutPanel.tsx,433,button,"onClick={() => handleReject(cashout, 'Request declined')}",,runtime-or-tooling-source,"Requires Interaction, Error, Authorization And Accessibility Verification",1;10;11
src/components/agent/AgentCommissionDashboard.tsx,382,button,onClick={() => setActiveTab('summary')},,runtime-or-tooling-source,"Requires Interaction, Error, Authorization And Accessibility Verification",5;10;11
src/components/agent/AgentCommissionDashboard.tsx,388,button,onClick={() => setActiveTab('records')},,runtime-or-tooling-source,"Requires Interaction, Error, Authorization And Accessibility Verification",5;10;11
src/components/agent/AgentCommissionDashboard.tsx,394,button,onClick={() => setActiveTab('subagents')},,runtime-or-tooling-source,"Requires Interaction, Error, Authorization And Accessibility Verification",5;10;11
src/components/agent/AgentCommissionDashboard.tsx,419,button,onClick={claimPayout},title={!clubId ? 'Open This From A Club To Claim' : undefined},runtime-or-tooling-source,"Requires Interaction, Error, Authorization And Accessibility Verification",5;10;11
src/components/agent/AgentCommissionDashboard.tsx,550,button,onClick={() => loadDataRef.current()},,runtime-or-tooling-source,"Requires Interaction, Error, Authorization And Accessibility Verification",5;10;11
src/components/agent/AgentHierarchyTree.tsx,96,div,onClick={() => onSelectAgent?.(node)},,runtime-or-tooling-source,"Requires Interaction, Error, Authorization And Accessibility Verification",10;11
src/components/agent/AgentHierarchyTree.tsx,98,button,"onClick={(e) => {
                e.stopPropagation();
                toggleExpand(node.id);
              }}",,runtime-or-tooling-source,"Requires Interaction, Error, Authorization And Accessibility Verification",10;11
src/components/agent/AgentHierarchyTree.tsx,154,button,onClick={loadHierarchy},,runtime-or-tooling-source,"Requires Interaction, Error, Authorization And Accessibility Verification",10;11
src/components/agent/AgentInvoicesPanel.tsx,181,button,onClick={() => handlePay(inv)},type=button,runtime-or-tooling-source,"Requires Interaction, Error, Authorization And Accessibility Verification",10;11
src/components/agent/AgentPromoPanel.tsx,452,select,onChange={(e) => setSelectedPlayer(e.target.value)},,runtime-or-tooling-source,"Requires Interaction, Error, Authorization And Accessibility Verification",5;10;11
src/components/agent/AgentPromoPanel.tsx,494,input,onChange={(e) => setAmount(e.target.value)},type=number,runtime-or-tooling-source,"Requires Interaction, Error, Authorization And Accessibility Verification",5;10;11
src/components/agent/AgentPromoPanel.tsx,516,button,onClick={() => setAmount(String(p))},,runtime-or-tooling-source,"Requires Interaction, Error, Authorization And Accessibility Verification",5;10;11
src/components/agent/AgentPromoPanel.tsx,533,button,onClick={() => setAmount(String(promoBalance))},,runtime-or-tooling-source,"Requires Interaction, Error, Authorization And Accessibility Verification",5;10;11
src/components/agent/AgentPromoPanel.tsx,549,button,onClick={handleDistribute},,runtime-or-tooling-source,"Requires Interaction, Error, Authorization And Accessibility Verification",5;10;11
src/components/agent/AgentTree.tsx,136,div,onClick={() => onAgentClick?.(node)},,runtime-or-tooling-source,"Requires Interaction, Error, Authorization And Accessibility Verification",10;11
src/components/agent/AgentTree.tsx,142,button,"onClick={(e) => {
              e.stopPropagation();
              onToggle(node.id);
            }}",,runtime-or-tooling-source,"Requires Interaction, Error, Authorization And Accessibility Verification",10;11
src/components/agent/AgentTree.tsx,157,img,"onError={(e) => {
                (e.target as HTMLImageElement).src = generateDefaultAvatar();
              }}",,runtime-or-tooling-source,"Requires Interaction, Error, Authorization And Accessibility Verification",10;11
src/components/agent/AgentTree.tsx,204,button,"onClick={(e) => {
              e.stopPropagation();
              onTransferClick(node);
            }}",aria-label=Transfer,runtime-or-tooling-source,"Requires Interaction, Error, Authorization And Accessibility Verification",10;11
src/components/agent/AgentTree.tsx,219,TreeNode,onToggle={onToggle}; onAgentClick={onAgentClick}; onTransferClick={onTransferClick},,runtime-or-tooling-source,"Requires Interaction, Error, Authorization And Accessibility Verification",10;11
src/components/agent/AgentTree.tsx,324,input,onChange={(e) => setSearch(e.target.value)},,runtime-or-tooling-source,"Requires Interaction, Error, Authorization And Accessibility Verification",10;11
src/components/agent/AgentTree.tsx,331,button,onClick={expandAll},,runtime-or-tooling-source,"Requires Interaction, Error, Authorization And Accessibility Verification",10;11
src/components/agent/AgentTree.tsx,334,button,onClick={collapseAll},,runtime-or-tooling-source,"Requires Interaction, Error, Authorization And Accessibility Verification",10;11
src/components/agent/AgentTree.tsx,337,button,onClick={loadAgents},,runtime-or-tooling-source,"Requires Interaction, Error, Authorization And Accessibility Verification",10;11
src/components/agent/AgentTree.tsx,345,TreeNode,onToggle={handleToggle}; onAgentClick={onAgentClick}; onTransferClick={onTransferClick},,runtime-or-tooling-source,"Requires Interaction, Error, Authorization And Accessibility Verification",10;11
src/components/agent/ChipTransferModal.tsx,637,div,"onClick={handleClose}; onKeyDown={(e) => {
        if (e.key === 'Escape') {
          e.preventDefault();
          handleClose();
          return;
        }
        if (e.key !== 'Tab') return;
        const focusable = Array.from(
          modalRef.current?.querySelectorAll<HTMLElement>(
            'button:not([disabled]), input:not([disabled]), select:not([disabled]), [tabindex]:not([tabindex=""-1""])'
          ) ?? []
        );
        if (focusable.length === 0) return;
        const first = focusable[0];
        const last = focusable[focusable.length - 1];
        if (e.shiftKey && document.activeElement === first) {
          e.preventDefault();
          last.focus();
        } else if (!e.shiftKey && document.activeElement === last) {
          e.preventDefault();
          first.focus();
        }
      }}",,runtime-or-tooling-source,"Requires Interaction, Error, Authorization And Accessibility Verification",10;11
src/components/agent/ChipTransferModal.tsx,664,div,onClick={(e) => e.stopPropagation()},,runtime-or-tooling-source,"Requires Interaction, Error, Authorization And Accessibility Verification",10;11
src/components/agent/ChipTransferModal.tsx,679,button,onClick={handleClose},type=button; aria-label=Close,runtime-or-tooling-source,"Requires Interaction, Error, Authorization And Accessibility Verification",10;11
src/components/agent/ChipTransferModal.tsx,722,input,onChange={(e) => setSearchQuery(e.target.value)},id=chip-transfer-search; type=text; aria-label=Search Recipients,runtime-or-tooling-source,"Requires Interaction, Error, Authorization And Accessibility Verification",10;11
src/components/agent/ChipTransferModal.tsx,742,select,onChange={(e) => setSelectedRecipient(e.target.value)},aria-label=Recipient,runtime-or-tooling-source,"Requires Interaction, Error, Authorization And Accessibility Verification",10;11
src/components/agent/ChipTransferModal.tsx,785,input,onChange={(e) => setAmount(e.target.value)},id=chip-transfer-amount; type=number,runtime-or-tooling-source,"Requires Interaction, Error, Authorization And Accessibility Verification",10;11
src/components/agent/ChipTransferModal.tsx,798,button,onClick={() => setAmount(String(val))},type=button,runtime-or-tooling-source,"Requires Interaction, Error, Authorization And Accessibility Verification",10;11
src/components/agent/ChipTransferModal.tsx,802,button,onClick={() => setAmount(String(senderBalance ?? 0))},type=button,runtime-or-tooling-source,"Requires Interaction, Error, Authorization And Accessibility Verification",10;11
src/components/agent/ChipTransferModal.tsx,839,input,onChange={(e) => setNote(e.target.value)},id=chip-transfer-note; type=text,runtime-or-tooling-source,"Requires Interaction, Error, Authorization And Accessibility Verification",10;11
src/components/agent/ChipTransferModal.tsx,853,button,onClick={handleTransfer},,runtime-or-tooling-source,"Requires Interaction, Error, Authorization And Accessibility Verification",10;11
src/components/agent/CommissionHistoryModal.tsx,179,div,onClick={onClose},,runtime-or-tooling-source,"Requires Interaction, Error, Authorization And Accessibility Verification",5;9;10;11
src/components/agent/CommissionHistoryModal.tsx,180,div,onClick={(e) => e.stopPropagation()},,runtime-or-tooling-source,"Requires Interaction, Error, Authorization And Accessibility Verification",5;9;10;11
src/components/agent/CommissionHistoryModal.tsx,185,button,onClick={onClose},,runtime-or-tooling-source,"Requires Interaction, Error, Authorization And Accessibility Verification",5;9;10;11
src/components/agent/CommissionHistoryModal.tsx,231,button,onClick={() => setFilter('all')},,runtime-or-tooling-source,"Requires Interaction, Error, Authorization And Accessibility Verification",5;9;10;11
src/components/agent/CommissionHistoryModal.tsx,237,button,onClick={() => setFilter('rake')},,runtime-or-tooling-source,"Requires Interaction, Error, Authorization And Accessibility Verification",5;9;10;11
src/components/agent/CommissionHistoryModal.tsx,243,button,onClick={() => setFilter('payout')},,runtime-or-tooling-source,"Requires Interaction, Error, Authorization And Accessibility Verification",5;9;10;11
src/components/agent/CommissionHistoryModal.tsx,251,button,onClick={() => setDateRange('week')},,runtime-or-tooling-source,"Requires Interaction, Error, Authorization And Accessibility Verification",5;9;10;11
src/components/agent/CommissionHistoryModal.tsx,257,button,onClick={() => setDateRange('month')},,runtime-or-tooling-source,"Requires Interaction, Error, Authorization And Accessibility Verification",5;9;10;11
src/components/agent/CommissionHistoryModal.tsx,263,button,onClick={() => setDateRange('all')},,runtime-or-tooling-source,"Requires Interaction, Error, Authorization And Accessibility Verification",5;9;10;11
src/components/agent/CreditRequestWidget.tsx,189,button,onClick={() => setShowRequestForm(!showRequestForm)},,runtime-or-tooling-source,"Requires Interaction, Error, Authorization And Accessibility Verification",4;10;11
src/components/agent/CreditRequestWidget.tsx,197,input,onChange={(e) => setRequestAmount(e.target.value)},type=number,runtime-or-tooling-source,"Requires Interaction, Error, Authorization And Accessibility Verification",4;10;11
src/components/agent/CreditRequestWidget.tsx,203,textarea,onChange={(e) => setRequestReason(e.target.value)},,runtime-or-tooling-source,"Requires Interaction, Error, Authorization And Accessibility Verification",4;10;11
src/components/agent/CreditRequestWidget.tsx,208,button,onClick={handleSubmitRequest},,runtime-or-tooling-source,"Requires Interaction, Error, Authorization And Accessibility Verification",4;10;11
src/components/agent/CreditRequestWidget.tsx,239,button,onClick={() => handleApprove(req)},,runtime-or-tooling-source,"Requires Interaction, Error, Authorization And Accessibility Verification",4;10;11
src/components/agent/CreditRequestWidget.tsx,242,button,onClick={() => handleDeny(req)},,runtime-or-tooling-source,"Requires Interaction, Error, Authorization And Accessibility Verification",4;10;11
src/components/agent/DistributionHistory.tsx,123,button,onClick={() => setDateRange(range)},,runtime-or-tooling-source,"Requires Interaction, Error, Authorization And Accessibility Verification",9;10;11
src/components/agent/DistributionHistory.tsx,157,input,onChange={(e) => setSearchTerm(e.target.value)},type=text,runtime-or-tooling-source,"Requires Interaction, Error, Authorization And Accessibility Verification",9;10;11
src/components/agent/DownlineRakePanel.tsx,155,select,"onChange={(e) => {
              setClubId(e.target.value);
              setCrumbs([]);
            }}",,runtime-or-tooling-source,"Requires Interaction, Error, Authorization And Accessibility Verification",5;10;11
src/components/agent/DownlineRakePanel.tsx,178,button,onClick={() => setWin(w.key)},,runtime-or-tooling-source,"Requires Interaction, Error, Authorization And Accessibility Verification",5;10;11
src/components/agent/DownlineRakePanel.tsx,182,input,onChange={(e) => setSearch(e.target.value)},,runtime-or-tooling-source,"Requires Interaction, Error, Authorization And Accessibility Verification",5;10;11
src/components/agent/DownlineRakePanel.tsx,210,button,onClick={() => popTo(0)},,runtime-or-tooling-source,"Requires Interaction, Error, Authorization And Accessibility Verification",5;10;11
src/components/agent/DownlineRakePanel.tsx,225,button,onClick={() => popTo(i + 1)},,runtime-or-tooling-source,"Requires Interaction, Error, Authorization And Accessibility Verification",5;10;11
src/components/agent/DownlineRakePanel.tsx,258,button,onClick={() => void load()},,runtime-or-tooling-source,"Requires Interaction, Error, Authorization And Accessibility Verification",5;10;11
src/components/agent/DownlineRakePanel.tsx,378,tr,onClick={() => drillInto(r)},,runtime-or-tooling-source,"Requires Interaction, Error, Authorization And Accessibility Verification",5;10;11
src/components/agent/PlayerInviteModal.tsx,223,div,onClick={onClose},,runtime-or-tooling-source,"Requires Interaction, Error, Authorization And Accessibility Verification",10;11
src/components/agent/PlayerInviteModal.tsx,224,div,onClick={(e) => e.stopPropagation()},,runtime-or-tooling-source,"Requires Interaction, Error, Authorization And Accessibility Verification",10;11
src/components/agent/PlayerInviteModal.tsx,236,button,onClick={onClose},,runtime-or-tooling-source,"Requires Interaction, Error, Authorization And Accessibility Verification",10;11
src/components/agent/PlayerInviteModal.tsx,243,button,onClick={() => setMode('search')},,runtime-or-tooling-source,"Requires Interaction, Error, Authorization And Accessibility Verification",10;11
src/components/agent/PlayerInviteModal.tsx,249,button,onClick={() => setMode('invite')},,runtime-or-tooling-source,"Requires Interaction, Error, Authorization And Accessibility Verification",10;11
src/components/agent/PlayerInviteModal.tsx,266,input,onChange={(e) => setSearchQuery(e.target.value)}; onKeyPress={(e) => e.key === 'Enter' && handleSearch()},type=text,runtime-or-tooling-source,"Requires Interaction, Error, Authorization And Accessibility Verification",10;11
src/components/agent/PlayerInviteModal.tsx,273,button,onClick={handleSearch},,runtime-or-tooling-source,"Requires Interaction, Error, Authorization And Accessibility Verification",10;11
src/components/agent/PlayerInviteModal.tsx,297,button,onClick={() => handleAddPlayer(player)},,runtime-or-tooling-source,"Requires Interaction, Error, Authorization And Accessibility Verification",10;11
src/components/agent/PlayerInviteModal.tsx,315,button,onClick={generateInviteCode},,runtime-or-tooling-source,"Requires Interaction, Error, Authorization And Accessibility Verification",10;11
src/components/agent/PlayerInviteModal.tsx,325,button,onClick={copyCode},,runtime-or-tooling-source,"Requires Interaction, Error, Authorization And Accessibility Verification",10;11
src/components/alerts/Alert.tsx,27,button,onClick={onClose},,runtime-or-tooling-source,"Requires Interaction, Error, Authorization And Accessibility Verification",11
src/components/auth/ClubCapabilityGuard.tsx,69,PermissionState,"onBack={() => navigate(destination, { replace: true })}",title=This Tool Is Restricted,runtime-or-tooling-source,"Requires Interaction, Error, Authorization And Accessibility Verification",6;10;11
src/components/auth/ClubMemberGuard.tsx,27,ErrorState,onRetry={workspace.reload},,runtime-or-tooling-source,"Requires Interaction, Error, Authorization And Accessibility Verification",6;10;11
src/components/auth/GameCreationGuard.tsx,42,ErrorState,onRetry={() => void checkAccess()},,runtime-or-tooling-source,"Requires Interaction, Error, Authorization And Accessibility Verification",6;11
src/components/auth/GameCreationGuard.tsx,47,ErrorState,"onRetry={() => navigate(`/clubs/${clubId}`, { replace: true })}",,runtime-or-tooling-source,"Requires Interaction, Error, Authorization And Accessibility Verification",6;11
src/components/avatars/PlayerAvatar.tsx,138,div,onClick={onClick},aria-label={alt},runtime-or-tooling-source,"Requires Interaction, Error, Authorization And Accessibility Verification",11
src/components/avatars/PlayerAvatar.tsx,153,img,"onError={(e) => {
              (e.target as HTMLImageElement).src = generateDefaultAvatar();
            }}",,runtime-or-tooling-source,"Requires Interaction, Error, Authorization And Accessibility Verification",11
src/components/avatars/PlayerAvatar.tsx,201,div,onClick={onClick},,runtime-or-tooling-source,"Requires Interaction, Error, Authorization And Accessibility Verification",11
src/components/avatars/PlayerAvatar.tsx,202,PlayerAvatar,onClick={undefined},name={name},runtime-or-tooling-source,"Requires Interaction, Error, Authorization And Accessibility Verification",11
src/components/bbj/BBJHandDetail.tsx,115,button,onClick={onBack},aria-label=Back To Winners,runtime-or-tooling-source,"Requires Interaction, Error, Authorization And Accessibility Verification",5;11
src/components/bbj/BBJHandDetail.tsx,205,Header,onBack={onBack},,runtime-or-tooling-source,"Requires Interaction, Error, Authorization And Accessibility Verification",5;11
src/components/bbj/BBJHandDetail.tsx,218,Header,onBack={onBack},,runtime-or-tooling-source,"Requires Interaction, Error, Authorization And Accessibility Verification",5;11
src/components/bbj/BBJHandDetail.tsx,272,Header,onBack={onBack},,runtime-or-tooling-source,"Requires Interaction, Error, Authorization And Accessibility Verification",5;11
src/components/bbj/BBJHandDetail.tsx,313,Header,onBack={onBack},,runtime-or-tooling-source,"Requires Interaction, Error, Authorization And Accessibility Verification",5;11
src/components/bbj/BBJHitAnnouncer.tsx,98,BBJHitNotification,"onObserve={() => {
        masterBus.emit('OPEN_OBSERVE_TABLE', {
          tableId: notice.tableId,
          tableName: notice.tableName,
        });
        clear();
      }}; onDone={clear}",,runtime-or-tooling-source,"Requires Interaction, Error, Authorization And Accessibility Verification",5;11
src/components/bbj/BBJHitNotification.tsx,142,button,onClick={onObserve},type=button,runtime-or-tooling-source,"Requires Interaction, Error, Authorization And Accessibility Verification",5;10;11
src/components/bbj/BBJInfoModal.tsx,226,div,onClick={onClose},,runtime-or-tooling-source,"Requires Interaction, Error, Authorization And Accessibility Verification",5;11
src/components/bbj/BBJInfoModal.tsx,227,div,onClick={(e) => e.stopPropagation()}; onKeyDown={onDialogKeyDown},aria-label=Bad Beat Jackpot,runtime-or-tooling-source,"Requires Interaction, Error, Authorization And Accessibility Verification",5;11
src/components/bbj/BBJInfoModal.tsx,247,button,onClick={onClose},aria-label=Close,runtime-or-tooling-source,"Requires Interaction, Error, Authorization And Accessibility Verification",5;11
src/components/bbj/BBJInfoModal.tsx,252,div,onKeyDown={onTabsKeyDown},aria-label=Bad Beat Jackpot Sections,runtime-or-tooling-source,"Requires Interaction, Error, Authorization And Accessibility Verification",5;11
src/components/bbj/BBJInfoModal.tsx,259,button,onClick={() => switchTab(t.key)},id={`bbj-tab-${t.key}`},runtime-or-tooling-source,"Requires Interaction, Error, Authorization And Accessibility Verification",5;11
src/components/bbj/BBJInfoModal.tsx,283,BBJHandDetail,onBack={() => setOpenHandPayoutId(null)},,runtime-or-tooling-source,"Requires Interaction, Error, Authorization And Accessibility Verification",5;11
src/components/bbj/BBJInfoModal.tsx,290,BBJRecentHits,onOpenHand={setOpenHandPayoutId},,runtime-or-tooling-source,"Requires Interaction, Error, Authorization And Accessibility Verification",5;11
src/components/bbj/BBJRecentHits.tsx,510,div,"onClick={clickable ? () => onOpenHand(hit.payout_id) : undefined}; onKeyDown={
              clickable
                ? (e) => {
                    if (e.key === 'Enter' || e.key === ' ') {
                      e.preventDefault();
                      onOpenHand(hit.payout_id);
                    }
                  }
                : undefined
            }","aria-label={
              clickable
                ? `${hit.bad_beat_name} Won ${money(amount, 0)}` +
                  (hit.kind === 'mini' ? ' From The Mini Jackpot' : '') +
                  ` With ${label}` +
                  (beatByLabel ? `, Beaten By ${hit.hand_winner_name} With ${beatByLabel}` : '') +
                  '. Open The Hand.'
                : undefined
            }",runtime-or-tooling-source,"Requires Interaction, Error, Authorization And Accessibility Verification",5;11
src/components/bbj/BBJRecentHits.tsx,600,button,onClick={() => void loadMore()},type=button,runtime-or-tooling-source,"Requires Interaction, Error, Authorization And Accessibility Verification",5;11
src/components/bbj/BBJRulesPanel.tsx,79,div,"onKeyDown={(e) => {
            // Half a tablist is worse than none: a reader announced ""tab 1 of 2""
            // and the arrow keys did nothing.
            if (e.key === 'ArrowLeft' || e.key === 'Home') {
              e.preventDefault();
              setTab('qualifying');
            } else if (e.key === 'ArrowRight' || e.key === 'End') {
              e.preventDefault();
              setTab('payout');
            }
          }}",aria-label=Jackpot Rules,runtime-or-tooling-source,"Requires Interaction, Error, Authorization And Accessibility Verification",5;11
src/components/bbj/BBJRulesPanel.tsx,95,button,onClick={() => setTab('qualifying')},id=bbj-rules-tab-qualifying,runtime-or-tooling-source,"Requires Interaction, Error, Authorization And Accessibility Verification",5;11
src/components/bbj/BBJRulesPanel.tsx,106,button,onClick={() => setTab('payout')},id=bbj-rules-tab-payout,runtime-or-tooling-source,"Requires Interaction, Error, Authorization And Accessibility Verification",5;11
src/components/bbj/BBJThresholdPanel.tsx,197,button,onClick={() => void toggle(row)},type=button,runtime-or-tooling-source,"Requires Interaction, Error, Authorization And Accessibility Verification",5;11
src/components/bbj/BBJThresholdPanel.tsx,205,button,onClick={() => void remove(row)},type=button,runtime-or-tooling-source,"Requires Interaction, Error, Authorization And Accessibility Verification",5;11
src/components/bbj/BBJThresholdPanel.tsx,224,input,onChange={(e) => setAmountText(e.target.value)},id=bbj-threshold-amount; type=number,runtime-or-tooling-source,"Requires Interaction, Error, Authorization And Accessibility Verification",5;11
src/components/bbj/BBJThresholdPanel.tsx,236,input,onChange={(e) => setLabelText(e.target.value)},id=bbj-threshold-label; type=text,runtime-or-tooling-source,"Requires Interaction, Error, Authorization And Accessibility Verification",5;11
src/components/bbj/BBJThresholdPanel.tsx,245,button,onClick={() => void add()},type=button,runtime-or-tooling-source,"Requires Interaction, Error, Authorization And Accessibility Verification",5;11
src/components/bbj/BBJTicker.tsx,161,div,"onClick={onClick}; onKeyDown={
        onClick
          ? (e) => {
              // preventDefault first: Space on a div activates AND scrolls the
              // page underneath. BBJRecentHits already gets this right.
              if (e.key === 'Enter' || e.key === ' ') {
                e.preventDefault();
                onClick();
              }
            }
          : undefined
      }",,runtime-or-tooling-source,"Requires Interaction, Error, Authorization And Accessibility Verification",5;11
src/components/buttons/FloatingButton.tsx,22,button,onClick={onClick},,runtime-or-tooling-source,"Requires Interaction, Error, Authorization And Accessibility Verification",11
src/components/buttons/IconButton.tsx,24,button,onClick={onClick},title={tooltip},runtime-or-tooling-source,"Requires Interaction, Error, Authorization And Accessibility Verification",11
src/components/buttons/PrimaryButton.tsx,28,button,onClick={onClick},type={type},runtime-or-tooling-source,"Requires Interaction, Error, Authorization And Accessibility Verification",11
src/components/cards/ActionCard.tsx,29,button,onClick={action.onClick},,runtime-or-tooling-source,"Requires Interaction, Error, Authorization And Accessibility Verification",11
src/components/cards/ImageCard.tsx,22,div,onClick={onClick},,runtime-or-tooling-source,"Requires Interaction, Error, Authorization And Accessibility Verification",11
src/components/carousel/Carousel.tsx,658,div,"onWheel={onWheel}; onKeyDown={(e) => {
          if (e.key === 'ArrowRight') {
            e.preventDefault();
            nudge(1);
          } else if (e.key === 'ArrowLeft') {
            e.preventDefault();
            nudge(-1);
          }
        }}",aria-label={ariaLabel},runtime-or-tooling-source,"Requires Interaction, Error, Authorization And Accessibility Verification",11
src/components/carousel/Carousel.tsx,700,div,"onClick={() => handleCardClick(item, index, offset)}",,runtime-or-tooling-source,"Requires Interaction, Error, Authorization And Accessibility Verification",11
src/components/carousel/Carousel.tsx,729,CarouselDots,onChange={goTo},,runtime-or-tooling-source,"Requires Interaction, Error, Authorization And Accessibility Verification",11
src/components/carousel/CarouselDots.tsx,90,button,onClick={() => onChange(index)},type=button; aria-label={`${itemNoun} ${index + 1} Of ${total}`},runtime-or-tooling-source,"Requires Interaction, Error, Authorization And Accessibility Verification",11
src/components/cash/CashGameCard.tsx,224,button,onClick={onView},type=button; aria-label=View Game,runtime-or-tooling-source,"Requires Interaction, Error, Authorization And Accessibility Verification",11
src/components/cash/CashGameCard.tsx,231,button,onClick={onJoin},type=button; aria-label=Join Game,runtime-or-tooling-source,"Requires Interaction, Error, Authorization And Accessibility Verification",11
src/components/cash/CashGameCreateFlow.tsx,241,button,onClick={() => setTemplate(t.id)},type=button,runtime-or-tooling-source,"Requires Interaction, Error, Authorization And Accessibility Verification",11
src/components/cash/CashGameCreateFlow.tsx,265,button,onClick={() => setVariant(v.id)},type=button,runtime-or-tooling-source,"Requires Interaction, Error, Authorization And Accessibility Verification",11
src/components/cash/CashGameCreateFlow.tsx,280,button,,type=button; title=This Variant Is Not Available Yet,runtime-or-tooling-source,"Requires Interaction, Error, Authorization And Accessibility Verification",11
src/components/cash/CashGameCreateFlow.tsx,301,button,onClick={() => setTableMode('must_move')},type=button,runtime-or-tooling-source,"Requires Interaction, Error, Authorization And Accessibility Verification",11
src/components/cash/CashGameCreateFlow.tsx,314,button,onClick={() => setTableMode('manual')},type=button,runtime-or-tooling-source,"Requires Interaction, Error, Authorization And Accessibility Verification",11
src/components/cash/CashGameCreateFlow.tsx,339,button,onClick={() => setBlindsIndex(i)},type=button,runtime-or-tooling-source,"Requires Interaction, Error, Authorization And Accessibility Verification",11
src/components/cash/CashGameCreateFlow.tsx,352,button,"onClick={() => setBlindsIndex(Math.min(DEFAULT_BLINDS_INDEX, presets.length - 1))}",type=button,runtime-or-tooling-source,"Requires Interaction, Error, Authorization And Accessibility Verification",11
src/components/cash/CashGameCreateFlow.tsx,404,button,onClick={() => setHandedness(n)},type=button,runtime-or-tooling-source,"Requires Interaction, Error, Authorization And Accessibility Verification",11
src/components/cash/CashGameCreateFlow.tsx,433,input,"onChange={(e) => setName(e.target.value.slice(0, 60))}",type=text; aria-label=Game Name,runtime-or-tooling-source,"Requires Interaction, Error, Authorization And Accessibility Verification",11
src/components/cash/CashGameCreateFlow.tsx,443,Slider,"onChange={(v) => setOverride('min_buyin_bb', Math.min(v, overrides.max_buyin_bb))}",,runtime-or-tooling-source,"Requires Interaction, Error, Authorization And Accessibility Verification",11
src/components/cash/CashGameCreateFlow.tsx,452,Slider,"onChange={(v) => setOverride('max_buyin_bb', Math.max(v, overrides.min_buyin_bb))}",,runtime-or-tooling-source,"Requires Interaction, Error, Authorization And Accessibility Verification",11
src/components/cash/CashGameCreateFlow.tsx,467,input,"onChange={() => setOverride('regular_ante', a)}",type=radio; name=regular_ante,runtime-or-tooling-source,"Requires Interaction, Error, Authorization And Accessibility Verification",11
src/components/cash/CashGameCreateFlow.tsx,510,Toggle,"onChange={(v) => setOverride('bombs', { ...overrides.bombs, enabled: v })}",,runtime-or-tooling-source,"Requires Interaction, Error, Authorization And Accessibility Verification",11
src/components/cash/CashGameCreateFlow.tsx,522,input,"onChange={() =>
                          setOverride('bombs', { ...overrides.bombs, trigger: 'timed_15m' })
                        }",type=radio; name=bomb_trigger,runtime-or-tooling-source,"Requires Interaction, Error, Authorization And Accessibility Verification",11
src/components/cash/CashGameCreateFlow.tsx,533,input,"onChange={() =>
                          setOverride('bombs', { ...overrides.bombs, trigger: 'every_orbit' })
                        }",type=radio; name=bomb_trigger,runtime-or-tooling-source,"Requires Interaction, Error, Authorization And Accessibility Verification",11
src/components/cash/CashGameCreateFlow.tsx,545,Slider,"onChange={(v) => setOverride('bombs', { ...overrides.bombs, ante_bb: v })}",,runtime-or-tooling-source,"Requires Interaction, Error, Authorization And Accessibility Verification",11
src/components/cash/CashGameCreateFlow.tsx,559,input,"onChange={() => setOverride('bombs', { ...overrides.bombs, boards: b })}",type=radio; name=bomb_boards,runtime-or-tooling-source,"Requires Interaction, Error, Authorization And Accessibility Verification",11
src/components/cash/CashGameCreateFlow.tsx,574,Slider,"onChange={(v) => setOverride('stay_clock_min', Math.max(snapshot.stay_clock_min, v))}",,runtime-or-tooling-source,"Requires Interaction, Error, Authorization And Accessibility Verification",11
src/components/cash/CashGameCreateFlow.tsx,584,Slider,"onChange={(v) =>
                setOverride('rejoin_window_min', Math.max(snapshot.rejoin_window_min, v))
              }",,runtime-or-tooling-source,"Requires Interaction, Error, Authorization And Accessibility Verification",11
src/components/cash/CashGameCreateFlow.tsx,597,Toggle,"onChange={(v) => setOverride('options', { ...overrides.options, is_private: v })}",,runtime-or-tooling-source,"Requires Interaction, Error, Authorization And Accessibility Verification",11
src/components/cash/CashGameCreateFlow.tsx,602,Toggle,"onChange={(v) => setOverride('options', { ...overrides.options, is_vip_only: v })}",,runtime-or-tooling-source,"Requires Interaction, Error, Authorization And Accessibility Verification",11
src/components/cash/CashGameCreateFlow.tsx,607,Toggle,"onChange={(v) => setOverride('options', { ...overrides.options, is_anonymous: v })}",,runtime-or-tooling-source,"Requires Interaction, Error, Authorization And Accessibility Verification",11
src/components/cash/CashGameCreateFlow.tsx,612,Toggle,"onChange={(v) => setOverride('options', { ...overrides.options, ban_chat: v })}",,runtime-or-tooling-source,"Requires Interaction, Error, Authorization And Accessibility Verification",11
src/components/cash/CashGameCreateFlow.tsx,617,Toggle,"onChange={(v) =>
                setOverride('options', { ...overrides.options, insurance_enabled: v })
              }",,runtime-or-tooling-source,"Requires Interaction, Error, Authorization And Accessibility Verification",11
src/components/cash/CashGameCreateFlow.tsx,625,Toggle,"onChange={(v) =>
                  setOverride('options', { ...overrides.options, seven_deuce_enabled: v })
                }",,runtime-or-tooling-source,"Requires Interaction, Error, Authorization And Accessibility Verification",11
src/components/cash/CashGameCreateFlow.tsx,633,Slider,"onChange={(v) =>
                setOverride('options', { ...overrides.options, action_time_seconds: v })
              }",,runtime-or-tooling-source,"Requires Interaction, Error, Authorization And Accessibility Verification",11
src/components/cash/CashGameCreateFlow.tsx,698,button,onClick={() => void create('save')},type=button,runtime-or-tooling-source,"Requires Interaction, Error, Authorization And Accessibility Verification",11
src/components/cash/CashGameCreateFlow.tsx,706,button,onClick={() => void create('start')},type=button,runtime-or-tooling-source,"Requires Interaction, Error, Authorization And Accessibility Verification",11
src/components/club-buttons/ClubButtons.tsx,132,button,,type={type},runtime-or-tooling-source,"Requires Interaction, Error, Authorization And Accessibility Verification",10;11
src/components/club-buttons/ClubButtons.tsx,194,button,,type={type},runtime-or-tooling-source,"Requires Interaction, Error, Authorization And Accessibility Verification",10;11
src/components/club-buttons/ClubButtons.tsx,305,button,,type={type},runtime-or-tooling-source,"Requires Interaction, Error, Authorization And Accessibility Verification",10;11
src/components/club-buttons/ClubButtons.tsx,332,button,"onClick={() => onChange(item.value)}; onKeyDown={(event) => {
            if (!['ArrowRight', 'ArrowLeft', 'Home', 'End'].includes(event.key)) return;
            event.preventDefault();
            const current = items.findIndex((candidate) => candidate.value === item.value);
            const next =
              event.key === 'Home'
                ? 0
                : event.key === 'End'
                  ? items.length - 1
                  : event.key === 'ArrowRight'
                    ? (current + 1) % items.length
                    : (current - 1 + items.length) % items.length;
            onChange(items[next].value);
            const tablist = event.currentTarget.parentElement;
            window.requestAnimationFrame(() => {
              tablist?.querySelectorAll<HTMLButtonElement>('[role=""tab""]')[next]?.focus();
            });
          }}",type=button,runtime-or-tooling-source,"Requires Interaction, Error, Authorization And Accessibility Verification",10;11
src/components/club-buttons/ClubButtons.tsx,411,input,,id={id},runtime-or-tooling-source,"Requires Interaction, Error, Authorization And Accessibility Verification",10;11
src/components/club-buttons/ClubButtons.tsx,429,select,,id={id},runtime-or-tooling-source,"Requires Interaction, Error, Authorization And Accessibility Verification",10;11
src/components/club-buttons/ClubButtons.tsx,449,input,onChange={(event) => onChange(event.target.checked)},type=checkbox,runtime-or-tooling-source,"Requires Interaction, Error, Authorization And Accessibility Verification",10;11
src/components/club-buttons/ClubButtons.tsx,483,div,"onKeyDown={(event) => {
        if (event.key === 'Escape') {
          event.preventDefault();
          onClose();
          return;
        }
        if (event.key !== 'Tab') return;
        const focusable = dialogRef.current?.querySelectorAll<HTMLElement>(
          'button:not(:disabled), input:not(:disabled), select:not(:disabled), [href], [tabindex]:not([tabindex=""-1""])'
        );
        if (!focusable?.length) return;
        const first = focusable[0];
        const last = focusable[focusable.length - 1];
        if (event.shiftKey && document.activeElement === first) {
          event.preventDefault();
          last.focus();
        } else if (!event.shiftKey && document.activeElement === last) {
          event.preventDefault();
          first.focus();
        }
      }}",,runtime-or-tooling-source,"Requires Interaction, Error, Authorization And Accessibility Verification",10;11
src/components/club-buttons/ClubButtons.tsx,513,button,onClick={onClose},type=button; aria-label=Close,runtime-or-tooling-source,"Requires Interaction, Error, Authorization And Accessibility Verification",10;11
src/components/club-buttons/ClubIdentityCard.tsx,114,button,onClick={onCopy},type=button; title={`Copy ${accessibleLabel}`}; aria-label={`Copy ${accessibleLabel} ${value}`},runtime-or-tooling-source,"Requires Interaction, Error, Authorization And Accessibility Verification",10;11
src/components/club-buttons/ClubIdentityCard.tsx,173,IdentityLine,onCopy={onCopyClubId},,runtime-or-tooling-source,"Requires Interaction, Error, Authorization And Accessibility Verification",10;11
src/components/club-buttons/ClubIdentityCard.tsx,180,IdentityLine,onCopy={onCopyPlayerId},,runtime-or-tooling-source,"Requires Interaction, Error, Authorization And Accessibility Verification",10;11
src/components/club-buttons/ClubIdentityCard.tsx,206,button,onClick={onShare},type=button; aria-label=Copy Referral Link; title=Copy Referral Link,runtime-or-tooling-source,"Requires Interaction, Error, Authorization And Accessibility Verification",10;11
src/components/club/AdminReports.tsx,61,div,onClick={onClose},,runtime-or-tooling-source,"Requires Interaction, Error, Authorization And Accessibility Verification",9;10;11
src/components/club/AdminReports.tsx,62,div,onClick={(e) => e.stopPropagation()},,runtime-or-tooling-source,"Requires Interaction, Error, Authorization And Accessibility Verification",9;10;11
src/components/club/AdminReports.tsx,69,button,onClick={onClose},,runtime-or-tooling-source,"Requires Interaction, Error, Authorization And Accessibility Verification",9;10;11
src/components/club/AdminReports.tsx,77,button,onClick={() => handleRangeChange('today')},,runtime-or-tooling-source,"Requires Interaction, Error, Authorization And Accessibility Verification",9;10;11
src/components/club/AdminReports.tsx,83,button,onClick={() => handleRangeChange('week')},,runtime-or-tooling-source,"Requires Interaction, Error, Authorization And Accessibility Verification",9;10;11
src/components/club/AdminReports.tsx,89,button,onClick={() => handleRangeChange('month')},,runtime-or-tooling-source,"Requires Interaction, Error, Authorization And Accessibility Verification",9;10;11
src/components/club/AdminReports.tsx,96,button,onClick={onExport},,runtime-or-tooling-source,"Requires Interaction, Error, Authorization And Accessibility Verification",9;10;11
src/components/club/AgentManager.tsx,88,button,onClick={() => hasChildren && toggleExpand(node.id)},,runtime-or-tooling-source,"Requires Interaction, Error, Authorization And Accessibility Verification",10;11
src/components/club/AgentManager.tsx,124,input,"onChange={(e) => onUpdateRate(node.id, parseInt(e.target.value) || 0)}",type=number,runtime-or-tooling-source,"Requires Interaction, Error, Authorization And Accessibility Verification",10;11
src/components/club/AgentManager.tsx,132,button,onClick={() => onRemoveAgent(node.id)},title=Remove Agent,runtime-or-tooling-source,"Requires Interaction, Error, Authorization And Accessibility Verification",10;11
src/components/club/AgentManager.tsx,153,div,onClick={onClose},,runtime-or-tooling-source,"Requires Interaction, Error, Authorization And Accessibility Verification",10;11
src/components/club/AgentManager.tsx,154,div,onClick={(e) => e.stopPropagation()},,runtime-or-tooling-source,"Requires Interaction, Error, Authorization And Accessibility Verification",10;11
src/components/club/AgentManager.tsx,161,button,onClick={onClose},,runtime-or-tooling-source,"Requires Interaction, Error, Authorization And Accessibility Verification",10;11
src/components/club/AgentManager.tsx,169,button,,,runtime-or-tooling-source,"Requires Interaction, Error, Authorization And Accessibility Verification",10;11
src/components/club/CashierClubSwitcher.tsx,223,button,"onClick={() => {
            haptic.light();
            if (menuOpen) closeMenu(false);
            else openMenu();
          }}",aria-label={`Switch Club Cashier. Current Club: ${displayName || 'Unknown'}`}; title={displayName || undefined},runtime-or-tooling-source,"Requires Interaction, Error, Authorization And Accessibility Verification",4;10;11
src/components/club/CashierClubSwitcher.tsx,254,div,onClick={() => closeMenu(false)},,runtime-or-tooling-source,"Requires Interaction, Error, Authorization And Accessibility Verification",4;10;11
src/components/club/CashierClubSwitcher.tsx,255,div,onKeyDown={handleMenuKeyDown},aria-label=Open Cashier For Club,runtime-or-tooling-source,"Requires Interaction, Error, Authorization And Accessibility Verification",4;10;11
src/components/club/CashierClubSwitcher.tsx,263,button,onClick={() => handleSelect(club)},title={club.name || undefined},runtime-or-tooling-source,"Requires Interaction, Error, Authorization And Accessibility Verification",4;10;11
src/components/club/CashierModal.tsx,162,div,onClick={onClose},,runtime-or-tooling-source,"Requires Interaction, Error, Authorization And Accessibility Verification",4;10;11
src/components/club/CashierModal.tsx,169,div,onClick={(e) => e.stopPropagation()},,runtime-or-tooling-source,"Requires Interaction, Error, Authorization And Accessibility Verification",4;10;11
src/components/club/CashierModal.tsx,187,button,onClick={onClose},,runtime-or-tooling-source,"Requires Interaction, Error, Authorization And Accessibility Verification",4;10;11
src/components/club/CashierModal.tsx,199,div,onKeyDown={handleTabKeyDown},aria-label=Cashier Actions,runtime-or-tooling-source,"Requires Interaction, Error, Authorization And Accessibility Verification",4;10;11
src/components/club/CashierModal.tsx,205,button,onClick={() => handleTabChange('deposit')},id=club-cashier-tab-deposit,runtime-or-tooling-source,"Requires Interaction, Error, Authorization And Accessibility Verification",4;10;11
src/components/club/CashierModal.tsx,216,button,onClick={() => handleTabChange('withdraw')},id=club-cashier-tab-withdraw,runtime-or-tooling-source,"Requires Interaction, Error, Authorization And Accessibility Verification",4;10;11
src/components/club/CashierModal.tsx,227,button,onClick={() => handleTabChange('history')},id=club-cashier-tab-history,runtime-or-tooling-source,"Requires Interaction, Error, Authorization And Accessibility Verification",4;10;11
src/components/club/CashierModal.tsx,254,input,onChange={(e) => setAmount(e.target.value)},type=number,runtime-or-tooling-source,"Requires Interaction, Error, Authorization And Accessibility Verification",4;10;11
src/components/club/CashierModal.tsx,266,button,onClick={() => setAmount(val.toString())},type=button,runtime-or-tooling-source,"Requires Interaction, Error, Authorization And Accessibility Verification",4;10;11
src/components/club/CashierModal.tsx,272,button,onClick={handleAction},,runtime-or-tooling-source,"Requires Interaction, Error, Authorization And Accessibility Verification",4;10;11
src/components/club/ClubActivityFeed.tsx,196,select,onChange={(e) => setFilter(e.target.value as ActivityType | 'all')},,runtime-or-tooling-source,"Requires Interaction, Error, Authorization And Accessibility Verification",10;11
src/components/club/ClubAnnouncementBanner.tsx,221,button,onClick={() => setCurrentIndex((prev) => prev - 1)},aria-label=Previous Announcement,runtime-or-tooling-source,"Requires Interaction, Error, Authorization And Accessibility Verification",10;11
src/components/club/ClubAnnouncementBanner.tsx,230,button,onClick={() => setCurrentIndex((prev) => prev + 1)},aria-label=Next Announcement,runtime-or-tooling-source,"Requires Interaction, Error, Authorization And Accessibility Verification",10;11
src/components/club/ClubAnnouncementBanner.tsx,238,button,onClick={() => dismiss(current.id)},aria-label=Dismiss Announcement,runtime-or-tooling-source,"Requires Interaction, Error, Authorization And Accessibility Verification",10;11
src/components/club/ClubBottomNav.tsx,165,nav,onFocusCapture={reveal},aria-label=Club Arena,runtime-or-tooling-source,"Requires Interaction, Error, Authorization And Accessibility Verification",10;11
src/components/club/ClubCardPanel.tsx,129,img,onLoad={() => setImgLoaded(true)}; onError={() => setCardFailed(true)},,runtime-or-tooling-source,"Requires Interaction, Error, Authorization And Accessibility Verification",10;11
src/components/club/ClubCardPanel.tsx,141,img,"onLoad={() => setImgLoaded(true)}; onError={() => {
                setLogoFailed(true);
                setImgLoaded(true);
              }}",,runtime-or-tooling-source,"Requires Interaction, Error, Authorization And Accessibility Verification",10;11
src/components/club/ClubChat.tsx,243,button,onClick={() => setExpanded((p) => !p)},,runtime-or-tooling-source,"Requires Interaction, Error, Authorization And Accessibility Verification",10;11
src/components/club/ClubChat.tsx,363,input,"onChange={(e) => setText(e.target.value.slice(0, 500))}; onKeyDown={(e) => {
                if (e.key === 'Enter' && text.trim()) sendMessage();
              }}",type=text,runtime-or-tooling-source,"Requires Interaction, Error, Authorization And Accessibility Verification",10;11
src/components/club/ClubChat.tsx,386,button,onClick={sendMessage},,runtime-or-tooling-source,"Requires Interaction, Error, Authorization And Accessibility Verification",10;11
src/components/club/ClubEntryMessage.tsx,198,Modal,onClose={close},,runtime-or-tooling-source,"Requires Interaction, Error, Authorization And Accessibility Verification",10;11
src/components/club/ClubEntryMessage.tsx,210,button,onClick={close},type=button; aria-label=Close Club Message,runtime-or-tooling-source,"Requires Interaction, Error, Authorization And Accessibility Verification",10;11
src/components/club/ClubEntryMessage.tsx,230,textarea,onChange={(e) => setDraft(e.target.value)},id=club-entry-message-input,runtime-or-tooling-source,"Requires Interaction, Error, Authorization And Accessibility Verification",10;11
src/components/club/ClubEntryMessage.tsx,243,button,onClick={() => setEditing(false)},type=button,runtime-or-tooling-source,"Requires Interaction, Error, Authorization And Accessibility Verification",10;11
src/components/club/ClubEntryMessage.tsx,251,button,onClick={() => void save()},type=button,runtime-or-tooling-source,"Requires Interaction, Error, Authorization And Accessibility Verification",10;11
src/components/club/ClubEntryMessage.tsx,269,button,"onClick={() => {
                setDraft(entry.message);
                setEditing(true);
              }}",type=button,runtime-or-tooling-source,"Requires Interaction, Error, Authorization And Accessibility Verification",10;11
src/components/club/ClubEntryMessage.tsx,281,button,"onClick={() => {
              close();
              onOpenAnnouncements();
            }}",type=button,runtime-or-tooling-source,"Requires Interaction, Error, Authorization And Accessibility Verification",10;11
src/components/club/ClubEntryMessage.tsx,294,button,onClick={() => void dismissForever()},type=button,runtime-or-tooling-source,"Requires Interaction, Error, Authorization And Accessibility Verification",10;11
src/components/club/ClubLaunchProgress.tsx,85,button,onClick={() => setExpanded((value) => !value)},type=button,runtime-or-tooling-source,"Requires Interaction, Error, Authorization And Accessibility Verification",10;11
src/components/club/ClubLaunchProgress.tsx,123,button,"onClick={() =>
                      setSkippedIds((current) => {
                        const next = current.includes(task.id) ? current : [...current, task.id];
                        try {
                          localStorage.setItem(storageKey, JSON.stringify(next));
                        } catch {
                          /* Storage can be disabled or full. The current
                             session still resolves the step; persistence is
                             best effort and must never crash the checklist. */
                        }
                        return next;
                      })
                    }",type=button,runtime-or-tooling-source,"Requires Interaction, Error, Authorization And Accessibility Verification",10;11
src/components/club/ClubLaunchProgress.tsx,143,button,onClick={task.onAction},type=button,runtime-or-tooling-source,"Requires Interaction, Error, Authorization And Accessibility Verification",10;11
src/components/club/ClubMessageManagementPanel.tsx,240,button,onClick={() => void load()},type=button,runtime-or-tooling-source,"Requires Interaction, Error, Authorization And Accessibility Verification",10;11
src/components/club/ClubMessageManagementPanel.tsx,249,button,onClick={() => void loadLatest()},type=button,runtime-or-tooling-source,"Requires Interaction, Error, Authorization And Accessibility Verification",10;11
src/components/club/ClubMessageManagementPanel.tsx,259,input,"onChange={(event) => setIdentity({ ...identity, tagline: event.target.value })}",aria-label=Club Tag Line,runtime-or-tooling-source,"Requires Interaction, Error, Authorization And Accessibility Verification",10;11
src/components/club/ClubMessageManagementPanel.tsx,276,input,"onChange={(event) => setIdentity({ ...identity, lobbyMessage: event.target.value })}",aria-label=Lobby Owner Message,runtime-or-tooling-source,"Requires Interaction, Error, Authorization And Accessibility Verification",10;11
src/components/club/ClubMessageManagementPanel.tsx,293,textarea,"onChange={(event) => setIdentity({ ...identity, description: event.target.value })}",aria-label=Club Description,runtime-or-tooling-source,"Requires Interaction, Error, Authorization And Accessibility Verification",10;11
src/components/club/ClubMessageManagementPanel.tsx,309,button,onClick={() => void saveIdentity()},type=button,runtime-or-tooling-source,"Requires Interaction, Error, Authorization And Accessibility Verification",10;11
src/components/club/ClubMessageManagementPanel.tsx,341,button,"onClick={() => {
                  setEditingId(null);
                  setEditingRevision(0);
                  setDraft(EMPTY_ANNOUNCEMENT);
                }}",type=button,runtime-or-tooling-source,"Requires Interaction, Error, Authorization And Accessibility Verification",10;11
src/components/club/ClubMessageManagementPanel.tsx,355,input,"onChange={(event) => setDraft({ ...draft, title: event.target.value })}",aria-label=Announcement Title,runtime-or-tooling-source,"Requires Interaction, Error, Authorization And Accessibility Verification",10;11
src/components/club/ClubMessageManagementPanel.tsx,371,textarea,"onChange={(event) => setDraft({ ...draft, content: event.target.value })}",aria-label=Announcement Message,runtime-or-tooling-source,"Requires Interaction, Error, Authorization And Accessibility Verification",10;11
src/components/club/ClubMessageManagementPanel.tsx,388,input,"onChange={(event) => setDraft({ ...draft, isPinned: event.target.checked })}",type=checkbox,runtime-or-tooling-source,"Requires Interaction, Error, Authorization And Accessibility Verification",10;11
src/components/club/ClubMessageManagementPanel.tsx,397,input,"onChange={(event) => setDraft({ ...draft, isActive: event.target.checked })}",type=checkbox,runtime-or-tooling-source,"Requires Interaction, Error, Authorization And Accessibility Verification",10;11
src/components/club/ClubMessageManagementPanel.tsx,405,button,onClick={() => void saveAnnouncement()},type=button,runtime-or-tooling-source,"Requires Interaction, Error, Authorization And Accessibility Verification",10;11
src/components/club/ClubMessageManagementPanel.tsx,447,button,"onClick={() => {
                      setEditingId(announcement.id);
                      setEditingRevision(announcement.revision);
                      setDraft({
                        title: announcement.title,
                        content: announcement.content,
                        isPinned: announcement.isPinned,
                        isActive: announcement.isActive,
                      });
                    }}",type=button,runtime-or-tooling-source,"Requires Interaction, Error, Authorization And Accessibility Verification",10;11
src/components/club/ClubMessageManagementPanel.tsx,463,button,"onClick={() =>
                      void mutateAnnouncement(announcement, 'set_pin', !announcement.isPinned)
                    }",type=button,runtime-or-tooling-source,"Requires Interaction, Error, Authorization And Accessibility Verification",10;11
src/components/club/ClubMessageManagementPanel.tsx,472,button,"onClick={() =>
                      void mutateAnnouncement(announcement, 'set_active', !announcement.isActive)
                    }",type=button,runtime-or-tooling-source,"Requires Interaction, Error, Authorization And Accessibility Verification",10;11
src/components/club/ClubMessageManagementPanel.tsx,481,button,"onClick={() => void mutateAnnouncement(announcement, 'delete')}",type=button,runtime-or-tooling-source,"Requires Interaction, Error, Authorization And Accessibility Verification",10;11
src/components/club/ClubOpeningWizard.tsx,200,button,onClick={onClose},type=button; aria-label=Close Opening Wizard,runtime-or-tooling-source,"Requires Interaction, Error, Authorization And Accessibility Verification",10;11
src/components/club/ClubOpeningWizard.tsx,212,button,onClick={() => index < step && setStep(index)},type=button,runtime-or-tooling-source,"Requires Interaction, Error, Authorization And Accessibility Verification",10;11
src/components/club/ClubOpeningWizard.tsx,264,input,onChange={(event) => setTagline(event.target.value)},type=text,runtime-or-tooling-source,"Requires Interaction, Error, Authorization And Accessibility Verification",10;11
src/components/club/ClubOpeningWizard.tsx,287,button,onClick={() => setRakeMode('house')},type=button,runtime-or-tooling-source,"Requires Interaction, Error, Authorization And Accessibility Verification",10;11
src/components/club/ClubOpeningWizard.tsx,295,button,onClick={() => setRakeMode('custom')},type=button,runtime-or-tooling-source,"Requires Interaction, Error, Authorization And Accessibility Verification",10;11
src/components/club/ClubOpeningWizard.tsx,308,input,"onChange={(event) =>
                        setRakePercent(Math.min(10, Math.max(0, Number(event.target.value))))
                      }",type=number,runtime-or-tooling-source,"Requires Interaction, Error, Authorization And Accessibility Verification",10;11
src/components/club/ClubOpeningWizard.tsx,321,input,"onChange={(event) =>
                        setRakeCap(Math.min(10, Math.max(0, Number(event.target.value))))
                      }",type=number,runtime-or-tooling-source,"Requires Interaction, Error, Authorization And Accessibility Verification",10;11
src/components/club/ClubOpeningWizard.tsx,346,button,onClick={() => setBbjEnabled(true)},type=button,runtime-or-tooling-source,"Requires Interaction, Error, Authorization And Accessibility Verification",10;11
src/components/club/ClubOpeningWizard.tsx,354,button,onClick={() => setBbjEnabled(false)},type=button,runtime-or-tooling-source,"Requires Interaction, Error, Authorization And Accessibility Verification",10;11
src/components/club/ClubOpeningWizard.tsx,367,input,"onChange={(event) => setBbjSeed(Math.max(0, Number(event.target.value)))}",type=number,runtime-or-tooling-source,"Requires Interaction, Error, Authorization And Accessibility Verification",10;11
src/components/club/ClubOpeningWizard.tsx,390,button,"onClick={() => {
                    setSpinsEnabled(true);
                    setSpinFundingConfirmed(false);
                    setSpinSeed((value) => Math.max(value, spinCoverageMinimum));
                  }}",type=button,runtime-or-tooling-source,"Requires Interaction, Error, Authorization And Accessibility Verification",10;11
src/components/club/ClubOpeningWizard.tsx,402,button,"onClick={() => {
                    setSpinsEnabled(false);
                    setSpinFundingConfirmed(false);
                  }}",type=button,runtime-or-tooling-source,"Requires Interaction, Error, Authorization And Accessibility Verification",10;11
src/components/club/ClubOpeningWizard.tsx,418,select,"onChange={(event) => {
                        const stake = Number(event.target.value);
                        setSpinMaxStake(stake);
                        setSpinFundingConfirmed(false);
                        setSpinSeed((value) =>
                          Math.max(value, Math.max(100, requiredSeedForStake(stake)))
                        );
                      }}",,runtime-or-tooling-source,"Requires Interaction, Error, Authorization And Accessibility Verification",10;11
src/components/club/ClubOpeningWizard.tsx,438,input,"onChange={(event) => {
                        setSpinFundingConfirmed(false);
                        setSpinSeed(Math.max(0, Number(event.target.value)));
                      }}",type=number,runtime-or-tooling-source,"Requires Interaction, Error, Authorization And Accessibility Verification",10;11
src/components/club/ClubOpeningWizard.tsx,453,input,onChange={(event) => setSpinFundingConfirmed(event.target.checked)},type=checkbox,runtime-or-tooling-source,"Requires Interaction, Error, Authorization And Accessibility Verification",10;11
src/components/club/ClubOpeningWizard.tsx,479,button,onClick={() => setPromoEnabled(true)},type=button,runtime-or-tooling-source,"Requires Interaction, Error, Authorization And Accessibility Verification",10;11
src/components/club/ClubOpeningWizard.tsx,487,button,onClick={() => setPromoEnabled(false)},type=button,runtime-or-tooling-source,"Requires Interaction, Error, Authorization And Accessibility Verification",10;11
src/components/club/ClubOpeningWizard.tsx,500,select,onChange={(event) => setPromoType(event.target.value as OpeningPromotionType)},,runtime-or-tooling-source,"Requires Interaction, Error, Authorization And Accessibility Verification",10;11
src/components/club/ClubOpeningWizard.tsx,513,input,"onChange={(event) => setPromoBudget(Math.max(0, Number(event.target.value)))}",type=number,runtime-or-tooling-source,"Requires Interaction, Error, Authorization And Accessibility Verification",10;11
src/components/club/ClubOpeningWizard.tsx,524,input,onChange={(event) => setPromoName(event.target.value)},,runtime-or-tooling-source,"Requires Interaction, Error, Authorization And Accessibility Verification",10;11
src/components/club/ClubOpeningWizard.tsx,532,textarea,onChange={(event) => setPromoDescription(event.target.value)},,runtime-or-tooling-source,"Requires Interaction, Error, Authorization And Accessibility Verification",10;11
src/components/club/ClubOpeningWizard.tsx,553,button,onClick={() => setLeaderboardRewardsEnabled(false)},type=button,runtime-or-tooling-source,"Requires Interaction, Error, Authorization And Accessibility Verification",10;11
src/components/club/ClubOpeningWizard.tsx,561,button,onClick={() => setLeaderboardRewardsEnabled(true)},type=button,runtime-or-tooling-source,"Requires Interaction, Error, Authorization And Accessibility Verification",10;11
src/components/club/ClubOpeningWizard.tsx,575,select,"onChange={(event) =>
                          setLeaderboardMetric(event.target.value as typeof leaderboardMetric)
                        }",,runtime-or-tooling-source,"Requires Interaction, Error, Authorization And Accessibility Verification",10;11
src/components/club/ClubOpeningWizard.tsx,589,input,"onChange={(event) =>
                          setLeaderboardPrizeBudget(Math.max(0, Number(event.target.value)))
                        }",type=number,runtime-or-tooling-source,"Requires Interaction, Error, Authorization And Accessibility Verification",10;11
src/components/club/ClubOpeningWizard.tsx,607,button,onClick={() => setLeaderboardPrizeBudget(budget)},type=button,runtime-or-tooling-source,"Requires Interaction, Error, Authorization And Accessibility Verification",10;11
src/components/club/ClubOpeningWizard.tsx,690,button,"onClick={() => setStep((value) => Math.max(0, value - 1))}",type=button,runtime-or-tooling-source,"Requires Interaction, Error, Authorization And Accessibility Verification",10;11
src/components/club/ClubOpeningWizard.tsx,701,button,"onClick={() => setStep((value) => Math.min(STEPS.length - 1, value + 1))}",type=button,runtime-or-tooling-source,"Requires Interaction, Error, Authorization And Accessibility Verification",10;11
src/components/club/ClubOpeningWizard.tsx,710,button,onClick={finish},type=button,runtime-or-tooling-source,"Requires Interaction, Error, Authorization And Accessibility Verification",10;11
src/components/club/ClubSettings.tsx,64,div,onClick={onClose},,runtime-or-tooling-source,"Requires Interaction, Error, Authorization And Accessibility Verification",10;11
src/components/club/ClubSettings.tsx,65,form,onClick={(e) => e.stopPropagation()}; onSubmit={handleSubmit},,runtime-or-tooling-source,"Requires Interaction, Error, Authorization And Accessibility Verification",10;11
src/components/club/ClubSettings.tsx,78,button,onClick={onClose},type=button,runtime-or-tooling-source,"Requires Interaction, Error, Authorization And Accessibility Verification",10;11
src/components/club/ClubSettings.tsx,85,button,onClick={() => setActiveTab('general')},type=button,runtime-or-tooling-source,"Requires Interaction, Error, Authorization And Accessibility Verification",10;11
src/components/club/ClubSettings.tsx,92,button,onClick={() => setActiveTab('game')},type=button,runtime-or-tooling-source,"Requires Interaction, Error, Authorization And Accessibility Verification",10;11
src/components/club/ClubSettings.tsx,99,button,onClick={() => setActiveTab('policy')},type=button,runtime-or-tooling-source,"Requires Interaction, Error, Authorization And Accessibility Verification",10;11
src/components/club/ClubSettings.tsx,114,input,"onChange={(e) => handleChange('name', e.target.value)}",type=text,runtime-or-tooling-source,"Requires Interaction, Error, Authorization And Accessibility Verification",10;11
src/components/club/ClubSettings.tsx,124,textarea,"onChange={(e) => handleChange('description', e.target.value)}",,runtime-or-tooling-source,"Requires Interaction, Error, Authorization And Accessibility Verification",10;11
src/components/club/ClubSettings.tsx,133,ClubLogoSelector,"onLogoChange={(url) => handleChange('avatarUrl', url)}",,runtime-or-tooling-source,"Requires Interaction, Error, Authorization And Accessibility Verification",10;11
src/components/club/ClubSettings.tsx,141,input,"onChange={(e) => handleChange('contactEmail', e.target.value)}",type=email,runtime-or-tooling-source,"Requires Interaction, Error, Authorization And Accessibility Verification",10;11
src/components/club/ClubSettings.tsx,155,input,"onChange={(e) => handleChange('rakePercentage', parseFloat(e.target.value))}",type=number,runtime-or-tooling-source,"Requires Interaction, Error, Authorization And Accessibility Verification",10;11
src/components/club/ClubSettings.tsx,168,input,"onChange={(e) => handleChange('jackpotContribution', parseFloat(e.target.value))}",type=number,runtime-or-tooling-source,"Requires Interaction, Error, Authorization And Accessibility Verification",10;11
src/components/club/ClubSettings.tsx,185,input,"onChange={(e) => handleChange('requireApproval', e.target.checked)}",type=checkbox,runtime-or-tooling-source,"Requires Interaction, Error, Authorization And Accessibility Verification",10;11
src/components/club/ClubSettings.tsx,197,input,"onChange={(e) => handleChange('agentsCanInvite', e.target.checked)}",type=checkbox,runtime-or-tooling-source,"Requires Interaction, Error, Authorization And Accessibility Verification",10;11
src/components/club/ClubSettings.tsx,210,button,onClick={onDeleteClub},type=button,runtime-or-tooling-source,"Requires Interaction, Error, Authorization And Accessibility Verification",10;11
src/components/club/ClubSettings.tsx,220,button,onClick={onClose},type=button,runtime-or-tooling-source,"Requires Interaction, Error, Authorization And Accessibility Verification",10;11
src/components/club/ClubSettings.tsx,223,button,,type=submit,runtime-or-tooling-source,"Requires Interaction, Error, Authorization And Accessibility Verification",10;11
src/components/club/CreateTournamentModal.tsx,1055,div,"onClick={() => {
        if (isSubmitting) return;
        if (formIsDirty) return;
        onClose();
      }}",aria-label=Create Game,runtime-or-tooling-source,"Requires Interaction, Error, Authorization And Accessibility Verification",3;10;11
src/components/club/CreateTournamentModal.tsx,1066,div,onClick={(e) => e.stopPropagation()},,runtime-or-tooling-source,"Requires Interaction, Error, Authorization And Accessibility Verification",3;10;11
src/components/club/CreateTournamentModal.tsx,1069,button,onClick={onClose},,runtime-or-tooling-source,"Requires Interaction, Error, Authorization And Accessibility Verification",3;10;11
src/components/club/CreateTournamentModal.tsx,1074,form,onSubmit={handleSubmit},,runtime-or-tooling-source,"Requires Interaction, Error, Authorization And Accessibility Verification",3;10;11
src/components/club/CreateTournamentModal.tsx,1079,input,"onChange={(e) => setName(e.target.value.slice(0, 44))}",,runtime-or-tooling-source,"Requires Interaction, Error, Authorization And Accessibility Verification",3;10;11
src/components/club/CreateTournamentModal.tsx,1094,select,onChange={(e) => handleFormatChange(e.target.value as TournamentFormat)},,runtime-or-tooling-source,"Requires Interaction, Error, Authorization And Accessibility Verification",3;10;11
src/components/club/CreateTournamentModal.tsx,1109,select,onChange={(e) => applyMttEntryRules(e.target.value as MttEntryRules)},,runtime-or-tooling-source,"Requires Interaction, Error, Authorization And Accessibility Verification",3;10;11
src/components/club/CreateTournamentModal.tsx,1122,select,onChange={(e) => applyMttPrizeStyle(e.target.value as MttPrizeStyle)},,runtime-or-tooling-source,"Requires Interaction, Error, Authorization And Accessibility Verification",3;10;11
src/components/club/CreateTournamentModal.tsx,1141,select,onChange={(e) => setGameVariant(e.target.value as TournamentGameVariant)},,runtime-or-tooling-source,"Requires Interaction, Error, Authorization And Accessibility Verification",3;10;11
src/components/club/CreateTournamentModal.tsx,1161,input,,type=text,runtime-or-tooling-source,"Requires Interaction, Error, Authorization And Accessibility Verification",3;10;11
src/components/club/CreateTournamentModal.tsx,1207,select,onChange={(e) => setMaxPlayers(e.target.value)},,runtime-or-tooling-source,"Requires Interaction, Error, Authorization And Accessibility Verification",3;10;11
src/components/club/CreateTournamentModal.tsx,1230,select,"onChange={(e) =>
                    setBlindSpeed(e.target.value as 'turbo' | 'regular' | 'deepStack' | 'custom')
                  }",,runtime-or-tooling-source,"Requires Interaction, Error, Authorization And Accessibility Verification",3;10;11
src/components/club/CreateTournamentModal.tsx,1252,BlindStructureBuilder,onChange={setCustomBlinds},,runtime-or-tooling-source,"Requires Interaction, Error, Authorization And Accessibility Verification",3;10;11
src/components/club/CreateTournamentModal.tsx,1268,input,onChange={(e) => setBuyIn(digitsOnly(e.target.value))},type=number,runtime-or-tooling-source,"Requires Interaction, Error, Authorization And Accessibility Verification",3;10;11
src/components/club/CreateTournamentModal.tsx,1298,input,,type=number,runtime-or-tooling-source,"Requires Interaction, Error, Authorization And Accessibility Verification",3;10;11
src/components/club/CreateTournamentModal.tsx,1322,input,onChange={(e) => setStartingChips(e.target.value)},type=number,runtime-or-tooling-source,"Requires Interaction, Error, Authorization And Accessibility Verification",3;10;11
src/components/club/CreateTournamentModal.tsx,1333,input,onChange={(e) => setGuaranteedPrize(digitsOnly(e.target.value))},type=number,runtime-or-tooling-source,"Requires Interaction, Error, Authorization And Accessibility Verification",3;10;11
src/components/club/CreateTournamentModal.tsx,1353,select,onChange={(e) => setSatelliteTargetId(e.target.value)},,runtime-or-tooling-source,"Requires Interaction, Error, Authorization And Accessibility Verification",3;10;11
src/components/club/CreateTournamentModal.tsx,1375,input,onChange={(e) => setSatelliteSeats(e.target.value)},type=number,runtime-or-tooling-source,"Requires Interaction, Error, Authorization And Accessibility Verification",3;10;11
src/components/club/CreateTournamentModal.tsx,1395,select,"onChange={(e) =>
                      setStartTimeMode(e.target.value as 'now' | 'scheduled' | 'schedule_only')
                    }",,runtime-or-tooling-source,"Requires Interaction, Error, Authorization And Accessibility Verification",3;10;11
src/components/club/CreateTournamentModal.tsx,1412,select,onChange={(e) => setScheduledDate(e.target.value)},aria-label=Tournament Start Date,runtime-or-tooling-source,"Requires Interaction, Error, Authorization And Accessibility Verification",3;10;11
src/components/club/CreateTournamentModal.tsx,1427,select,onChange={(e) => setScheduledTime(e.target.value)},aria-label=Tournament Start Time,runtime-or-tooling-source,"Requires Interaction, Error, Authorization And Accessibility Verification",3;10;11
src/components/club/CreateTournamentModal.tsx,1455,select,onChange={(e) => setLateRegLevels(e.target.value)},,runtime-or-tooling-source,"Requires Interaction, Error, Authorization And Accessibility Verification",3;10;11
src/components/club/CreateTournamentModal.tsx,1500,input,onChange={(e) => setBountyAmount(digitsOnly(e.target.value))},type=number,runtime-or-tooling-source,"Requires Interaction, Error, Authorization And Accessibility Verification",3;10;11
src/components/club/CreateTournamentModal.tsx,1521,input,onChange={(e) => setMysteryBountyMin(digitsOnly(e.target.value))},type=number,runtime-or-tooling-source,"Requires Interaction, Error, Authorization And Accessibility Verification",3;10;11
src/components/club/CreateTournamentModal.tsx,1542,input,onChange={(e) => setMysteryBountyMax(digitsOnly(e.target.value))},type=number,runtime-or-tooling-source,"Requires Interaction, Error, Authorization And Accessibility Verification",3;10;11
src/components/club/CreateTournamentModal.tsx,1566,select,"onChange={(e) =>
                            setMysteryProfile(e.target.value as typeof mysteryProfile)
                          }",,runtime-or-tooling-source,"Requires Interaction, Error, Authorization And Accessibility Verification",3;10;11
src/components/club/CreateTournamentModal.tsx,1585,select,"onChange={(e) =>
                            setMysteryActivation(e.target.value as typeof mysteryActivation)
                          }",,runtime-or-tooling-source,"Requires Interaction, Error, Authorization And Accessibility Verification",3;10;11
src/components/club/CreateTournamentModal.tsx,1609,input,onChange={(e) => setMysteryActivationValue(digitsOnly(e.target.value))},type=number,runtime-or-tooling-source,"Requires Interaction, Error, Authorization And Accessibility Verification",3;10;11
src/components/club/CreateTournamentModal.tsx,1629,input,onChange={(e) => setMysteryPoolPercent(digitsOnly(e.target.value))},type=number,runtime-or-tooling-source,"Requires Interaction, Error, Authorization And Accessibility Verification",3;10;11
src/components/club/CreateTournamentModal.tsx,1716,input,,type=checkbox,runtime-or-tooling-source,"Requires Interaction, Error, Authorization And Accessibility Verification",3;10;11
src/components/club/CreateTournamentModal.tsx,1734,input,,type=checkbox,runtime-or-tooling-source,"Requires Interaction, Error, Authorization And Accessibility Verification",3;10;11
src/components/club/CreateTournamentModal.tsx,1752,input,onChange={(e) => setAddOnAvailable(e.target.checked)},type=checkbox,runtime-or-tooling-source,"Requires Interaction, Error, Authorization And Accessibility Verification",3;10;11
src/components/club/CreateTournamentModal.tsx,1770,input,onChange={(e) => setRebuyCost(digitsOnly(e.target.value))},type=number,runtime-or-tooling-source,"Requires Interaction, Error, Authorization And Accessibility Verification",3;10;11
src/components/club/CreateTournamentModal.tsx,1786,input,onChange={(e) => setRebuyChips(digitsOnly(e.target.value))},type=number,runtime-or-tooling-source,"Requires Interaction, Error, Authorization And Accessibility Verification",3;10;11
src/components/club/CreateTournamentModal.tsx,1814,input,onChange={(e) => setAddOnCost(digitsOnly(e.target.value))},type=number,runtime-or-tooling-source,"Requires Interaction, Error, Authorization And Accessibility Verification",3;10;11
src/components/club/CreateTournamentModal.tsx,1830,input,onChange={(e) => setAddOnChips(digitsOnly(e.target.value))},type=number,runtime-or-tooling-source,"Requires Interaction, Error, Authorization And Accessibility Verification",3;10;11
src/components/club/CreateTournamentModal.tsx,1861,input,onChange={(e) => setIsMultiDay(e.target.checked)},type=checkbox,runtime-or-tooling-source,"Requires Interaction, Error, Authorization And Accessibility Verification",3;10;11
src/components/club/CreateTournamentModal.tsx,1875,input,onChange={(e) => setTotalDays(e.target.value)},type=number,runtime-or-tooling-source,"Requires Interaction, Error, Authorization And Accessibility Verification",3;10;11
src/components/club/CreateTournamentModal.tsx,1898,input,onChange={(e) => setGenerateSatellites(e.target.checked)},type=checkbox,runtime-or-tooling-source,"Requires Interaction, Error, Authorization And Accessibility Verification",3;10;11
src/components/club/CreateTournamentModal.tsx,1912,input,onChange={(e) => setGenSatCount(digitsOnly(e.target.value))},type=text,runtime-or-tooling-source,"Requires Interaction, Error, Authorization And Accessibility Verification",3;10;11
src/components/club/CreateTournamentModal.tsx,1924,input,onChange={(e) => setGenSatBuyIn(digitsOnly(e.target.value))},type=text,runtime-or-tooling-source,"Requires Interaction, Error, Authorization And Accessibility Verification",3;10;11
src/components/club/CreateTournamentModal.tsx,1936,input,onChange={(e) => setGenSatSeats(digitsOnly(e.target.value))},type=text,runtime-or-tooling-source,"Requires Interaction, Error, Authorization And Accessibility Verification",3;10;11
src/components/club/CreateTournamentModal.tsx,1964,button,onClick={() => setShowAdvanced((v) => !v)},type=button,runtime-or-tooling-source,"Requires Interaction, Error, Authorization And Accessibility Verification",3;10;11
src/components/club/CreateTournamentModal.tsx,1977,input,onChange={(e) => setShortDescription(e.target.value)},,runtime-or-tooling-source,"Requires Interaction, Error, Authorization And Accessibility Verification",3;10;11
src/components/club/CreateTournamentModal.tsx,2005,input,onChange={(e) => setter(e.target.checked)},type=checkbox,runtime-or-tooling-source,"Requires Interaction, Error, Authorization And Accessibility Verification",3;10;11
src/components/club/CreateTournamentModal.tsx,2027,input,onChange={(e) => setActionTimeSeconds(digitsOnly(e.target.value))},type=number,runtime-or-tooling-source,"Requires Interaction, Error, Authorization And Accessibility Verification",3;10;11
src/components/club/CreateTournamentModal.tsx,2043,input,onChange={(e) => setTableSize(digitsOnly(e.target.value))},type=number,runtime-or-tooling-source,"Requires Interaction, Error, Authorization And Accessibility Verification",3;10;11
src/components/club/CreateTournamentModal.tsx,2062,input,onChange={(e) => setEarlyBirdEnabled(e.target.checked)},type=checkbox,runtime-or-tooling-source,"Requires Interaction, Error, Authorization And Accessibility Verification",3;10;11
src/components/club/CreateTournamentModal.tsx,2076,input,onChange={(e) => setEarlyBirdChips(digitsOnly(e.target.value))},type=number,runtime-or-tooling-source,"Requires Interaction, Error, Authorization And Accessibility Verification",3;10;11
src/components/club/CreateTournamentModal.tsx,2097,input,onChange={(e) => setRestartEvery(digitsOnly(e.target.value))},type=number,runtime-or-tooling-source,"Requires Interaction, Error, Authorization And Accessibility Verification",3;10;11
src/components/club/CreateTournamentModal.tsx,2117,input,onChange={(e) => setMaxRebuysStr(digitsOnly(e.target.value))},type=number,runtime-or-tooling-source,"Requires Interaction, Error, Authorization And Accessibility Verification",3;10;11
src/components/club/CreateTournamentModal.tsx,2140,input,"onChange={(e) => {
                      setRepeatsWeekly(e.target.checked);
                      if (e.target.checked) {
                        setScheduleEnabled(false);
                        setScheduleCadence('weekly');
                        setSchedule((current) => ({
                          ...current,
                          mode: 'times',
                          ...weeklySlotFromStart(),
                        }));
                      }
                    }}",type=checkbox,runtime-or-tooling-source,"Requires Interaction, Error, Authorization And Accessibility Verification",3;10;11
src/components/club/CreateTournamentModal.tsx,2167,input,"onChange={(e) => {
                        setScheduleEnabled(e.target.checked);
                        if (e.target.checked) setStartTimeMode('schedule_only');
                        else if (startTimeMode === 'schedule_only') setStartTimeMode('now');
                      }}",type=checkbox,runtime-or-tooling-source,"Requires Interaction, Error, Authorization And Accessibility Verification",3;10;11
src/components/club/CreateTournamentModal.tsx,2188,button,"onClick={() => {
                          setScheduleCadence(cadence);
                          if (cadence !== 'weekly')
                            setSchedule((current) => ({
                              ...current,
                              daysOfWeek: [0, 1, 2, 3, 4, 5, 6],
                            }));
                        }}",type=button,runtime-or-tooling-source,"Requires Interaction, Error, Authorization And Accessibility Verification",3;10;11
src/components/club/CreateTournamentModal.tsx,2212,input,"onChange={(event) =>
                          setScheduleDayOfMonth(
                            Math.min(31, Math.max(1, Number(event.target.value) || 1))
                          )
                        }",type=number,runtime-or-tooling-source,"Requires Interaction, Error, Authorization And Accessibility Verification",3;10;11
src/components/club/CreateTournamentModal.tsx,2225,WeeklyScheduleEditor,onChange={setSchedule},,runtime-or-tooling-source,"Requires Interaction, Error, Authorization And Accessibility Verification",3;10;11
src/components/club/CreateTournamentModal.tsx,2261,button,onClick={onClose},type=button,runtime-or-tooling-source,"Requires Interaction, Error, Authorization And Accessibility Verification",3;10;11
src/components/club/CreateTournamentModal.tsx,2264,button,,type=submit,runtime-or-tooling-source,"Requires Interaction, Error, Authorization And Accessibility Verification",3;10;11
src/components/club/GameCreationActions.tsx,67,button,onClick={() => (onNavigate || navigate)(`${managementPath}?create=${action.target}`)},type=button,runtime-or-tooling-source,"Requires Interaction, Error, Authorization And Accessibility Verification",10;11
src/components/club/JackpotHistory.tsx,66,div,onClick={onClose},,runtime-or-tooling-source,"Requires Interaction, Error, Authorization And Accessibility Verification",2;5;9;10;11
src/components/club/JackpotHistory.tsx,67,div,onClick={(e) => e.stopPropagation()},,runtime-or-tooling-source,"Requires Interaction, Error, Authorization And Accessibility Verification",2;5;9;10;11
src/components/club/JackpotHistory.tsx,74,button,onClick={onClose},,runtime-or-tooling-source,"Requires Interaction, Error, Authorization And Accessibility Verification",2;5;9;10;11
src/components/club/JackpotHistory.tsx,120,button,onClick={() => onReplay(hit.id)},,runtime-or-tooling-source,"Requires Interaction, Error, Authorization And Accessibility Verification",2;5;9;10;11
src/components/club/MemberList.tsx,105,button,onClick={onClose},,runtime-or-tooling-source,"Requires Interaction, Error, Authorization And Accessibility Verification",10;11
src/components/club/MemberList.tsx,112,input,onChange={(e) => setSearchQuery(e.target.value)},type=text,runtime-or-tooling-source,"Requires Interaction, Error, Authorization And Accessibility Verification",10;11
src/components/club/MemberList.tsx,119,select,onChange={(e) => setRoleFilter(e.target.value as MemberRole | 'all')},,runtime-or-tooling-source,"Requires Interaction, Error, Authorization And Accessibility Verification",10;11
src/components/club/MemberList.tsx,156,div,onClick={() => navigate(`/profile/${member.id}`)},,runtime-or-tooling-source,"Requires Interaction, Error, Authorization And Accessibility Verification",10;11
src/components/club/MemberList.tsx,163,img,"onError={(e) => {
                          (e.target as HTMLImageElement).src = generateDefaultAvatar();
                        }}",,runtime-or-tooling-source,"Requires Interaction, Error, Authorization And Accessibility Verification",10;11
src/components/club/MemberList.tsx,208,button,onClick={() => onSendChips(member.id)},title=Send Chips; aria-label=Send Chips,runtime-or-tooling-source,"Requires Interaction, Error, Authorization And Accessibility Verification",10;11
src/components/club/MemberList.tsx,216,button,onClick={() => onPromote(member.id)},title=Promote; aria-label=Promote,runtime-or-tooling-source,"Requires Interaction, Error, Authorization And Accessibility Verification",10;11
src/components/club/MemberList.tsx,222,button,onClick={() => onKick(member.id)},title=Kick; aria-label=Kick,runtime-or-tooling-source,"Requires Interaction, Error, Authorization And Accessibility Verification",10;11
src/components/club/MemberList.tsx,228,button,onClick={() => onBan(member.id)},title=Ban; aria-label=Ban,runtime-or-tooling-source,"Requires Interaction, Error, Authorization And Accessibility Verification",10;11
src/components/club/RakeSnapshotPanel.tsx,839,button,onClick={() => setScope(s)},type=button; title={SCOPE_COPY[s].note},runtime-or-tooling-source,"Requires Interaction, Error, Authorization And Accessibility Verification",5;7;10;11
src/components/club/RakeSnapshotPanel.tsx,852,button,onClick={exportSnapshot},type=button; title=Export This Snapshot As CSV,runtime-or-tooling-source,"Requires Interaction, Error, Authorization And Accessibility Verification",5;7;10;11
src/components/club/RakeSnapshotPanel.tsx,867,button,"onClick={() => {
                if (p.key === 'custom' && period !== 'custom') setCustom(range);
                setPeriod(p.key);
              }}",type=button,runtime-or-tooling-source,"Requires Interaction, Error, Authorization And Accessibility Verification",5;7;10;11
src/components/club/RakeSnapshotPanel.tsx,886,input,"onChange={(e) => setCustom((c) => ({ ...c, start: e.target.value }))}",type=date,runtime-or-tooling-source,"Requires Interaction, Error, Authorization And Accessibility Verification",5;7;10;11
src/components/club/RakeSnapshotPanel.tsx,898,input,"onChange={(e) => setCustom((c) => ({ ...c, end: e.target.value }))}",type=date,runtime-or-tooling-source,"Requires Interaction, Error, Authorization And Accessibility Verification",5;7;10;11
src/components/club/RakeSnapshotPanel.tsx,1052,input,onChange={(e) => setSearch(e.target.value)},type=search,runtime-or-tooling-source,"Requires Interaction, Error, Authorization And Accessibility Verification",5;7;10;11
src/components/club/RakeSnapshotPanel.tsx,1061,button,onClick={() => setSearch('')},type=button,runtime-or-tooling-source,"Requires Interaction, Error, Authorization And Accessibility Verification",5;7;10;11
src/components/club/RakeSnapshotPanel.tsx,1067,select,onChange={(e) => setSort(e.target.value as RakeSortKey)},,runtime-or-tooling-source,"Requires Interaction, Error, Authorization And Accessibility Verification",5;7;10;11
src/components/club/RakeSnapshotPanel.tsx,1107,button,"onClick={() => openClub(r.club_id, r.name)}",type=button; title={`Open ${r.name}`},runtime-or-tooling-source,"Requires Interaction, Error, Authorization And Accessibility Verification",5;7;10;11
src/components/club/RakeSnapshotPanel.tsx,1138,button,onClick={leaveDrill},type=button,runtime-or-tooling-source,"Requires Interaction, Error, Authorization And Accessibility Verification",5;7;10;11
src/components/club/RakeSnapshotPanel.tsx,1141,button,,type=button,runtime-or-tooling-source,"Requires Interaction, Error, Authorization And Accessibility Verification",5;7;10;11
src/components/club/RakeSnapshotPanel.tsx,1167,button,"onClick={() => openAgent(r.agent_user_id as string, r.name)}",type=button; title={`Open ${r.name}'s Downline`},runtime-or-tooling-source,"Requires Interaction, Error, Authorization And Accessibility Verification",5;7;10;11
src/components/club/RakeSnapshotPanel.tsx,1239,button,onClick={leaveDrill},type=button,runtime-or-tooling-source,"Requires Interaction, Error, Authorization And Accessibility Verification",5;7;10;11
src/components/club/RakeSnapshotPanel.tsx,1247,button,"onClick={() => setCrumbs((cur) => cur.slice(0, i + 1))}",type=button,runtime-or-tooling-source,"Requires Interaction, Error, Authorization And Accessibility Verification",5;7;10;11
src/components/club/RakeSnapshotPanel.tsx,1273,button,"onClick={() => drillInto(r.player_id, r.name)}",type=button; title={`Open ${r.name}'s Downline`},runtime-or-tooling-source,"Requires Interaction, Error, Authorization And Accessibility Verification",5;7;10;11
src/components/club/RakeSnapshotPanel.tsx,1314,button,onClick={() => void loadMore()},type=button,runtime-or-tooling-source,"Requires Interaction, Error, Authorization And Accessibility Verification",5;7;10;11
src/components/club/RosterConnectionStatus.tsx,67,button,onClick={onRetry},type=button,runtime-or-tooling-source,"Requires Interaction, Error, Authorization And Accessibility Verification",7;9;10;11
src/components/club/SecurityAuditLog.tsx,64,div,onClick={onClose},,runtime-or-tooling-source,"Requires Interaction, Error, Authorization And Accessibility Verification",2;6;10;11
src/components/club/SecurityAuditLog.tsx,65,div,onClick={(e) => e.stopPropagation()},,runtime-or-tooling-source,"Requires Interaction, Error, Authorization And Accessibility Verification",2;6;10;11
src/components/club/SecurityAuditLog.tsx,72,button,onClick={onClose},,runtime-or-tooling-source,"Requires Interaction, Error, Authorization And Accessibility Verification",2;6;10;11
src/components/club/SecurityAuditLog.tsx,82,button,onClick={() => setFilterSeverity(sev as LogSeverity | 'all')},,runtime-or-tooling-source,"Requires Interaction, Error, Authorization And Accessibility Verification",2;6;10;11
src/components/club/SpinActivationPanel.tsx,256,button,onClick={deactivate},type=button,runtime-or-tooling-source,"Requires Interaction, Error, Authorization And Accessibility Verification",3;10;11
src/components/club/SpinActivationPanel.tsx,278,select,onChange={(e) => setMaxStake(Number(e.target.value))},id=spin-max-stake,runtime-or-tooling-source,"Requires Interaction, Error, Authorization And Accessibility Verification",3;10;11
src/components/club/SpinActivationPanel.tsx,293,select,onChange={(e) => setWallet(e.target.value)},id=spin-seed-source,runtime-or-tooling-source,"Requires Interaction, Error, Authorization And Accessibility Verification",3;10;11
src/components/club/SpinActivationPanel.tsx,322,button,onClick={activate},type=button,runtime-or-tooling-source,"Requires Interaction, Error, Authorization And Accessibility Verification",3;10;11
src/components/club/TableOperationsPanel.tsx,572,button,onClick={loadTables},,runtime-or-tooling-source,"Requires Interaction, Error, Authorization And Accessibility Verification",10;11
src/components/club/TableOperationsPanel.tsx,595,div,onClick={() => toggleExpand(table.id)},,runtime-or-tooling-source,"Requires Interaction, Error, Authorization And Accessibility Verification",10;11
src/components/club/TableOperationsPanel.tsx,634,button,"onClick={() => handlePauseResume(table.id, table.status)}",,runtime-or-tooling-source,"Requires Interaction, Error, Authorization And Accessibility Verification",10;11
src/components/club/TableOperationsPanel.tsx,642,button,"onClick={() => handlePauseResume(table.id, table.status)}",,runtime-or-tooling-source,"Requires Interaction, Error, Authorization And Accessibility Verification",10;11
src/components/club/TableOperationsPanel.tsx,650,button,"onClick={() => setConfirmAction({ type: 'close', tableId: table.id })}",,runtime-or-tooling-source,"Requires Interaction, Error, Authorization And Accessibility Verification",10;11
src/components/club/TableOperationsPanel.tsx,664,button,onClick={() => void loadSeatedPlayers(table.id)},,runtime-or-tooling-source,"Requires Interaction, Error, Authorization And Accessibility Verification",10;11
src/components/club/TableOperationsPanel.tsx,692,img,"onError={(e) => {
                                  (e.target as HTMLImageElement).src = generateDefaultAvatar();
                                }}",,runtime-or-tooling-source,"Requires Interaction, Error, Authorization And Accessibility Verification",10;11
src/components/club/TableOperationsPanel.tsx,713,button,"onClick={() =>
                            setConfirmAction({
                              type: 'kick',
                              tableId: table.id,
                              userId: player.user_id,
                              playerName: name,
                            })
                          }",,runtime-or-tooling-source,"Requires Interaction, Error, Authorization And Accessibility Verification",10;11
src/components/club/TableOperationsPanel.tsx,739,div,onClick={() => setConfirmAction(null)},,runtime-or-tooling-source,"Requires Interaction, Error, Authorization And Accessibility Verification",10;11
src/components/club/TableOperationsPanel.tsx,740,div,onClick={(e) => e.stopPropagation()},,runtime-or-tooling-source,"Requires Interaction, Error, Authorization And Accessibility Verification",10;11
src/components/club/TableOperationsPanel.tsx,749,button,onClick={() => setConfirmAction(null)},,runtime-or-tooling-source,"Requires Interaction, Error, Authorization And Accessibility Verification",10;11
src/components/club/TableOperationsPanel.tsx,752,button,onClick={handleKickPlayer},,runtime-or-tooling-source,"Requires Interaction, Error, Authorization And Accessibility Verification",10;11
src/components/club/TableOperationsPanel.tsx,765,button,onClick={() => setConfirmAction(null)},,runtime-or-tooling-source,"Requires Interaction, Error, Authorization And Accessibility Verification",10;11
src/components/club/TableOperationsPanel.tsx,768,button,onClick={handleCloseTable},,runtime-or-tooling-source,"Requires Interaction, Error, Authorization And Accessibility Verification",10;11
src/components/club/TickerManagementPanel.tsx,211,input,"onChange={(e) => update('enabled', e.target.checked)}",type=checkbox; aria-label=Ticker Enabled,runtime-or-tooling-source,"Requires Interaction, Error, Authorization And Accessibility Verification",10;11
src/components/club/TickerManagementPanel.tsx,225,button,onClick={() => void load()},type=button,runtime-or-tooling-source,"Requires Interaction, Error, Authorization And Accessibility Verification",10;11
src/components/club/TickerManagementPanel.tsx,236,button,onClick={() => void loadLatest()},type=button,runtime-or-tooling-source,"Requires Interaction, Error, Authorization And Accessibility Verification",10;11
src/components/club/TickerManagementPanel.tsx,267,input,"onChange={(e) =>
                  update('sources', { ...settings.sources, [source.key]: e.target.checked })
                }",type=checkbox; aria-label={source.label},runtime-or-tooling-source,"Requires Interaction, Error, Authorization And Accessibility Verification",10;11
src/components/club/TickerManagementPanel.tsx,285,input,"onChange={(e) => update('speedSeconds', Number(e.target.value))}",type=range; aria-label=Scroll Speed,runtime-or-tooling-source,"Requires Interaction, Error, Authorization And Accessibility Verification",10;11
src/components/club/TickerManagementPanel.tsx,297,input,"onChange={(e) => update('backgroundColor', e.target.value)}",type=color,runtime-or-tooling-source,"Requires Interaction, Error, Authorization And Accessibility Verification",10;11
src/components/club/TickerManagementPanel.tsx,305,input,"onChange={(e) => update('textColor', e.target.value)}",type=color,runtime-or-tooling-source,"Requires Interaction, Error, Authorization And Accessibility Verification",10;11
src/components/club/TickerManagementPanel.tsx,313,input,"onChange={(e) => update('accentColor', e.target.value)}",type=color,runtime-or-tooling-source,"Requires Interaction, Error, Authorization And Accessibility Verification",10;11
src/components/club/TickerManagementPanel.tsx,321,select,"onChange={(e) =>
                update('fontFamily', e.target.value as ManagedTickerSettings['fontFamily'])
              }",,runtime-or-tooling-source,"Requires Interaction, Error, Authorization And Accessibility Verification",10;11
src/components/club/TickerManagementPanel.tsx,337,input,onChange={(e) => setMessageDraft(e.target.value)},id=ticker-custom-message; aria-label=New Custom Ticker Message,runtime-or-tooling-source,"Requires Interaction, Error, Authorization And Accessibility Verification",10;11
src/components/club/TickerManagementPanel.tsx,346,button,"onClick={() => {
                const message = messageDraft.replace(/\s+/g, ' ').trim();
                if (!message) return;
                update('customMessages', [...settings.customMessages, message].slice(-10));
                setMessageDraft('');
              }}",type=button,runtime-or-tooling-source,"Requires Interaction, Error, Authorization And Accessibility Verification",10;11
src/components/club/TickerManagementPanel.tsx,368,button,"onClick={() =>
                      update(
                        'customMessages',
                        settings.customMessages.filter((_, itemIndex) => itemIndex !== index)
                      )
                    }",type=button,runtime-or-tooling-source,"Requires Interaction, Error, Authorization And Accessibility Verification",10;11
src/components/club/TickerManagementPanel.tsx,386,input,onChange={(e) => setServiceDraft(e.target.value)},id=ticker-service-message; aria-label=New Maintenance And Service Notice,runtime-or-tooling-source,"Requires Interaction, Error, Authorization And Accessibility Verification",10;11
src/components/club/TickerManagementPanel.tsx,395,button,"onClick={() => {
                const message = serviceDraft.replace(/\s+/g, ' ').trim();
                if (!message) return;
                update('serviceMessages', [...settings.serviceMessages, message].slice(-5));
                setServiceDraft('');
              }}",type=button,runtime-or-tooling-source,"Requires Interaction, Error, Authorization And Accessibility Verification",10;11
src/components/club/TickerManagementPanel.tsx,417,button,"onClick={() =>
                      update(
                        'serviceMessages',
                        settings.serviceMessages.filter((_, itemIndex) => itemIndex !== index)
                      )
                    }",type=button,runtime-or-tooling-source,"Requires Interaction, Error, Authorization And Accessibility Verification",10;11
src/components/club/TickerManagementPanel.tsx,444,button,onClick={() => void save()},type=button,runtime-or-tooling-source,"Requires Interaction, Error, Authorization And Accessibility Verification",10;11
src/components/clubs/ClubDiscovery.tsx,157,input,onChange={(e) => setSearch(e.target.value)},type=text,runtime-or-tooling-source,"Requires Interaction, Error, Authorization And Accessibility Verification",10;11
src/components/clubs/ClubDiscovery.tsx,169,button,onClick={() => setFilter(f)},,runtime-or-tooling-source,"Requires Interaction, Error, Authorization And Accessibility Verification",10;11
src/components/clubs/ClubDiscovery.tsx,191,div,onClick={() => onViewClub?.(club)},,runtime-or-tooling-source,"Requires Interaction, Error, Authorization And Accessibility Verification",10;11
src/components/clubs/ClubDiscovery.tsx,255,div,onClick={() => onViewClub?.(club)},,runtime-or-tooling-source,"Requires Interaction, Error, Authorization And Accessibility Verification",10;11
src/components/clubs/ClubDiscovery.tsx,315,button,"onClick={(e) => {
                    e.stopPropagation();
                    onJoinRequest?.(club.id);
                  }}",,runtime-or-tooling-source,"Requires Interaction, Error, Authorization And Accessibility Verification",10;11
src/components/colors/ColorPicker.tsx,32,button,onClick={() => onChange(color)},,runtime-or-tooling-source,"Requires Interaction, Error, Authorization And Accessibility Verification",11
src/components/colors/ColorPicker.tsx,41,input,onChange={(e) => onChange(e.target.value)},type=color,runtime-or-tooling-source,"Requires Interaction, Error, Authorization And Accessibility Verification",11
src/components/colors/ColorPicker.tsx,42,input,onChange={(e) => onChange(e.target.value)},type=text,runtime-or-tooling-source,"Requires Interaction, Error, Authorization And Accessibility Verification",11
src/components/comments/Comment.tsx,29,img,"onError={(e) => {
              (e.target as HTMLImageElement).src = generateDefaultAvatar();
            }}",,runtime-or-tooling-source,"Requires Interaction, Error, Authorization And Accessibility Verification",11
src/components/comments/Comment.tsx,50,button,onClick={onLike},,runtime-or-tooling-source,"Requires Interaction, Error, Authorization And Accessibility Verification",11
src/components/comments/Comment.tsx,55,button,onClick={onReply},,runtime-or-tooling-source,"Requires Interaction, Error, Authorization And Accessibility Verification",11
src/components/comments/CommentInput.tsx,28,img,"onError={(e) => {
              (e.target as HTMLImageElement).src = generateDefaultAvatar();
            }}",,runtime-or-tooling-source,"Requires Interaction, Error, Authorization And Accessibility Verification",11
src/components/comments/CommentInput.tsx,40,input,onChange={(e) => setText(e.target.value)}; onKeyDown={(e) => e.key === 'Enter' && handleSubmit()},type=text,runtime-or-tooling-source,"Requires Interaction, Error, Authorization And Accessibility Verification",11
src/components/comments/CommentInput.tsx,47,button,onClick={handleSubmit},,runtime-or-tooling-source,"Requires Interaction, Error, Authorization And Accessibility Verification",11
src/components/common/ActivityHeatmap.tsx,127,div,onMouseLeave={() => setTooltip(null)},,runtime-or-tooling-source,"Requires Interaction, Error, Authorization And Accessibility Verification",11
src/components/common/ActivityHeatmap.tsx,159,div,"onMouseEnter={(e) => showCell(e.currentTarget, cell)}; onFocus={(e) => showCell(e.currentTarget, cell)}; onClick={(e) => showCell(e.currentTarget, cell)}; onKeyDown={(e) => {
                    if (e.key === 'Enter' || e.key === ' ') {
                      e.preventDefault();
                      showCell(e.currentTarget, cell);
                    } else if (e.key === 'Escape') {
                      setTooltip(null);
                    }
                  }}","aria-label={
                    cell
                      ? `${cell.count} Action${cell.count !== 1 ? 's' : ''} On ${cell.date}`
                      : undefined
                  }",runtime-or-tooling-source,"Requires Interaction, Error, Authorization And Accessibility Verification",11
src/components/common/BottomSheet.tsx,79,div,onClick={onClose},,runtime-or-tooling-source,"Requires Interaction, Error, Authorization And Accessibility Verification",11
src/components/common/BottomSheet.tsx,118,div,onPointerDown={handlePointerDown}; onPointerMove={handlePointerMove}; onPointerUp={handlePointerUp},,runtime-or-tooling-source,"Requires Interaction, Error, Authorization And Accessibility Verification",11
src/components/common/BottomSheet.tsx,161,button,onClick={onClose},,runtime-or-tooling-source,"Requires Interaction, Error, Authorization And Accessibility Verification",11
src/components/common/Button.tsx,152,Button,onClick={onClick},,runtime-or-tooling-source,"Requires Interaction, Error, Authorization And Accessibility Verification",11
src/components/common/Card.tsx,153,Card,onClick={onClick},,runtime-or-tooling-source,"Requires Interaction, Error, Authorization And Accessibility Verification",11
src/components/common/ConfirmModal.tsx,119,div,onClick={loading ? undefined : onCancel},,runtime-or-tooling-source,"Requires Interaction, Error, Authorization And Accessibility Verification",11
src/components/common/ConfirmModal.tsx,120,div,onClick={(e) => e.stopPropagation()},,runtime-or-tooling-source,"Requires Interaction, Error, Authorization And Accessibility Verification",11
src/components/common/ConfirmModal.tsx,150,button,onClick={onCancel},,runtime-or-tooling-source,"Requires Interaction, Error, Authorization And Accessibility Verification",11
src/components/common/ConfirmModal.tsx,158,button,onClick={onConfirm},,runtime-or-tooling-source,"Requires Interaction, Error, Authorization And Accessibility Verification",11
src/components/common/Dropdown.tsx,115,motion.div,onClick={handleMenuClick},,runtime-or-tooling-source,"Requires Interaction, Error, Authorization And Accessibility Verification",11
src/components/common/Dropdown.tsx,133,span,onClick={toggleDropdown},,runtime-or-tooling-source,"Requires Interaction, Error, Authorization And Accessibility Verification",11
src/components/common/Dropdown.tsx,160,button,onClick={onClick},,runtime-or-tooling-source,"Requires Interaction, Error, Authorization And Accessibility Verification",11
src/components/common/Dropdown.tsx,207,DropdownItem,onClick={action.onClick},,runtime-or-tooling-source,"Requires Interaction, Error, Authorization And Accessibility Verification",11
src/components/common/EmptyState.tsx,58,button,onClick={action.onClick},type=button,runtime-or-tooling-source,"Requires Interaction, Error, Authorization And Accessibility Verification",9;11
src/components/common/EmptyState.tsx,63,button,onClick={secondaryAction.onClick},type=button,runtime-or-tooling-source,"Requires Interaction, Error, Authorization And Accessibility Verification",9;11
src/components/common/ErrorBoundary.tsx,187,button,onClick={this.handleReportClick},,runtime-or-tooling-source,"Requires Interaction, Error, Authorization And Accessibility Verification",11
src/components/common/ErrorBoundary.tsx,205,button,onClick={() => window.location.reload()},,runtime-or-tooling-source,"Requires Interaction, Error, Authorization And Accessibility Verification",11
src/components/common/HelpPopover.tsx,98,button,"onMouseEnter={show}; onMouseLeave={() => {
          if (!pinnedRef.current) setOpen(false);
        }}; onFocus={show}; onBlur={() => {
          if (!pinnedRef.current) setOpen(false);
        }}; onClick={(event) => {
          event.preventDefault();
          event.stopPropagation();
          pinnedRef.current = !pinnedRef.current;
          if (pinnedRef.current) show();
          else setOpen(false);
        }}",type=button; aria-label={`Help: ${label}`},runtime-or-tooling-source,"Requires Interaction, Error, Authorization And Accessibility Verification",11
src/components/common/Input.tsx,61,input,"onFocus={(e) => {
              setFocused(true);
              props.onFocus?.(e);
            }}; onBlur={(e) => {
              setFocused(false);
              props.onBlur?.(e);
            }}",id={id},runtime-or-tooling-source,"Requires Interaction, Error, Authorization And Accessibility Verification",11
src/components/common/Input.tsx,136,textarea,"onFocus={(e) => {
            setFocused(true);
            props.onFocus?.(e);
          }}; onBlur={(e) => {
            setFocused(false);
            props.onBlur?.(e);
          }}",id={id},runtime-or-tooling-source,"Requires Interaction, Error, Authorization And Accessibility Verification",11
src/components/common/Input.tsx,214,select,,id={id},runtime-or-tooling-source,"Requires Interaction, Error, Authorization And Accessibility Verification",11
src/components/common/Input.tsx,267,input,onChange={(e) => onChange(e.target.checked)},type=checkbox,runtime-or-tooling-source,"Requires Interaction, Error, Authorization And Accessibility Verification",11
src/components/common/Input.tsx,302,input,onChange={(e) => onChange(e.target.checked)},type=checkbox,runtime-or-tooling-source,"Requires Interaction, Error, Authorization And Accessibility Verification",11
src/components/common/Input.tsx,349,button,onClick={() => handleChange(value - step)},type=button,runtime-or-tooling-source,"Requires Interaction, Error, Authorization And Accessibility Verification",11
src/components/common/Input.tsx,357,input,onChange={(e) => handleChange(Number(e.target.value))},type=number,runtime-or-tooling-source,"Requires Interaction, Error, Authorization And Accessibility Verification",11
src/components/common/Input.tsx,367,button,onClick={() => handleChange(value + step)},type=button,runtime-or-tooling-source,"Requires Interaction, Error, Authorization And Accessibility Verification",11
src/components/common/Input.tsx,379,button,onClick={() => handleChange(preset.value)},type=button,runtime-or-tooling-source,"Requires Interaction, Error, Authorization And Accessibility Verification",11
src/components/common/MilestoneToast.tsx,101,div,onClick={() => dismissNotification(n.id)},,runtime-or-tooling-source,"Requires Interaction, Error, Authorization And Accessibility Verification",11
src/components/common/Modal.tsx,166,motion.div,onClick={closeOnOverlay ? onClose : undefined},,runtime-or-tooling-source,"Requires Interaction, Error, Authorization And Accessibility Verification",11
src/components/common/Modal.tsx,174,motion.div,onClick={(e) => e.stopPropagation()},aria-label={!title && ariaLabel ? ariaLabel : undefined},runtime-or-tooling-source,"Requires Interaction, Error, Authorization And Accessibility Verification",11
src/components/common/Modal.tsx,195,IconButton,onClick={onClose},,runtime-or-tooling-source,"Requires Interaction, Error, Authorization And Accessibility Verification",11
src/components/common/Modal.tsx,252,Modal,onClose={onClose},title={title},runtime-or-tooling-source,"Requires Interaction, Error, Authorization And Accessibility Verification",11
src/components/common/Modal.tsx,257,button,onClick={onClose},,runtime-or-tooling-source,"Requires Interaction, Error, Authorization And Accessibility Verification",11
src/components/common/Modal.tsx,260,button,"onClick={() => {
            onConfirm();
            onClose();
          }}",,runtime-or-tooling-source,"Requires Interaction, Error, Authorization And Accessibility Verification",11
src/components/common/Modal.tsx,315,motion.div,onClick={onClose},,runtime-or-tooling-source,"Requires Interaction, Error, Authorization And Accessibility Verification",11
src/components/common/Modal.tsx,335,IconButton,onClick={onClose},,runtime-or-tooling-source,"Requires Interaction, Error, Authorization And Accessibility Verification",11
src/components/common/Notification.tsx,56,button,"onClick={() => {
              action.onClick();
              onAction?.();
            }}",,runtime-or-tooling-source,"Requires Interaction, Error, Authorization And Accessibility Verification",10;11
src/components/common/Notification.tsx,68,button,onClick={() => onDismiss(id)},aria-label=Dismiss,runtime-or-tooling-source,"Requires Interaction, Error, Authorization And Accessibility Verification",10;11
src/components/common/Notification.tsx,102,button,onClick={onClearAll},,runtime-or-tooling-source,"Requires Interaction, Error, Authorization And Accessibility Verification",10;11
src/components/common/Notification.tsx,110,Notification,onDismiss={onDismiss},,runtime-or-tooling-source,"Requires Interaction, Error, Authorization And Accessibility Verification",10;11
src/components/common/Notification.tsx,152,button,onClick={onClick},,runtime-or-tooling-source,"Requires Interaction, Error, Authorization And Accessibility Verification",10;11
src/components/common/NotificationBell.tsx,21,button,onClick={() => navigate('/notifications')},title=Notifications,runtime-or-tooling-source,"Requires Interaction, Error, Authorization And Accessibility Verification",10;11
src/components/common/NumericKeypad.tsx,103,button,onClick={() => handleQuickAmount(qa)},type=button,runtime-or-tooling-source,"Requires Interaction, Error, Authorization And Accessibility Verification",11
src/components/common/NumericKeypad.tsx,117,button,onClick={() => handleKey(key)},type=button,runtime-or-tooling-source,"Requires Interaction, Error, Authorization And Accessibility Verification",11
src/components/common/Search.tsx,59,input,onChange={(e) => onChange(e.target.value)}; onKeyDown={handleKeyDown},type=text,runtime-or-tooling-source,"Requires Interaction, Error, Authorization And Accessibility Verification",11
src/components/common/Search.tsx,81,motion.button,onClick={handleClear},aria-label=Clear Search,runtime-or-tooling-source,"Requires Interaction, Error, Authorization And Accessibility Verification",11
src/components/common/Search.tsx,171,SearchInput,onChange={onChange},,runtime-or-tooling-source,"Requires Interaction, Error, Authorization And Accessibility Verification",11
src/components/common/Search.tsx,172,div,onKeyDown={handleKeyDown},,runtime-or-tooling-source,"Requires Interaction, Error, Authorization And Accessibility Verification",11
src/components/common/Search.tsx,187,motion.div,"onClick={() => {
                      onSelect(item);
                      setIsOpen(false);
                    }}; onMouseEnter={() => setHighlightedIndex(index)}",,runtime-or-tooling-source,"Requires Interaction, Error, Authorization And Accessibility Verification",11
src/components/common/Search.tsx,240,button,onClick={() => handleClick(id)},,runtime-or-tooling-source,"Requires Interaction, Error, Authorization And Accessibility Verification",11
src/components/common/Table.tsx,87,tr,"onClick={() => onRowClick?.(item, index)}",,runtime-or-tooling-source,"Requires Interaction, Error, Authorization And Accessibility Verification",11
src/components/common/Tabs.tsx,103,button,onClick={() => !disabled && setActiveTab(id)},,runtime-or-tooling-source,"Requires Interaction, Error, Authorization And Accessibility Verification",11
src/components/common/Tabs.tsx,178,Tabs,onChange={onChange},,runtime-or-tooling-source,"Requires Interaction, Error, Authorization And Accessibility Verification",11
src/components/common/Toast.tsx,167,div,"onClick={() => {
        if (toast.onClick) {
          toast.onClick();
          setIsExiting(true);
          setTimeout(onRemove, 300);
        }
      }}",,runtime-or-tooling-source,"Requires Interaction, Error, Authorization And Accessibility Verification",11
src/components/common/Toast.tsx,180,button,"onClick={(event) => {
          event.stopPropagation();
          setIsExiting(true);
          setTimeout(onRemove, 300);
        }}",type=button; aria-label=Dismiss Notification,runtime-or-tooling-source,"Requires Interaction, Error, Authorization And Accessibility Verification",11
src/components/common/Toast.tsx,214,ToastItem,onRemove={() => removeToast(toast.id)},,runtime-or-tooling-source,"Requires Interaction, Error, Authorization And Accessibility Verification",11
src/components/common/Tooltip.tsx,165,span,"onMouseEnter={showTooltip}; onMouseLeave={hideTooltip}; onFocus={showTooltip}; onBlur={hideTooltip}; onClick={toggleTooltip}; onKeyDown={(e) => {
          if (e.key === 'Enter' || e.key === ' ') {
            e.preventDefault();
            toggleTooltip();
          }
        }}",,runtime-or-tooling-source,"Requires Interaction, Error, Authorization And Accessibility Verification",11
src/components/common/Tooltip.tsx,298,span,onClick={togglePopover},,runtime-or-tooling-source,"Requires Interaction, Error, Authorization And Accessibility Verification",11
src/components/common/TransactionLedgerView.tsx,198,button,onClick={() => loadLedger()},type=button,runtime-or-tooling-source,"Requires Interaction, Error, Authorization And Accessibility Verification",11
src/components/common/WaitlistBanner.tsx,176,div,"onClick={held ? () => navigate(`/table/${entry.tableId}?buyin=1`) : undefined}; onKeyDown={
              held
                ? (e) => {
                    if (e.key === 'Enter' || e.key === ' ') {
                      e.preventDefault();
                      navigate(`/table/${entry.tableId}?buyin=1`);
                    }
                  }
                : undefined
            }","aria-label={
              held ? `Your Seat Is Held For ${left} More Seconds. Tap To Take It.` : undefined
            }",runtime-or-tooling-source,"Requires Interaction, Error, Authorization And Accessibility Verification",8;11
src/components/common/WaitlistBanner.tsx,292,button,"onClick={(e) => {
                // The card itself navigates while a hold is live; dismissing
                // must not also open the table.
                e.stopPropagation();
                dismiss(entry.tableId);
              }}","aria-label={
                entry.tableName
                  ? `Dismiss The Waitlist Notice For ${entry.tableName}`
                  : 'Dismiss The Waitlist Notice'
              }; title=Dismiss",runtime-or-tooling-source,"Requires Interaction, Error, Authorization And Accessibility Verification",8;11
src/components/common/confirmDialog.tsx,81,ConfirmModal,onConfirm={() => settle(true)}; onCancel={() => settle(false)},title={current?.opts.title},runtime-or-tooling-source,"Requires Interaction, Error, Authorization And Accessibility Verification",11
src/components/confirm/ConfirmDialog.tsx,34,button,onClick={onCancel},,runtime-or-tooling-source,"Requires Interaction, Error, Authorization And Accessibility Verification",11
src/components/confirm/ConfirmDialog.tsx,37,button,onClick={onConfirm},,runtime-or-tooling-source,"Requires Interaction, Error, Authorization And Accessibility Verification",11
src/components/copy/CopyButton.tsx,24,button,onClick={handleCopy},,runtime-or-tooling-source,"Requires Interaction, Error, Authorization And Accessibility Verification",11
src/components/copy/CopyField.tsx,22,input,,type=text,runtime-or-tooling-source,"Requires Interaction, Error, Authorization And Accessibility Verification",11
src/components/copy/CopyField.tsx,23,button,onClick={handleCopy},,runtime-or-tooling-source,"Requires Interaction, Error, Authorization And Accessibility Verification",11
src/components/counters/Counter.tsx,33,button,onClick={decrement},,runtime-or-tooling-source,"Requires Interaction, Error, Authorization And Accessibility Verification",11
src/components/counters/Counter.tsx,37,button,onClick={increment},,runtime-or-tooling-source,"Requires Interaction, Error, Authorization And Accessibility Verification",11
src/components/customization/AvatarCustomizer.tsx,229,button,"onClick={() => {
                  haptic.light();
                  setSelectedIcon(glyph);
                }}",type=button,runtime-or-tooling-source,"Requires Interaction, Error, Authorization And Accessibility Verification",11
src/components/customization/AvatarCustomizer.tsx,249,button,"onClick={() => {
                  haptic.light();
                  setSelectedBg(color);
                }}",type=button; aria-label={`Background ${color}`},runtime-or-tooling-source,"Requires Interaction, Error, Authorization And Accessibility Verification",11
src/components/customization/AvatarCustomizer.tsx,266,button,onClick={handleSave},type=button,runtime-or-tooling-source,"Requires Interaction, Error, Authorization And Accessibility Verification",11
src/components/customization/AvatarGallery.tsx,587,div,onClick={onClose},,runtime-or-tooling-source,"Requires Interaction, Error, Authorization And Accessibility Verification",11
src/components/customization/AvatarGallery.tsx,588,div,onClick={(e) => e.stopPropagation()},,runtime-or-tooling-source,"Requires Interaction, Error, Authorization And Accessibility Verification",11
src/components/customization/AvatarGallery.tsx,605,button,onClick={onClose},aria-label=Close,runtime-or-tooling-source,"Requires Interaction, Error, Authorization And Accessibility Verification",11
src/components/customization/AvatarGallery.tsx,613,img,"onError={(e) => {
                (e.target as HTMLImageElement).src = generateDefaultAvatar();
              }}",,runtime-or-tooling-source,"Requires Interaction, Error, Authorization And Accessibility Verification",11
src/components/customization/AvatarGallery.tsx,633,img,"onError={(e) => {
                (e.target as HTMLImageElement).src = generateDefaultAvatar();
              }}",,runtime-or-tooling-source,"Requires Interaction, Error, Authorization And Accessibility Verification",11
src/components/customization/AvatarGallery.tsx,662,button,"onClick={() => {
              haptic.light();
              setShowQuickAvatar((v) => !v);
            }}",,runtime-or-tooling-source,"Requires Interaction, Error, Authorization And Accessibility Verification",11
src/components/customization/AvatarGallery.tsx,672,button,onClick={handleCreateVipAvatar},,runtime-or-tooling-source,"Requires Interaction, Error, Authorization And Accessibility Verification",11
src/components/customization/AvatarGallery.tsx,679,AvatarCustomizer,onSaved={handleQuickAvatarSaved},,runtime-or-tooling-source,"Requires Interaction, Error, Authorization And Accessibility Verification",11
src/components/customization/AvatarGallery.tsx,689,button,"onClick={() => setActiveTab('free')}; onKeyDown={(event) => handleTabKeyDown(event, 'free')}",id=avatar-tab-free,runtime-or-tooling-source,"Requires Interaction, Error, Authorization And Accessibility Verification",11
src/components/customization/AvatarGallery.tsx,701,button,"onClick={() => setActiveTab('vip')}; onKeyDown={(event) => handleTabKeyDown(event, 'vip')}",id=avatar-tab-vip,runtime-or-tooling-source,"Requires Interaction, Error, Authorization And Accessibility Verification",11
src/components/customization/AvatarGallery.tsx,713,button,"onClick={() => setActiveTab('custom')}; onKeyDown={(event) => handleTabKeyDown(event, 'custom')}",id=avatar-tab-custom,runtime-or-tooling-source,"Requires Interaction, Error, Authorization And Accessibility Verification",11
src/components/customization/AvatarGallery.tsx,725,button,"onClick={() => setActiveTab('style')}; onKeyDown={(event) => handleTabKeyDown(event, 'style')}",id=avatar-tab-style,runtime-or-tooling-source,"Requires Interaction, Error, Authorization And Accessibility Verification",11
src/components/customization/AvatarGallery.tsx,742,input,onChange={(event) => setSearch(event.target.value)},type=search,runtime-or-tooling-source,"Requires Interaction, Error, Authorization And Accessibility Verification",11
src/components/customization/AvatarGallery.tsx,779,button,"onClick={() => {
                    haptic.light();
                    setReloadKey((k) => k + 1);
                  }}",,runtime-or-tooling-source,"Requires Interaction, Error, Authorization And Accessibility Verification",11
src/components/customization/AvatarGallery.tsx,813,button,"onClick={() => equipCosmetic(group.kind, null)}",type=button,runtime-or-tooling-source,"Requires Interaction, Error, Authorization And Accessibility Verification",11
src/components/customization/AvatarGallery.tsx,833,button,"onClick={() => {
                              /* Locked tiles still respond. A tile that does
                                 nothing on tap is indistinguishable from a dead
                                 one, which is the note already written against
                                 the avatar grid above. Say why instead. */
                              if (isLocked) {
                                haptic.light();
                                setNotice(
                                  'Frames and auras are a VIP benefit, or can be granted in your club shop.'
                                );
                                return;
                              }
                              equipCosmetic(group.kind, cosmetic.id);
                            }}",type=button; title={isLocked ? `${cosmetic.label} (VIP)` : cosmetic.label},runtime-or-tooling-source,"Requires Interaction, Error, Authorization And Accessibility Verification",11
src/components/customization/AvatarGallery.tsx,893,button,"onClick={() => {
                  haptic.light();
                  setReloadKey((k) => k + 1);
                }}",,runtime-or-tooling-source,"Requires Interaction, Error, Authorization And Accessibility Verification",11
src/components/customization/AvatarGallery.tsx,923,button,onClick={() => handleSelect(avatar)},"type=button; aria-label={`${avatar.name}${isLocked ? ', VIP Required' : isUnlockedByPurchase ? ', Owned' : ''}`}; title={isLocked ? `${avatar.name} (VIP)` : avatar.name}",runtime-or-tooling-source,"Requires Interaction, Error, Authorization And Accessibility Verification",11
src/components/customization/AvatarGallery.tsx,938,img,"onError={(e) => {
                        (e.target as HTMLImageElement).src = generateDefaultAvatar();
                      }}",,runtime-or-tooling-source,"Requires Interaction, Error, Authorization And Accessibility Verification",11
src/components/customization/AvatarGallery.tsx,970,button,onClick={handleApply},,runtime-or-tooling-source,"Requires Interaction, Error, Authorization And Accessibility Verification",11
src/components/customization/AvatarGallery.tsx,978,button,onClick={handleApply},,runtime-or-tooling-source,"Requires Interaction, Error, Authorization And Accessibility Verification",11
src/components/daily-bonus/DailyBonusEntry.tsx,102,DailyBonusSheet,"onClose={() => {
        if (today) markSeenToday(user.id, today);
        setOpen(false);
      }}",,runtime-or-tooling-source,"Requires Interaction, Error, Authorization And Accessibility Verification",11
src/components/daily-bonus/DailyBonusSheet.tsx,189,button,onClick={() => onClaim(tile)},type=button,runtime-or-tooling-source,"Requires Interaction, Error, Authorization And Accessibility Verification",11
src/components/daily-bonus/DailyBonusSheet.tsx,297,button,onClick={() => void reload()},type=button,runtime-or-tooling-source,"Requires Interaction, Error, Authorization And Accessibility Verification",11
src/components/daily-bonus/DailyBonusSheet.tsx,373,BonusTile,onClaim={(t) => void handleClaim(t)},,runtime-or-tooling-source,"Requires Interaction, Error, Authorization And Accessibility Verification",11
src/components/daily-bonus/DailyBonusSheet.tsx,425,button,onClick={onClose},type=button; aria-label=Close,runtime-or-tooling-source,"Requires Interaction, Error, Authorization And Accessibility Verification",11
src/components/daily-bonus/DailyBonusSheet.tsx,453,div,onClick={onClose},,runtime-or-tooling-source,"Requires Interaction, Error, Authorization And Accessibility Verification",11
src/components/daily-bonus/DailyBonusSheet.tsx,454,div,onClick={(e) => e.stopPropagation()},,runtime-or-tooling-source,"Requires Interaction, Error, Authorization And Accessibility Verification",11
src/components/dashboard/AgentFinancialPortal.tsx,225,button,onClick={handleTransferToPlayer},,runtime-or-tooling-source,"Requires Interaction, Error, Authorization And Accessibility Verification",10;11
src/components/dashboard/AgentFinancialPortal.tsx,289,button,"onClick={() => {
                // Navigate to settlement page — construct club URL from agent data
                navigate('/wallet');
              }}",,runtime-or-tooling-source,"Requires Interaction, Error, Authorization And Accessibility Verification",10;11
src/components/dashboard/ClubFinancialDashboard.tsx,495,input,onChange={(e) => setMintAmount(Number(e.target.value))},type=number,runtime-or-tooling-source,"Requires Interaction, Error, Authorization And Accessibility Verification",10;11
src/components/dashboard/ClubFinancialDashboard.tsx,506,button,onClick={handleMint},,runtime-or-tooling-source,"Requires Interaction, Error, Authorization And Accessibility Verification",10;11
src/components/dashboard/ClubFinancialDashboard.tsx,528,input,onChange={(e) => setAgentId(e.target.value)},type=text,runtime-or-tooling-source,"Requires Interaction, Error, Authorization And Accessibility Verification",10;11
src/components/dashboard/ClubFinancialDashboard.tsx,540,input,onChange={(e) => setCommissionRate(Number(e.target.value))},type=range,runtime-or-tooling-source,"Requires Interaction, Error, Authorization And Accessibility Verification",10;11
src/components/dashboard/ClubFinancialDashboard.tsx,550,button,onClick={handleSetCommission},,runtime-or-tooling-source,"Requires Interaction, Error, Authorization And Accessibility Verification",10;11
src/components/dashboard/ClubFinancialDashboard.tsx,581,button,onClick={() => navigate('/financial-alerts')},type=button,runtime-or-tooling-source,"Requires Interaction, Error, Authorization And Accessibility Verification",10;11
src/components/dashboard/ClubFinancialDashboard.tsx,597,button,onClick={() => clubId && navigate(`/clubs/${clubId}/disputes`)},type=button,runtime-or-tooling-source,"Requires Interaction, Error, Authorization And Accessibility Verification",10;11
src/components/dashboard/ClubFinancialDashboard.tsx,613,button,onClick={() => navigate('/financial-health')},type=button,runtime-or-tooling-source,"Requires Interaction, Error, Authorization And Accessibility Verification",10;11
src/components/drawers/Drawer.tsx,23,div,onClick={onClose},,runtime-or-tooling-source,"Requires Interaction, Error, Authorization And Accessibility Verification",11
src/components/drawers/Drawer.tsx,28,button,onClick={onClose},,runtime-or-tooling-source,"Requires Interaction, Error, Authorization And Accessibility Verification",11
src/components/dropdowns/ContextMenu.tsx,28,div,onClick={onClose},,runtime-or-tooling-source,"Requires Interaction, Error, Authorization And Accessibility Verification",11
src/components/dropdowns/ContextMenu.tsx,31,li,"onClick={() => {
              item.onClick();
              onClose();
            }}",,runtime-or-tooling-source,"Requires Interaction, Error, Authorization And Accessibility Verification",11
src/components/dropdowns/Dropdown.tsx,28,button,onClick={() => setIsOpen(!isOpen)},,runtime-or-tooling-source,"Requires Interaction, Error, Authorization And Accessibility Verification",11
src/components/dropdowns/Dropdown.tsx,42,div,onClick={() => setIsOpen(false)},,runtime-or-tooling-source,"Requires Interaction, Error, Authorization And Accessibility Verification",11
src/components/dropdowns/Dropdown.tsx,45,li,"onClick={() => {
                  onChange(opt.value);
                  setIsOpen(false);
                }}",,runtime-or-tooling-source,"Requires Interaction, Error, Authorization And Accessibility Verification",11
src/components/emoji/EmojiPicker.tsx,22,button,onClick={() => setCategory(cat as keyof typeof EMOJI_CATEGORIES)},,runtime-or-tooling-source,"Requires Interaction, Error, Authorization And Accessibility Verification",11
src/components/emoji/EmojiPicker.tsx,36,button,onClick={() => onSelect(emoji)},,runtime-or-tooling-source,"Requires Interaction, Error, Authorization And Accessibility Verification",11
src/components/emoji/EmojiPicker.tsx,45,button,onClick={() => onSelect(emoji)},,runtime-or-tooling-source,"Requires Interaction, Error, Authorization And Accessibility Verification",11
src/components/emoji/ReactionBar.tsx,20,button,onClick={() => onToggle(r.emoji)},,runtime-or-tooling-source,"Requires Interaction, Error, Authorization And Accessibility Verification",11
src/components/emoji/ReactionBar.tsx,30,button,onClick={onAddClick},,runtime-or-tooling-source,"Requires Interaction, Error, Authorization And Accessibility Verification",11
src/components/feedback/RatingModal.tsx,40,div,onClick={onClose},,runtime-or-tooling-source,"Requires Interaction, Error, Authorization And Accessibility Verification",11
src/components/feedback/RatingModal.tsx,41,div,onClick={(e) => e.stopPropagation()},,runtime-or-tooling-source,"Requires Interaction, Error, Authorization And Accessibility Verification",11
src/components/feedback/RatingModal.tsx,54,button,onMouseEnter={() => setHoveredRating(star)}; onMouseLeave={() => setHoveredRating(0)}; onClick={() => setRating(star)},,runtime-or-tooling-source,"Requires Interaction, Error, Authorization And Accessibility Verification",11
src/components/feedback/RatingModal.tsx,71,textarea,onChange={(e) => setFeedback(e.target.value)},,runtime-or-tooling-source,"Requires Interaction, Error, Authorization And Accessibility Verification",11
src/components/feedback/RatingModal.tsx,80,button,onClick={onClose},,runtime-or-tooling-source,"Requires Interaction, Error, Authorization And Accessibility Verification",11
src/components/feedback/RatingModal.tsx,83,button,onClick={handleSubmit},,runtime-or-tooling-source,"Requires Interaction, Error, Authorization And Accessibility Verification",11
src/components/filters/DateRangeFilter.tsx,28,input,onChange={(e) => onStartChange(e.target.value)},type=date,runtime-or-tooling-source,"Requires Interaction, Error, Authorization And Accessibility Verification",11
src/components/filters/DateRangeFilter.tsx,30,input,onChange={(e) => onEndChange(e.target.value)},type=date,runtime-or-tooling-source,"Requires Interaction, Error, Authorization And Accessibility Verification",11
src/components/filters/DateRangeFilter.tsx,35,button,onClick={() => onPresetClick(p.days)},,runtime-or-tooling-source,"Requires Interaction, Error, Authorization And Accessibility Verification",11
src/components/filters/FilterChips.tsx,36,button,onClick={() => toggle(opt.value)},,runtime-or-tooling-source,"Requires Interaction, Error, Authorization And Accessibility Verification",11
src/components/forms/FormCheckbox.tsx,21,input,onChange={(e) => onChange(e.target.checked)},type=checkbox,runtime-or-tooling-source,"Requires Interaction, Error, Authorization And Accessibility Verification",11
src/components/forms/FormInput.tsx,39,input,onChange={(e) => onChange(e.target.value)},type={type},runtime-or-tooling-source,"Requires Interaction, Error, Authorization And Accessibility Verification",11
src/components/forms/FormSelect.tsx,42,select,onChange={(e) => onChange(e.target.value)},,runtime-or-tooling-source,"Requires Interaction, Error, Authorization And Accessibility Verification",11
src/components/forms/FormToggle.tsx,22,input,onChange={(e) => onChange(e.target.checked)},type=checkbox,runtime-or-tooling-source,"Requires Interaction, Error, Authorization And Accessibility Verification",11
src/components/gameplay/PlayerNotesPanel.tsx,260,button,onClick={onClose},,runtime-or-tooling-source,"Requires Interaction, Error, Authorization And Accessibility Verification",11
src/components/gameplay/PlayerNotesPanel.tsx,266,textarea,onChange={(e) => setCurrentNote(e.target.value)},,runtime-or-tooling-source,"Requires Interaction, Error, Authorization And Accessibility Verification",11
src/components/gameplay/PlayerNotesPanel.tsx,276,button,onClick={() => toggleTag(tag)},,runtime-or-tooling-source,"Requires Interaction, Error, Authorization And Accessibility Verification",11
src/components/gameplay/PlayerNotesPanel.tsx,288,button,onClick={() => setSelectedColor(color.value)},title={color.name},runtime-or-tooling-source,"Requires Interaction, Error, Authorization And Accessibility Verification",11
src/components/gameplay/PlayerNotesPanel.tsx,298,button,onClick={saveNote},,runtime-or-tooling-source,"Requires Interaction, Error, Authorization And Accessibility Verification",11
src/components/gameplay/PlayerNotesPanel.tsx,315,button,onClick={onClose},,runtime-or-tooling-source,"Requires Interaction, Error, Authorization And Accessibility Verification",11
src/components/gameplay/PlayerNotesPanel.tsx,321,input,onChange={(e) => setSearchQuery(e.target.value)},type=text,runtime-or-tooling-source,"Requires Interaction, Error, Authorization And Accessibility Verification",11
src/components/gameplay/PlayerNotesPanel.tsx,367,button,onClick={() => deleteNote(note.id)},,runtime-or-tooling-source,"Requires Interaction, Error, Authorization And Accessibility Verification",11
src/components/gamification/AchievementNotification.tsx,65,div,onClick={handleDismiss},,runtime-or-tooling-source,"Requires Interaction, Error, Authorization And Accessibility Verification",10;11
src/components/gamification/GamificationLeaderboard.tsx,107,button,onClick={() => setActiveTab('wheel')},,runtime-or-tooling-source,"Requires Interaction, Error, Authorization And Accessibility Verification",11
src/components/gamification/GamificationLeaderboard.tsx,113,button,onClick={() => setActiveTab('missions')},,runtime-or-tooling-source,"Requires Interaction, Error, Authorization And Accessibility Verification",11
src/components/gamification/GamificationLeaderboard.tsx,139,img,"onError={(e) => {
                  (e.target as HTMLImageElement).src = generateDefaultAvatar();
                }}",,runtime-or-tooling-source,"Requires Interaction, Error, Authorization And Accessibility Verification",11
src/components/gamification/LuckyDrawWheel.tsx,118,div,onClick={!spinning ? onClose : undefined},,runtime-or-tooling-source,"Requires Interaction, Error, Authorization And Accessibility Verification",11
src/components/gamification/LuckyDrawWheel.tsx,119,div,onClick={(e) => e.stopPropagation()},,runtime-or-tooling-source,"Requires Interaction, Error, Authorization And Accessibility Verification",11
src/components/gamification/LuckyDrawWheel.tsx,123,button,onClick={onClose},aria-label=Close Lucky Draw,runtime-or-tooling-source,"Requires Interaction, Error, Authorization And Accessibility Verification",11
src/components/gamification/LuckyDrawWheel.tsx,202,button,onClick={handleSpin},,runtime-or-tooling-source,"Requires Interaction, Error, Authorization And Accessibility Verification",11
src/components/handdetail/HandFlagControl.tsx,143,button,onClick={() => setOpen(true)},type=button,runtime-or-tooling-source,"Requires Interaction, Error, Authorization And Accessibility Verification",11
src/components/handdetail/HandFlagControl.tsx,153,textarea,onChange={(e) => setText(e.target.value)},aria-label=What Looked Wrong With This Hand,runtime-or-tooling-source,"Requires Interaction, Error, Authorization And Accessibility Verification",11
src/components/handdetail/HandFlagControl.tsx,164,button,"onClick={() => {
                setOpen(false);
                setText('');
                setProblem(null);
                setState('idle');
              }}",type=button,runtime-or-tooling-source,"Requires Interaction, Error, Authorization And Accessibility Verification",11
src/components/handdetail/HandFlagControl.tsx,176,button,onClick={send},type=button,runtime-or-tooling-source,"Requires Interaction, Error, Authorization And Accessibility Verification",11
src/components/handdetail/HandNoteEditor.tsx,170,textarea,onChange={(e) => setText(e.target.value)},aria-label=Your Note On This Hand,runtime-or-tooling-source,"Requires Interaction, Error, Authorization And Accessibility Verification",11
src/components/handdetail/HandNoteEditor.tsx,181,input,onChange={(e) => setTagText(e.target.value)},type=text; aria-label=Tags For This Hand,runtime-or-tooling-source,"Requires Interaction, Error, Authorization And Accessibility Verification",11
src/components/handdetail/HandNoteEditor.tsx,189,button,onClick={save},type=button,runtime-or-tooling-source,"Requires Interaction, Error, Authorization And Accessibility Verification",11
src/components/home/CarouselSection.tsx,226,div,"onContextMenu={(e) => handleContextMenu(e, club)}; onTouchStart={(e) => handleLongPressStart(club, e)}; onTouchEnd={handleLongPressEnd}; onTouchCancel={handleLongPressEnd}; onKeyDown={(e) => {
            if (e.key === 'Enter' || e.key === ' ') {
              e.preventDefault();
              handleClubCardClick(club);
            }
          }}",aria-label={`${club.name || 'Club'} - Click To Enter Lobby`},runtime-or-tooling-source,"Requires Interaction, Error, Authorization And Accessibility Verification",11
src/components/home/CarouselSection.tsx,303,div,"onClick={() => {
            haptic.light();
            playPremiumSfx('ctaClick');
            onOpenJoinModal();
          }}; onKeyDown={(e) => {
            if (e.key === 'Enter' || e.key === ' ') {
              e.preventDefault();
              haptic.light();
              playPremiumSfx('ctaClick');
              onOpenJoinModal();
            }
          }}",aria-label=Join A Club,runtime-or-tooling-source,"Requires Interaction, Error, Authorization And Accessibility Verification",11
src/components/home/CarouselSection.tsx,344,Carousel,onSelect={handleClubCardClick}; onDragStart={handleLongPressEnd}; onIndexChange={handleIndexChange},,runtime-or-tooling-source,"Requires Interaction, Error, Authorization And Accessibility Verification",11
src/components/home/CarouselSection.tsx,393,div,"onClick={() => {
            haptic.light();
            playPremiumSfx('ctaClick');
            onOpenCreateModal();
          }}; onKeyDown={(e) => {
            if (e.key === 'Enter' || e.key === ' ') {
              e.preventDefault();
              haptic.light();
              playPremiumSfx('ctaClick');
              onOpenCreateModal();
            }
          }}",aria-label=Create A Club,runtime-or-tooling-source,"Requires Interaction, Error, Authorization And Accessibility Verification",11
src/components/home/ClubContextMenu.tsx,120,div,onClick={onClose},,runtime-or-tooling-source,"Requires Interaction, Error, Authorization And Accessibility Verification",10;11
src/components/home/ClubContextMenu.tsx,121,div,onKeyDown={handleKeyDown},aria-label=Club Actions,runtime-or-tooling-source,"Requires Interaction, Error, Authorization And Accessibility Verification",10;11
src/components/home/ClubContextMenu.tsx,129,button,onClick={handleGoToLobby},,runtime-or-tooling-source,"Requires Interaction, Error, Authorization And Accessibility Verification",10;11
src/components/home/ClubContextMenu.tsx,146,button,onClick={handleCashier},,runtime-or-tooling-source,"Requires Interaction, Error, Authorization And Accessibility Verification",10;11
src/components/home/ClubContextMenu.tsx,163,button,onClick={handleShareCode},,runtime-or-tooling-source,"Requires Interaction, Error, Authorization And Accessibility Verification",10;11
src/components/home/ClubContextMenu.tsx,180,button,onClick={handlePin},,runtime-or-tooling-source,"Requires Interaction, Error, Authorization And Accessibility Verification",10;11
src/components/home/ClubContextMenu.tsx,199,button,onClick={handleLeave},,runtime-or-tooling-source,"Requires Interaction, Error, Authorization And Accessibility Verification",10;11
src/components/home/ClubEntryActionBar.tsx,31,button,onClick={onCreate},type=button; title={flags.create_club ? 'Create A Club (C)' : 'Club Creation Is Unavailable'}; aria-label=Create A Club,runtime-or-tooling-source,"Requires Interaction, Error, Authorization And Accessibility Verification",10;11
src/components/home/ClubEntryActionBar.tsx,42,button,onClick={onFind},type=button; title={flags.find_player ? 'Find A Player (F)' : 'Player Search Is Unavailable'}; aria-label=Find A Player,runtime-or-tooling-source,"Requires Interaction, Error, Authorization And Accessibility Verification",10;11
src/components/home/ClubEntryActionBar.tsx,53,button,onClick={onJoin},type=button; title={flags.join_club ? 'Join A Club (J)' : 'Club Joining Is Unavailable'}; aria-label=Join A Club,runtime-or-tooling-source,"Requires Interaction, Error, Authorization And Accessibility Verification",10;11
src/components/home/ClubQuickLinkTile.tsx,253,button,"onClick={handleTileClick}; onPointerEnter={handlePreload}; onFocus={handlePreload}; onPointerDown={() => {
          handlePreload();
          handlePointerDown();
        }}; onPointerUp={clearLongPress}; onPointerLeave={clearLongPress}; onPointerCancel={clearLongPress}; onContextMenu={(e) => {
          if (hasSwitch) {
            e.preventDefault();
            openMenu();
          }
        }}; onKeyDown={(e) => {
          if (
            hasSwitch &&
            (e.key === 'ArrowDown' || e.key === 'ContextMenu' || (e.shiftKey && e.key === 'F10'))
          ) {
            e.preventDefault();
            openMenu();
          }
        }}","aria-label={
          clubName
            ? `${tile.alt} For ${clubName} (Press ${tile.shortcutKey}${hasSwitch ? ', Hold To Choose A Wallet' : ''})`
            : `${tile.alt} (Press ${tile.shortcutKey})`
        }; title={clubName ? `${tile.alt} - ${clubName}` : tile.alt}",runtime-or-tooling-source,"Requires Interaction, Error, Authorization And Accessibility Verification",10;11
src/components/home/ClubQuickLinkTile.tsx,306,div,onClick={() => closeMenu(true)},,runtime-or-tooling-source,"Requires Interaction, Error, Authorization And Accessibility Verification",10;11
src/components/home/ClubQuickLinkTile.tsx,307,div,onKeyDown={handleMenuKeyDown},,runtime-or-tooling-source,"Requires Interaction, Error, Authorization And Accessibility Verification",10;11
src/components/home/ClubQuickLinkTile.tsx,317,button,"onClick={retryBalances}; onKeyDown={(event) => {
                    if (!['ArrowDown', 'ArrowUp', 'Home', 'End'].includes(event.key)) return;
                    event.preventDefault();
                    event.stopPropagation();
                    const index =
                      event.key === 'ArrowUp' || event.key === 'End' ? clubs.length - 1 : 0;
                    setActiveIndex(index);
                    itemRefs.current[index]?.focus();
                  }}",type=button,runtime-or-tooling-source,"Requires Interaction, Error, Authorization And Accessibility Verification",10;11
src/components/home/ClubQuickLinkTile.tsx,337,button,"onClick={() => {
                    closeMenu(false);
                    onSelect(club);
                  }}",title={club.name || undefined},runtime-or-tooling-source,"Requires Interaction, Error, Authorization And Accessibility Verification",10;11
src/components/icons/IconButton.tsx,22,button,onClick={onClick},title={title},runtime-or-tooling-source,"Requires Interaction, Error, Authorization And Accessibility Verification",11
src/components/inputs/AmountInput.tsx,51,input,onChange={handleChange},type=number,runtime-or-tooling-source,"Requires Interaction, Error, Authorization And Accessibility Verification",11
src/components/inputs/AmountInput.tsx,66,button,onClick={() => handlePreset(preset)},,runtime-or-tooling-source,"Requires Interaction, Error, Authorization And Accessibility Verification",11
src/components/inputs/PinInput.tsx,51,input,"onChange={(e) => handleChange(i, e.target.value)}; onKeyDown={(e) => handleKeyDown(i, e)}; onFocus={() => setFocused(i)}",type={masked ? 'password' : 'text'},runtime-or-tooling-source,"Requires Interaction, Error, Authorization And Accessibility Verification",11
src/components/inputs/SliderInput.tsx,39,input,onChange={(e) => onChange(parseFloat(e.target.value))},type=range,runtime-or-tooling-source,"Requires Interaction, Error, Authorization And Accessibility Verification",11
src/components/inputs/TagInput.tsx,56,button,onClick={() => removeTag(i)},aria-label=Remove Tag,runtime-or-tooling-source,"Requires Interaction, Error, Authorization And Accessibility Verification",11
src/components/inputs/TagInput.tsx,62,input,onChange={(e) => setInput(e.target.value)}; onKeyDown={handleKeyDown},type=text,runtime-or-tooling-source,"Requires Interaction, Error, Authorization And Accessibility Verification",11
src/components/inputs/TagInput.tsx,76,button,onClick={() => addTag(s)},,runtime-or-tooling-source,"Requires Interaction, Error, Authorization And Accessibility Verification",11
src/components/layouts/AppLayout.tsx,101,ClubArenaWelcomeModal,onAccept={acceptWelcome},,runtime-or-tooling-source,"Requires Interaction, Error, Authorization And Accessibility Verification",11
src/components/layouts/AppLayout.tsx,105,CompleteProfileModal,onComplete={finishProfile},,runtime-or-tooling-source,"Requires Interaction, Error, Authorization And Accessibility Verification",11
src/components/leaderboard/LeaderboardCard.tsx,153,img,"onError={(e) => {
                          (e.target as HTMLImageElement).src = generateDefaultAvatar();
                        }}",,runtime-or-tooling-source,"Requires Interaction, Error, Authorization And Accessibility Verification",11
src/components/leaderboard/LeaderboardCard.tsx,195,img,"onError={(e) => {
                      (e.target as HTMLImageElement).src = generateDefaultAvatar();
                    }}",,runtime-or-tooling-source,"Requires Interaction, Error, Authorization And Accessibility Verification",11
src/components/leaderboard/LeaderboardPrizeWizard.tsx,203,div,"onMouseDown={(event) => {
        if (event.target === event.currentTarget && !saving) onClose();
      }}",,runtime-or-tooling-source,"Requires Interaction, Error, Authorization And Accessibility Verification",11
src/components/leaderboard/LeaderboardPrizeWizard.tsx,222,button,onClick={onClose},type=button; aria-label=Close Prize Setup,runtime-or-tooling-source,"Requires Interaction, Error, Authorization And Accessibility Verification",11
src/components/leaderboard/LeaderboardPrizeWizard.tsx,252,button,onClick={() => setEnabled(true)},type=button,runtime-or-tooling-source,"Requires Interaction, Error, Authorization And Accessibility Verification",11
src/components/leaderboard/LeaderboardPrizeWizard.tsx,261,button,onClick={disableRewards},type=button,runtime-or-tooling-source,"Requires Interaction, Error, Authorization And Accessibility Verification",11
src/components/leaderboard/LeaderboardPrizeWizard.tsx,339,select,onChange={(event) => setMetric(event.target.value as typeof metric)},,runtime-or-tooling-source,"Requires Interaction, Error, Authorization And Accessibility Verification",11
src/components/leaderboard/LeaderboardPrizeWizard.tsx,353,button,onClick={() => applyPlan(key)},type=button,runtime-or-tooling-source,"Requires Interaction, Error, Authorization And Accessibility Verification",11
src/components/leaderboard/LeaderboardPrizeWizard.tsx,370,button,onClick={() => setPlanKey('custom')},type=button,runtime-or-tooling-source,"Requires Interaction, Error, Authorization And Accessibility Verification",11
src/components/leaderboard/LeaderboardPrizeWizard.tsx,392,input,"onChange={(event) => updateBudget(rewardPeriod, event.target.value)}",type=number,runtime-or-tooling-source,"Requires Interaction, Error, Authorization And Accessibility Verification",11
src/components/leaderboard/LeaderboardPrizeWizard.tsx,406,input,"onChange={(event) =>
                                updateCustomPrize(rewardPeriod, row.rank, event.target.value)
                              }",type=number; aria-label={`${rewardPeriod} Prize For Rank ${row.rank}`},runtime-or-tooling-source,"Requires Interaction, Error, Authorization And Accessibility Verification",11
src/components/leaderboard/LeaderboardPrizeWizard.tsx,512,button,onClick={step === 0 ? onClose : () => setStep(step === 3 && !enabled ? 0 : step - 1)},type=button,runtime-or-tooling-source,"Requires Interaction, Error, Authorization And Accessibility Verification",11
src/components/leaderboard/LeaderboardPrizeWizard.tsx,520,button,onClick={() => setStep(step === 0 && !enabled ? 3 : step + 1)},type=button,runtime-or-tooling-source,"Requires Interaction, Error, Authorization And Accessibility Verification",11
src/components/leaderboard/LeaderboardPrizeWizard.tsx,529,button,onClick={save},type=button,runtime-or-tooling-source,"Requires Interaction, Error, Authorization And Accessibility Verification",11
src/components/leaderboard/LeaderboardSettlementCard.tsx,82,button,onClick={onRetry},type=button,runtime-or-tooling-source,"Requires Interaction, Error, Authorization And Accessibility Verification",5;11
src/components/leaderboard/LeaderboardSettlementCard.tsx,158,button,onClick={onRetry},type=button,runtime-or-tooling-source,"Requires Interaction, Error, Authorization And Accessibility Verification",5;11
src/components/leaderboard/LeaderboardSettlementCard.tsx,163,button,onClick={onReviewSetup},type=button,runtime-or-tooling-source,"Requires Interaction, Error, Authorization And Accessibility Verification",5;11
src/components/legal/AgeGate.tsx,99,AgeGateModal,onVerified={() => setState('verified')},,runtime-or-tooling-source,"Requires Interaction, Error, Authorization And Accessibility Verification",11
src/components/legal/AgeGate.tsx,181,form,onSubmit={submit},,runtime-or-tooling-source,"Requires Interaction, Error, Authorization And Accessibility Verification",11
src/components/legal/AgeGate.tsx,185,input,onChange={(e) => setBirthday(e.target.value)},id=age-gate-birthday; type=date,runtime-or-tooling-source,"Requires Interaction, Error, Authorization And Accessibility Verification",11
src/components/legal/AgeGate.tsx,197,button,,type=submit,runtime-or-tooling-source,"Requires Interaction, Error, Authorization And Accessibility Verification",11
src/components/legal/ConsentPrompt.tsx,47,button,onClick={() => answer('denied')},type=button,runtime-or-tooling-source,"Requires Interaction, Error, Authorization And Accessibility Verification",6;11
src/components/legal/ConsentPrompt.tsx,50,button,onClick={() => answer('granted')},type=button,runtime-or-tooling-source,"Requires Interaction, Error, Authorization And Accessibility Verification",6;11
src/components/legal/LegalDocumentLayout.tsx,83,a,,,runtime-or-tooling-source,"Requires Interaction, Error, Authorization And Accessibility Verification",11
src/components/legal/LegalDocumentLayout.tsx,105,a,,,runtime-or-tooling-source,"Requires Interaction, Error, Authorization And Accessibility Verification",11
src/components/legal/TOSAcceptanceModal.tsx,71,div,onScroll={handleScroll},,runtime-or-tooling-source,"Requires Interaction, Error, Authorization And Accessibility Verification",11
src/components/legal/TOSAcceptanceModal.tsx,159,input,onChange={() => setHasScrolledToBottom(true)},type=checkbox,runtime-or-tooling-source,"Requires Interaction, Error, Authorization And Accessibility Verification",11
src/components/legal/TOSAcceptanceModal.tsx,173,button,onClick={handleAccept},,runtime-or-tooling-source,"Requires Interaction, Error, Authorization And Accessibility Verification",11
src/components/legal/TOSGuard.tsx,209,TOSAcceptanceModal,onAccept={handleAccept},,runtime-or-tooling-source,"Requires Interaction, Error, Authorization And Accessibility Verification",11
src/components/lists/ListItem.tsx,14,div,onClick={onClick},,runtime-or-tooling-source,"Requires Interaction, Error, Authorization And Accessibility Verification",11
src/components/lobby/AdvancedFilters.tsx,457,button,"onClick={() => toggle(field, it.key)}",type=button,runtime-or-tooling-source,"Requires Interaction, Error, Authorization And Accessibility Verification",8;11
src/components/lobby/AdvancedFilters.tsx,471,div,onClick={onClose},,runtime-or-tooling-source,"Requires Interaction, Error, Authorization And Accessibility Verification",8;11
src/components/lobby/AdvancedFilters.tsx,472,div,onClick={(e) => e.stopPropagation()},aria-label={sortOnly ? 'Sort' : 'Advanced Filters'},runtime-or-tooling-source,"Requires Interaction, Error, Authorization And Accessibility Verification",8;11
src/components/lobby/AdvancedFilters.tsx,490,button,onClick={onClose},type=button; aria-label={sortOnly ? 'Close Sort' : 'Close Game Filters'},runtime-or-tooling-source,"Requires Interaction, Error, Authorization And Accessibility Verification",8;11
src/components/lobby/AdvancedFilters.tsx,503,button,onClick={() => setActiveType(t.key)},type=button,runtime-or-tooling-source,"Requires Interaction, Error, Authorization And Accessibility Verification",8;11
src/components/lobby/AdvancedFilters.tsx,528,button,onClick={() => onSortChange(opt.key)},type=button,runtime-or-tooling-source,"Requires Interaction, Error, Authorization And Accessibility Verification",8;11
src/components/lobby/AdvancedFilters.tsx,610,input,"onChange={(e) =>
                      patch({
                        rangeMin: Math.max(
                          spec.range.min,
                          Math.min(Number(e.target.value), value.rangeMax - rangeStep)
                        ),
                        selectedRanges: [],
                      })
                    }",type=range; aria-label={`Minimum ${spec.range.label}`},runtime-or-tooling-source,"Requires Interaction, Error, Authorization And Accessibility Verification",8;11
src/components/lobby/AdvancedFilters.tsx,627,input,"onChange={(e) =>
                      patch({
                        rangeMax: Math.min(
                          spec.range.max,
                          Math.max(Number(e.target.value), value.rangeMin + rangeStep)
                        ),
                        selectedRanges: [],
                      })
                    }",type=range; aria-label={`Maximum ${spec.range.label}`},runtime-or-tooling-source,"Requires Interaction, Error, Authorization And Accessibility Verification",8;11
src/components/lobby/AdvancedFilters.tsx,649,button,"onClick={() => {
                          const arr = value.selectedRanges || [];
                          const nextArr = on ? arr.filter((k) => k !== p.key) : [...arr, p.key];
                          patch({ selectedRanges: nextArr });
                        }}",type=button,runtime-or-tooling-source,"Requires Interaction, Error, Authorization And Accessibility Verification",8;11
src/components/lobby/AdvancedFilters.tsx,687,input,"onChange={(e) =>
                        patch({
                          seatMin: Math.max(
                            spec.seats!.min,
                            Math.min(Number(e.target.value), value.seatMax - 1)
                          ),
                        })
                      }",type=range; aria-label=Minimum Seats,runtime-or-tooling-source,"Requires Interaction, Error, Authorization And Accessibility Verification",8;11
src/components/lobby/AdvancedFilters.tsx,702,input,"onChange={(e) =>
                        patch({
                          seatMax: Math.min(
                            spec.seats!.max,
                            Math.max(Number(e.target.value), value.seatMin + 1)
                          ),
                        })
                      }",type=range; aria-label=Maximum Seats,runtime-or-tooling-source,"Requires Interaction, Error, Authorization And Accessibility Verification",8;11
src/components/lobby/AdvancedFilters.tsx,730,button,"onClick={() => toggle('mustHave', f.key)}",type=button,runtime-or-tooling-source,"Requires Interaction, Error, Authorization And Accessibility Verification",8;11
src/components/lobby/AdvancedFilters.tsx,750,button,"onClick={() => toggle('hide', f.key)}",type=button,runtime-or-tooling-source,"Requires Interaction, Error, Authorization And Accessibility Verification",8;11
src/components/lobby/AdvancedFilters.tsx,775,button,onClick={onClose},,runtime-or-tooling-source,"Requires Interaction, Error, Authorization And Accessibility Verification",8;11
src/components/lobby/AdvancedFilters.tsx,781,button,"onClick={() => {
                /* Resets THIS TAB only. A single Reset that wiped every game
                 type would be a destructive action behind an innocuous label -
                 a player clearing their Hold'em filters does not expect their
                 MTT preferences to go with them. */
                if (!spec) return;
                // Reset does not go through patch(), so it marks the sheet
                // touched itself - otherwise a remote value still in flight
                // could land on top of a deliberate clear.
                touchedRef.current = true;
                setStore((prev) => ({ ...prev, [activeType]: emptyFilterValue(spec) }));
              }}",,runtime-or-tooling-source,"Requires Interaction, Error, Authorization And Accessibility Verification",8;11
src/components/lobby/AdvancedFilters.tsx,798,button,"onClick={() => {
                saveFilters(clubId, store);
                onApply(store);
                onClose();
              }}",,runtime-or-tooling-source,"Requires Interaction, Error, Authorization And Accessibility Verification",8;11
src/components/lobby/GameLobbyPanel.tsx,605,button,onClick={() => cta.run?.()},type=button,runtime-or-tooling-source,"Requires Interaction, Error, Authorization And Accessibility Verification",8;11
src/components/lobby/GameLobbyPanel.tsx,634,div,onClick={onClose},,runtime-or-tooling-source,"Requires Interaction, Error, Authorization And Accessibility Verification",8;11
src/components/lobby/GameLobbyPanel.tsx,635,aside,onClick={(e) => e.stopPropagation()},aria-label={`${entry.name} Lobby`},runtime-or-tooling-source,"Requires Interaction, Error, Authorization And Accessibility Verification",8;11
src/components/lobby/GameLobbyPanel.tsx,648,button,onClick={onClose},type=button; aria-label=Close Game Lobby,runtime-or-tooling-source,"Requires Interaction, Error, Authorization And Accessibility Verification",8;11
src/components/lobby/GameLobbyPanel.tsx,832,button,"onClick={() => setTab(t)}; onKeyDown={(ev) => {
                        const step = ev.key === 'ArrowRight' ? 1 : ev.key === 'ArrowLeft' ? -1 : 0;
                        if (step === 0 && ev.key !== 'Home' && ev.key !== 'End') return;
                        ev.preventDefault();
                        const nextIdx =
                          ev.key === 'Home'
                            ? 0
                            : ev.key === 'End'
                              ? all.length - 1
                              : (i + step + all.length) % all.length;
                        const next = all[nextIdx];
                        setTab(next);
                        document.getElementById(`glp-tab-${next}`)?.focus();
                      }}",type=button; id={`glp-tab-${t}`},runtime-or-tooling-source,"Requires Interaction, Error, Authorization And Accessibility Verification",8;11
src/components/lobby/GameLobbyPanel.tsx,1120,button,onClick={() => onDeleteTable(entry.id)},type=button,runtime-or-tooling-source,"Requires Interaction, Error, Authorization And Accessibility Verification",8;11
src/components/lobby/GameLobbyPanel.tsx,1144,button,onClick={onClose},type=button,runtime-or-tooling-source,"Requires Interaction, Error, Authorization And Accessibility Verification",8;11
src/components/lobby/GameLobbyPanel.tsx,1148,Link,onClick={onClose},,runtime-or-tooling-source,"Requires Interaction, Error, Authorization And Accessibility Verification",8;11
src/components/lobby/LobbyAdStrip.tsx,307,button,onClick={handleDismiss},type=button; aria-label=Dismiss Announcement,runtime-or-tooling-source,"Requires Interaction, Error, Authorization And Accessibility Verification",8;11
src/components/lobby/LobbyAdStrip.tsx,321,button,onClick={handleActivate},type=button; aria-label={`${ad.source} Announcement: ${text}`},runtime-or-tooling-source,"Requires Interaction, Error, Authorization And Accessibility Verification",8;11
src/components/lobby/LobbyAdStrip.tsx,338,button,onClick={handleDismiss},type=button; aria-label=Dismiss Announcement,runtime-or-tooling-source,"Requires Interaction, Error, Authorization And Accessibility Verification",8;11
src/components/lobby/LobbyTable.tsx,321,button,"onClick={(e) => {
        e.stopPropagation();
        ctx.onToggleFavorite?.(entry.id, !isFav);
      }}",type=button; aria-label={isFav ? 'Remove From Favorites' : 'Add To Favorites'}; title={isFav ? 'Remove From Favorites' : 'Add To Favorites'},runtime-or-tooling-source,"Requires Interaction, Error, Authorization And Accessibility Verification",8;11
src/components/lobby/LobbyTable.tsx,873,button,onClick={run},type=button; aria-label={`${game ? 'View Game' : 'View Table'} ${e.name}`},runtime-or-tooling-source,"Requires Interaction, Error, Authorization And Accessibility Verification",8;11
src/components/lobby/LobbyTable.tsx,884,button,onClick={run},type=button; aria-label={`${waiting ? 'Leave Waitlist For' : 'Join Waitlist For'} ${e.name}`},runtime-or-tooling-source,"Requires Interaction, Error, Authorization And Accessibility Verification",8;11
src/components/lobby/LobbyTable.tsx,895,button,onClick={run},type=button; aria-label={`${seated ? 'Return To' : headsUp ? 'Sit Down At' : 'Join'} ${e.name}`},runtime-or-tooling-source,"Requires Interaction, Error, Authorization And Accessibility Verification",8;11
src/components/lobby/LobbyTable.tsx,937,button,onClick={run},type=button; aria-label={`${mine ? 'Return To' : 'Watch'} ${e.name}`},runtime-or-tooling-source,"Requires Interaction, Error, Authorization And Accessibility Verification",8;11
src/components/lobby/LobbyTable.tsx,965,button,onClick={run},type=button; aria-label={`Sit Down At ${e.name}`},runtime-or-tooling-source,"Requires Interaction, Error, Authorization And Accessibility Verification",8;11
src/components/lobby/LobbyTable.tsx,990,button,onClick={run},type=button; aria-label={`Details For ${e.name}`},runtime-or-tooling-source,"Requires Interaction, Error, Authorization And Accessibility Verification",8;11
src/components/lobby/LobbyTable.tsx,1001,button,onClick={run},type=button; aria-label={`${registered ? 'Registered For' : 'Register For'} ${e.name}`},runtime-or-tooling-source,"Requires Interaction, Error, Authorization And Accessibility Verification",8;11
src/components/lobby/LobbyTable.tsx,1012,button,onClick={run},type=button; aria-label={`${registered ? 'Return To' : 'Watch'} ${e.name}`},runtime-or-tooling-source,"Requires Interaction, Error, Authorization And Accessibility Verification",8;11
src/components/lobby/LobbyTable.tsx,1067,tr,"onPointerEnter={() => {
        prefetchIntent(`/table/${entry.id}`).onMouseEnter();
        if (entry.kind === 'cash') warmTable(entry.id);
      }}; onTouchStart={() => {
        prefetchIntent(`/table/${entry.id}`).onTouchStart();
        if (entry.kind === 'cash') warmTable(entry.id);
      }}; onClick={() => onSelect(entry)}; onDoubleClick={() => onActivate(entry)}",id={`lt-row-${entry.id}`},runtime-or-tooling-source,"Requires Interaction, Error, Authorization And Accessibility Verification",8;11
src/components/lobby/LobbyTable.tsx,1256,button,"onClick={() => {
          onToggle(null);
          onClose();
        }}",type=button,runtime-or-tooling-source,"Requires Interaction, Error, Authorization And Accessibility Verification",8;11
src/components/lobby/LobbyTable.tsx,1271,button,onClick={() => onToggle(c.key)},type=button,runtime-or-tooling-source,"Requires Interaction, Error, Authorization And Accessibility Verification",8;11
src/components/lobby/LobbyTable.tsx,1283,button,"onClick={() => {
          onSortByVariant();
          onClose();
        }}",type=button,runtime-or-tooling-source,"Requires Interaction, Error, Authorization And Accessibility Verification",8;11
src/components/lobby/LobbyTable.tsx,1343,button,"onClick={() => {
          onToggle(null);
          onClose();
        }}",type=button,runtime-or-tooling-source,"Requires Interaction, Error, Authorization And Accessibility Verification",8;11
src/components/lobby/LobbyTable.tsx,1358,button,onClick={() => onToggle(c.key)},"type=button; aria-label={
              counts
                ? `${c.label}, ${counts[c.key] ?? 0} ${(counts[c.key] ?? 0) === 1 ? 'Game' : 'Games'}`
                : undefined
            }",runtime-or-tooling-source,"Requires Interaction, Error, Authorization And Accessibility Verification",8;11
src/components/lobby/LobbyTable.tsx,1385,button,"onClick={() => {
            onSort(o.dir);
            onClose();
          }}",type=button,runtime-or-tooling-source,"Requires Interaction, Error, Authorization And Accessibility Verification",8;11
src/components/lobby/LobbyTable.tsx,1880,div,onKeyDown={handleSortbarKeyDown},aria-label=Sort Games,runtime-or-tooling-source,"Requires Interaction, Error, Authorization And Accessibility Verification",8;11
src/components/lobby/LobbyTable.tsx,1909,button,"onFocus={() => setSortFocus(index)}; onClick={() => {
                    /* The Variant heading is the game selector (Dan 2026-09-03):
                       it opens the menu; sorting by variant is an item in it. */
                    if (col.key === 'variant' && hasVariantMenu) {
                      setVariantMenuOpen((open) => !open);
                      return;
                    }
                    /* The Stakes heading is the style selector and carries
                       its own sort (Dan 2026-09-04). */
                    if (col.key === 'stakes' && hasStakesMenu) {
                      setStakesMenuOpen((open) => !open);
                      return;
                    }
                    handleHeaderClick(col);
                  }}",type=button,runtime-or-tooling-source,"Requires Interaction, Error, Authorization And Accessibility Verification",8;11
src/components/lobby/LobbyTable.tsx,1975,VariantMenu,onToggle={toggleVariant}; onSortByVariant={() => handleHeaderClick(COL_VARIANT)}; onClose={() => setVariantMenuOpen(false)},,runtime-or-tooling-source,"Requires Interaction, Error, Authorization And Accessibility Verification",8;11
src/components/lobby/LobbyTable.tsx,1990,StakesMenu,"onToggle={toggleStyle}; onSort={(dir) => applySort(COL_STAKES, dir)}; onClose={() => setStakesMenuOpen(false)}",,runtime-or-tooling-source,"Requires Interaction, Error, Authorization And Accessibility Verification",8;11
src/components/lobby/LobbyTable.tsx,2009,ArenaLobbyGameCard,onSelect={onSelect},,runtime-or-tooling-source,"Requires Interaction, Error, Authorization And Accessibility Verification",8;11
src/components/lobby/LobbyTable.tsx,2018,div,onKeyDown={handleKeyDown},"aria-label={`Game List, ${sorted.length} Game${sorted.length === 1 ? '' : 's'}`}",runtime-or-tooling-source,"Requires Interaction, Error, Authorization And Accessibility Verification",8;11
src/components/lobby/LobbyTable.tsx,2067,th,"onClick={() => {
                      if (col.key === 'variant' && hasVariantMenu) {
                        setVariantMenuOpen((open) => !open);
                        return;
                      }
                      if (col.key === 'stakes' && hasStakesMenu) {
                        setStakesMenuOpen((open) => !open);
                        return;
                      }
                      handleHeaderClick(col);
                    }}; onKeyDown={(e) => {
                      if (!col.sortable) return;
                      if (e.key === 'Enter' || e.key === ' ') {
                        e.preventDefault();
                        if (col.key === 'variant' && hasVariantMenu) {
                          setVariantMenuOpen((open) => !open);
                          return;
                        }
                        if (col.key === 'stakes' && hasStakesMenu) {
                          setStakesMenuOpen((open) => !open);
                          return;
                        }
                        handleHeaderClick(col);
                      }
                    }}",,runtime-or-tooling-source,"Requires Interaction, Error, Authorization And Accessibility Verification",8;11
src/components/lobby/LobbyTable.tsx,2149,div,onClick={(e) => e.stopPropagation()}; onKeyDown={(e) => e.stopPropagation()},,runtime-or-tooling-source,"Requires Interaction, Error, Authorization And Accessibility Verification",8;11
src/components/lobby/LobbyTable.tsx,2154,VariantMenu,onToggle={toggleVariant}; onSortByVariant={() => handleHeaderClick(COL_VARIANT)}; onClose={() => setVariantMenuOpen(false)},,runtime-or-tooling-source,"Requires Interaction, Error, Authorization And Accessibility Verification",8;11
src/components/lobby/LobbyTable.tsx,2165,div,onClick={(e) => e.stopPropagation()}; onKeyDown={(e) => e.stopPropagation()},,runtime-or-tooling-source,"Requires Interaction, Error, Authorization And Accessibility Verification",8;11
src/components/lobby/LobbyTable.tsx,2170,StakesMenu,"onToggle={toggleStyle}; onSort={(dir) => applySort(COL_STAKES, dir)}; onClose={() => setStakesMenuOpen(false)}",,runtime-or-tooling-source,"Requires Interaction, Error, Authorization And Accessibility Verification",8;11
src/components/lobby/LobbyTable.tsx,2204,LobbyRow,onSelect={onSelect}; onActivate={onActivate},,runtime-or-tooling-source,"Requires Interaction, Error, Authorization And Accessibility Verification",8;11
src/components/lobby/game-cards/ArenaGameCard.tsx,132,button,onClick={actions.onSecondary},type=button,runtime-or-tooling-source,"Requires Interaction, Error, Authorization And Accessibility Verification",8;11
src/components/lobby/game-cards/ArenaGameCard.tsx,144,button,onClick={actions.onPrimary},type=button,runtime-or-tooling-source,"Requires Interaction, Error, Authorization And Accessibility Verification",8;11
src/components/lobby/game-cards/ArenaLobbyGameCard.tsx,212,div,"onPointerEnter={() => {
        if (entry.kind === 'cash') warmTable(entry.id);
      }}; onTouchStart={() => {
        if (entry.kind === 'cash') warmTable(entry.id);
      }}; onFocus={() => {
        if (entry.kind === 'cash') warmTable(entry.id);
        onSelect?.(entry);
      }}",,runtime-or-tooling-source,"Requires Interaction, Error, Authorization And Accessibility Verification",8;11
src/components/lobby/game-cards/HeadsUpPremiumCard.tsx,122,LayeredActionButton,onClick={actions.onPrimary},name=primaryAction,runtime-or-tooling-source,"Requires Interaction, Error, Authorization And Accessibility Verification",8;11
src/components/lobby/game-cards/NlhPremiumCard.tsx,164,button,onClick={actions.onSecondary},type=button; aria-label={actions.secondaryLabel},runtime-or-tooling-source,"Requires Interaction, Error, Authorization And Accessibility Verification",8;11
src/components/lobby/game-cards/NlhPremiumCard.tsx,176,button,onClick={actions.onPrimary},type=button; aria-label={actions.primaryLabel},runtime-or-tooling-source,"Requires Interaction, Error, Authorization And Accessibility Verification",8;11
src/components/lobby/game-cards/PloFourBayCard.tsx,193,LayeredActionButton,onClick={actions.onSecondary},name=secondaryAction,runtime-or-tooling-source,"Requires Interaction, Error, Authorization And Accessibility Verification",8;11
src/components/lobby/game-cards/PloFourBayCard.tsx,202,LayeredActionButton,onClick={actions.onPrimary},name=primaryAction,runtime-or-tooling-source,"Requires Interaction, Error, Authorization And Accessibility Verification",8;11
src/components/lobby/game-cards/SpadePloCard.tsx,137,LayeredActionButton,onClick={actions.onSecondary},name=secondaryAction,runtime-or-tooling-source,"Requires Interaction, Error, Authorization And Accessibility Verification",8;11
src/components/lobby/game-cards/SpadePloCard.tsx,146,LayeredActionButton,onClick={actions.onPrimary},name=primaryAction,runtime-or-tooling-source,"Requires Interaction, Error, Authorization And Accessibility Verification",8;11
src/components/lobby/game-cards/SpinsPremiumCard.tsx,174,LayeredActionButton,onClick={actions.onPrimary},name=primaryAction,runtime-or-tooling-source,"Requires Interaction, Error, Authorization And Accessibility Verification",3;8;11
src/components/lobby/game-cards/layeredCard.tsx,218,button,onClick={onClick},type=button; aria-label={label},runtime-or-tooling-source,"Requires Interaction, Error, Authorization And Accessibility Verification",8;11
src/components/lobby/game-cards/layeredCard.tsx,259,button,onClick={onClick},type=button,runtime-or-tooling-source,"Requires Interaction, Error, Authorization And Accessibility Verification",8;11
src/components/media/Gallery.tsx,29,div,onClick={() => setSelectedIndex(idx)},,runtime-or-tooling-source,"Requires Interaction, Error, Authorization And Accessibility Verification",11
src/components/media/Gallery.tsx,35,div,onClick={() => setSelectedIndex(null)},,runtime-or-tooling-source,"Requires Interaction, Error, Authorization And Accessibility Verification",11
src/components/media/Gallery.tsx,36,button,onClick={handlePrev},,runtime-or-tooling-source,"Requires Interaction, Error, Authorization And Accessibility Verification",11
src/components/media/Gallery.tsx,40,button,onClick={handleNext},,runtime-or-tooling-source,"Requires Interaction, Error, Authorization And Accessibility Verification",11
src/components/media/ImageViewer.tsx,22,div,onClick={() => setIsExpanded(true)},,runtime-or-tooling-source,"Requires Interaction, Error, Authorization And Accessibility Verification",11
src/components/media/ImageViewer.tsx,29,img,onError={() => setError(true)},,runtime-or-tooling-source,"Requires Interaction, Error, Authorization And Accessibility Verification",11
src/components/media/ImageViewer.tsx,40,div,onClick={() => setIsExpanded(false)},,runtime-or-tooling-source,"Requires Interaction, Error, Authorization And Accessibility Verification",11
src/components/media/ImageViewer.tsx,42,button,,aria-label=Close Image Viewer,runtime-or-tooling-source,"Requires Interaction, Error, Authorization And Accessibility Verification",11
src/components/media/VideoPlayer.tsx,33,video,onPlay={() => setPlaying(true)}; onPause={() => setPlaying(false)},,runtime-or-tooling-source,"Requires Interaction, Error, Authorization And Accessibility Verification",11
src/components/media/VideoPlayer.tsx,43,button,onClick={togglePlay},,runtime-or-tooling-source,"Requires Interaction, Error, Authorization And Accessibility Verification",11
src/components/modals/ActionSheet.tsx,39,div,onClick={onClose},,runtime-or-tooling-source,"Requires Interaction, Error, Authorization And Accessibility Verification",11
src/components/modals/ActionSheet.tsx,40,div,onClick={(e) => e.stopPropagation()},,runtime-or-tooling-source,"Requires Interaction, Error, Authorization And Accessibility Verification",11
src/components/modals/ActionSheet.tsx,44,button,"onClick={() => {
                onAction(action.id);
                onClose();
              }}",,runtime-or-tooling-source,"Requires Interaction, Error, Authorization And Accessibility Verification",11
src/components/modals/ActionSheet.tsx,58,button,onClick={onClose},,runtime-or-tooling-source,"Requires Interaction, Error, Authorization And Accessibility Verification",11
src/components/modals/AlertModal.tsx,48,div,onClick={onClose},,runtime-or-tooling-source,"Requires Interaction, Error, Authorization And Accessibility Verification",11
src/components/modals/AlertModal.tsx,49,div,onClick={(e) => e.stopPropagation()},,runtime-or-tooling-source,"Requires Interaction, Error, Authorization And Accessibility Verification",11
src/components/modals/AlertModal.tsx,57,button,onClick={onClose},,runtime-or-tooling-source,"Requires Interaction, Error, Authorization And Accessibility Verification",11
src/components/modals/AlertModal.tsx,61,button,"onClick={() => {
              onConfirm?.();
              onClose();
            }}",,runtime-or-tooling-source,"Requires Interaction, Error, Authorization And Accessibility Verification",11
src/components/modals/BaseModal.tsx,48,div,onClick={closeOnBackdrop ? onClose : undefined},,runtime-or-tooling-source,"Requires Interaction, Error, Authorization And Accessibility Verification",11
src/components/modals/BaseModal.tsx,49,div,onClick={(e) => e.stopPropagation()},,runtime-or-tooling-source,"Requires Interaction, Error, Authorization And Accessibility Verification",11
src/components/modals/BaseModal.tsx,60,button,onClick={onClose},aria-label=Close,runtime-or-tooling-source,"Requires Interaction, Error, Authorization And Accessibility Verification",11
src/components/modals/ClubArenaWelcomeModal.tsx,97,a,,,runtime-or-tooling-source,"Requires Interaction, Error, Authorization And Accessibility Verification",10;11
src/components/modals/ClubArenaWelcomeModal.tsx,104,input,onChange={(e) => setHasAgreed(e.target.checked)},type=checkbox,runtime-or-tooling-source,"Requires Interaction, Error, Authorization And Accessibility Verification",10;11
src/components/modals/ClubArenaWelcomeModal.tsx,113,button,onClick={onAccept},,runtime-or-tooling-source,"Requires Interaction, Error, Authorization And Accessibility Verification",10;11
src/components/modals/CompleteProfileModal.tsx,332,div,onClick={() => setShowAvatarGallery(true)},,runtime-or-tooling-source,"Requires Interaction, Error, Authorization And Accessibility Verification",11
src/components/modals/CompleteProfileModal.tsx,344,button,onClick={() => setShowAvatarGallery(true)},type=button,runtime-or-tooling-source,"Requires Interaction, Error, Authorization And Accessibility Verification",11
src/components/modals/CompleteProfileModal.tsx,354,form,onSubmit={handleSave},id=complete-profile-form,runtime-or-tooling-source,"Requires Interaction, Error, Authorization And Accessibility Verification",11
src/components/modals/CompleteProfileModal.tsx,358,button,onClick={handleRandomize},type=button,runtime-or-tooling-source,"Requires Interaction, Error, Authorization And Accessibility Verification",11
src/components/modals/CompleteProfileModal.tsx,366,input,onChange={(e) => setAlias(e.target.value)},,runtime-or-tooling-source,"Requires Interaction, Error, Authorization And Accessibility Verification",11
src/components/modals/CompleteProfileModal.tsx,394,input,onChange={(e) => setRealName(e.target.value)},,runtime-or-tooling-source,"Requires Interaction, Error, Authorization And Accessibility Verification",11
src/components/modals/CompleteProfileModal.tsx,413,button,,type=submit,runtime-or-tooling-source,"Requires Interaction, Error, Authorization And Accessibility Verification",11
src/components/modals/CompleteProfileModal.tsx,428,AvatarGallery,"onClose={() => setShowAvatarGallery(false)}; onAvatarChanged={(newUrl) => {
          setUser({ ...user, avatar_url: newUrl });
          setGeneratedFallbackUrl(null); // Clear fallback so they strictly use their chosen one
        }}",,runtime-or-tooling-source,"Requires Interaction, Error, Authorization And Accessibility Verification",11
src/components/modals/CreateClubModal.tsx,320,div,onClick={requestClose},,runtime-or-tooling-source,"Requires Interaction, Error, Authorization And Accessibility Verification",10;11
src/components/modals/CreateClubModal.tsx,321,div,onClick={(e) => e.stopPropagation()},,runtime-or-tooling-source,"Requires Interaction, Error, Authorization And Accessibility Verification",10;11
src/components/modals/CreateClubModal.tsx,339,button,"onClick={() => {
              haptic.light();
              requestClose();
            }}",aria-label=Close,runtime-or-tooling-source,"Requires Interaction, Error, Authorization And Accessibility Verification",10;11
src/components/modals/CreateClubModal.tsx,361,button,onClick={() => setAllowanceRetry((attempt) => attempt + 1)},type=button,runtime-or-tooling-source,"Requires Interaction, Error, Authorization And Accessibility Verification",10;11
src/components/modals/CreateClubModal.tsx,377,input,onChange={(e) => setClubName(e.target.value)},id=new-club-name; type=text,runtime-or-tooling-source,"Requires Interaction, Error, Authorization And Accessibility Verification",10;11
src/components/modals/CreateClubModal.tsx,401,textarea,onChange={(event) => setDescription(event.target.value)},id=new-club-description,runtime-or-tooling-source,"Requires Interaction, Error, Authorization And Accessibility Verification",10;11
src/components/modals/CreateClubModal.tsx,425,button,"onClick={() => {
                      haptic.medium();
                      fileInputRef.current?.click();
                    }}",type=button,runtime-or-tooling-source,"Requires Interaction, Error, Authorization And Accessibility Verification",10;11
src/components/modals/CreateClubModal.tsx,444,button,onClick={() => handlePresetSelect(logo)},type=button; aria-label={logo.name},runtime-or-tooling-source,"Requires Interaction, Error, Authorization And Accessibility Verification",10;11
src/components/modals/CreateClubModal.tsx,463,input,onChange={handleFileSelect},type=file,runtime-or-tooling-source,"Requires Interaction, Error, Authorization And Accessibility Verification",10;11
src/components/modals/CreateClubModal.tsx,474,input,onChange={(event) => setIsPublic(event.target.checked)},type=checkbox,runtime-or-tooling-source,"Requires Interaction, Error, Authorization And Accessibility Verification",10;11
src/components/modals/CreateClubModal.tsx,482,input,onChange={(event) => setRequiresApproval(event.target.checked)},type=checkbox,runtime-or-tooling-source,"Requires Interaction, Error, Authorization And Accessibility Verification",10;11
src/components/modals/CreateClubModal.tsx,499,input,"onChange={(e) => {
                  haptic.selection();
                  setHasAgreed(e.target.checked);
                }}",type=checkbox,runtime-or-tooling-source,"Requires Interaction, Error, Authorization And Accessibility Verification",10;11
src/components/modals/CreateClubModal.tsx,515,button,"onClick={() => {
                haptic.medium();
                handleCreate();
              }}",aria-label=Create Club,runtime-or-tooling-source,"Requires Interaction, Error, Authorization And Accessibility Verification",10;11
src/components/modals/FindPlayerModal.tsx,317,button,onClick={() => setShowAccessRules((value) => !value)},,runtime-or-tooling-source,"Requires Interaction, Error, Authorization And Accessibility Verification",11
src/components/modals/FindPlayerModal.tsx,341,input,"onChange={(event) => handleInputChange(event.target.value)}; onKeyDown={(event) => {
                    if (event.key === 'ArrowDown' && suggestions.length) {
                      event.preventDefault();
                      setHighlightedIndex((value) => (value + 1) % suggestions.length);
                    } else if (event.key === 'ArrowUp' && suggestions.length) {
                      event.preventDefault();
                      setHighlightedIndex(
                        (value) => (value - 1 + suggestions.length) % suggestions.length
                      );
                    } else if (event.key === 'Enter') {
                      if (showSuggestions && highlightedIndex >= 0)
                        chooseSuggestion(suggestions[highlightedIndex]);
                      else runSearch(searchQuery);
                    }
                    // Escape is handled once, by useDialogEscape, so the dropdown
                    // and the dialog cannot both react to the same keypress.
                  }}; onFocus={() => suggestions.length && setShowSuggestions(true)}","type=search; aria-label=Player Name, Poker Alias, Or Number",runtime-or-tooling-source,"Requires Interaction, Error, Authorization And Accessibility Verification",11
src/components/modals/FindPlayerModal.tsx,373,button,onPointerMove={() => setHighlightedIndex(index)}; onClick={() => chooseSuggestion(player)},,runtime-or-tooling-source,"Requires Interaction, Error, Authorization And Accessibility Verification",11
src/components/modals/FindPlayerModal.tsx,400,button,onClick={() => runSearch(searchQuery)},,runtime-or-tooling-source,"Requires Interaction, Error, Authorization And Accessibility Verification",11
src/components/modals/FindPlayerModal.tsx,412,select,onChange={(event) => setScope(event.target.value as PlayerSearchScope)},,runtime-or-tooling-source,"Requires Interaction, Error, Authorization And Accessibility Verification",11
src/components/modals/FindPlayerModal.tsx,425,select,onChange={(event) => setPresence(event.target.value as PlayerPresenceFilter)},,runtime-or-tooling-source,"Requires Interaction, Error, Authorization And Accessibility Verification",11
src/components/modals/FindPlayerModal.tsx,436,select,onChange={(event) => setSort(event.target.value as PlayerSearchSort)},,runtime-or-tooling-source,"Requires Interaction, Error, Authorization And Accessibility Verification",11
src/components/modals/FindPlayerModal.tsx,462,button,onClick={() => handleProfileClick(player.id)},,runtime-or-tooling-source,"Requires Interaction, Error, Authorization And Accessibility Verification",11
src/components/modals/FindPlayerModal.tsx,484,PlayerAffiliations,onJoinClub={handleClubJoin},,runtime-or-tooling-source,"Requires Interaction, Error, Authorization And Accessibility Verification",11
src/components/modals/FindPlayerModal.tsx,488,button,"onClick={() =>
                              setExpandedAccounts((current) => {
                                const next = new Set(current);
                                if (next.has(player.id)) next.delete(player.id);
                                else next.add(player.id);
                                return next;
                              })
                            }",,runtime-or-tooling-source,"Requires Interaction, Error, Authorization And Accessibility Verification",11
src/components/modals/FindPlayerModal.tsx,551,button,onClick={() => void handleTableClick(table)},,runtime-or-tooling-source,"Requires Interaction, Error, Authorization And Accessibility Verification",11
src/components/modals/FindPlayerModal.tsx,586,button,"onClick={() => runSearch(lastCompletedQueryRef.current, results.length, true)}",,runtime-or-tooling-source,"Requires Interaction, Error, Authorization And Accessibility Verification",11
src/components/modals/FindPlayerModal.tsx,608,button,onClick={handleClose},aria-label=Close The Player Locator,runtime-or-tooling-source,"Requires Interaction, Error, Authorization And Accessibility Verification",11
src/components/modals/FindPlayerModal.tsx,714,button,onClick={() => onJoinClub(club)},"type=button; title={
                        club.viewer_action === 'request_join'
                          ? `${club.club_name} Is Gated - Apply And Wait For Approval`
                          : `Join ${club.club_name}`
                      }",runtime-or-tooling-source,"Requires Interaction, Error, Authorization And Accessibility Verification",11
src/components/modals/FindPlayerModal.tsx,780,img,"onError={(event) => {
            event.currentTarget.src = generateDefaultAvatar();
          }}",,runtime-or-tooling-source,"Requires Interaction, Error, Authorization And Accessibility Verification",11
src/components/modals/ImageModal.tsx,31,div,onClick={onClose},,runtime-or-tooling-source,"Requires Interaction, Error, Authorization And Accessibility Verification",11
src/components/modals/ImageModal.tsx,32,button,onClick={onClose},,runtime-or-tooling-source,"Requires Interaction, Error, Authorization And Accessibility Verification",11
src/components/modals/ImageModal.tsx,35,div,onClick={(e) => e.stopPropagation()},,runtime-or-tooling-source,"Requires Interaction, Error, Authorization And Accessibility Verification",11
src/components/modals/JoinClubModal.tsx,242,div,onClick={onClose},,runtime-or-tooling-source,"Requires Interaction, Error, Authorization And Accessibility Verification",10;11
src/components/modals/JoinClubModal.tsx,243,div,onClick={(event) => event.stopPropagation()},,runtime-or-tooling-source,"Requires Interaction, Error, Authorization And Accessibility Verification",10;11
src/components/modals/JoinClubModal.tsx,265,button,onClick={onClose},aria-label=Close,runtime-or-tooling-source,"Requires Interaction, Error, Authorization And Accessibility Verification",10;11
src/components/modals/JoinClubModal.tsx,280,input,"onPaste={(event) => {
                  const pasted = event.clipboardData.getData('text');
                  if (ClubJoinService.parseInput(pasted)) {
                    event.preventDefault();
                    consumeInput(pasted);
                  }
                }}; onChange={(event) => {
                  previewSequenceRef.current += 1;
                  verifiedIdentifierRef.current = null;
                  setPreview(null);
                  setClubCode(event.target.value.replace(/\D/g, ''));
                  setReferralCode(null);
                  setStatusMessage(null);
                }}; onKeyDown={(event) =>
                  event.key === 'Enter' && (preview ? handleJoin() : loadPreview(clubCode))
                }",id=join-club-code; type=tel,runtime-or-tooling-source,"Requires Interaction, Error, Authorization And Accessibility Verification",10;11
src/components/modals/JoinClubModal.tsx,312,button,onClick={pasteFromClipboard},,runtime-or-tooling-source,"Requires Interaction, Error, Authorization And Accessibility Verification",10;11
src/components/modals/JoinClubModal.tsx,313,button,onClick={() => qrInputRef.current?.click()},,runtime-or-tooling-source,"Requires Interaction, Error, Authorization And Accessibility Verification",10;11
src/components/modals/JoinClubModal.tsx,316,input,onChange={(event) => event.target.files?.[0] && scanQrImage(event.target.files[0])},type=file,runtime-or-tooling-source,"Requires Interaction, Error, Authorization And Accessibility Verification",10;11
src/components/modals/JoinClubModal.tsx,349,button,onClick={cancelPending},,runtime-or-tooling-source,"Requires Interaction, Error, Authorization And Accessibility Verification",10;11
src/components/modals/JoinClubModal.tsx,353,button,onClick={handleJoin},,runtime-or-tooling-source,"Requires Interaction, Error, Authorization And Accessibility Verification",10;11
src/components/moderation/AntiCollusionMonitor.tsx,116,button,onClick={() => setFilter(f)},,runtime-or-tooling-source,"Requires Interaction, Error, Authorization And Accessibility Verification",10;11
src/components/moderation/AntiCollusionMonitor.tsx,130,div,"onClick={() => {
              setSelectedReport(report);
              setVisiblePatterns(new Set());
              staggerTimersRef.current.forEach((t) => clearTimeout(t));
              staggerTimersRef.current = filteredPatterns(report.suspiciousPatterns).map((_, pi) =>
                setTimeout(() => setVisiblePatterns((prev) => new Set(prev).add(pi)), pi * 60)
              );
            }}",,runtime-or-tooling-source,"Requires Interaction, Error, Authorization And Accessibility Verification",10;11
src/components/moderation/AntiCollusionMonitor.tsx,198,button,onClick={() => onInvestigate?.(pattern)},,runtime-or-tooling-source,"Requires Interaction, Error, Authorization And Accessibility Verification",10;11
src/components/moderation/AntiCollusionMonitor.tsx,201,button,onClick={() => onDismiss?.(pattern.id)},,runtime-or-tooling-source,"Requires Interaction, Error, Authorization And Accessibility Verification",10;11
src/components/moderation/BlockedPlayersList.tsx,179,button,onClick={() => void loadBlockedPlayers()},,runtime-or-tooling-source,"Requires Interaction, Error, Authorization And Accessibility Verification",10;11
src/components/moderation/BlockedPlayersList.tsx,202,img,"onError={(e) => {
                      (e.target as HTMLImageElement).src = generateDefaultAvatar();
                    }}",,runtime-or-tooling-source,"Requires Interaction, Error, Authorization And Accessibility Verification",10;11
src/components/moderation/BlockedPlayersList.tsx,223,button,onClick={() => handleUnblock(player)},aria-label={`Unblock ${player.username}`},runtime-or-tooling-source,"Requires Interaction, Error, Authorization And Accessibility Verification",10;11
src/components/moderation/ChatModerationPanel.tsx,77,div,onClick={() => setSelectedMessage(selectedMessage === msg.id ? null : msg.id)},,runtime-or-tooling-source,"Requires Interaction, Error, Authorization And Accessibility Verification",10;11
src/components/moderation/ChatModerationPanel.tsx,97,button,"onClick={(e) => {
                    e.stopPropagation();
                    handleDelete(msg.id);
                  }}",,runtime-or-tooling-source,"Requires Interaction, Error, Authorization And Accessibility Verification",10;11
src/components/moderation/ChatModerationPanel.tsx,106,button,"onClick={(e) => {
                    e.stopPropagation();
                    handleMute(msg.userId, msg.username, 15);
                  }}",,runtime-or-tooling-source,"Requires Interaction, Error, Authorization And Accessibility Verification",10;11
src/components/moderation/ChatModerationPanel.tsx,115,button,"onClick={(e) => {
                    e.stopPropagation();
                    handleMute(msg.userId, msg.username, 60);
                  }}",,runtime-or-tooling-source,"Requires Interaction, Error, Authorization And Accessibility Verification",10;11
src/components/moderation/ChatModerationPanel.tsx,124,button,"onClick={(e) => {
                    e.stopPropagation();
                    handleBan(msg.userId, msg.username);
                  }}",,runtime-or-tooling-source,"Requires Interaction, Error, Authorization And Accessibility Verification",10;11
src/components/moderation/ModerationLog.tsx,87,select,onChange={(e) => setFilter(e.target.value)},,runtime-or-tooling-source,"Requires Interaction, Error, Authorization And Accessibility Verification",10;11
src/components/moderation/ReportPlayerModal.tsx,103,div,onClick={onClose},,runtime-or-tooling-source,"Requires Interaction, Error, Authorization And Accessibility Verification",9;10;11
src/components/moderation/ReportPlayerModal.tsx,104,div,onClick={(e) => e.stopPropagation()},,runtime-or-tooling-source,"Requires Interaction, Error, Authorization And Accessibility Verification",9;10;11
src/components/moderation/ReportPlayerModal.tsx,115,button,onClick={onClose},,runtime-or-tooling-source,"Requires Interaction, Error, Authorization And Accessibility Verification",9;10;11
src/components/moderation/ReportPlayerModal.tsx,132,input,onChange={() => setSelectedReason(reason.id)},type=radio; name=reason,runtime-or-tooling-source,"Requires Interaction, Error, Authorization And Accessibility Verification",9;10;11
src/components/moderation/ReportPlayerModal.tsx,150,textarea,onChange={(e) => setDetails(e.target.value)},,runtime-or-tooling-source,"Requires Interaction, Error, Authorization And Accessibility Verification",9;10;11
src/components/moderation/ReportPlayerModal.tsx,162,input,onChange={(e) => setHandId(e.target.value)},type=text,runtime-or-tooling-source,"Requires Interaction, Error, Authorization And Accessibility Verification",9;10;11
src/components/moderation/ReportPlayerModal.tsx,172,button,onClick={onClose},,runtime-or-tooling-source,"Requires Interaction, Error, Authorization And Accessibility Verification",9;10;11
src/components/moderation/ReportPlayerModal.tsx,175,button,onClick={handleSubmit},,runtime-or-tooling-source,"Requires Interaction, Error, Authorization And Accessibility Verification",9;10;11
src/components/navigation/FloatingHamburger.tsx,44,button,onClick={handleClick},aria-label=Open Menu; id=floating-hamburger-btn,runtime-or-tooling-source,"Requires Interaction, Error, Authorization And Accessibility Verification",11
src/components/navigation/GlobalHeader.tsx,335,HamburgerMenu,onClose={handleMenuClose},,runtime-or-tooling-source,"Requires Interaction, Error, Authorization And Accessibility Verification",11
src/components/navigation/GlobalHeader.tsx,341,HamburgerMenu,onClose={handleMenuClose},,runtime-or-tooling-source,"Requires Interaction, Error, Authorization And Accessibility Verification",11
src/components/navigation/GlobalHeader.tsx,371,button,onClick={handleMenuToggle},aria-label=Open Menu,runtime-or-tooling-source,"Requires Interaction, Error, Authorization And Accessibility Verification",11
src/components/navigation/GlobalHeader.tsx,378,button,onClick={handleBackClick},aria-label=Go Back; title=Back,runtime-or-tooling-source,"Requires Interaction, Error, Authorization And Accessibility Verification",11
src/components/navigation/GlobalHeader.tsx,386,button,onClick={handleHubClick},aria-label=Go To The Hub; title=Hub,runtime-or-tooling-source,"Requires Interaction, Error, Authorization And Accessibility Verification",11
src/components/navigation/GlobalHeader.tsx,398,button,onClick={() => navigate('/profile')},aria-label=My Profile; title=My Profile,runtime-or-tooling-source,"Requires Interaction, Error, Authorization And Accessibility Verification",11
src/components/navigation/GlobalHeader.tsx,406,img,"onError={(event) => {
                    event.currentTarget.src = DEFAULT_AVATAR;
                  }}",,runtime-or-tooling-source,"Requires Interaction, Error, Authorization And Accessibility Verification",11
src/components/navigation/GlobalHeader.tsx,426,button,"onClick={() => navigate(withClubContext('/wallet', routeClubId))}",aria-label=My Wallet; title=My Wallet,runtime-or-tooling-source,"Requires Interaction, Error, Authorization And Accessibility Verification",11
src/components/navigation/GlobalHeader.tsx,435,button,onClick={() => navigateToHub('/hub/vip-membership')},aria-label={isVipActive ? 'VIP Membership Active' : 'VIP Membership'}; title={isVipActive ? 'VIP Membership Active' : 'VIP Membership'},runtime-or-tooling-source,"Requires Interaction, Error, Authorization And Accessibility Verification",11
src/components/navigation/GlobalHeader.tsx,445,button,onClick={() => void handleMessagesClick()}; onMouseEnter={prefetchMessenger}; onTouchStart={prefetchMessenger},aria-label=Messages; title=Messages,runtime-or-tooling-source,"Requires Interaction, Error, Authorization And Accessibility Verification",11
src/components/navigation/GlobalHeader.tsx,465,Link,"onClick={(event) => {
                event.preventDefault();
                void handleNotificationsClick();
              }}",title=Notifications; aria-label=Notifications,runtime-or-tooling-source,"Requires Interaction, Error, Authorization And Accessibility Verification",11
src/components/navigation/HamburgerMenu.tsx,910,ThemeSettingsModal,onClose={() => setShowThemeSettings(false)},,runtime-or-tooling-source,"Requires Interaction, Error, Authorization And Accessibility Verification",11
src/components/navigation/HamburgerMenu.tsx,937,div,onClick={onClose},,runtime-or-tooling-source,"Requires Interaction, Error, Authorization And Accessibility Verification",11
src/components/navigation/HamburgerMenu.tsx,940,div,onTouchStart={handleTouchStart}; onTouchEnd={handleTouchEnd},,runtime-or-tooling-source,"Requires Interaction, Error, Authorization And Accessibility Verification",11
src/components/navigation/HamburgerMenu.tsx,960,button,onClick={onClose},type=button,runtime-or-tooling-source,"Requires Interaction, Error, Authorization And Accessibility Verification",11
src/components/navigation/HamburgerMenu.tsx,966,button,onClick={() => handleNavigate('/profile')},type=button,runtime-or-tooling-source,"Requires Interaction, Error, Authorization And Accessibility Verification",11
src/components/navigation/HamburgerMenu.tsx,1038,select,onChange={(event) => handleSwitchClub(event.target.value)},,runtime-or-tooling-source,"Requires Interaction, Error, Authorization And Accessibility Verification",11
src/components/navigation/HamburgerMenu.tsx,1050,form,"onSubmit={(event) => {
              event.preventDefault();
              const query = searchQuery.trim();
              if (query) handleNavigate(`/search?q=${encodeURIComponent(query)}`);
            }}",,runtime-or-tooling-source,"Requires Interaction, Error, Authorization And Accessibility Verification",11
src/components/navigation/HamburgerMenu.tsx,1059,input,onChange={(event) => setSearchQuery(event.target.value)},type=search; aria-label=Search Destinations Or The Arena,runtime-or-tooling-source,"Requires Interaction, Error, Authorization And Accessibility Verification",11
src/components/navigation/HamburgerMenu.tsx,1066,button,,type=submit; aria-label=Search All Players And Clubs,runtime-or-tooling-source,"Requires Interaction, Error, Authorization And Accessibility Verification",11
src/components/navigation/HamburgerMenu.tsx,1144,button,onClick={() => handleNavigate(`/clubs/${clubId}/table-management`)},type=button,runtime-or-tooling-source,"Requires Interaction, Error, Authorization And Accessibility Verification",11
src/components/navigation/HamburgerMenu.tsx,1152,button,onClick={() => handleNavigate(`/unions/${unionManageId}/table-management`)},type=button,runtime-or-tooling-source,"Requires Interaction, Error, Authorization And Accessibility Verification",11
src/components/navigation/HamburgerMenu.tsx,1160,button,onClick={() => handleNavigate('/?create=club')},type=button,runtime-or-tooling-source,"Requires Interaction, Error, Authorization And Accessibility Verification",11
src/components/navigation/HamburgerMenu.tsx,1169,button,onClick={() => handleNavigate(`/invite/${clubId}`)},type=button,runtime-or-tooling-source,"Requires Interaction, Error, Authorization And Accessibility Verification",11
src/components/navigation/HamburgerMenu.tsx,1177,button,onClick={() => handleNavigate('/unions/create')},type=button,runtime-or-tooling-source,"Requires Interaction, Error, Authorization And Accessibility Verification",11
src/components/navigation/HamburgerMenu.tsx,1186,button,onClick={() => handleNavigate(`/clubs/${clubId}/finance`)},type=button,runtime-or-tooling-source,"Requires Interaction, Error, Authorization And Accessibility Verification",11
src/components/navigation/HamburgerMenu.tsx,1203,button,onClick={() => handleNavigate(item.path)},type=button,runtime-or-tooling-source,"Requires Interaction, Error, Authorization And Accessibility Verification",11
src/components/navigation/HamburgerMenu.tsx,1215,button,onClick={() => handleNavigate(item.path)},type=button,runtime-or-tooling-source,"Requires Interaction, Error, Authorization And Accessibility Verification",11
src/components/navigation/HamburgerMenu.tsx,1232,button,onClick={() => handleNavigate(item.path)}; onMouseEnter={() => handleItemHover(item.path)},type=button,runtime-or-tooling-source,"Requires Interaction, Error, Authorization And Accessibility Verification",11
src/components/navigation/HamburgerMenu.tsx,1248,button,onClick={() => togglePinnedPath(item.path)},type=button; aria-label={`${pinnedPaths.includes(item.path) ? 'Unpin' : 'Pin'} ${item.label}`},runtime-or-tooling-source,"Requires Interaction, Error, Authorization And Accessibility Verification",11
src/components/navigation/HamburgerMenu.tsx,1269,select,onChange={(event) => setRewardContextClubId(event.target.value)},,runtime-or-tooling-source,"Requires Interaction, Error, Authorization And Accessibility Verification",11
src/components/navigation/HamburgerMenu.tsx,1283,button,"onClick={() =>
                  handleNavigate(`/leaderboard?setup=prizes&club=${rewardContextClubId}`)
                }",type=button,runtime-or-tooling-source,"Requires Interaction, Error, Authorization And Accessibility Verification",11
src/components/navigation/HamburgerMenu.tsx,1312,button,onClick={() => setShowAvatarGallery(true)},type=button,runtime-or-tooling-source,"Requires Interaction, Error, Authorization And Accessibility Verification",11
src/components/navigation/HamburgerMenu.tsx,1331,button,onClick={handleSoundsToggle},type=button; aria-label=Sounds,runtime-or-tooling-source,"Requires Interaction, Error, Authorization And Accessibility Verification",11
src/components/navigation/HamburgerMenu.tsx,1348,button,onClick={handleVibrationsToggle},type=button; aria-label=Vibrations,runtime-or-tooling-source,"Requires Interaction, Error, Authorization And Accessibility Verification",11
src/components/navigation/HamburgerMenu.tsx,1365,button,onClick={handleUseRealNameToggle},type=button; aria-label=Show Real Name On Social Surfaces,runtime-or-tooling-source,"Requires Interaction, Error, Authorization And Accessibility Verification",11
src/components/navigation/HamburgerMenu.tsx,1379,button,onClick={handleOpenTableStudio},type=button; aria-label=Open Table Studio,runtime-or-tooling-source,"Requires Interaction, Error, Authorization And Accessibility Verification",11
src/components/navigation/HamburgerMenu.tsx,1397,button,onClick={() => setShowTableSettings(!showTableSettings)},type=button,runtime-or-tooling-source,"Requires Interaction, Error, Authorization And Accessibility Verification",11
src/components/navigation/HamburgerMenu.tsx,1419,TableSettingsPanel,onToggle={toggleTableSetting},,runtime-or-tooling-source,"Requires Interaction, Error, Authorization And Accessibility Verification",11
src/components/navigation/HamburgerMenu.tsx,1442,button,onClick={() => handleNavigate(item.path)}; onMouseEnter={() => handleItemHover(item.path)},type=button,runtime-or-tooling-source,"Requires Interaction, Error, Authorization And Accessibility Verification",11
src/components/navigation/HamburgerMenu.tsx,1467,button,onClick={() => handleNavigate(item.path)}; onMouseEnter={() => handleItemHover(item.path)},type=button,runtime-or-tooling-source,"Requires Interaction, Error, Authorization And Accessibility Verification",11
src/components/navigation/HamburgerMenu.tsx,1486,button,onClick={handleResetTutorial},type=button,runtime-or-tooling-source,"Requires Interaction, Error, Authorization And Accessibility Verification",11
src/components/navigation/HamburgerMenu.tsx,1489,button,onClick={handleLogOut},type=button,runtime-or-tooling-source,"Requires Interaction, Error, Authorization And Accessibility Verification",11
src/components/navigation/HamburgerMenu.tsx,1503,AvatarGallery,onClose={() => setShowAvatarGallery(false)},,runtime-or-tooling-source,"Requires Interaction, Error, Authorization And Accessibility Verification",11
src/components/navigation/HamburgerMenu.tsx,1513,ThemeSettingsModal,onClose={() => setShowThemeSettings(false)},,runtime-or-tooling-source,"Requires Interaction, Error, Authorization And Accessibility Verification",11
src/components/navigation/LegacyClubToolRedirect.tsx,102,ErrorState,onRetry={() => void resolveDestination()},,runtime-or-tooling-source,"Requires Interaction, Error, Authorization And Accessibility Verification",10;11
src/components/navigation/NotificationDropdown.tsx,252,button,onClick={() => setIsOpen(!isOpen)},,runtime-or-tooling-source,"Requires Interaction, Error, Authorization And Accessibility Verification",10;11
src/components/navigation/NotificationDropdown.tsx,260,button,onClick={markAllAsRead},,runtime-or-tooling-source,"Requires Interaction, Error, Authorization And Accessibility Verification",10;11
src/components/navigation/NotificationDropdown.tsx,270,div,onClick={() => handleNotificationClick(n)},,runtime-or-tooling-source,"Requires Interaction, Error, Authorization And Accessibility Verification",10;11
src/components/navigation/NotificationDropdown.tsx,288,button,"onClick={(e) => {
                          e.stopPropagation();
                          markAsRead(n.id);
                        }}",title=Mark As Read,runtime-or-tooling-source,"Requires Interaction, Error, Authorization And Accessibility Verification",10;11
src/components/navigation/QuickActionsBar.tsx,104,button,onClick={() => setExpanded(!expanded)},,runtime-or-tooling-source,"Requires Interaction, Error, Authorization And Accessibility Verification",11
src/components/navigation/QuickActionsBar.tsx,112,button,"onClick={() => {
                action.action();
                setExpanded(false);
              }}",,runtime-or-tooling-source,"Requires Interaction, Error, Authorization And Accessibility Verification",11
src/components/notifications/FirstRunPushPrompt.tsx,282,div,onClick={handleDismiss},aria-label=Enable Notifications,runtime-or-tooling-source,"Requires Interaction, Error, Authorization And Accessibility Verification",10;11
src/components/notifications/FirstRunPushPrompt.tsx,289,div,onClick={(e) => e.stopPropagation()},,runtime-or-tooling-source,"Requires Interaction, Error, Authorization And Accessibility Verification",10;11
src/components/notifications/FirstRunPushPrompt.tsx,306,button,onClick={handleDismiss},type=button,runtime-or-tooling-source,"Requires Interaction, Error, Authorization And Accessibility Verification",10;11
src/components/notifications/FirstRunPushPrompt.tsx,320,button,onClick={handleDismiss},type=button,runtime-or-tooling-source,"Requires Interaction, Error, Authorization And Accessibility Verification",10;11
src/components/notifications/FirstRunPushPrompt.tsx,335,button,onClick={handleDismiss},type=button,runtime-or-tooling-source,"Requires Interaction, Error, Authorization And Accessibility Verification",10;11
src/components/notifications/FirstRunPushPrompt.tsx,343,button,onClick={handleEnable},type=button,runtime-or-tooling-source,"Requires Interaction, Error, Authorization And Accessibility Verification",10;11
src/components/notifications/InAppAlerts.tsx,52,AlertItem,onDismiss={() => onDismiss(alert.id)},,runtime-or-tooling-source,"Requires Interaction, Error, Authorization And Accessibility Verification",10;11
src/components/notifications/InAppAlerts.tsx,99,button,onClick={alert.action.onClick},,runtime-or-tooling-source,"Requires Interaction, Error, Authorization And Accessibility Verification",10;11
src/components/notifications/InAppAlerts.tsx,103,button,onClick={handleDismiss},aria-label=Dismiss Alert,runtime-or-tooling-source,"Requires Interaction, Error, Authorization And Accessibility Verification",10;11
src/components/notifications/NotificationDropdown.tsx,40,div,onClick={onClose},,runtime-or-tooling-source,"Requires Interaction, Error, Authorization And Accessibility Verification",10;11
src/components/notifications/NotificationDropdown.tsx,45,button,onClick={onMarkAllRead},,runtime-or-tooling-source,"Requires Interaction, Error, Authorization And Accessibility Verification",10;11
src/components/notifications/NotificationDropdown.tsx,59,NotificationItem,onClick={() => onNotificationClick?.(notif.id)}; onDismiss={() => onDismiss?.(notif.id)},,runtime-or-tooling-source,"Requires Interaction, Error, Authorization And Accessibility Verification",10;11
src/components/notifications/NotificationDropdown.tsx,71,button,onClick={onClearAll},,runtime-or-tooling-source,"Requires Interaction, Error, Authorization And Accessibility Verification",10;11
src/components/notifications/NotificationGrouper.tsx,65,button,onClick={() => setActiveCategory('all')},,runtime-or-tooling-source,"Requires Interaction, Error, Authorization And Accessibility Verification",10;11
src/components/notifications/NotificationGrouper.tsx,73,button,onClick={() => setActiveCategory(cat.id)},,runtime-or-tooling-source,"Requires Interaction, Error, Authorization And Accessibility Verification",10;11
src/components/notifications/NotificationGrouper.tsx,96,div,onClick={() => onRead?.(notif.id)},,runtime-or-tooling-source,"Requires Interaction, Error, Authorization And Accessibility Verification",10;11
src/components/notifications/NotificationGrouper.tsx,110,button,"onClick={(e) => {
                    e.stopPropagation();
                    masterBus.emit('NOTIFICATION_DISMISSED', { notificationId: notif.id });
                    onDismiss(notif.id);
                  }}",,runtime-or-tooling-source,"Requires Interaction, Error, Authorization And Accessibility Verification",10;11
src/components/notifications/NotificationItem.tsx,40,div,onClick={onClick},,runtime-or-tooling-source,"Requires Interaction, Error, Authorization And Accessibility Verification",10;11
src/components/notifications/NotificationItem.tsx,46,img,"onError={(e) => {
              (e.target as HTMLImageElement).src = generateDefaultAvatar();
            }}",,runtime-or-tooling-source,"Requires Interaction, Error, Authorization And Accessibility Verification",10;11
src/components/notifications/NotificationItem.tsx,66,button,"onClick={(e) => {
          e.stopPropagation();
          onDismiss?.();
        }}",,runtime-or-tooling-source,"Requires Interaction, Error, Authorization And Accessibility Verification",10;11
src/components/notifications/NotificationToast.tsx,55,button,onClick={handleClose},,runtime-or-tooling-source,"Requires Interaction, Error, Authorization And Accessibility Verification",10;11
src/components/notifications/PushEnableBanner.tsx,138,button,onClick={handleEnable},type=button,runtime-or-tooling-source,"Requires Interaction, Error, Authorization And Accessibility Verification",10;11
src/components/onboarding/OnboardingChecklist.tsx,40,div,onClick={() => !item.completed && onItemClick?.(item.id)},,runtime-or-tooling-source,"Requires Interaction, Error, Authorization And Accessibility Verification",11
src/components/onboarding/OnboardingChecklist.tsx,52,button,"onClick={(e) => {
                      e.stopPropagation();
                      onClaimReward?.(item.id);
                    }}",,runtime-or-tooling-source,"Requires Interaction, Error, Authorization And Accessibility Verification",11
src/components/onboarding/WelcomeTour.tsx,55,button,onClick={onSkip},,runtime-or-tooling-source,"Requires Interaction, Error, Authorization And Accessibility Verification",11
src/components/onboarding/WelcomeTour.tsx,74,button,onClick={handlePrev},,runtime-or-tooling-source,"Requires Interaction, Error, Authorization And Accessibility Verification",11
src/components/onboarding/WelcomeTour.tsx,78,button,onClick={handleNext},,runtime-or-tooling-source,"Requires Interaction, Error, Authorization And Accessibility Verification",11
src/components/pagination/Pagination.tsx,37,button,onClick={() => onPageChange(1)},,runtime-or-tooling-source,"Requires Interaction, Error, Authorization And Accessibility Verification",11
src/components/pagination/Pagination.tsx,41,button,onClick={() => onPageChange(currentPage - 1)},,runtime-or-tooling-source,"Requires Interaction, Error, Authorization And Accessibility Verification",11
src/components/pagination/Pagination.tsx,46,button,onClick={() => typeof page === 'number' && onPageChange(page)},,runtime-or-tooling-source,"Requires Interaction, Error, Authorization And Accessibility Verification",11
src/components/pagination/Pagination.tsx,56,button,onClick={() => onPageChange(currentPage + 1)},,runtime-or-tooling-source,"Requires Interaction, Error, Authorization And Accessibility Verification",11
src/components/pagination/Pagination.tsx,60,button,onClick={() => onPageChange(totalPages)},,runtime-or-tooling-source,"Requires Interaction, Error, Authorization And Accessibility Verification",11
src/components/players/FriendRequest.tsx,35,img,"onError={(e) => {
              (e.target as HTMLImageElement).src = generateDefaultAvatar();
            }}",,runtime-or-tooling-source,"Requires Interaction, Error, Authorization And Accessibility Verification",10;11
src/components/players/FriendRequest.tsx,62,button,onClick={onCancel},,runtime-or-tooling-source,"Requires Interaction, Error, Authorization And Accessibility Verification",10;11
src/components/players/FriendRequest.tsx,67,button,onClick={onAccept},,runtime-or-tooling-source,"Requires Interaction, Error, Authorization And Accessibility Verification",10;11
src/components/players/FriendRequest.tsx,70,button,onClick={onDecline},,runtime-or-tooling-source,"Requires Interaction, Error, Authorization And Accessibility Verification",10;11
src/components/players/PlayerCard.tsx,37,div,onClick={onClick},,runtime-or-tooling-source,"Requires Interaction, Error, Authorization And Accessibility Verification",11
src/components/players/PlayerCard.tsx,40,img,"onError={(e) => {
              (e.target as HTMLImageElement).src = generateDefaultAvatar();
            }}",,runtime-or-tooling-source,"Requires Interaction, Error, Authorization And Accessibility Verification",11
src/components/players/PlayerCard.tsx,85,button,"onClick={(e) => {
              e.stopPropagation();
              onAddFriend?.();
            }}",,runtime-or-tooling-source,"Requires Interaction, Error, Authorization And Accessibility Verification",11
src/components/players/PlayerCard.tsx,95,button,"onClick={(e) => {
            e.stopPropagation();
            onMessage?.();
          }}",aria-label=Send Message,runtime-or-tooling-source,"Requires Interaction, Error, Authorization And Accessibility Verification",11
src/components/players/PlayerNotes.tsx,170,button,onClick={onClose},,runtime-or-tooling-source,"Requires Interaction, Error, Authorization And Accessibility Verification",11
src/components/players/PlayerNotes.tsx,178,input,onChange={(e) => setSearchQuery(e.target.value)},type=text,runtime-or-tooling-source,"Requires Interaction, Error, Authorization And Accessibility Verification",11
src/components/players/PlayerNotes.tsx,204,div,onClick={() => setSelectedNote(note)},,runtime-or-tooling-source,"Requires Interaction, Error, Authorization And Accessibility Verification",11
src/components/players/PlayerNotes.tsx,215,button,"onClick={(e) => {
                    e.stopPropagation();
                    deleteNote(note.id);
                  }}",,runtime-or-tooling-source,"Requires Interaction, Error, Authorization And Accessibility Verification",11
src/components/players/PlayerNotes.tsx,246,button,onClick={() => setSelectedColor(c.id)},title={c.label},runtime-or-tooling-source,"Requires Interaction, Error, Authorization And Accessibility Verification",11
src/components/players/PlayerNotes.tsx,256,textarea,onChange={(e) => setEditingNote(e.target.value)},,runtime-or-tooling-source,"Requires Interaction, Error, Authorization And Accessibility Verification",11
src/components/players/PlayerNotes.tsx,266,button,onClick={() => toggleTag(tag)},,runtime-or-tooling-source,"Requires Interaction, Error, Authorization And Accessibility Verification",11
src/components/players/PlayerNotes.tsx,276,button,onClick={saveNote},,runtime-or-tooling-source,"Requires Interaction, Error, Authorization And Accessibility Verification",11
src/components/profile/PlayerProfileCard.tsx,154,button,onClick={onMessage},,runtime-or-tooling-source,"Requires Interaction, Error, Authorization And Accessibility Verification",11
src/components/profile/PlayerProfileCard.tsx,155,button,onClick={onAddNote},,runtime-or-tooling-source,"Requires Interaction, Error, Authorization And Accessibility Verification",11
src/components/profile/PlayerProfileCard.tsx,156,button,onClick={onInvite},,runtime-or-tooling-source,"Requires Interaction, Error, Authorization And Accessibility Verification",11
src/components/promotions/PromoBanner.tsx,33,button,onClick={onCta},,runtime-or-tooling-source,"Requires Interaction, Error, Authorization And Accessibility Verification",5;11
src/components/promotions/PromoBanner.tsx,39,button,onClick={onDismiss},,runtime-or-tooling-source,"Requires Interaction, Error, Authorization And Accessibility Verification",5;11
src/components/promotions/PromoCard.tsx,39,div,onClick={onClick},,runtime-or-tooling-source,"Requires Interaction, Error, Authorization And Accessibility Verification",5;11
src/components/promotions/PromoCard.tsx,55,button,,,runtime-or-tooling-source,"Requires Interaction, Error, Authorization And Accessibility Verification",5;11
src/components/promotions/PromotionCarousel.tsx,122,button,onClick={() => onPromoClick?.(promo)},aria-label=View Promotion Details,runtime-or-tooling-source,"Requires Interaction, Error, Authorization And Accessibility Verification",5;11
src/components/promotions/PromotionCarousel.tsx,146,button,onClick={() => goTo(i)},aria-label={`Promotion ${i + 1}`},runtime-or-tooling-source,"Requires Interaction, Error, Authorization And Accessibility Verification",5;11
src/components/promotions/PromotionDetail.tsx,121,button,onClick={onClose},,runtime-or-tooling-source,"Requires Interaction, Error, Authorization And Accessibility Verification",5;11
src/components/promotions/PromotionDetail.tsx,199,button,onClick={handleClaim},,runtime-or-tooling-source,"Requires Interaction, Error, Authorization And Accessibility Verification",5;11
src/components/promotions/PromotionsList.tsx,111,button,onClick={() => setTab(t)},,runtime-or-tooling-source,"Requires Interaction, Error, Authorization And Accessibility Verification",5;11
src/components/promotions/PromotionsList.tsx,125,button,onClick={loadData},,runtime-or-tooling-source,"Requires Interaction, Error, Authorization And Accessibility Verification",5;11
src/components/promotions/PromotionsList.tsx,138,button,onClick={() => setSelectedPromo(promo)},,runtime-or-tooling-source,"Requires Interaction, Error, Authorization And Accessibility Verification",5;11
src/components/promotions/PromotionsList.tsx,176,PromotionDetail,onClose={() => setSelectedPromo(null)}; onClaimed={handleClaimed},,runtime-or-tooling-source,"Requires Interaction, Error, Authorization And Accessibility Verification",5;11
src/components/pwa/InstallPrompt.tsx,149,button,onClick={handleDismiss},,runtime-or-tooling-source,"Requires Interaction, Error, Authorization And Accessibility Verification",11
src/components/pwa/InstallPrompt.tsx,168,button,onClick={handleInstall},,runtime-or-tooling-source,"Requires Interaction, Error, Authorization And Accessibility Verification",11
src/components/pwa/InstallPrompt.tsx,171,button,onClick={handleDismiss},,runtime-or-tooling-source,"Requires Interaction, Error, Authorization And Accessibility Verification",11
src/components/quickactions/AutoRebuyToggle.tsx,37,div,onClick={handleToggle},,runtime-or-tooling-source,"Requires Interaction, Error, Authorization And Accessibility Verification",4;11
src/components/quickactions/AutoRebuyToggle.tsx,49,button,"onClick={(e) => {
            e.stopPropagation();
            setShowSettings(!showSettings);
          }}",aria-label=Rebuy Settings,runtime-or-tooling-source,"Requires Interaction, Error, Authorization And Accessibility Verification",4;11
src/components/quickactions/AutoRebuyToggle.tsx,64,input,onChange={(e) => setThresholdValue(parseInt(e.target.value) || 0)},type=number,runtime-or-tooling-source,"Requires Interaction, Error, Authorization And Accessibility Verification",4;11
src/components/quickactions/AutoRebuyToggle.tsx,77,input,onChange={(e) => setAmountValue(parseInt(e.target.value) || 0)},type=number,runtime-or-tooling-source,"Requires Interaction, Error, Authorization And Accessibility Verification",4;11
src/components/quickactions/AutoRebuyToggle.tsx,87,button,onClick={handleSave},,runtime-or-tooling-source,"Requires Interaction, Error, Authorization And Accessibility Verification",4;11
src/components/quickactions/FavoriteTablesWidget.tsx,162,button,onClick={() => onJoinTable?.(table.tableId)},,runtime-or-tooling-source,"Requires Interaction, Error, Authorization And Accessibility Verification",2;11
src/components/quickactions/FavoriteTablesWidget.tsx,169,button,onClick={() => removeFavorite(table.id)},,runtime-or-tooling-source,"Requires Interaction, Error, Authorization And Accessibility Verification",2;11
src/components/quickactions/QuickLeaveButton.tsx,27,button,onClick={() => setShowConfirm(true)},,runtime-or-tooling-source,"Requires Interaction, Error, Authorization And Accessibility Verification",11
src/components/quickactions/QuickLeaveButton.tsx,33,div,onClick={() => setShowConfirm(false)},,runtime-or-tooling-source,"Requires Interaction, Error, Authorization And Accessibility Verification",11
src/components/quickactions/QuickLeaveButton.tsx,34,div,onClick={(e) => e.stopPropagation()},,runtime-or-tooling-source,"Requires Interaction, Error, Authorization And Accessibility Verification",11
src/components/quickactions/QuickLeaveButton.tsx,61,button,onClick={() => setShowConfirm(false)},,runtime-or-tooling-source,"Requires Interaction, Error, Authorization And Accessibility Verification",11
src/components/quickactions/QuickLeaveButton.tsx,64,button,onClick={handleLeave},,runtime-or-tooling-source,"Requires Interaction, Error, Authorization And Accessibility Verification",11
src/components/quickactions/QuickSitButton.tsx,30,button,onClick={handleClick},,runtime-or-tooling-source,"Requires Interaction, Error, Authorization And Accessibility Verification",11
src/components/ratings/StarRating.tsx,22,span,onClick={() => !readonly && onChange?.(i + 1)},,runtime-or-tooling-source,"Requires Interaction, Error, Authorization And Accessibility Verification",11
src/components/ratings/ThumbRating.tsx,13,button,onClick={() => onChange(value === 'up' ? null : 'up')},,runtime-or-tooling-source,"Requires Interaction, Error, Authorization And Accessibility Verification",11
src/components/ratings/ThumbRating.tsx,19,button,onClick={() => onChange(value === 'down' ? null : 'down')},,runtime-or-tooling-source,"Requires Interaction, Error, Authorization And Accessibility Verification",11
src/components/replay/HandReplay.tsx,816,button,onClick={onClose},type=button,runtime-or-tooling-source,"Requires Interaction, Error, Authorization And Accessibility Verification",11
src/components/replay/HandReplay.tsx,837,div,onKeyDown={onKeyDown},"aria-label={
        tab === 'replay'
          ? 'Hand Replay. Arrow Keys Step, Home And End Jump, Space Plays.'
          : undefined
      }",runtime-or-tooling-source,"Requires Interaction, Error, Authorization And Accessibility Verification",11
src/components/replay/HandReplay.tsx,878,div,onKeyDown={onTabsKeyDown},aria-label=Replay View,runtime-or-tooling-source,"Requires Interaction, Error, Authorization And Accessibility Verification",11
src/components/replay/HandReplay.tsx,884,button,onClick={() => setTab('replay')},type=button; id=hr-tab-replay,runtime-or-tooling-source,"Requires Interaction, Error, Authorization And Accessibility Verification",11
src/components/replay/HandReplay.tsx,897,button,onClick={() => setTab('rundown')},type=button; id=hr-tab-rundown,runtime-or-tooling-source,"Requires Interaction, Error, Authorization And Accessibility Verification",11
src/components/replay/HandReplay.tsx,948,button,onClick={() => jumpTo(j.index)},type=button,runtime-or-tooling-source,"Requires Interaction, Error, Authorization And Accessibility Verification",11
src/components/replay/HandReplay.tsx,962,button,onClick={() => jumpTo(0)},type=button; aria-label=First Step,runtime-or-tooling-source,"Requires Interaction, Error, Authorization And Accessibility Verification",11
src/components/replay/HandReplay.tsx,971,button,onClick={stepBack},type=button; aria-label=Previous Step,runtime-or-tooling-source,"Requires Interaction, Error, Authorization And Accessibility Verification",11
src/components/replay/HandReplay.tsx,980,button,onClick={togglePlay},type=button; aria-label={isPlaying ? 'Pause' : 'Play'},runtime-or-tooling-source,"Requires Interaction, Error, Authorization And Accessibility Verification",11
src/components/replay/HandReplay.tsx,988,button,onClick={stepForward},type=button; aria-label=Next Step,runtime-or-tooling-source,"Requires Interaction, Error, Authorization And Accessibility Verification",11
src/components/replay/HandReplay.tsx,997,button,onClick={() => jumpTo(last)},type=button; aria-label=Last Step,runtime-or-tooling-source,"Requires Interaction, Error, Authorization And Accessibility Verification",11
src/components/replay/HandReplay.tsx,1007,input,onChange={(e) => jumpTo(Number(e.target.value))},type=range; aria-label=Replay Position,runtime-or-tooling-source,"Requires Interaction, Error, Authorization And Accessibility Verification",11
src/components/replay/HandReplay.tsx,1021,button,onClick={() => chooseRate(r)},type=button; aria-label={r === 0.5 ? 'Half Speed' : r === 1 ? 'Normal Speed' : 'Double Speed'},runtime-or-tooling-source,"Requires Interaction, Error, Authorization And Accessibility Verification",11
src/components/replay/SessionReplay.tsx,170,button,onClick={onClose},,runtime-or-tooling-source,"Requires Interaction, Error, Authorization And Accessibility Verification",11
src/components/replay/SessionReplay.tsx,183,button,onClick={onClose},,runtime-or-tooling-source,"Requires Interaction, Error, Authorization And Accessibility Verification",11
src/components/replay/SessionReplay.tsx,235,input,onChange={handleSeek},type=range,runtime-or-tooling-source,"Requires Interaction, Error, Authorization And Accessibility Verification",11
src/components/replay/SessionReplay.tsx,251,button,onClick={() => skipTo('prev')},,runtime-or-tooling-source,"Requires Interaction, Error, Authorization And Accessibility Verification",11
src/components/replay/SessionReplay.tsx,254,button,onClick={togglePlay},,runtime-or-tooling-source,"Requires Interaction, Error, Authorization And Accessibility Verification",11
src/components/replay/SessionReplay.tsx,257,button,onClick={() => skipTo('next')},,runtime-or-tooling-source,"Requires Interaction, Error, Authorization And Accessibility Verification",11
src/components/replay/SessionReplay.tsx,262,button,onClick={() => setPlaybackSpeed(speed)},,runtime-or-tooling-source,"Requires Interaction, Error, Authorization And Accessibility Verification",11
src/components/replay/SessionReplay.tsx,278,div,onClick={() => setCurrentTime(action.timestamp)},,runtime-or-tooling-source,"Requires Interaction, Error, Authorization And Accessibility Verification",11
src/components/scroll/ScrollArea.tsx,37,div,onScroll={checkScroll},,runtime-or-tooling-source,"Requires Interaction, Error, Authorization And Accessibility Verification",11
src/components/scroll/ScrollToTop.tsx,13,button,onClick={onClick},,runtime-or-tooling-source,"Requires Interaction, Error, Authorization And Accessibility Verification",11
src/components/search/RecentSearches.tsx,30,button,onClick={onClearAll},,runtime-or-tooling-source,"Requires Interaction, Error, Authorization And Accessibility Verification",11
src/components/search/RecentSearches.tsx,36,div,onClick={() => onSearchClick?.(search.query)},,runtime-or-tooling-source,"Requires Interaction, Error, Authorization And Accessibility Verification",11
src/components/search/RecentSearches.tsx,44,button,"onClick={(e) => {
                e.stopPropagation();
                onRemove?.(search.id);
              }}",,runtime-or-tooling-source,"Requires Interaction, Error, Authorization And Accessibility Verification",11
src/components/search/SearchBar.tsx,40,form,onSubmit={handleSubmit},,runtime-or-tooling-source,"Requires Interaction, Error, Authorization And Accessibility Verification",11
src/components/search/SearchBar.tsx,42,input,onChange={handleChange}; onFocus={onFocus},type=text,runtime-or-tooling-source,"Requires Interaction, Error, Authorization And Accessibility Verification",11
src/components/search/SearchBar.tsx,52,button,onClick={handleClear},type=button,runtime-or-tooling-source,"Requires Interaction, Error, Authorization And Accessibility Verification",11
src/components/search/SearchFilters.tsx,26,button,onClick={onClearAll},,runtime-or-tooling-source,"Requires Interaction, Error, Authorization And Accessibility Verification",11
src/components/search/SearchFilters.tsx,32,button,onClick={() => onFilterToggle(filter.id)},,runtime-or-tooling-source,"Requires Interaction, Error, Authorization And Accessibility Verification",11
src/components/search/SearchResults.tsx,54,div,"onClick={() => onResultClick?.(result.id, result.type)}",,runtime-or-tooling-source,"Requires Interaction, Error, Authorization And Accessibility Verification",11
src/components/security/SecurityLog.tsx,62,button,,,runtime-or-tooling-source,"Requires Interaction, Error, Authorization And Accessibility Verification",2;6;11
src/components/security/SessionManager.tsx,42,button,onClick={onTerminateAll},,runtime-or-tooling-source,"Requires Interaction, Error, Authorization And Accessibility Verification",2;6;11
src/components/security/SessionManager.tsx,62,button,onClick={() => onTerminate?.(session.id)},,runtime-or-tooling-source,"Requires Interaction, Error, Authorization And Accessibility Verification",2;6;11
src/components/security/TwoFactorSetup.tsx,83,button,onClick={handleToggle},,runtime-or-tooling-source,"Requires Interaction, Error, Authorization And Accessibility Verification",2;6;11
src/components/security/TwoFactorSetup.tsx,104,button,onClick={() => setStep('verify')},,runtime-or-tooling-source,"Requires Interaction, Error, Authorization And Accessibility Verification",2;6;11
src/components/security/TwoFactorSetup.tsx,113,input,"onChange={(e) => setVerificationCode(e.target.value.replace(/\D/g, '').slice(0, 6))}",type=text,runtime-or-tooling-source,"Requires Interaction, Error, Authorization And Accessibility Verification",2;6;11
src/components/security/TwoFactorSetup.tsx,122,button,onClick={handleVerify},,runtime-or-tooling-source,"Requires Interaction, Error, Authorization And Accessibility Verification",2;6;11
src/components/session/SessionSummaryHost.tsx,336,div,onClick={close},,runtime-or-tooling-source,"Requires Interaction, Error, Authorization And Accessibility Verification",11
src/components/session/SessionSummaryHost.tsx,337,div,onClick={(e) => e.stopPropagation()},,runtime-or-tooling-source,"Requires Interaction, Error, Authorization And Accessibility Verification",11
src/components/session/SessionSummaryHost.tsx,352,button,onClick={close},aria-label=Close Session Summary,runtime-or-tooling-source,"Requires Interaction, Error, Authorization And Accessibility Verification",11
src/components/session/SessionSummaryHost.tsx,453,HouseAdCard,"onNavigate={(path) => {
            close();
            navigate(path);
          }}",,runtime-or-tooling-source,"Requires Interaction, Error, Authorization And Accessibility Verification",11
src/components/session/SessionSummaryHost.tsx,466,button,onClick={share},aria-label=Share This Session,runtime-or-tooling-source,"Requires Interaction, Error, Authorization And Accessibility Verification",11
src/components/session/SessionSummaryHost.tsx,469,button,onClick={close},,runtime-or-tooling-source,"Requires Interaction, Error, Authorization And Accessibility Verification",11
src/components/settlement/SettlementReceipt.tsx,107,button,"onClick={() => {
          setExpanded(!expanded);
          triggerHaptic('selection');
        }}",,runtime-or-tooling-source,"Requires Interaction, Error, Authorization And Accessibility Verification",5;11
src/components/settlement/SettlementReceipt.tsx,149,button,onClick={handleCopy},,runtime-or-tooling-source,"Requires Interaction, Error, Authorization And Accessibility Verification",5;11
src/components/settlement/SettlementTimeline.tsx,48,div,onClick={() => onSelect?.(entry.id)},,runtime-or-tooling-source,"Requires Interaction, Error, Authorization And Accessibility Verification",5;11
src/components/social/FriendActivityFeed.tsx,252,button,onClick={loadRealActivities},type=button,runtime-or-tooling-source,"Requires Interaction, Error, Authorization And Accessibility Verification",10;11
src/components/social/FriendChallengeModal.tsx,131,div,onClick={sending ? undefined : onClose},,runtime-or-tooling-source,"Requires Interaction, Error, Authorization And Accessibility Verification",10;11
src/components/social/FriendChallengeModal.tsx,132,div,onClick={(e) => e.stopPropagation()},,runtime-or-tooling-source,"Requires Interaction, Error, Authorization And Accessibility Verification",10;11
src/components/social/FriendChallengeModal.tsx,146,button,onClick={onClose},type=button; aria-label=Close Challenge Dialog,runtime-or-tooling-source,"Requires Interaction, Error, Authorization And Accessibility Verification",10;11
src/components/social/FriendChallengeModal.tsx,164,button,onClick={() => setSelectedType(type.id)},type=button,runtime-or-tooling-source,"Requires Interaction, Error, Authorization And Accessibility Verification",10;11
src/components/social/FriendChallengeModal.tsx,181,button,onClick={handleSend},type=button,runtime-or-tooling-source,"Requires Interaction, Error, Authorization And Accessibility Verification",10;11
src/components/social/FriendChallengesPanel.tsx,142,button,onClick={load},type=button,runtime-or-tooling-source,"Requires Interaction, Error, Authorization And Accessibility Verification",10;11
src/components/social/FriendChallengesPanel.tsx,192,button,"onClick={() => respond(row.id, true)}",type=button,runtime-or-tooling-source,"Requires Interaction, Error, Authorization And Accessibility Verification",10;11
src/components/social/FriendChallengesPanel.tsx,200,button,"onClick={() => respond(row.id, false)}",type=button,runtime-or-tooling-source,"Requires Interaction, Error, Authorization And Accessibility Verification",10;11
src/components/social/FriendListPanel.tsx,361,input,onChange={(e) => setSearchQuery(e.target.value)},type=text,runtime-or-tooling-source,"Requires Interaction, Error, Authorization And Accessibility Verification",10;11
src/components/social/FriendListPanel.tsx,367,button,onClick={() => setShowAddFriend(!showAddFriend)},,runtime-or-tooling-source,"Requires Interaction, Error, Authorization And Accessibility Verification",10;11
src/components/social/FriendListPanel.tsx,375,input,onChange={(e) => setAddFriendInput(e.target.value)}; onKeyDown={(e) => e.key === 'Enter' && handleAddFriend()},type=text,runtime-or-tooling-source,"Requires Interaction, Error, Authorization And Accessibility Verification",10;11
src/components/social/FriendListPanel.tsx,382,button,onClick={handleAddFriend},,runtime-or-tooling-source,"Requires Interaction, Error, Authorization And Accessibility Verification",10;11
src/components/social/FriendListPanel.tsx,409,PlayerAvatar,"onClick={() => {
                  haptic.selection();
                  onProfileClick?.(friend.friendId);
                }}",name={friend.displayName},runtime-or-tooling-source,"Requires Interaction, Error, Authorization And Accessibility Verification",10;11
src/components/social/FriendListPanel.tsx,434,button,"onClick={() => {
                    haptic.light();
                    onMessageClick?.(friend.friendId, friend.displayName);
                  }}",title=Message; aria-label=Message,runtime-or-tooling-source,"Requires Interaction, Error, Authorization And Accessibility Verification",10;11
src/components/social/FriendListPanel.tsx,444,button,"onClick={() => {
                      haptic.light();
                      onInviteClick(friend.friendId);
                    }}",title=Invite To Table; aria-label=Invite To Table,runtime-or-tooling-source,"Requires Interaction, Error, Authorization And Accessibility Verification",10;11
src/components/social/FriendSuggestions.tsx,125,button,"onClick={(e) => {
                e.stopPropagation();
                handleDismiss(suggestion.userId);
              }}",type=button; aria-label={`Dismiss ${suggestion.displayName || suggestion.username}`},runtime-or-tooling-source,"Requires Interaction, Error, Authorization And Accessibility Verification",10;11
src/components/social/FriendSuggestions.tsx,137,img,"onError={(e) => {
                  (e.target as HTMLImageElement).src = generateDefaultAvatar();
                }}",,runtime-or-tooling-source,"Requires Interaction, Error, Authorization And Accessibility Verification",10;11
src/components/social/FriendSuggestions.tsx,155,button,onClick={() => handleAddFriend(suggestion.userId)},type=button,runtime-or-tooling-source,"Requires Interaction, Error, Authorization And Accessibility Verification",10;11
src/components/social/FriendsList.tsx,96,button,onClick={onClose},,runtime-or-tooling-source,"Requires Interaction, Error, Authorization And Accessibility Verification",10;11
src/components/social/FriendsList.tsx,103,form,onSubmit={handleAddSubmit},,runtime-or-tooling-source,"Requires Interaction, Error, Authorization And Accessibility Verification",10;11
src/components/social/FriendsList.tsx,104,input,onChange={(e) => setAddInput(e.target.value)},type=text,runtime-or-tooling-source,"Requires Interaction, Error, Authorization And Accessibility Verification",10;11
src/components/social/FriendsList.tsx,111,button,,type=submit,runtime-or-tooling-source,"Requires Interaction, Error, Authorization And Accessibility Verification",10;11
src/components/social/FriendsList.tsx,119,button,onClick={() => setActiveTab('all')},,runtime-or-tooling-source,"Requires Interaction, Error, Authorization And Accessibility Verification",10;11
src/components/social/FriendsList.tsx,125,button,onClick={() => setActiveTab('requests')},,runtime-or-tooling-source,"Requires Interaction, Error, Authorization And Accessibility Verification",10;11
src/components/social/FriendsList.tsx,152,FriendItem,onChat={onOpenChat}; onRemove={onRemoveFriend}; onInvite={onInvite},,runtime-or-tooling-source,"Requires Interaction, Error, Authorization And Accessibility Verification",10;11
src/components/social/FriendsList.tsx,176,FriendItem,onChat={onOpenChat}; onRemove={onRemoveFriend}; onInvite={onInvite},,runtime-or-tooling-source,"Requires Interaction, Error, Authorization And Accessibility Verification",10;11
src/components/social/FriendsList.tsx,208,div,onMouseLeave={() => setShowMenu(false)},,runtime-or-tooling-source,"Requires Interaction, Error, Authorization And Accessibility Verification",10;11
src/components/social/FriendsList.tsx,209,div,onClick={() => onChat(friend.id)},,runtime-or-tooling-source,"Requires Interaction, Error, Authorization And Accessibility Verification",10;11
src/components/social/FriendsList.tsx,212,img,"onError={(e) => {
                (e.target as HTMLImageElement).src = generateDefaultAvatar();
              }}",,runtime-or-tooling-source,"Requires Interaction, Error, Authorization And Accessibility Verification",10;11
src/components/social/FriendsList.tsx,243,button,onClick={() => onChat(friend.id)},title=Message; aria-label=Message,runtime-or-tooling-source,"Requires Interaction, Error, Authorization And Accessibility Verification",10;11
src/components/social/FriendsList.tsx,249,button,onClick={() => setShowMenu(!showMenu)},title=Menu,runtime-or-tooling-source,"Requires Interaction, Error, Authorization And Accessibility Verification",10;11
src/components/social/FriendsList.tsx,255,button,onClick={() => onInvite(friend.id)},,runtime-or-tooling-source,"Requires Interaction, Error, Authorization And Accessibility Verification",10;11
src/components/social/FriendsList.tsx,256,button,onClick={() => onRemove(friend.id)},,runtime-or-tooling-source,"Requires Interaction, Error, Authorization And Accessibility Verification",10;11
src/components/social/InviteToTable.tsx,115,button,onClick={onClose},,runtime-or-tooling-source,"Requires Interaction, Error, Authorization And Accessibility Verification",11
src/components/social/InviteToTable.tsx,121,input,onChange={(e) => setSearch(e.target.value)},type=text,runtime-or-tooling-source,"Requires Interaction, Error, Authorization And Accessibility Verification",11
src/components/social/InviteToTable.tsx,132,button,onClick={() => setFilter(f)},,runtime-or-tooling-source,"Requires Interaction, Error, Authorization And Accessibility Verification",11
src/components/social/InviteToTable.tsx,136,button,onClick={selectAll},,runtime-or-tooling-source,"Requires Interaction, Error, Authorization And Accessibility Verification",11
src/components/social/InviteToTable.tsx,152,div,onClick={() => canInvite(player) && toggleSelect(player.id)},,runtime-or-tooling-source,"Requires Interaction, Error, Authorization And Accessibility Verification",11
src/components/social/InviteToTable.tsx,186,button,onClick={handleSend},,runtime-or-tooling-source,"Requires Interaction, Error, Authorization And Accessibility Verification",11
src/components/social/NotificationSettingsPanel.tsx,38,div,onClick={onClose},,runtime-or-tooling-source,"Requires Interaction, Error, Authorization And Accessibility Verification",10;11
src/components/social/NotificationSettingsPanel.tsx,39,div,onClick={(e) => e.stopPropagation()},,runtime-or-tooling-source,"Requires Interaction, Error, Authorization And Accessibility Verification",10;11
src/components/social/NotificationSettingsPanel.tsx,42,button,onClick={onClose},,runtime-or-tooling-source,"Requires Interaction, Error, Authorization And Accessibility Verification",10;11
src/components/social/NotificationSettingsPanel.tsx,51,button,"onClick={() => {
                notificationService.clearDnd();
                onClose();
              }}",,runtime-or-tooling-source,"Requires Interaction, Error, Authorization And Accessibility Verification",10;11
src/components/social/NotificationSettingsPanel.tsx,73,button,onClick={() => toggle(cat.key)},,runtime-or-tooling-source,"Requires Interaction, Error, Authorization And Accessibility Verification",10;11
src/components/social/NotificationSettingsPanel.tsx,88,button,"onClick={() => {
                  notificationService.setDnd(m);
                  onClose();
                }}",,runtime-or-tooling-source,"Requires Interaction, Error, Authorization And Accessibility Verification",10;11
src/components/social/OnlineFriendsPill.tsx,92,button,onClick={() => onFriendClick?.(friend.id)},title={friend.displayName},runtime-or-tooling-source,"Requires Interaction, Error, Authorization And Accessibility Verification",10;11
src/components/social/OnlineFriendsPill.tsx,99,img,"onError={(e) => {
                  (e.target as HTMLImageElement).src = generateDefaultAvatar();
                }}",,runtime-or-tooling-source,"Requires Interaction, Error, Authorization And Accessibility Verification",10;11
src/components/social/PlayerBlockModal.tsx,76,div,onClick={() => !submitting && onCancel()},,runtime-or-tooling-source,"Requires Interaction, Error, Authorization And Accessibility Verification",11
src/components/social/PlayerBlockModal.tsx,77,div,onClick={(e) => e.stopPropagation()},,runtime-or-tooling-source,"Requires Interaction, Error, Authorization And Accessibility Verification",11
src/components/social/PlayerBlockModal.tsx,103,input,onChange={(e) => setReason(e.target.value)},id={reasonId}; type=text,runtime-or-tooling-source,"Requires Interaction, Error, Authorization And Accessibility Verification",11
src/components/social/PlayerBlockModal.tsx,121,button,onClick={onCancel},type=button,runtime-or-tooling-source,"Requires Interaction, Error, Authorization And Accessibility Verification",11
src/components/social/PlayerBlockModal.tsx,124,button,onClick={handleConfirm},type=button,runtime-or-tooling-source,"Requires Interaction, Error, Authorization And Accessibility Verification",11
src/components/social/ReferralDashboard.tsx,158,button,onClick={handleCopy},,runtime-or-tooling-source,"Requires Interaction, Error, Authorization And Accessibility Verification",11
src/components/social/ReferralDashboard.tsx,187,button,onClick={handleShare},,runtime-or-tooling-source,"Requires Interaction, Error, Authorization And Accessibility Verification",11
src/components/social/ReferralModal.tsx,59,div,onClick={onClose},,runtime-or-tooling-source,"Requires Interaction, Error, Authorization And Accessibility Verification",11
src/components/social/ReferralModal.tsx,60,div,onClick={(e) => e.stopPropagation()},,runtime-or-tooling-source,"Requires Interaction, Error, Authorization And Accessibility Verification",11
src/components/social/ReferralModal.tsx,63,button,onClick={onClose},aria-label=Close,runtime-or-tooling-source,"Requires Interaction, Error, Authorization And Accessibility Verification",11
src/components/social/ReferralModal.tsx,82,input,,,runtime-or-tooling-source,"Requires Interaction, Error, Authorization And Accessibility Verification",11
src/components/social/ReferralModal.tsx,83,button,onClick={handleCopy},,runtime-or-tooling-source,"Requires Interaction, Error, Authorization And Accessibility Verification",11
src/components/social/UserProfileEdit.tsx,176,div,onClick={() => !saving && onClose()},,runtime-or-tooling-source,"Requires Interaction, Error, Authorization And Accessibility Verification",11
src/components/social/UserProfileEdit.tsx,177,div,onClick={(e) => e.stopPropagation()},,runtime-or-tooling-source,"Requires Interaction, Error, Authorization And Accessibility Verification",11
src/components/social/UserProfileEdit.tsx,195,button,onClick={onClose},type=button; aria-label=Close Profile Editor,runtime-or-tooling-source,"Requires Interaction, Error, Authorization And Accessibility Verification",11
src/components/social/UserProfileEdit.tsx,209,img,"onError={(e) => {
                  (e.target as HTMLImageElement).src = generateDefaultAvatar();
                }}",,runtime-or-tooling-source,"Requires Interaction, Error, Authorization And Accessibility Verification",11
src/components/social/UserProfileEdit.tsx,220,button,onClick={onChangeAvatar},type=button,runtime-or-tooling-source,"Requires Interaction, Error, Authorization And Accessibility Verification",11
src/components/social/UserProfileEdit.tsx,229,form,onSubmit={handleSave},,runtime-or-tooling-source,"Requires Interaction, Error, Authorization And Accessibility Verification",11
src/components/social/UserProfileEdit.tsx,232,input,"onChange={(e) => setFormData({ ...formData, username: e.target.value })}; onBlur={() => setAliasTouched(true)}",id={aliasId},runtime-or-tooling-source,"Requires Interaction, Error, Authorization And Accessibility Verification",11
src/components/social/UserProfileEdit.tsx,258,textarea,"onChange={(e) => setFormData({ ...formData, bio: e.target.value })}",id={bioId},runtime-or-tooling-source,"Requires Interaction, Error, Authorization And Accessibility Verification",11
src/components/social/UserProfileEdit.tsx,276,button,onClick={() => toggleTag(tag)},type=button,runtime-or-tooling-source,"Requires Interaction, Error, Authorization And Accessibility Verification",11
src/components/social/UserProfileEdit.tsx,295,button,onClick={onClose},type=button,runtime-or-tooling-source,"Requires Interaction, Error, Authorization And Accessibility Verification",11
src/components/social/UserProfileEdit.tsx,298,button,,type=submit,runtime-or-tooling-source,"Requires Interaction, Error, Authorization And Accessibility Verification",11
src/components/stats/AdvancedStatsSummary.tsx,193,div,"onClick={() => setSelectedStat(isSelected ? null : stat.id)}; onKeyDown={(e) => {
                if (e.key === 'Enter' || e.key === ' ') {
                  e.preventDefault();
                  setSelectedStat(isSelected ? null : stat.id);
                }
              }}",,runtime-or-tooling-source,"Requires Interaction, Error, Authorization And Accessibility Verification",9;11
src/components/stats/BenchmarkPanel.tsx,139,button,onClick={() => setAttempt((n) => n + 1)},type=button,runtime-or-tooling-source,"Requires Interaction, Error, Authorization And Accessibility Verification",9;11
src/components/stats/EVLuckChart.tsx,159,button,onClick={() => setAttempt((n) => n + 1)},type=button,runtime-or-tooling-source,"Requires Interaction, Error, Authorization And Accessibility Verification",9;11
src/components/stats/HoleCardHeatmap.tsx,192,button,onClick={() => setAttempt((n) => n + 1)},type=button,runtime-or-tooling-source,"Requires Interaction, Error, Authorization And Accessibility Verification",9;11
src/components/stats/HoleCardHeatmap.tsx,231,button,onClick={() => setMode(key)},type=button,runtime-or-tooling-source,"Requires Interaction, Error, Authorization And Accessibility Verification",9;11
src/components/stats/HoleCardHeatmap.tsx,246,select,"onChange={(e) => {
                setSelected(null);
                setPosition(e.target.value || null);
              }}",,runtime-or-tooling-source,"Requires Interaction, Error, Authorization And Accessibility Verification",9;11
src/components/stats/HoleCardHeatmap.tsx,264,select,"onChange={(e) => {
                setSelected(null);
                setVariant(e.target.value || null);
              }}",,runtime-or-tooling-source,"Requires Interaction, Error, Authorization And Accessibility Verification",9;11
src/components/stats/HoleCardHeatmap.tsx,283,div,onMouseLeave={() => setHovered(null)},"aria-label=Starting Hand Grid, 13 By 13",runtime-or-tooling-source,"Requires Interaction, Error, Authorization And Accessibility Verification",9;11
src/components/stats/HoleCardHeatmap.tsx,316,button,"onMouseEnter={() => setHovered(key)}; onFocus={() => setHovered(key)}; onClick={() => {
                      setHovered(key);
                      setSelected((cur) => (cur === key && cell ? null : cell ? key : null));
                    }}","type=button; aria-label={
                      !cell
                        ? `${key}, Never Dealt`
                        : confident
                          ? `${key}, ${hands} Hands, ${n(cell.bb100).toFixed(0)} Big Blinds Per 100`
                          : // Deliberately does NOT state bb/100 below the
                            // confidence threshold. The whole design refuses to
                            // show that number for a thin cell; announcing it to
                            // a screen reader anyway would be the same false
                            // precision, just less visible.
                            `${key}, ${hands} Hands, Too Few To Rate`
                    }",runtime-or-tooling-source,"Requires Interaction, Error, Authorization And Accessibility Verification",9;11
src/components/stats/HoleCardHeatmap.tsx,389,button,onClick={() => setSelected(null)},type=button,runtime-or-tooling-source,"Requires Interaction, Error, Authorization And Accessibility Verification",9;11
src/components/stats/NemesisPanel.tsx,83,button,onClick={() => onOpen(flow.opponent_id)},type=button,runtime-or-tooling-source,"Requires Interaction, Error, Authorization And Accessibility Verification",9;11
src/components/stats/NemesisPanel.tsx,171,button,onClick={() => setAttempt((n) => n + 1)},type=button,runtime-or-tooling-source,"Requires Interaction, Error, Authorization And Accessibility Verification",9;11
src/components/stats/NemesisPanel.tsx,203,FlowCard,onOpen={openProfile},,runtime-or-tooling-source,"Requires Interaction, Error, Authorization And Accessibility Verification",9;11
src/components/stats/NemesisPanel.tsx,204,FlowCard,onOpen={openProfile},,runtime-or-tooling-source,"Requires Interaction, Error, Authorization And Accessibility Verification",9;11
src/components/stats/NemesisPanel.tsx,209,button,onClick={() => setExpanded((e) => !e)},type=button,runtime-or-tooling-source,"Requires Interaction, Error, Authorization And Accessibility Verification",9;11
src/components/stats/NemesisPanel.tsx,229,tr,"onClick={() => openProfile(r.opponent_id)}; onKeyDown={(e) => {
                      if (e.key === 'Enter' || e.key === ' ') {
                        e.preventDefault();
                        openProfile(r.opponent_id);
                      }
                    }}",aria-label={`View ${r.username ?? 'This Player'}'s Profile`},runtime-or-tooling-source,"Requires Interaction, Error, Authorization And Accessibility Verification",9;11
src/components/stats/PanelBoundary.tsx,111,button,onClick={this.retry},type=button,runtime-or-tooling-source,"Requires Interaction, Error, Authorization And Accessibility Verification",9;11
src/components/stats/PositionWinRates.tsx,200,circle,"onMouseEnter={() => setHoveredPosition(i)}; onMouseLeave={() => setHoveredPosition(null)}; onFocus={() => setHoveredPosition(i)}; onBlur={() => setHoveredPosition(null)}; onClick={() => setHoveredPosition((cur) => (cur === i ? null : i))}; onKeyDown={(e) => {
                      if (e.key === 'Enter' || e.key === ' ') {
                        e.preventDefault();
                        setHoveredPosition((cur) => (cur === i ? null : i));
                      }
                    }}","aria-label={`${pos.position}, ${pos.winRate.toFixed(1)} BB Per 100`}",runtime-or-tooling-source,"Requires Interaction, Error, Authorization And Accessibility Verification",9;11
src/components/stats/PositionalRadar.tsx,334,text,"onMouseEnter={() => setFocused(i)}; onMouseLeave={() => setFocused(null)}; onFocus={() => setFocused(i)}; onBlur={() => setFocused(null)}; onClick={() => setFocused((cur) => (cur === i ? null : i))}; onKeyDown={(e) => {
                    if (e.key === 'Enter' || e.key === ' ') {
                      e.preventDefault();
                      setFocused((cur) => (cur === i ? null : i));
                    }
                  }}",,runtime-or-tooling-source,"Requires Interaction, Error, Authorization And Accessibility Verification",9;11
src/components/stats/PositionalRadar.tsx,370,button,"onClick={() => setVisible((v) => ({ ...v, [m.key]: !v[m.key] }))}",type=button,runtime-or-tooling-source,"Requires Interaction, Error, Authorization And Accessibility Verification",9;11
src/components/stats/PositionalRadar.tsx,382,button,onClick={() => setShowReference((s) => !s)},type=button,runtime-or-tooling-source,"Requires Interaction, Error, Authorization And Accessibility Verification",9;11
src/components/stats/PositionalRadar.tsx,408,tr,"onMouseEnter={() => setFocused(i)}; onMouseLeave={() => setFocused(null)}; onFocus={() => setFocused(i)}; onBlur={() => setFocused(null)}; onClick={() => setFocused((cur) => (cur === i ? null : i))}; onKeyDown={(e) => {
                    if (e.key === 'Enter' || e.key === ' ') {
                      e.preventDefault();
                      setFocused((cur) => (cur === i ? null : i));
                    }
                  }}",,runtime-or-tooling-source,"Requires Interaction, Error, Authorization And Accessibility Verification",9;11
src/components/stats/SessionHistory.tsx,190,div,"onClick={() => setExpandedSession(isExpanded ? null : session.id)}; onKeyDown={(e) => {
                if (e.key === 'Enter' || e.key === ' ') {
                  e.preventDefault();
                  setExpandedSession(isExpanded ? null : session.id);
                }
              }}",,runtime-or-tooling-source,"Requires Interaction, Error, Authorization And Accessibility Verification",9;11
src/components/stats/StatsCharts.tsx,86,button,onClick={onExportSessions},,runtime-or-tooling-source,"Requires Interaction, Error, Authorization And Accessibility Verification",9;11
src/components/stats/StatsCharts.tsx,90,button,onClick={onExportOverview},,runtime-or-tooling-source,"Requires Interaction, Error, Authorization And Accessibility Verification",9;11
src/components/stats/StatsShareCard.tsx,270,button,onClick={handleShare},type=button,runtime-or-tooling-source,"Requires Interaction, Error, Authorization And Accessibility Verification",9;11
src/components/support/FAQPanel.tsx,62,div,onClick={onClose},,runtime-or-tooling-source,"Requires Interaction, Error, Authorization And Accessibility Verification",10;11
src/components/support/FAQPanel.tsx,63,div,onClick={(e) => e.stopPropagation()},,runtime-or-tooling-source,"Requires Interaction, Error, Authorization And Accessibility Verification",10;11
src/components/support/FAQPanel.tsx,66,button,onClick={onClose},aria-label=Close,runtime-or-tooling-source,"Requires Interaction, Error, Authorization And Accessibility Verification",10;11
src/components/support/FAQPanel.tsx,73,input,onChange={(e) => setSearch(e.target.value)},,runtime-or-tooling-source,"Requires Interaction, Error, Authorization And Accessibility Verification",10;11
src/components/support/FAQPanel.tsx,83,div,onClick={() => setExpandedId(expandedId === item.id ? null : item.id)},,runtime-or-tooling-source,"Requires Interaction, Error, Authorization And Accessibility Verification",10;11
src/components/support/FeedbackForm.tsx,127,div,onMouseDown={onClose},,runtime-or-tooling-source,"Requires Interaction, Error, Authorization And Accessibility Verification",10;11
src/components/support/FeedbackForm.tsx,128,div,onMouseDown={(event) => event.stopPropagation()}; onKeyDown={keepFocusInsideDialog},,runtime-or-tooling-source,"Requires Interaction, Error, Authorization And Accessibility Verification",10;11
src/components/support/FeedbackForm.tsx,145,button,onClick={onClose},,runtime-or-tooling-source,"Requires Interaction, Error, Authorization And Accessibility Verification",10;11
src/components/support/FeedbackForm.tsx,154,div,onMouseDown={onClose},,runtime-or-tooling-source,"Requires Interaction, Error, Authorization And Accessibility Verification",10;11
src/components/support/FeedbackForm.tsx,155,div,onMouseDown={(event) => event.stopPropagation()}; onKeyDown={keepFocusInsideDialog},,runtime-or-tooling-source,"Requires Interaction, Error, Authorization And Accessibility Verification",10;11
src/components/support/FeedbackForm.tsx,170,button,onClick={onClose},aria-label=Close Support Request,runtime-or-tooling-source,"Requires Interaction, Error, Authorization And Accessibility Verification",10;11
src/components/support/FeedbackForm.tsx,175,form,onSubmit={handleSubmit},,runtime-or-tooling-source,"Requires Interaction, Error, Authorization And Accessibility Verification",10;11
src/components/support/FeedbackForm.tsx,184,button,onClick={() => setCategory(cat)},type=button,runtime-or-tooling-source,"Requires Interaction, Error, Authorization And Accessibility Verification",10;11
src/components/support/FeedbackForm.tsx,198,textarea,onChange={(e) => setDescription(e.target.value)},id=support-request-description,runtime-or-tooling-source,"Requires Interaction, Error, Authorization And Accessibility Verification",10;11
src/components/support/FeedbackForm.tsx,214,button,onClick={onClose},type=button,runtime-or-tooling-source,"Requires Interaction, Error, Authorization And Accessibility Verification",10;11
src/components/support/FeedbackForm.tsx,217,button,,type=submit,runtime-or-tooling-source,"Requires Interaction, Error, Authorization And Accessibility Verification",10;11
src/components/support/SystemStatus.tsx,43,button,onClick={retry},type=button,runtime-or-tooling-source,"Requires Interaction, Error, Authorization And Accessibility Verification",9;10;11
src/components/table-config/controls.tsx,39,input,onChange={(e) => onChange(e.target.checked)},type=checkbox; aria-label={label},runtime-or-tooling-source,"Requires Interaction, Error, Authorization And Accessibility Verification",9;11
src/components/table-config/controls.tsx,90,input,onChange={(e) => onChange(Number(e.target.value))},type=range; aria-label={label},runtime-or-tooling-source,"Requires Interaction, Error, Authorization And Accessibility Verification",9;11
src/components/table-config/controls.tsx,135,input,"onChange={(e) => {
        let v = Math.round(Number(e.target.value) || 0);
        if (v < min) v = min;
        if (max !== undefined && v > max) v = max;
        onChange(v);
      }}",type=number; aria-label={label},runtime-or-tooling-source,"Requires Interaction, Error, Authorization And Accessibility Verification",9;11
src/components/table/ActionErrorToast.tsx,96,button,onClick={handleApply},,runtime-or-tooling-source,"Requires Interaction, Error, Authorization And Accessibility Verification",11
src/components/table/ActionErrorToast.tsx,110,button,onClick={onClear},aria-label=Dismiss; title=Dismiss,runtime-or-tooling-source,"Requires Interaction, Error, Authorization And Accessibility Verification",11
src/components/table/ActionPanel.tsx,1121,input,onChange={handleSliderChange},type=range; aria-label={`${wagerVerb} Amount`},runtime-or-tooling-source,"Requires Interaction, Error, Authorization And Accessibility Verification",11
src/components/table/ActionPanel.tsx,1146,button,onClick={() => adjustRaise(-sliderStep)},aria-label={`Decrease By ${formatChips(sliderStep)}`},runtime-or-tooling-source,"Requires Interaction, Error, Authorization And Accessibility Verification",11
src/components/table/ActionPanel.tsx,1156,input,"onChange={(e) => setAmountDraft(sanitizeAmountDraft(e.target.value))}; onBlur={commitAmountEdit}; onKeyDown={(e) => {
                    if (e.key === 'Enter') {
                      e.preventDefault();
                      commitAmountEdit();
                    } else if (e.key === 'Escape') {
                      e.preventDefault();
                      cancelAmountEdit();
                    }
                  }}","type=text; aria-label={`Type Exact Bet Amount, Between ${formatChips(
                    minRaise
                  )} And ${formatChips(maxRaise)}`}",runtime-or-tooling-source,"Requires Interaction, Error, Authorization And Accessibility Verification",11
src/components/table/ActionPanel.tsx,1184,button,onClick={beginEditAmount},type=button; aria-label={`Edit Bet Amount ${formatChips(raiseAmount)} - Opens Numeric Keyboard`}; title=Tap To Type Exact Amount,runtime-or-tooling-source,"Requires Interaction, Error, Authorization And Accessibility Verification",11
src/components/table/ActionPanel.tsx,1200,button,onClick={() => adjustRaise(sliderStep)},aria-label={`Increase By ${formatChips(sliderStep)}`},runtime-or-tooling-source,"Requires Interaction, Error, Authorization And Accessibility Verification",11
src/components/table/ActionPanel.tsx,1220,button,onClick={() => setPreset(p.value)},title={`${wagerVerb} ${formatChips(p.value)}`}; aria-label={`${p.label} - ${wagerVerb} ${formatChips(p.value)}`},runtime-or-tooling-source,"Requires Interaction, Error, Authorization And Accessibility Verification",11
src/components/table/ActionPanel.tsx,1236,button,onClick={handleAllIn},title={`All In For ${formatChips(allInThreshold)}`}; aria-label={`Bet All In For ${formatChips(allInThreshold)}`},runtime-or-tooling-source,"Requires Interaction, Error, Authorization And Accessibility Verification",11
src/components/table/ActionPanel.tsx,1252,button,onClick={() => setIsRaiseMode(false)},aria-label=Back,runtime-or-tooling-source,"Requires Interaction, Error, Authorization And Accessibility Verification",11
src/components/table/ActionPanel.tsx,1265,button,onClick={handleConfirmRaise},"aria-label={
                raiseAmount >= allInThreshold
                  ? `All In For ${formatChips(raiseAmount)}`
                  : `${wagerVerb} ${formatChips(raiseAmount)}`
              }",runtime-or-tooling-source,"Requires Interaction, Error, Authorization And Accessibility Verification",11
src/components/table/ActionPanel.tsx,1388,button,"onClick={() => {
            haptic.light(); // FIX 183: Bible V8 §5.4 — fold = light haptic (was medium)
            onAction('fold');
          }}",title={isDesktop ? 'Fold (F Or Q)' : undefined}; aria-label=Fold,runtime-or-tooling-source,"Requires Interaction, Error, Authorization And Accessibility Verification",11
src/components/table/ActionPanel.tsx,1404,button,"onClick={() => {
              haptic.light(); // FIX 183: Bible V8 §5.4 — check = light haptic (was medium)
              onAction('check');
            }}",title={isDesktop ? 'Check/Call (C Or W)' : undefined}; aria-label=Check,runtime-or-tooling-source,"Requires Interaction, Error, Authorization And Accessibility Verification",11
src/components/table/ActionPanel.tsx,1417,button,"onClick={() => {
              haptic.light(); // FIX 183: Bible V8 §5.4 — call = light haptic (was medium)
              onAction('call');
            }}",title={isDesktop ? 'Check/Call (C Or W)' : undefined}; aria-label={`Call ${formatChips(callAmount)}`},runtime-or-tooling-source,"Requires Interaction, Error, Authorization And Accessibility Verification",11
src/components/table/ActionPanel.tsx,1439,button,,,runtime-or-tooling-source,"Requires Interaction, Error, Authorization And Accessibility Verification",11
src/components/table/ActionPanel.tsx,1446,button,onClick={handleAllIn},title={isDesktop ? 'Raise/Bet (R Or E)' : undefined}; aria-label=All In,runtime-or-tooling-source,"Requires Interaction, Error, Authorization And Accessibility Verification",11
src/components/table/ActionPanel.tsx,1463,button,onClick={handleRaiseClick},title={isDesktop ? 'Raise/Bet (R Or E)' : undefined}; aria-label={`${isRaiseMode ? 'Close' : 'Open'} ${wagerVerb} Panel`},runtime-or-tooling-source,"Requires Interaction, Error, Authorization And Accessibility Verification",11
src/components/table/AddOnModal.tsx,319,button,onClick={handleDecline},type=button,runtime-or-tooling-source,"Requires Interaction, Error, Authorization And Accessibility Verification",11
src/components/table/AddOnModal.tsx,337,button,onClick={handleAccept},type=button,runtime-or-tooling-source,"Requires Interaction, Error, Authorization And Accessibility Verification",11
src/components/table/BBJCelebration.tsx,540,button,onClick={dismiss},type=button; aria-label=Dismiss The Jackpot Celebration,runtime-or-tooling-source,"Requires Interaction, Error, Authorization And Accessibility Verification",5;11
src/components/table/BadBeatJackpot.tsx,108,div,"onClick={() => onOpenDetails?.()}; onKeyDown={(e) => {
          if (e.key === 'Enter' || e.key === ' ') {
            e.preventDefault();
            onOpenDetails?.();
          }
        }}",aria-label=Bad Beat Jackpot - View Recent Jackpots; title={hoverSummary},runtime-or-tooling-source,"Requires Interaction, Error, Authorization And Accessibility Verification",2;5;11
src/components/table/BombPotOverlay.tsx,213,img,onError={() => setArtFailed(true)},,runtime-or-tooling-source,"Requires Interaction, Error, Authorization And Accessibility Verification",2;11
src/components/table/BuyInModal.tsx,267,div,"onClick={() => {
        if (!confirmInFlightRef.current) onClose();
      }}",,runtime-or-tooling-source,"Requires Interaction, Error, Authorization And Accessibility Verification",11
src/components/table/BuyInModal.tsx,273,div,onClick={(e) => e.stopPropagation()},,runtime-or-tooling-source,"Requires Interaction, Error, Authorization And Accessibility Verification",11
src/components/table/BuyInModal.tsx,288,button,"onClick={() => {
              if (!confirmInFlightRef.current) onClose();
            }}",aria-label=Close Buy-In,runtime-or-tooling-source,"Requires Interaction, Error, Authorization And Accessibility Verification",11
src/components/table/BuyInModal.tsx,337,input,onChange={handleSliderChange},type=range; aria-label=Buy-In Amount,runtime-or-tooling-source,"Requires Interaction, Error, Authorization And Accessibility Verification",11
src/components/table/BuyInModal.tsx,361,button,onClick={() => setBuyInAmount(effectiveMinBuyIn)},,runtime-or-tooling-source,"Requires Interaction, Error, Authorization And Accessibility Verification",11
src/components/table/BuyInModal.tsx,372,button,"onClick={() =>
                    setBuyInAmount(effectiveMinBuyIn + (maxBuyIn - effectiveMinBuyIn) * 0.33)
                  }",,runtime-or-tooling-source,"Requires Interaction, Error, Authorization And Accessibility Verification",11
src/components/table/BuyInModal.tsx,387,button,"onClick={() =>
                    setBuyInAmount(effectiveMinBuyIn + (maxBuyIn - effectiveMinBuyIn) * 0.66)
                  }",,runtime-or-tooling-source,"Requires Interaction, Error, Authorization And Accessibility Verification",11
src/components/table/BuyInModal.tsx,401,button,onClick={() => setBuyInAmount(maxBuyIn)},,runtime-or-tooling-source,"Requires Interaction, Error, Authorization And Accessibility Verification",11
src/components/table/BuyInModal.tsx,419,button,onClick={onRetryBalance},type=button,runtime-or-tooling-source,"Requires Interaction, Error, Authorization And Accessibility Verification",11
src/components/table/BuyInModal.tsx,447,button,onClick={handleConfirm},,runtime-or-tooling-source,"Requires Interaction, Error, Authorization And Accessibility Verification",11
src/components/table/BuyInModal.tsx,467,button,onClick={onTopUp},,runtime-or-tooling-source,"Requires Interaction, Error, Authorization And Accessibility Verification",11
src/components/table/CardImage.tsx,287,img,onError={() => setFallbackStep((s) => (s === 0 && effectivePath.endsWith('.webp') ? 1 : 2))},,runtime-or-tooling-source,"Requires Interaction, Error, Authorization And Accessibility Verification",11
src/components/table/CashClusterHUD.tsx,176,button,onClick={onSeatChange},type=button; aria-label=Seat Change - Request A Table Change,runtime-or-tooling-source,"Requires Interaction, Error, Authorization And Accessibility Verification",11
src/components/table/CashClusterHUD.tsx,186,button,onClick={onOpenLobby},type=button,runtime-or-tooling-source,"Requires Interaction, Error, Authorization And Accessibility Verification",11
src/components/table/CashClusterHUD.tsx,195,button,onClick={() => (chairOpenInCluster ? void takeChair() : onOpenLobby())},"type=button; aria-label={
            chairOpenInCluster
              ? 'A Chair Is Open In This Game - Take It'
              : 'Your Place On The Waitlist'
          }",runtime-or-tooling-source,"Requires Interaction, Error, Authorization And Accessibility Verification",11
src/components/table/CashierModal.tsx,282,div,"onClick={() => {
        if (!busy) onClose();
      }}",,runtime-or-tooling-source,"Requires Interaction, Error, Authorization And Accessibility Verification",4;11
src/components/table/CashierModal.tsx,291,div,onClick={(e) => e.stopPropagation()},,runtime-or-tooling-source,"Requires Interaction, Error, Authorization And Accessibility Verification",4;11
src/components/table/CashierModal.tsx,297,button,onClick={onClose},aria-label=Close Cashier,runtime-or-tooling-source,"Requires Interaction, Error, Authorization And Accessibility Verification",4;11
src/components/table/CashierModal.tsx,345,input,"onChange={(e) => setAmount(clampToCents(e.target.value, activeMax))}; onBlur={() => setAmount((prev) => clampToCents(prev, activeMax))}",type=number; aria-label=Amount To Add,runtime-or-tooling-source,"Requires Interaction, Error, Authorization And Accessibility Verification",4;11
src/components/table/CashierModal.tsx,368,button,"onClick={() => {
                setSubmitError(null);
                setAmount(value);
              }}",type=button,runtime-or-tooling-source,"Requires Interaction, Error, Authorization And Accessibility Verification",4;11
src/components/table/CashierModal.tsx,406,button,onClick={handleConfirm},type=button,runtime-or-tooling-source,"Requires Interaction, Error, Authorization And Accessibility Verification",4;11
src/components/table/ChipAnimation.tsx,300,ChipAnimation,onComplete={() => onAnimationComplete?.(anim.id)},,runtime-or-tooling-source,"Requires Interaction, Error, Authorization And Accessibility Verification",11
src/components/table/ClubProfileModal.tsx,194,div,onClick={onClose},,runtime-or-tooling-source,"Requires Interaction, Error, Authorization And Accessibility Verification",10;11
src/components/table/ClubProfileModal.tsx,195,div,onClick={(e) => e.stopPropagation()},,runtime-or-tooling-source,"Requires Interaction, Error, Authorization And Accessibility Verification",10;11
src/components/table/ClubProfileModal.tsx,206,button,onClick={onClose},aria-label=Close Profile,runtime-or-tooling-source,"Requires Interaction, Error, Authorization And Accessibility Verification",10;11
src/components/table/ClubProfileModal.tsx,300,button,onClick={onClose},,runtime-or-tooling-source,"Requires Interaction, Error, Authorization And Accessibility Verification",10;11
src/components/table/CommunityCards.tsx,426,div,onPointerDown={host && interactiveHold ? onPointerDown : undefined}; onKeyDown={host && interactiveHold ? onKeyDown : undefined},aria-label={host && interactiveHold ? 'Squeeze To Reveal' : undefined},runtime-or-tooling-source,"Requires Interaction, Error, Authorization And Accessibility Verification",11
src/components/table/CommunityCards.tsx,1122,CardFace,onRelease={releaseSqueeze},,runtime-or-tooling-source,"Requires Interaction, Error, Authorization And Accessibility Verification",11
src/components/table/EmojiPicker.tsx,177,div,onClick={onClose},,runtime-or-tooling-source,"Requires Interaction, Error, Authorization And Accessibility Verification",11
src/components/table/EmojiPicker.tsx,178,div,onClick={(e) => e.stopPropagation()},,runtime-or-tooling-source,"Requires Interaction, Error, Authorization And Accessibility Verification",11
src/components/table/EmojiPicker.tsx,183,button,"onClick={() => handleSelect(emoji, false)}",,runtime-or-tooling-source,"Requires Interaction, Error, Authorization And Accessibility Verification",11
src/components/table/EmojiPicker.tsx,196,button,"onClick={() => handleSelect(emoji, true)}",,runtime-or-tooling-source,"Requires Interaction, Error, Authorization And Accessibility Verification",11
src/components/table/GameRulesModal.tsx,359,div,onClick={onClose},,runtime-or-tooling-source,"Requires Interaction, Error, Authorization And Accessibility Verification",11
src/components/table/GameRulesModal.tsx,360,div,onClick={(e) => e.stopPropagation()},,runtime-or-tooling-source,"Requires Interaction, Error, Authorization And Accessibility Verification",11
src/components/table/GameRulesModal.tsx,378,button,onClick={onClose},aria-label=Close,runtime-or-tooling-source,"Requires Interaction, Error, Authorization And Accessibility Verification",11
src/components/table/GameRulesModal.tsx,401,button,onClick={() => setActiveTab('info')},,runtime-or-tooling-source,"Requires Interaction, Error, Authorization And Accessibility Verification",11
src/components/table/GameRulesModal.tsx,407,button,onClick={() => setActiveTab('rules')},,runtime-or-tooling-source,"Requires Interaction, Error, Authorization And Accessibility Verification",11
src/components/table/GameRulesModal.tsx,413,button,onClick={() => setActiveTab('limits')},,runtime-or-tooling-source,"Requires Interaction, Error, Authorization And Accessibility Verification",11
src/components/table/GameRulesModal.tsx,419,button,onClick={() => setActiveTab('rankings')},,runtime-or-tooling-source,"Requires Interaction, Error, Authorization And Accessibility Verification",11
src/components/table/GameRulesModal.tsx,603,button,onClick={onManualBombPot},type=button,runtime-or-tooling-source,"Requires Interaction, Error, Authorization And Accessibility Verification",11
src/components/table/GameRulesModal.tsx,617,button,onClick={onEditBombSettings},type=button,runtime-or-tooling-source,"Requires Interaction, Error, Authorization And Accessibility Verification",11
src/components/table/HandDetailModal.tsx,265,button,onClick={() => void reveal(hand.handNumber)},type=button,runtime-or-tooling-source,"Requires Interaction, Error, Authorization And Accessibility Verification",11
src/components/table/HandDetailModal.tsx,558,div,onPointerDown={onGrabDown}; onPointerMove={onGrabMove}; onPointerUp={onGrabUp}; onPointerCancel={onGrabUp},,runtime-or-tooling-source,"Requires Interaction, Error, Authorization And Accessibility Verification",11
src/components/table/HandDetailModal.tsx,571,button,onClick={onClose},type=button; aria-label=Close,runtime-or-tooling-source,"Requires Interaction, Error, Authorization And Accessibility Verification",11
src/components/table/HandDetailModal.tsx,590,div,onClick={onClose},,runtime-or-tooling-source,"Requires Interaction, Error, Authorization And Accessibility Verification",11
src/components/table/HandDetailModal.tsx,591,div,onClick={(e) => e.stopPropagation()},aria-label=Hand Detail,runtime-or-tooling-source,"Requires Interaction, Error, Authorization And Accessibility Verification",11
src/components/table/HandDetailModal.tsx,633,div,onClick={onClose},,runtime-or-tooling-source,"Requires Interaction, Error, Authorization And Accessibility Verification",11
src/components/table/HandDetailModal.tsx,634,div,onClick={(e) => e.stopPropagation()},aria-label=Hand Detail,runtime-or-tooling-source,"Requires Interaction, Error, Authorization And Accessibility Verification",11
src/components/table/HandDetailModal.tsx,652,button,onClick={() => onReplay(hand)},type=button; title=Video Replay; aria-label=Video Replay,runtime-or-tooling-source,"Requires Interaction, Error, Authorization And Accessibility Verification",11
src/components/table/HandDetailModal.tsx,666,button,onClick={() => onShare(hand)},type=button; title=Share Hand; aria-label=Share Hand,runtime-or-tooling-source,"Requires Interaction, Error, Authorization And Accessibility Verification",11
src/components/table/HandDetailModal.tsx,693,button,"onClick={() => void copyText('number', `#${hand.handNumber}`)}",type=button; title=Copy Hand Number; aria-label={`Copy Hand Number ${hand.handNumber}`},runtime-or-tooling-source,"Requires Interaction, Error, Authorization And Accessibility Verification",11
src/components/table/HandDetailModal.tsx,703,button,"onClick={() => void copyText('link', handDeepLink(hand.id))}",type=button; title=Copy Link To This Hand; aria-label=Copy Link To This Hand,runtime-or-tooling-source,"Requires Interaction, Error, Authorization And Accessibility Verification",11
src/components/table/HandDetailModal.tsx,762,RabbitHuntReplayBlock,onRabbitHunt={onRabbitHunt},,runtime-or-tooling-source,"Requires Interaction, Error, Authorization And Accessibility Verification",11
src/components/table/HandDetailModal.tsx,831,button,onClick={() => goTo(index + 1)},type=button; aria-label=Older Hand,runtime-or-tooling-source,"Requires Interaction, Error, Authorization And Accessibility Verification",11
src/components/table/HandDetailModal.tsx,844,input,onChange={(e) => goTo(total - Number(e.target.value))},type=range; aria-label=Hand Position,runtime-or-tooling-source,"Requires Interaction, Error, Authorization And Accessibility Verification",11
src/components/table/HandDetailModal.tsx,853,button,onClick={() => goTo(index - 1)},type=button; aria-label=Newer Hand,runtime-or-tooling-source,"Requires Interaction, Error, Authorization And Accessibility Verification",11
src/components/table/HandDetailModal.tsx,864,div,onKeyDown={onTabsKeyDown},aria-label=Hand Detail View,runtime-or-tooling-source,"Requires Interaction, Error, Authorization And Accessibility Verification",11
src/components/table/HandDetailModal.tsx,870,button,onClick={() => setTab('summary')},type=button; id=hdm-tab-summary,runtime-or-tooling-source,"Requires Interaction, Error, Authorization And Accessibility Verification",11
src/components/table/HandDetailModal.tsx,882,button,onClick={() => setTab('detail')},type=button; id=hdm-tab-detail,runtime-or-tooling-source,"Requires Interaction, Error, Authorization And Accessibility Verification",11
src/components/table/HandHistoryPanel.tsx,338,button,onClick={onToggle},type=button,runtime-or-tooling-source,"Requires Interaction, Error, Authorization And Accessibility Verification",9;11
src/components/table/HandHistoryPanel.tsx,393,HandFlagControl,onFiled={onFlagFiled},,runtime-or-tooling-source,"Requires Interaction, Error, Authorization And Accessibility Verification",9;11
src/components/table/HandHistoryPanel.tsx,399,HandNoteEditor,onSaved={onNoteSaved},,runtime-or-tooling-source,"Requires Interaction, Error, Authorization And Accessibility Verification",9;11
src/components/table/HandHistoryPanel.tsx,408,button,onClick={() => onOpenDetail(hand)},type=button,runtime-or-tooling-source,"Requires Interaction, Error, Authorization And Accessibility Verification",9;11
src/components/table/HandHistoryPanel.tsx,413,button,onClick={() => onReplay(hand)},type=button,runtime-or-tooling-source,"Requires Interaction, Error, Authorization And Accessibility Verification",9;11
src/components/table/HandHistoryPanel.tsx,684,div,onClick={onClose},,runtime-or-tooling-source,"Requires Interaction, Error, Authorization And Accessibility Verification",9;11
src/components/table/HandHistoryPanel.tsx,703,button,onClick={exportAll},type=button; title=Export All Hands; aria-label=Export All Hands,runtime-or-tooling-source,"Requires Interaction, Error, Authorization And Accessibility Verification",9;11
src/components/table/HandHistoryPanel.tsx,721,button,onClick={onClose},type=button; aria-label=Close,runtime-or-tooling-source,"Requires Interaction, Error, Authorization And Accessibility Verification",9;11
src/components/table/HandHistoryPanel.tsx,781,input,onChange={(e) => setSearch(e.target.value)},type=search; aria-label=Find A Hand At This Table,runtime-or-tooling-source,"Requires Interaction, Error, Authorization And Accessibility Verification",9;11
src/components/table/HandHistoryPanel.tsx,790,button,onClick={() => setSearch('')},type=button; aria-label=Clear The Search,runtime-or-tooling-source,"Requires Interaction, Error, Authorization And Accessibility Verification",9;11
src/components/table/HandHistoryPanel.tsx,825,HandEntry,onToggle={() => toggleExpand(hand.id)}; onReplay={onReplay}; onOpenDetail={onOpenDetail}; onNoteSaved={onNoteSaved}; onFlagFiled={onFlagFiled},,runtime-or-tooling-source,"Requires Interaction, Error, Authorization And Accessibility Verification",9;11
src/components/table/HandNotation.tsx,242,button,onClick={handleCopy},,runtime-or-tooling-source,"Requires Interaction, Error, Authorization And Accessibility Verification",11
src/components/table/HandNotation.tsx,248,button,onClick={handleDownload},,runtime-or-tooling-source,"Requires Interaction, Error, Authorization And Accessibility Verification",11
src/components/table/HandNotation.tsx,252,button,onClick={onClose},,runtime-or-tooling-source,"Requires Interaction, Error, Authorization And Accessibility Verification",11
src/components/table/HandReveal.tsx,200,div,"onClick={onClose}; onKeyDown={(e) => {
        if (e.key !== 'Escape') return;
        e.stopPropagation();
        // Escape is a dismissal, not a decision: for the winner it must not be
        // read as ""muck"" (the countdown still owns that), only as ""close"".
        onClose();
      }}",aria-label={isWinner ? 'Show Or Muck Your Hand' : `${winnerName} Won This Pot`},runtime-or-tooling-source,"Requires Interaction, Error, Authorization And Accessibility Verification",11
src/components/table/HandReveal.tsx,219,div,onClick={(e) => e.stopPropagation()},,runtime-or-tooling-source,"Requires Interaction, Error, Authorization And Accessibility Verification",11
src/components/table/HandReveal.tsx,249,button,onClick={handleMuck},,runtime-or-tooling-source,"Requires Interaction, Error, Authorization And Accessibility Verification",11
src/components/table/HandReveal.tsx,252,button,onClick={handleShow},,runtime-or-tooling-source,"Requires Interaction, Error, Authorization And Accessibility Verification",11
src/components/table/HandReveal.tsx,259,button,onClick={handlePayReveal},,runtime-or-tooling-source,"Requires Interaction, Error, Authorization And Accessibility Verification",11
src/components/table/HandReveal.tsx,269,button,onClick={onClose},,runtime-or-tooling-source,"Requires Interaction, Error, Authorization And Accessibility Verification",11
src/components/table/HeroHubPanel.tsx,283,button,onClick={launch(fn)},type=button,runtime-or-tooling-source,"Requires Interaction, Error, Authorization And Accessibility Verification",11
src/components/table/HeroHubPanel.tsx,308,div,onClick={onClose},,runtime-or-tooling-source,"Requires Interaction, Error, Authorization And Accessibility Verification",11
src/components/table/HeroHubPanel.tsx,317,div,onClick={(e) => e.stopPropagation()},aria-label=Player Hub,runtime-or-tooling-source,"Requires Interaction, Error, Authorization And Accessibility Verification",11
src/components/table/HeroHubPanel.tsx,342,div,onKeyDown={onTablistKeyDown},aria-label=Player Hub Sections,runtime-or-tooling-source,"Requires Interaction, Error, Authorization And Accessibility Verification",11
src/components/table/HeroHubPanel.tsx,350,button,onClick={() => selectTab(t.id)},type=button; id={`hero-hub-tab-${t.id}`},runtime-or-tooling-source,"Requires Interaction, Error, Authorization And Accessibility Verification",11
src/components/table/HeroHubPanel.tsx,366,button,onClick={onClose},type=button; aria-label=Close,runtime-or-tooling-source,"Requires Interaction, Error, Authorization And Accessibility Verification",11
src/components/table/HeroHubPanel.tsx,384,ThrowableSelector,onSelect={onThrowableSelect}; onClose={onClose},,runtime-or-tooling-source,"Requires Interaction, Error, Authorization And Accessibility Verification",11
src/components/table/HeroHubPanel.tsx,455,button,onClick={() => onToggleQuickSetting?.(s.key)},type=button; title={s.description},runtime-or-tooling-source,"Requires Interaction, Error, Authorization And Accessibility Verification",11
src/components/table/HubFrame.tsx,360,button,onClick={reload},type=button,runtime-or-tooling-source,"Requires Interaction, Error, Authorization And Accessibility Verification",11
src/components/table/IdentityModal.tsx,164,div,onClick={onClose},,runtime-or-tooling-source,"Requires Interaction, Error, Authorization And Accessibility Verification",11
src/components/table/IdentityModal.tsx,165,div,onClick={(e) => e.stopPropagation()}; onKeyDown={onDialogKeyDown},,runtime-or-tooling-source,"Requires Interaction, Error, Authorization And Accessibility Verification",11
src/components/table/IdentityModal.tsx,177,button,onClick={onClose},aria-label=Close,runtime-or-tooling-source,"Requires Interaction, Error, Authorization And Accessibility Verification",11
src/components/table/IdentityModal.tsx,184,button,onClick={onToggleAlias},id=identity-alias-toggle; type=button; aria-label=Use Alias At Tables,runtime-or-tooling-source,"Requires Interaction, Error, Authorization And Accessibility Verification",11
src/components/table/IdentityModal.tsx,200,input,"onChange={(e) => setAliasInput(e.target.value)}; onKeyDown={(e) => {
                if (e.key === 'Enter') {
                  e.preventDefault();
                  commit();
                }
              }}",id=identity-alias-input; type=text,runtime-or-tooling-source,"Requires Interaction, Error, Authorization And Accessibility Verification",11
src/components/table/IdentityModal.tsx,231,button,onClick={commit},,runtime-or-tooling-source,"Requires Interaction, Error, Authorization And Accessibility Verification",11
src/components/table/InsuranceModal.tsx,388,button,"onClick={() => {
                  haptic.light();
                  setActiveTab('insurance');
                }}",type=button,runtime-or-tooling-source,"Requires Interaction, Error, Authorization And Accessibility Verification",11
src/components/table/InsuranceModal.tsx,398,button,"onClick={() => {
                  haptic.light();
                  setActiveTab('ev-cashout');
                }}",type=button,runtime-or-tooling-source,"Requires Interaction, Error, Authorization And Accessibility Verification",11
src/components/table/InsuranceModal.tsx,508,input,"onChange={(e) => {
                    const raw = parseFloat(e.target.value);
                    setFeeAmount(clampFee(raw >= feeGridMax ? feeMax : raw));
                  }}","type=range; aria-label={`Insurance Fee, ${feeMin} To ${feeMax}`}",runtime-or-tooling-source,"Requires Interaction, Error, Authorization And Accessibility Verification",11
src/components/table/InsuranceModal.tsx,529,button,"onClick={() => {
                      haptic.light();
                      setFeeAmount(breakEvenFee);
                    }}",type=button; title=Fee Sized So A Loss Returns Exactly Your Committed Chips,runtime-or-tooling-source,"Requires Interaction, Error, Authorization And Accessibility Verification",11
src/components/table/InsuranceModal.tsx,540,button,"onClick={() => {
                      haptic.light();
                      setFeeAmount(constantProfitFee);
                    }}",type=button; title=Fee Sized So Winning And Losing Pay The Same,runtime-or-tooling-source,"Requires Interaction, Error, Authorization And Accessibility Verification",11
src/components/table/InsuranceModal.tsx,640,button,onClick={handleDeclineForHand},type=button; title=Decline Insurance For The Rest Of This Hand,runtime-or-tooling-source,"Requires Interaction, Error, Authorization And Accessibility Verification",11
src/components/table/InsuranceModal.tsx,649,button,onClick={handleAccept},type=button,runtime-or-tooling-source,"Requires Interaction, Error, Authorization And Accessibility Verification",11
src/components/table/InsuranceModal.tsx,661,button,onClick={handleDecline},type=button,runtime-or-tooling-source,"Requires Interaction, Error, Authorization And Accessibility Verification",11
src/components/table/InsuranceModal.tsx,669,button,onClick={handleEvCashout},type=button,runtime-or-tooling-source,"Requires Interaction, Error, Authorization And Accessibility Verification",11
src/components/table/LeaderboardPanel.tsx,123,img,"onError={(e) => {
                (e.target as HTMLImageElement).src = generateDefaultAvatar();
              }}",,runtime-or-tooling-source,"Requires Interaction, Error, Authorization And Accessibility Verification",11
src/components/table/LeaderboardPanel.tsx,182,div,onClick={onClose},,runtime-or-tooling-source,"Requires Interaction, Error, Authorization And Accessibility Verification",11
src/components/table/LeaderboardPanel.tsx,183,div,onClick={(e) => e.stopPropagation()},,runtime-or-tooling-source,"Requires Interaction, Error, Authorization And Accessibility Verification",11
src/components/table/LeaderboardPanel.tsx,187,button,onClick={onClose},,runtime-or-tooling-source,"Requires Interaction, Error, Authorization And Accessibility Verification",11
src/components/table/LeaderboardPanel.tsx,195,button,"onClick={() => {
                haptic.light();
                onPeriodChange(p);
              }}",,runtime-or-tooling-source,"Requires Interaction, Error, Authorization And Accessibility Verification",11
src/components/table/LeaderboardPanel.tsx,235,img,"onError={(e) => {
                              (e.target as HTMLImageElement).src = generateDefaultAvatar();
                            }}",,runtime-or-tooling-source,"Requires Interaction, Error, Authorization And Accessibility Verification",11
src/components/table/LeaveTableConfirm.tsx,110,div,onClick={leaving ? undefined : onCancel},,runtime-or-tooling-source,"Requires Interaction, Error, Authorization And Accessibility Verification",11
src/components/table/LeaveTableConfirm.tsx,111,div,onClick={(e) => e.stopPropagation()},,runtime-or-tooling-source,"Requires Interaction, Error, Authorization And Accessibility Verification",11
src/components/table/LeaveTableConfirm.tsx,168,button,onClick={onCancel},type=button,runtime-or-tooling-source,"Requires Interaction, Error, Authorization And Accessibility Verification",11
src/components/table/LeaveTableConfirm.tsx,177,button,onClick={() => void handleConfirm()},type=button,runtime-or-tooling-source,"Requires Interaction, Error, Authorization And Accessibility Verification",11
src/components/table/LiveTablesBar.tsx,38,button,onClick={() => onReturn(urgent.tableId)},title=Your Turn - Return To The Table,runtime-or-tooling-source,"Requires Interaction, Error, Authorization And Accessibility Verification",11
src/components/table/LiveTablesBar.tsx,72,button,onClick={() => onReturn(tables[0].id)},title=Return To Your Live Tables,runtime-or-tooling-source,"Requires Interaction, Error, Authorization And Accessibility Verification",11
src/components/table/MaintenanceBreakScreen.tsx,84,div,"onClick={() => setMinimized(false)}; onKeyDown={(e) => {
          if (e.key === 'Enter' || e.key === ' ') setMinimized(false);
        }}",,runtime-or-tooling-source,"Requires Interaction, Error, Authorization And Accessibility Verification",7;11
src/components/table/MaintenanceBreakScreen.tsx,111,button,onClick={() => setMinimized(true)},aria-label=Close Maintenance Break Screen,runtime-or-tooling-source,"Requires Interaction, Error, Authorization And Accessibility Verification",7;11
src/components/table/MiniStatsCard.tsx,100,button,onClick={handleClick},"type=button; aria-label=Tournament Lobby. Standings, Payouts And The Clock.; title=Tournament Lobby",runtime-or-tooling-source,"Requires Interaction, Error, Authorization And Accessibility Verification",9;11
src/components/table/MiniStatsCard.tsx,123,button,onClick={handleClick},"type=button; aria-label={`Session Stats, P&L ${pnlSign}${pnl.toLocaleString()}`}; title=Session Stats",runtime-or-tooling-source,"Requires Interaction, Error, Authorization And Accessibility Verification",9;11
src/components/table/MustMoveLobbyModal.tsx,225,div,onClick={onClose},,runtime-or-tooling-source,"Requires Interaction, Error, Authorization And Accessibility Verification",8;11
src/components/table/MustMoveLobbyModal.tsx,226,div,onClick={(e) => e.stopPropagation()},aria-label=Must Move Lobby,runtime-or-tooling-source,"Requires Interaction, Error, Authorization And Accessibility Verification",8;11
src/components/table/MustMoveLobbyModal.tsx,243,button,onClick={() => void join()},type=button; aria-label=Join Game,runtime-or-tooling-source,"Requires Interaction, Error, Authorization And Accessibility Verification",8;11
src/components/table/MustMoveLobbyModal.tsx,253,button,onClick={onClose},type=button; aria-label=Close,runtime-or-tooling-source,"Requires Interaction, Error, Authorization And Accessibility Verification",8;11
src/components/table/MustMoveLobbyModal.tsx,328,button,onClick={() => void cancel()},type=button,runtime-or-tooling-source,"Requires Interaction, Error, Authorization And Accessibility Verification",8;11
src/components/table/MustMoveLobbyModal.tsx,339,button,onClick={() => void request(null)},type=button,runtime-or-tooling-source,"Requires Interaction, Error, Authorization And Accessibility Verification",8;11
src/components/table/MustMoveLobbyModal.tsx,387,button,onClick={() => void request(t.id)},type=button,runtime-or-tooling-source,"Requires Interaction, Error, Authorization And Accessibility Verification",8;11
src/components/table/PineappleDiscard.tsx,161,button,"onClick={() => {
                  haptic.light();
                  setSelected(i);
                  setError(null);
                }}",type=button; aria-label={`Discard ${cardWords(card)}`},runtime-or-tooling-source,"Requires Interaction, Error, Authorization And Accessibility Verification",2;11
src/components/table/PineappleDiscard.tsx,198,button,"onClick={() => {
              haptic.light();
              void Promise.resolve(onTimeBank()).then((r) => {
                if (r && r.armed) setBankArmed(true);
              });
            }}",type=button,runtime-or-tooling-source,"Requires Interaction, Error, Authorization And Accessibility Verification",2;11
src/components/table/PineappleDiscard.tsx,215,button,onClick={() => void submit()},type=button,runtime-or-tooling-source,"Requires Interaction, Error, Authorization And Accessibility Verification",2;11
src/components/table/PlayerStats.tsx,160,div,onClick={onClose},,runtime-or-tooling-source,"Requires Interaction, Error, Authorization And Accessibility Verification",9;11
src/components/table/PlayerStats.tsx,161,div,onClick={(e) => e.stopPropagation()},,runtime-or-tooling-source,"Requires Interaction, Error, Authorization And Accessibility Verification",9;11
src/components/table/PlayerStats.tsx,170,img,"onError={(e) => {
                  (e.target as HTMLImageElement).src = generateDefaultAvatar();
                }}",,runtime-or-tooling-source,"Requires Interaction, Error, Authorization And Accessibility Verification",9;11
src/components/table/PlayerStats.tsx,194,button,onClick={onClose},,runtime-or-tooling-source,"Requires Interaction, Error, Authorization And Accessibility Verification",9;11
src/components/table/PlayerStats.tsx,260,button,onClick={() => setShowNoteInput(true)},,runtime-or-tooling-source,"Requires Interaction, Error, Authorization And Accessibility Verification",9;11
src/components/table/PlayerStats.tsx,268,input,onChange={(e) => setNoteText(e.target.value)},type=text,runtime-or-tooling-source,"Requires Interaction, Error, Authorization And Accessibility Verification",9;11
src/components/table/PlayerStats.tsx,277,button,onClick={() => setNoteColor(color)},,runtime-or-tooling-source,"Requires Interaction, Error, Authorization And Accessibility Verification",9;11
src/components/table/PlayerStats.tsx,286,button,onClick={() => setShowNoteInput(false)},,runtime-or-tooling-source,"Requires Interaction, Error, Authorization And Accessibility Verification",9;11
src/components/table/PlayerStats.tsx,292,button,onClick={handleAddNote},,runtime-or-tooling-source,"Requires Interaction, Error, Authorization And Accessibility Verification",9;11
src/components/table/PlayerStats.tsx,327,button,onClick={() => onReport(playerId)},,runtime-or-tooling-source,"Requires Interaction, Error, Authorization And Accessibility Verification",9;11
src/components/table/PotDisplay.tsx,325,div,onClick={onToggleDisplayMode},title={onToggleDisplayMode ? 'Click To Toggle Chips/BB Display' : undefined},runtime-or-tooling-source,"Requires Interaction, Error, Authorization And Accessibility Verification",2;11
src/components/table/PreActionBar.tsx,178,div,onPointerDown={onPointerDown}; onPointerUp={onPointerUp}; onPointerCancel={() => (swipeStartX.current = null)},,runtime-or-tooling-source,"Requires Interaction, Error, Authorization And Accessibility Verification",11
src/components/table/PreActionBar.tsx,187,button,onClick={() => handleToggle('fold')},"type=button; title={
            canCheck ? 'Check If Possible, Fold If Forced To Act' : 'Fold When Action Reaches You'
          }",runtime-or-tooling-source,"Requires Interaction, Error, Authorization And Accessibility Verification",11
src/components/table/PreActionBar.tsx,202,button,onClick={() => handleToggle('check')},type=button; title=Check When Action Reaches You,runtime-or-tooling-source,"Requires Interaction, Error, Authorization And Accessibility Verification",11
src/components/table/PreActionBar.tsx,216,button,onClick={() => handleToggle('call')},type=button; title={`Call ${currentBet.toLocaleString()} When Action Reaches You`},runtime-or-tooling-source,"Requires Interaction, Error, Authorization And Accessibility Verification",11
src/components/table/PreActionBar.tsx,233,button,onClick={() => handleToggle('callAny')},type=button; title=Call Any Bet When Action Reaches You,runtime-or-tooling-source,"Requires Interaction, Error, Authorization And Accessibility Verification",11
src/components/table/PremiumCard.tsx,115,div,onClick={onClick},,runtime-or-tooling-source,"Requires Interaction, Error, Authorization And Accessibility Verification",11
src/components/table/PreviousHandCard.tsx,55,div,"onClick={() => onTap?.()}; onKeyDown={(e) => {
          if (e.key === 'Enter' || e.key === ' ') {
            e.preventDefault();
            onTap?.();
          }
        }}",aria-label={`Previous Hand #${handNumber} - Open Hand History`}; title=Open Hand History,runtime-or-tooling-source,"Requires Interaction, Error, Authorization And Accessibility Verification",11
src/components/table/QuickActionsBar.tsx,104,button,onClick={action.onClick},title={action.label},runtime-or-tooling-source,"Requires Interaction, Error, Authorization And Accessibility Verification",11
src/components/table/QuickActionsBar.tsx,117,button,"onClick={() => {
              haptic.light();
              setIsExpanded(true);
            }}",title=More Actions,runtime-or-tooling-source,"Requires Interaction, Error, Authorization And Accessibility Verification",11
src/components/table/QuickActionsBar.tsx,130,button,"onClick={() => {
              haptic.light();
              setIsExpanded(false);
            }}",title=Collapse,runtime-or-tooling-source,"Requires Interaction, Error, Authorization And Accessibility Verification",11
src/components/table/QuickChatPresets.tsx,103,button,onClick={() => handlePreset(text)},type=button; aria-label={`Send ${text}`},runtime-or-tooling-source,"Requires Interaction, Error, Authorization And Accessibility Verification",11
src/components/table/RabbitHunt.tsx,218,button,onClick={handleReveal},"aria-label={
            isRevealing
              ? 'Revealing Rabbit Hunt'
              : isVIP && typeof vipRemaining === 'number' && vipRemaining > 0
                ? `Rabbit Hunt, ${vipRemaining} Free This Month`
                : `Rabbit Hunt, ${cost} Diamonds`
          }; title=Rabbit Hunt (B)",runtime-or-tooling-source,"Requires Interaction, Error, Authorization And Accessibility Verification",11
src/components/table/RealTimeResultPanel.tsx,311,div,onClick={onClose},,runtime-or-tooling-source,"Requires Interaction, Error, Authorization And Accessibility Verification",7;11
src/components/table/RealTimeResultPanel.tsx,318,button,onClick={onClose},aria-label=Close,runtime-or-tooling-source,"Requires Interaction, Error, Authorization And Accessibility Verification",7;11
src/components/table/RealTimeResultPanel.tsx,382,button,onClick={handleDetailed},,runtime-or-tooling-source,"Requires Interaction, Error, Authorization And Accessibility Verification",7;11
src/components/table/RealTimeResults.tsx,151,div,onClick={onClose},,runtime-or-tooling-source,"Requires Interaction, Error, Authorization And Accessibility Verification",7;11
src/components/table/RealTimeResults.tsx,152,div,onClick={(e) => e.stopPropagation()},,runtime-or-tooling-source,"Requires Interaction, Error, Authorization And Accessibility Verification",7;11
src/components/table/RealTimeResults.tsx,165,button,onClick={onClose},,runtime-or-tooling-source,"Requires Interaction, Error, Authorization And Accessibility Verification",7;11
src/components/table/RebuyModal.tsx,46,div,onClick={onClose},,runtime-or-tooling-source,"Requires Interaction, Error, Authorization And Accessibility Verification",4;11
src/components/table/RebuyModal.tsx,47,div,onClick={(e) => e.stopPropagation()},,runtime-or-tooling-source,"Requires Interaction, Error, Authorization And Accessibility Verification",4;11
src/components/table/RebuyModal.tsx,56,button,onClick={onClose},type=button; aria-label=Close Rebuy,runtime-or-tooling-source,"Requires Interaction, Error, Authorization And Accessibility Verification",4;11
src/components/table/RebuyModal.tsx,101,button,onClick={onClose},type=button,runtime-or-tooling-source,"Requires Interaction, Error, Authorization And Accessibility Verification",4;11
src/components/table/RebuyModal.tsx,109,button,"onClick={() => {
              // Guard here too: the disabled attribute alone loses a race if a
              // second tap lands in the same frame as the first.
              if (!canAfford || isProcessing) return;
              soundService.playBuyInConfirm();
              onConfirm();
            }}",type=button,runtime-or-tooling-source,"Requires Interaction, Error, Authorization And Accessibility Verification",4;11
src/components/table/RunItTwice.tsx,237,button,onClick={() => onChooserDecide?.(1)},,runtime-or-tooling-source,"Requires Interaction, Error, Authorization And Accessibility Verification",11
src/components/table/RunItTwice.tsx,243,button,onClick={() => onChooserDecide?.(2)},,runtime-or-tooling-source,"Requires Interaction, Error, Authorization And Accessibility Verification",11
src/components/table/RunItTwice.tsx,250,button,onClick={() => onChooserDecide?.(3)},,runtime-or-tooling-source,"Requires Interaction, Error, Authorization And Accessibility Verification",11
src/components/table/RunItTwice.tsx,264,button,onClick={onDecline},,runtime-or-tooling-source,"Requires Interaction, Error, Authorization And Accessibility Verification",11
src/components/table/RunItTwice.tsx,267,button,onClick={onAccept},,runtime-or-tooling-source,"Requires Interaction, Error, Authorization And Accessibility Verification",11
src/components/table/RunItTwice.tsx,357,div,onClick={onClose},aria-label=Run It Result,runtime-or-tooling-source,"Requires Interaction, Error, Authorization And Accessibility Verification",11
src/components/table/RunItTwice.tsx,358,div,onClick={(e) => e.stopPropagation()},,runtime-or-tooling-source,"Requires Interaction, Error, Authorization And Accessibility Verification",11
src/components/table/RunItTwice.tsx,442,button,onClick={onClose},,runtime-or-tooling-source,"Requires Interaction, Error, Authorization And Accessibility Verification",11
src/components/table/SeatKnockout.tsx,669,SeatKnockoutHitView,onDone={onDone},,runtime-or-tooling-source,"Requires Interaction, Error, Authorization And Accessibility Verification",8;11
src/components/table/SeatSlot.tsx,2211,div,"onClick={() => callbacksRef.current.onSit?.()}; onKeyDown={(e) => {
            // Lobby audit P2-5: keyboard users must be able to sit via the
            // role=""button"" empty seat. Mirror the onClick (onSit) handler.
            if (e.key === 'Enter' || e.key === ' ') {
              e.preventDefault();
              callbacksRef.current.onSit?.();
            }
          }}",aria-label={`Seat ${seatNumber}: Open - Click To Sit`},runtime-or-tooling-source,"Requires Interaction, Error, Authorization And Accessibility Verification",8;11
src/components/table/SeatSlot.tsx,2586,div,onClick={() => callbacksRef.current.onAction?.()},"aria-label={`Seat ${seatNumber}: ${player.name}${isActingNow ? ' (Acting Now)' : ''}${player.status === 'folded' ? ' (Folded)' : ''}${player.status === 'all_in' ? ' (All In)' : ''}, Stack ${player.stack}`}",runtime-or-tooling-source,"Requires Interaction, Error, Authorization And Accessibility Verification",8;11
src/components/table/SeatSlot.tsx,2786,div,"onClick={
              avatarClickable
                ? (e) => {
                    e.stopPropagation();
                    callbacksRef.current.onAvatarClick?.();
                  }
                : undefined
            }; onKeyDown={
              avatarClickable
                ? (e) => {
                    if (e.key === 'Enter' || e.key === ' ') {
                      e.preventDefault();
                      e.stopPropagation();
                      callbacksRef.current.onAvatarClick?.();
                    }
                  }
                : undefined
            }",aria-label={avatarClickable ? `Player Actions For ${player.name}` : undefined},runtime-or-tooling-source,"Requires Interaction, Error, Authorization And Accessibility Verification",8;11
src/components/table/SeatSlot.tsx,2867,RiveAvatar,onRigActive={setRigActive},,runtime-or-tooling-source,"Requires Interaction, Error, Authorization And Accessibility Verification",8;11
src/components/table/SeatSlot.tsx,2884,img,onError={() => setFailedAvatarUrl(avatarUrl)},,runtime-or-tooling-source,"Requires Interaction, Error, Authorization And Accessibility Verification",8;11
src/components/table/SeatSlot.tsx,3150,span,"onClick={(e) => {
                  // Squeeze mode: while face down, taps belong to the squeeze
                  // gesture — you cannot mark a card you have not looked at.
                  if (!onToggleShowCard || squeezeDown) return;
                  // The container above owns press-to-peek; stop this click
                  // from also being read as a peek gesture.
                  e.stopPropagation();
                  onToggleShowCard(i);
                }}; onKeyDown={(e) => {
                  if (!onToggleShowCard || squeezeDown) return;
                  if (e.key === 'Enter' || e.key === ' ') {
                    e.preventDefault();
                    e.stopPropagation();
                    onToggleShowCard(i);
                  }
                }}","aria-label={
                  onToggleShowCard && !squeezeDown
                    ? showPickedCardIndexes?.includes(i)
                      ? `Card ${i + 1} Will Be Shown After The Hand. Activate To Keep It Hidden.`
                      : `Show Card ${i + 1} After The Hand`
                    : undefined
                }",runtime-or-tooling-source,"Requires Interaction, Error, Authorization And Accessibility Verification",8;11
src/components/table/SessionAnalytics.tsx,124,div,onClick={onClose},,runtime-or-tooling-source,"Requires Interaction, Error, Authorization And Accessibility Verification",9;11
src/components/table/SessionAnalytics.tsx,125,div,onClick={(e) => e.stopPropagation()},,runtime-or-tooling-source,"Requires Interaction, Error, Authorization And Accessibility Verification",9;11
src/components/table/SessionAnalytics.tsx,129,button,onClick={onClose},,runtime-or-tooling-source,"Requires Interaction, Error, Authorization And Accessibility Verification",9;11
src/components/table/SessionAnalytics.tsx,137,button,onClick={() => setActiveTab(tab)},,runtime-or-tooling-source,"Requires Interaction, Error, Authorization And Accessibility Verification",9;11
src/components/table/SessionHUD.tsx,161,div,onClick={onClose},,runtime-or-tooling-source,"Requires Interaction, Error, Authorization And Accessibility Verification",11
src/components/table/SessionHUD.tsx,162,div,onClick={(e) => e.stopPropagation()},,runtime-or-tooling-source,"Requires Interaction, Error, Authorization And Accessibility Verification",11
src/components/table/SessionHUD.tsx,167,button,onClick={() => setShowAdvanced(!showAdvanced)},title={showAdvanced ? 'Hide Details' : 'Show Details'},runtime-or-tooling-source,"Requires Interaction, Error, Authorization And Accessibility Verification",11
src/components/table/SessionHUD.tsx,174,button,onClick={onClose},title=Close,runtime-or-tooling-source,"Requires Interaction, Error, Authorization And Accessibility Verification",11
src/components/table/SessionStatsTracker.tsx,55,div,onClick={onToggle},,runtime-or-tooling-source,"Requires Interaction, Error, Authorization And Accessibility Verification",9;11
src/components/table/SettingsPanel.tsx,237,div,"onClick={(e) => {
        if (e.target === e.currentTarget) onClose();
      }}",,runtime-or-tooling-source,"Requires Interaction, Error, Authorization And Accessibility Verification",11
src/components/table/SettingsPanel.tsx,259,div,onClick={(e) => e.stopPropagation()},,runtime-or-tooling-source,"Requires Interaction, Error, Authorization And Accessibility Verification",11
src/components/table/SettingsPanel.tsx,263,button,onClick={onClose},,runtime-or-tooling-source,"Requires Interaction, Error, Authorization And Accessibility Verification",11
src/components/table/SettingsPanel.tsx,300,SettingToggle,onChange={() => handleToggle('autoMuckLosers')},,runtime-or-tooling-source,"Requires Interaction, Error, Authorization And Accessibility Verification",11
src/components/table/SettingsPanel.tsx,307,SettingToggle,onChange={() => handleToggle('autoPostBlinds')},,runtime-or-tooling-source,"Requires Interaction, Error, Authorization And Accessibility Verification",11
src/components/table/SettingsPanel.tsx,318,SettingToggle,onChange={() => handleToggle('sitOutNextHand')},,runtime-or-tooling-source,"Requires Interaction, Error, Authorization And Accessibility Verification",11
src/components/table/SettingsPanel.tsx,339,SettingToggle,onChange={() => handleToggle('showPotOdds')},,runtime-or-tooling-source,"Requires Interaction, Error, Authorization And Accessibility Verification",11
src/components/table/SettingsPanel.tsx,346,SettingToggle,onChange={() => handleToggle('fourColorDeck')},,runtime-or-tooling-source,"Requires Interaction, Error, Authorization And Accessibility Verification",11
src/components/table/SettingsPanel.tsx,358,SettingToggle,onChange={() => handleToggle('showBetSizePresets')},,runtime-or-tooling-source,"Requires Interaction, Error, Authorization And Accessibility Verification",11
src/components/table/SettingsPanel.tsx,368,SettingToggle,onChange={() => handleToggle('showTicker')},,runtime-or-tooling-source,"Requires Interaction, Error, Authorization And Accessibility Verification",11
src/components/table/SettingsPanel.tsx,380,select,"onChange={(e) => handleSelect('animationSpeed', e.target.value)}",,runtime-or-tooling-source,"Requires Interaction, Error, Authorization And Accessibility Verification",11
src/components/table/SettingsPanel.tsx,403,SettingToggle,onChange={() => handleToggle('soundEnabled')},,runtime-or-tooling-source,"Requires Interaction, Error, Authorization And Accessibility Verification",11
src/components/table/SettingsPanel.tsx,415,input,"onChange={(e) => handleSlider('soundVolume', parseInt(e.target.value))}",type=range; aria-label=Sound Volume Percent,runtime-or-tooling-source,"Requires Interaction, Error, Authorization And Accessibility Verification",11
src/components/table/SettingsPanel.tsx,427,SettingToggle,onChange={() => handleToggle('hapticEnabled')},,runtime-or-tooling-source,"Requires Interaction, Error, Authorization And Accessibility Verification",11
src/components/table/SettingsPanel.tsx,452,button,onClick={() => setShowAvatarGallery(true)},,runtime-or-tooling-source,"Requires Interaction, Error, Authorization And Accessibility Verification",11
src/components/table/SettingsPanel.tsx,472,button,onClick={() => setShowThemeSettings(true)},,runtime-or-tooling-source,"Requires Interaction, Error, Authorization And Accessibility Verification",11
src/components/table/SettingsPanel.tsx,486,TableSettingsPanel,onToggle={v8Toggle},,runtime-or-tooling-source,"Requires Interaction, Error, Authorization And Accessibility Verification",11
src/components/table/SettingsPanel.tsx,497,button,onClick={handleReset},,runtime-or-tooling-source,"Requires Interaction, Error, Authorization And Accessibility Verification",11
src/components/table/SettingsPanel.tsx,504,AvatarGallery,onClose={() => setShowAvatarGallery(false)}; onAvatarChanged={onAvatarChanged},,runtime-or-tooling-source,"Requires Interaction, Error, Authorization And Accessibility Verification",11
src/components/table/SettingsPanel.tsx,514,ThemeSettingsModal,onClose={() => setShowThemeSettings(false)},,runtime-or-tooling-source,"Requires Interaction, Error, Authorization And Accessibility Verification",11
src/components/table/SettingsPanel.tsx,543,input,onChange={onChange},type=checkbox,runtime-or-tooling-source,"Requires Interaction, Error, Authorization And Accessibility Verification",11
src/components/table/ShareHand.tsx,783,div,onClick={onClose},,runtime-or-tooling-source,"Requires Interaction, Error, Authorization And Accessibility Verification",11
src/components/table/ShareHand.tsx,784,div,onClick={(e) => e.stopPropagation()},,runtime-or-tooling-source,"Requires Interaction, Error, Authorization And Accessibility Verification",11
src/components/table/ShareHand.tsx,788,button,onClick={onClose},,runtime-or-tooling-source,"Requires Interaction, Error, Authorization And Accessibility Verification",11
src/components/table/ShareHand.tsx,831,button,onClick={() => setActiveTab('link')},,runtime-or-tooling-source,"Requires Interaction, Error, Authorization And Accessibility Verification",11
src/components/table/ShareHand.tsx,837,button,onClick={() => setActiveTab('social')},,runtime-or-tooling-source,"Requires Interaction, Error, Authorization And Accessibility Verification",11
src/components/table/ShareHand.tsx,843,button,onClick={() => setActiveTab('embed')},,runtime-or-tooling-source,"Requires Interaction, Error, Authorization And Accessibility Verification",11
src/components/table/ShareHand.tsx,856,input,,type=text,runtime-or-tooling-source,"Requires Interaction, Error, Authorization And Accessibility Verification",11
src/components/table/ShareHand.tsx,857,button,onClick={handleCopy},,runtime-or-tooling-source,"Requires Interaction, Error, Authorization And Accessibility Verification",11
src/components/table/ShareHand.tsx,866,button,onClick={handleNativeShare},,runtime-or-tooling-source,"Requires Interaction, Error, Authorization And Accessibility Verification",11
src/components/table/ShareHand.tsx,901,button,"onClick={() =>
                    handleSocialShare(
                      social.platform as 'twitter' | 'facebook' | 'telegram' | 'whatsapp'
                    )
                  }",,runtime-or-tooling-source,"Requires Interaction, Error, Authorization And Accessibility Verification",11
src/components/table/ShareHand.tsx,924,textarea,,,runtime-or-tooling-source,"Requires Interaction, Error, Authorization And Accessibility Verification",11
src/components/table/ShareHand.tsx,925,button,onClick={() => navigator.clipboard.writeText(embedCode)},,runtime-or-tooling-source,"Requires Interaction, Error, Authorization And Accessibility Verification",11
src/components/table/SitOutModal.tsx,179,div,onClick={onClose},,runtime-or-tooling-source,"Requires Interaction, Error, Authorization And Accessibility Verification",11
src/components/table/SitOutModal.tsx,180,div,onClick={(e) => e.stopPropagation()},,runtime-or-tooling-source,"Requires Interaction, Error, Authorization And Accessibility Verification",11
src/components/table/SitOutModal.tsx,224,button,"onClick={() => {
            haptic.light();
            handleLeave();
          }}",,runtime-or-tooling-source,"Requires Interaction, Error, Authorization And Accessibility Verification",11
src/components/table/SpectatorBadge.tsx,25,button,onClick={() => setShowList(!showList)},,runtime-or-tooling-source,"Requires Interaction, Error, Authorization And Accessibility Verification",11
src/components/table/SpectatorOverlay.tsx,67,button,onClick={handleToggleExpand},title={`${spectators.length} Watching`},runtime-or-tooling-source,"Requires Interaction, Error, Authorization And Accessibility Verification",11
src/components/table/SpectatorOverlay.tsx,80,button,onClick={handleUnfollow},,runtime-or-tooling-source,"Requires Interaction, Error, Authorization And Accessibility Verification",11
src/components/table/SpectatorOverlay.tsx,91,button,onClick={handleToggleExpand},,runtime-or-tooling-source,"Requires Interaction, Error, Authorization And Accessibility Verification",11
src/components/table/StraddleToggle.tsx,48,input,onChange={handleToggle},type=checkbox,runtime-or-tooling-source,"Requires Interaction, Error, Authorization And Accessibility Verification",2;11
src/components/table/TableChat.tsx,167,img,"onError={(e) => {
                (e.target as HTMLImageElement).src = generateDefaultAvatar();
              }}",,runtime-or-tooling-source,"Requires Interaction, Error, Authorization And Accessibility Verification",11
src/components/table/TableChat.tsx,450,button,onClick={onToggleCollapse},title=Chat Is Muted; aria-label=Chat Is Muted,runtime-or-tooling-source,"Requires Interaction, Error, Authorization And Accessibility Verification",11
src/components/table/TableChat.tsx,465,button,onClick={onToggleCollapse},"aria-label={
          unreadCount > 0
            ? `Open Table Chat, ${unreadCount.toLocaleString()} Unread`
            : 'Open Table Chat'
        }",runtime-or-tooling-source,"Requires Interaction, Error, Authorization And Accessibility Verification",11
src/components/table/TableChat.tsx,507,div,onMouseDown={handleClose},,runtime-or-tooling-source,"Requires Interaction, Error, Authorization And Accessibility Verification",11
src/components/table/TableChat.tsx,518,div,onPointerDown={onGrabDown}; onPointerMove={onGrabMove}; onPointerUp={onGrabUp}; onPointerCancel={onGrabUp},,runtime-or-tooling-source,"Requires Interaction, Error, Authorization And Accessibility Verification",11
src/components/table/TableChat.tsx,546,button,onClick={handleClose},title=Close Chat; aria-label=Close Chat,runtime-or-tooling-source,"Requires Interaction, Error, Authorization And Accessibility Verification",11
src/components/table/TableChat.tsx,557,div,onScroll={handleScroll},,runtime-or-tooling-source,"Requires Interaction, Error, Authorization And Accessibility Verification",11
src/components/table/TableChat.tsx,577,button,onClick={scrollToBottom},title=Jump To Latest; aria-label=Jump To Latest Message,runtime-or-tooling-source,"Requires Interaction, Error, Authorization And Accessibility Verification",11
src/components/table/TableChat.tsx,591,QuickChatPresets,onSend={sendText},,runtime-or-tooling-source,"Requires Interaction, Error, Authorization And Accessibility Verification",11
src/components/table/TableChat.tsx,597,input,onChange={(e) => setInputValue(e.target.value)}; onKeyDown={handleKeyPress},type=text,runtime-or-tooling-source,"Requires Interaction, Error, Authorization And Accessibility Verification",11
src/components/table/TableChat.tsx,607,button,onClick={handleSend},aria-label=Send Message; title=Send,runtime-or-tooling-source,"Requires Interaction, Error, Authorization And Accessibility Verification",11
src/components/table/TableLoadFailureOverlay.tsx,69,button,onClick={() => window.location.reload()},type=button,runtime-or-tooling-source,"Requires Interaction, Error, Authorization And Accessibility Verification",11
src/components/table/TableLoadFailureOverlay.tsx,88,button,onClick={() => navigate(exitDestination())},type=button,runtime-or-tooling-source,"Requires Interaction, Error, Authorization And Accessibility Verification",11
src/components/table/TableMenu.tsx,500,button,onClick={onToggle},aria-label=Table Menu,runtime-or-tooling-source,"Requires Interaction, Error, Authorization And Accessibility Verification",11
src/components/table/TableMenu.tsx,520,div,onClick={onClose},,runtime-or-tooling-source,"Requires Interaction, Error, Authorization And Accessibility Verification",11
src/components/table/TableMenu.tsx,576,button,onClick={() => handleActionClick(action)},,runtime-or-tooling-source,"Requires Interaction, Error, Authorization And Accessibility Verification",11
src/components/table/TableMenu.tsx,619,AvatarGallery,onClose={() => setShowAvatarGallery(false)},,runtime-or-tooling-source,"Requires Interaction, Error, Authorization And Accessibility Verification",11
src/components/table/TableModalsLayer.tsx,745,div,onClick={onClosePlayerNotes},,runtime-or-tooling-source,"Requires Interaction, Error, Authorization And Accessibility Verification",11
src/components/table/TableModalsLayer.tsx,746,div,onClick={(e) => e.stopPropagation()},,runtime-or-tooling-source,"Requires Interaction, Error, Authorization And Accessibility Verification",11
src/components/table/TableModalsLayer.tsx,747,button,onClick={onClosePlayerNotes},,runtime-or-tooling-source,"Requires Interaction, Error, Authorization And Accessibility Verification",11
src/components/table/TableModalsLayer.tsx,750,PlayerNotesPanel,onClose={onClosePlayerNotes},,runtime-or-tooling-source,"Requires Interaction, Error, Authorization And Accessibility Verification",11
src/components/table/TableModalsLayer.tsx,761,div,onClick={onCloseHandReplay},,runtime-or-tooling-source,"Requires Interaction, Error, Authorization And Accessibility Verification",11
src/components/table/TableModalsLayer.tsx,774,div,onClick={(e) => e.stopPropagation()},,runtime-or-tooling-source,"Requires Interaction, Error, Authorization And Accessibility Verification",11
src/components/table/TableModalsLayer.tsx,786,button,onClick={onCloseHandReplay},,runtime-or-tooling-source,"Requires Interaction, Error, Authorization And Accessibility Verification",11
src/components/table/TableModalsLayer.tsx,790,HandReplay,onClose={onCloseHandReplay},,runtime-or-tooling-source,"Requires Interaction, Error, Authorization And Accessibility Verification",11
src/components/table/TableModalsLayer.tsx,803,GameRulesModal,onClose={onCloseGameRules}; onEditBombSettings={onEditBombSettings}; onManualBombPot={onManualBombPot},,runtime-or-tooling-source,"Requires Interaction, Error, Authorization And Accessibility Verification",11
src/components/table/TableModalsLayer.tsx,826,SitOutModal,onClose={onCloseSitOut}; onLeaveTable={onConfirmLeaveTable},,runtime-or-tooling-source,"Requires Interaction, Error, Authorization And Accessibility Verification",11
src/components/table/TableModalsLayer.tsx,849,WaitListModal,"onClose={onCloseWaitList}; onLeaveWaitList={() => {
          if (!tableId) {
            onCloseWaitList();
            return;
          }
          // `leaveWaitlist` never throws — it reports its own Supabase error and
          // resolves. The old `.catch(...).finally(close)` was therefore dead
          // code wrapped around an unconditional close: the modal shut as though
          // the player had left the queue whether or not the row was cancelled.
          void waitlistService.leaveWaitlist(tableId).then((res) => {
            if (res?.success) {
              onCloseWaitList();
              return;
            }
            reportError(
              new Error(res?.error || 'leaveWaitlist failed'),
              'TableModalsLayer.Leave_waitlist_failed'
            );
            // Stay open. Closing here is what put players back in a queue they
            // believed they had left.
            onWaitListError?.(
              res?.error || 'Could not leave the wait list - you are still queued.'
            );
          });
        }}",,runtime-or-tooling-source,"Requires Interaction, Error, Authorization And Accessibility Verification",11
src/components/table/TableModalsLayer.tsx,892,InsuranceModal,onClose={onInsuranceDecline}; onAccept={onInsuranceAccept}; onDecline={onInsuranceDecline}; onDeclineForHand={onInsuranceDeclineForHand}; onEvCashout={onInsuranceEvCashout},,runtime-or-tooling-source,"Requires Interaction, Error, Authorization And Accessibility Verification",11
src/components/table/TableModalsLayer.tsx,912,HandReveal,"onShow={() => {
            if (tableId && userId) {
              roomService.sendChat(tableId, userId, '[SHOW_CARDS]');
            }
            onHandRevealShow();
          }}; onMuck={onHandRevealMuck}; onClose={onHandRevealClose}",,runtime-or-tooling-source,"Requires Interaction, Error, Authorization And Accessibility Verification",11
src/components/table/TableModalsLayer.tsx,933,RunItTwicePrompt,onChooserDecide={onRITChooserDecide}; onAccept={onRITAccept}; onDecline={onRITDecline},,runtime-or-tooling-source,"Requires Interaction, Error, Authorization And Accessibility Verification",11
src/components/table/TableModalsLayer.tsx,963,BadBeatJackpot,onOpenDetails={() => setShowBBJDetails(true)},,runtime-or-tooling-source,"Requires Interaction, Error, Authorization And Accessibility Verification",11
src/components/table/TableModalsLayer.tsx,974,BBJInfoModal,onClose={() => setShowBBJDetails(false)},,runtime-or-tooling-source,"Requires Interaction, Error, Authorization And Accessibility Verification",11
src/components/table/TableModalsLayer.tsx,987,BBJCelebration,onComplete={onBBJCelebrationComplete},,runtime-or-tooling-source,"Requires Interaction, Error, Authorization And Accessibility Verification",11
src/components/table/TableModalsLayer.tsx,1040,div,onClick={onThrowableClose},,runtime-or-tooling-source,"Requires Interaction, Error, Authorization And Accessibility Verification",11
src/components/table/TableModalsLayer.tsx,1041,ThrowableSelector,onSelect={onThrowableSelect}; onClose={onThrowableClose},,runtime-or-tooling-source,"Requires Interaction, Error, Authorization And Accessibility Verification",11
src/components/table/TableModalsLayer.tsx,1057,ConfettiCanvas,onComplete={onConfettiComplete},,runtime-or-tooling-source,"Requires Interaction, Error, Authorization And Accessibility Verification",11
src/components/table/TableModalsLayer.tsx,1063,ParticleSystem,onComplete={onParticleComplete},,runtime-or-tooling-source,"Requires Interaction, Error, Authorization And Accessibility Verification",11
src/components/table/TableModalsLayer.tsx,1076,DiamondWalletModal,"onClose={onCloseDiamondWallet}; onBuyClick={() => {
          onCloseDiamondWallet();
          setShowDiamondTopUp(true);
        }}",,runtime-or-tooling-source,"Requires Interaction, Error, Authorization And Accessibility Verification",11
src/components/table/TableModalsLayer.tsx,1084,DiamondTopUpModal,onClose={() => setShowDiamondTopUp(false)},,runtime-or-tooling-source,"Requires Interaction, Error, Authorization And Accessibility Verification",11
src/components/table/TableModalsLayer.tsx,1089,CashierModal,onClose={onCloseCashier}; onAddChips={onAddChips},,runtime-or-tooling-source,"Requires Interaction, Error, Authorization And Accessibility Verification",11
src/components/table/TableModalsLayer.tsx,1100,BuyInModal,"onClose={onCancelBustRebuy}; onConfirm={async (amount: number) => {
          await onConfirmBustRebuy(amount);
        }}; onRetryBalance={onRetryBustBalance}; onTopUp={onTopUpAccount}",,runtime-or-tooling-source,"Requires Interaction, Error, Authorization And Accessibility Verification",11
src/components/table/TableModalsLayer.tsx,1121,BuyInModal,onClose={onCloseBuyInModal}; onConfirm={onConfirmBuyIn}; onRetryBalance={onRetryAccountBalance}; onTopUp={onTopUpAccount},,runtime-or-tooling-source,"Requires Interaction, Error, Authorization And Accessibility Verification",11
src/components/table/TableModalsLayer.tsx,1139,LeaderboardPanel,onClose={onCloseLeaderboard}; onPeriodChange={onLeaderboardPeriodChange},title=Session Leaderboard,runtime-or-tooling-source,"Requires Interaction, Error, Authorization And Accessibility Verification",11
src/components/table/TableModalsLayer.tsx,1149,LeaveTableConfirm,"onConfirm={() => {
          onCloseLeaveConfirm();
          onConfirmLeaveTable();
        }}; onCancel={onCloseLeaveConfirm}",,runtime-or-tooling-source,"Requires Interaction, Error, Authorization And Accessibility Verification",11
src/components/table/TableModalsLayer.tsx,1173,RealTimeResultPanel,onClose={onCloseSessionStats}; onOpenDetailed={() => setShowDetailedAnalytics(true)},,runtime-or-tooling-source,"Requires Interaction, Error, Authorization And Accessibility Verification",11
src/components/table/TableModalsLayer.tsx,1186,SessionAnalytics,onClose={() => setShowDetailedAnalytics(false)},,runtime-or-tooling-source,"Requires Interaction, Error, Authorization And Accessibility Verification",11
src/components/table/TableModalsLayer.tsx,1194,SettingsPanel,onClose={onCloseSettings}; onSettingsChange={onSettingsChange},,runtime-or-tooling-source,"Requires Interaction, Error, Authorization And Accessibility Verification",11
src/components/table/TableModalsLayer.tsx,1236,ShareHand,onClose={onCloseShareHand},,runtime-or-tooling-source,"Requires Interaction, Error, Authorization And Accessibility Verification",11
src/components/table/TableModalsLayer.tsx,1241,AddOnModal,onAccept={onAddOnAccept}; onDecline={onAddOnDecline},,runtime-or-tooling-source,"Requires Interaction, Error, Authorization And Accessibility Verification",11
src/components/table/TableModalsLayer.tsx,1256,RebuyModal,onConfirm={onConfirmRebuy}; onClose={onCloseRebuyModal},,runtime-or-tooling-source,"Requires Interaction, Error, Authorization And Accessibility Verification",11
src/components/table/TableModalsLayer.tsx,1291,TournamentAnnouncementOverlay,onDismiss={onDismissAnnouncement},type={announcement?.type as any},runtime-or-tooling-source,"Requires Interaction, Error, Authorization And Accessibility Verification",11
src/components/table/TableModalsLayer.tsx,1300,TournamentWinnerOverlay,onDismiss={onDismissTournamentWinner},,runtime-or-tooling-source,"Requires Interaction, Error, Authorization And Accessibility Verification",11
src/components/table/TableModalsLayer.tsx,1310,HandHistoryPanel,onClose={onCloseHandHistory}; onReplay={onReplay}; onOpenDetail={onOpenHandDetail},,runtime-or-tooling-source,"Requires Interaction, Error, Authorization And Accessibility Verification",11
src/components/table/TableModalsLayer.tsx,1329,SessionHUD,onClose={onCloseSessionHUD},,runtime-or-tooling-source,"Requires Interaction, Error, Authorization And Accessibility Verification",11
src/components/table/TableModalsLayer.tsx,1341,ClubProfileModal,onClose={onCloseProfileModal},,runtime-or-tooling-source,"Requires Interaction, Error, Authorization And Accessibility Verification",11
src/components/table/TablePerfMonitor.tsx,134,button,onClick={() => setIsVisible(false)},title=Close,runtime-or-tooling-source,"Requires Interaction, Error, Authorization And Accessibility Verification",11
src/components/table/TableReactions.tsx,83,div,onClick={onClose},,runtime-or-tooling-source,"Requires Interaction, Error, Authorization And Accessibility Verification",11
src/components/table/TableReactions.tsx,84,div,onClick={(e) => e.stopPropagation()},,runtime-or-tooling-source,"Requires Interaction, Error, Authorization And Accessibility Verification",11
src/components/table/TableReactions.tsx,86,button,onClick={() => handleReaction(r)},title={r.label},runtime-or-tooling-source,"Requires Interaction, Error, Authorization And Accessibility Verification",11
src/components/table/TableSettingsPanel.tsx,104,button,onClick={onClose},type=button; aria-label=Close Settings,runtime-or-tooling-source,"Requires Interaction, Error, Authorization And Accessibility Verification",11
src/components/table/TableSettingsPanel.tsx,153,button,onClick={onClick},type=button,runtime-or-tooling-source,"Requires Interaction, Error, Authorization And Accessibility Verification",11
src/components/table/TableStudioGameplayPreview.tsx,36,img,onError={() => setFailed(true)},,development-or-preview,"Requires Interaction, Error, Authorization And Accessibility Verification",11
src/components/table/TableTabBar.tsx,826,button,"onClick={() => handleTabClick(tab.id)}; onPointerDown={(e) => handleTabPointerDown(e, tab.id)}; onPointerMove={(e) => handleTabPointerMove(e, tab.id)}; onPointerUp={(e) => handleTabPointerUp(e, tab.id)}; onPointerCancel={endGesture}; onContextMenu={(e) => {
                // Right-click = the same quick menu (desktop parity with
                // long-press), never the browser menu on a game control.
                e.preventDefault();
                openQuickMenu(tab.id, (e.currentTarget as HTMLElement).getBoundingClientRect());
              }}","aria-label={`${formatGameTitle(tab.name)}${isMyTurn ? ', Your Turn' : ''}`}",runtime-or-tooling-source,"Requires Interaction, Error, Authorization And Accessibility Verification",11
src/components/table/TableTabBar.tsx,1018,button,onClick={handleAddClick}; onPointerDown={handleAddPointerDown}; onPointerUp={cancelAddPress}; onPointerLeave={cancelAddPress}; onPointerCancel={cancelAddPress}; onContextMenu={handleAddContextMenu},"title={hasAddMenu ? 'Add Table (Hold For Lobby, Hub And Messages)' : 'Add Table'}; aria-label=Open Another Table",runtime-or-tooling-source,"Requires Interaction, Error, Authorization And Accessibility Verification",11
src/components/table/TableTabBar.tsx,1040,img,onError={() => setAddIconFailed(true)},,runtime-or-tooling-source,"Requires Interaction, Error, Authorization And Accessibility Verification",11
src/components/table/TableTabBar.tsx,1118,div,onClick={() => setAddMenu(null)},,runtime-or-tooling-source,"Requires Interaction, Error, Authorization And Accessibility Verification",11
src/components/table/TableTabBar.tsx,1135,button,"onClick={() => {
                    setAddMenu(null);
                    fn();
                  }}",type=button,runtime-or-tooling-source,"Requires Interaction, Error, Authorization And Accessibility Verification",11
src/components/table/TableTabBar.tsx,1164,button,"onClick={() => {
                setQuickMenu(null);
                fn();
              }}",type=button,runtime-or-tooling-source,"Requires Interaction, Error, Authorization And Accessibility Verification",11
src/components/table/TableTabBar.tsx,1179,div,onClick={() => setQuickMenu(null)},,runtime-or-tooling-source,"Requires Interaction, Error, Authorization And Accessibility Verification",11
src/components/table/TableTabBar.tsx,1253,TableMenu,onClose={handleMenuClose}; onToggle={handleMenuToggle}; onOpenIdentity={activeIsLobby ? undefined : handleOpenIdentity},,runtime-or-tooling-source,"Requires Interaction, Error, Authorization And Accessibility Verification",11
src/components/table/ThemeSettingsModal.tsx,1826,div,onClick={onClose},,runtime-or-tooling-source,"Requires Interaction, Error, Authorization And Accessibility Verification",11
src/components/table/ThemeSettingsModal.tsx,1827,div,onClick={(e) => e.stopPropagation()},,runtime-or-tooling-source,"Requires Interaction, Error, Authorization And Accessibility Verification",11
src/components/table/ThemeSettingsModal.tsx,1843,button,onClick={onClose},aria-label=Close Table Studio,runtime-or-tooling-source,"Requires Interaction, Error, Authorization And Accessibility Verification",11
src/components/table/ThemeSettingsModal.tsx,1853,select,"onChange={(e) => {
                gameTypeRef.current = e.target.value;
                setGameType(e.target.value);
              }}",id=theme-game-type,runtime-or-tooling-source,"Requires Interaction, Error, Authorization And Accessibility Verification",11
src/components/table/ThemeSettingsModal.tsx,1895,button,onClick={appearanceRealtime.retry},type=button,runtime-or-tooling-source,"Requires Interaction, Error, Authorization And Accessibility Verification",11
src/components/table/ThemeSettingsModal.tsx,1908,button,onClick={() => void handleUiModeChange(mode)},type=button,runtime-or-tooling-source,"Requires Interaction, Error, Authorization And Accessibility Verification",11
src/components/table/ThemeSettingsModal.tsx,1931,button,onClick={() => setPreviewFinalTable(false)},type=button,runtime-or-tooling-source,"Requires Interaction, Error, Authorization And Accessibility Verification",11
src/components/table/ThemeSettingsModal.tsx,1939,button,onClick={() => setPreviewFinalTable(true)},type=button,runtime-or-tooling-source,"Requires Interaction, Error, Authorization And Accessibility Verification",11
src/components/table/ThemeSettingsModal.tsx,1986,button,"onClick={() => activateTab(tab.key)}; onKeyDown={(event) => {
                    if (!['ArrowLeft', 'ArrowRight', 'Home', 'End'].includes(event.key)) return;
                    event.preventDefault();
                    const current = TABS.findIndex((item) => item.key === tab.key);
                    const next =
                      event.key === 'Home'
                        ? 0
                        : event.key === 'End'
                          ? TABS.length - 1
                          : (current + (event.key === 'ArrowRight' ? 1 : -1) + TABS.length) %
                            TABS.length;
                    activateTab(TABS[next].key);
                    document.getElementById(`theme-tab-${TABS[next].key}`)?.focus();
                  }}",id={`theme-tab-${tab.key}`},runtime-or-tooling-source,"Requires Interaction, Error, Authorization And Accessibility Verification",11
src/components/table/ThemeSettingsModal.tsx,2029,button,onClick={() => setBackgroundGroup(group)},type=button,runtime-or-tooling-source,"Requires Interaction, Error, Authorization And Accessibility Verification",11
src/components/table/ThemeSettingsModal.tsx,2056,input,onChange={(event) => setAssetSearch(event.target.value)},type=search,runtime-or-tooling-source,"Requires Interaction, Error, Authorization And Accessibility Verification",11
src/components/table/ThemeSettingsModal.tsx,2065,button,onClick={() => setAssetFilter(filter)},type=button,runtime-or-tooling-source,"Requires Interaction, Error, Authorization And Accessibility Verification",11
src/components/table/ThemeSettingsModal.tsx,2098,button,onClick={() => setThemeLoadRevision((value) => value + 1)},type=button,runtime-or-tooling-source,"Requires Interaction, Error, Authorization And Accessibility Verification",11
src/components/table/ThemeSettingsModal.tsx,2115,button,onClick={() => setOwnershipRevision((value) => value + 1)},type=button,runtime-or-tooling-source,"Requires Interaction, Error, Authorization And Accessibility Verification",11
src/components/table/ThemeSettingsModal.tsx,2126,button,onClick={() => setPricingRevision((value) => value + 1)},type=button,runtime-or-tooling-source,"Requires Interaction, Error, Authorization And Accessibility Verification",11
src/components/table/ThemeSettingsModal.tsx,2139,button,"onClick={() => {
                      setOwnershipRevision((value) => value + 1);
                      setEntitlementRealtimeRevision((value) => value + 1);
                    }}",type=button,runtime-or-tooling-source,"Requires Interaction, Error, Authorization And Accessibility Verification",11
src/components/table/ThemeSettingsModal.tsx,2197,button,"onClick={() => handleAssetSelect(activeTab, asset.id, asset.vipOnly)}","type=button; aria-label={`${asset.name}${ownershipPending ? ', Checking Ownership' : ownershipUnavailable ? ', Ownership Unavailable' : isLocked ? ', Purchase Or VIP Required' : ''}`}",runtime-or-tooling-source,"Requires Interaction, Error, Authorization And Accessibility Verification",11
src/components/table/ThemeSettingsModal.tsx,2242,button,"onClick={() => toggleFavorite(activeTab, asset.id)}","type=button; aria-label={`${collections.favorites.includes(`${activeTab}:${asset.id}`) ? 'Remove' : 'Add'} ${asset.name} ${collections.favorites.includes(`${activeTab}:${asset.id}`) ? 'From' : 'To'} Favorites`}; title={
                          collections.favorites.includes(`${activeTab}:${asset.id}`)
                            ? 'Remove From Favorites'
                            : 'Add To Favorites'
                        }",runtime-or-tooling-source,"Requires Interaction, Error, Authorization And Accessibility Verification",11
src/components/table/ThemeSettingsModal.tsx,2291,button,onClick={randomizeAccessibleLook},type=button,runtime-or-tooling-source,"Requires Interaction, Error, Authorization And Accessibility Verification",11
src/components/table/ThemeSettingsModal.tsx,2327,input,"onBlur={(event) => renameLoadout(slot, event.currentTarget.value)}; onKeyDown={(event) => {
                                  if (event.key === 'Enter') event.currentTarget.blur();
                                }}",,runtime-or-tooling-source,"Requires Interaction, Error, Authorization And Accessibility Verification",11
src/components/table/ThemeSettingsModal.tsx,2343,button,onClick={() => setPendingLoadoutClear(null)},type=button,runtime-or-tooling-source,"Requires Interaction, Error, Authorization And Accessibility Verification",11
src/components/table/ThemeSettingsModal.tsx,2346,button,onClick={() => clearLoadout(slot)},type=button,runtime-or-tooling-source,"Requires Interaction, Error, Authorization And Accessibility Verification",11
src/components/table/ThemeSettingsModal.tsx,2352,button,onClick={() => applyLoadout(slot)},type=button,runtime-or-tooling-source,"Requires Interaction, Error, Authorization And Accessibility Verification",11
src/components/table/ThemeSettingsModal.tsx,2360,button,onClick={() => saveLoadout(slot)},type=button,runtime-or-tooling-source,"Requires Interaction, Error, Authorization And Accessibility Verification",11
src/components/table/ThemeSettingsModal.tsx,2367,button,onClick={() => setPendingLoadoutClear(slot)},type=button,runtime-or-tooling-source,"Requires Interaction, Error, Authorization And Accessibility Verification",11
src/components/table/ThemeSettingsModal.tsx,2374,button,onClick={() => saveLoadout(slot)},type=button,runtime-or-tooling-source,"Requires Interaction, Error, Authorization And Accessibility Verification",11
src/components/table/ThemeSettingsModal.tsx,2404,button,onClick={collections.retrySync},type=button,runtime-or-tooling-source,"Requires Interaction, Error, Authorization And Accessibility Verification",11
src/components/table/ThemeSettingsModal.tsx,2414,button,onClick={handleReset},,runtime-or-tooling-source,"Requires Interaction, Error, Authorization And Accessibility Verification",11
src/components/table/ThemeSettingsModal.tsx,2421,button,onClick={onClose},,runtime-or-tooling-source,"Requires Interaction, Error, Authorization And Accessibility Verification",11
src/components/table/ThemeSettingsModal.tsx,2436,div,"onClick={() => {
              if (!purchaseBusyRef.current) cancelPendingAssetPurchase();
            }}",,runtime-or-tooling-source,"Requires Interaction, Error, Authorization And Accessibility Verification",11
src/components/table/ThemeSettingsModal.tsx,2442,div,onClick={(event) => event.stopPropagation()},,runtime-or-tooling-source,"Requires Interaction, Error, Authorization And Accessibility Verification",11
src/components/table/ThemeSettingsModal.tsx,2466,button,"onClick={() => {
                    if (diamonds < pendingAssetPurchase.price) {
                      openDiamondStoreForPending();
                      return;
                    }
                    void handleAssetPurchase();
                  }}",type=button,runtime-or-tooling-source,"Requires Interaction, Error, Authorization And Accessibility Verification",11
src/components/table/ThemeSettingsModal.tsx,2486,button,onClick={cancelPendingAssetPurchase},type=button,runtime-or-tooling-source,"Requires Interaction, Error, Authorization And Accessibility Verification",11
src/components/table/ThemeSettingsModal.tsx,2498,DiamondTopUpModal,"onClose={() => {
            setDiamondStoreOpen(false);
            clearTableStudioCheckoutIntent();
            if (userId) void loadDiamonds(userId, { force: true });
          }}",,runtime-or-tooling-source,"Requires Interaction, Error, Authorization And Accessibility Verification",11
src/components/table/ThrowAnimation.tsx,722,ThrowablePlayer,onComplete={() => handleComplete(event.id)},,runtime-or-tooling-source,"Requires Interaction, Error, Authorization And Accessibility Verification",11
src/components/table/ThrowAnimation.tsx,731,ThrowAnimation,onComplete={() => handleComplete(event.id)},,runtime-or-tooling-source,"Requires Interaction, Error, Authorization And Accessibility Verification",11
src/components/table/ThrowableImage.tsx,107,img,"onError={() => {
        // A failed BLOB is not a storage problem — drop to the plain image
        // rather than burning a rung of the storage ladder.
        if (cutout) setCutout(null);
        else setErrorStep((prev) => (prev < 2 ? ((prev + 1) as 0 | 1 | 2) : prev));
      }}",,runtime-or-tooling-source,"Requires Interaction, Error, Authorization And Accessibility Verification",11
src/components/table/ThrowableSelector.tsx,172,div,onClick={(e) => e.stopPropagation()},,runtime-or-tooling-source,"Requires Interaction, Error, Authorization And Accessibility Verification",11
src/components/table/ThrowableSelector.tsx,196,button,onClick={onClose},aria-label=Close Throwables,runtime-or-tooling-source,"Requires Interaction, Error, Authorization And Accessibility Verification",11
src/components/table/ThrowableSelector.tsx,208,button,"onClick={() => {
              haptic.light();
              setActiveCategory(cat);
            }}",title={CATEGORY_LABELS[cat].label},runtime-or-tooling-source,"Requires Interaction, Error, Authorization And Accessibility Verification",11
src/components/table/ThrowableSelector.tsx,226,button,"onClick={() => {
              haptic.light();
              handleSelect(throwable);
            }}",title={throwable.name},runtime-or-tooling-source,"Requires Interaction, Error, Authorization And Accessibility Verification",11
src/components/table/ThrowableSelector.tsx,248,button,"onClick={() => {
          haptic.light();
          onClose();
          navigate('/marketplace?tab=diamonds');
        }}",,runtime-or-tooling-source,"Requires Interaction, Error, Authorization And Accessibility Verification",11
src/components/table/TimeBank.tsx,57,button,onClick={onActivate},,runtime-or-tooling-source,"Requires Interaction, Error, Authorization And Accessibility Verification",11
src/components/table/TimeBank.tsx,67,button,onClick={onBuyMore},,runtime-or-tooling-source,"Requires Interaction, Error, Authorization And Accessibility Verification",11
src/components/table/TimeBankDisplay.tsx,54,button,onClick={onBuyMore},,runtime-or-tooling-source,"Requires Interaction, Error, Authorization And Accessibility Verification",11
src/components/table/TimeBankStoreModal.tsx,75,div,onClick={onClose},,runtime-or-tooling-source,"Requires Interaction, Error, Authorization And Accessibility Verification",11
src/components/table/TimeBankStoreModal.tsx,82,div,onClick={(e) => e.stopPropagation()},,runtime-or-tooling-source,"Requires Interaction, Error, Authorization And Accessibility Verification",11
src/components/table/TimeBankStoreModal.tsx,83,button,onClick={onClose},type=button; aria-label=Close,runtime-or-tooling-source,"Requires Interaction, Error, Authorization And Accessibility Verification",11
src/components/table/TimeBankStoreModal.tsx,106,button,onClick={() => setQuantity(n)},type=button,runtime-or-tooling-source,"Requires Interaction, Error, Authorization And Accessibility Verification",11
src/components/table/TimeBankStoreModal.tsx,136,button,onClick={onClose},type=button,runtime-or-tooling-source,"Requires Interaction, Error, Authorization And Accessibility Verification",11
src/components/table/TimeBankStoreModal.tsx,139,button,onClick={buy},type=button,runtime-or-tooling-source,"Requires Interaction, Error, Authorization And Accessibility Verification",11
src/components/table/TimebankCounter.tsx,64,button,onClick={onClick},"type=button; aria-label={
        count === null
          ? 'Time Banks Remaining: Loading'
          : `Time Banks Remaining: ${count}, ${bankSeconds} Seconds Each`
      }; title={
        count === null
          ? 'Loading Your Time Banks'
          : `${count} Time Bank${count === 1 ? '' : 's'} Remaining (${bankSeconds}s Each)`
      }",runtime-or-tooling-source,"Requires Interaction, Error, Authorization And Accessibility Verification",11
src/components/table/TournamentBreakScreen.tsx,203,div,onClick={() => setMinimized(false)},,runtime-or-tooling-source,"Requires Interaction, Error, Authorization And Accessibility Verification",3;11
src/components/table/TournamentBreakScreen.tsx,219,button,onClick={() => setMinimized(true)},aria-label=Close Break Screen,runtime-or-tooling-source,"Requires Interaction, Error, Authorization And Accessibility Verification",3;11
src/components/table/TournamentLobbyModal.tsx,80,div,onClick={onClose},,runtime-or-tooling-source,"Requires Interaction, Error, Authorization And Accessibility Verification",3;8;11
src/components/table/TournamentLobbyModal.tsx,86,div,onClick={(e) => e.stopPropagation()},aria-label=Tournament Lobby,runtime-or-tooling-source,"Requires Interaction, Error, Authorization And Accessibility Verification",3;8;11
src/components/table/TournamentLobbyModal.tsx,101,button,onClick={onClose},type=button; aria-label=Close,runtime-or-tooling-source,"Requires Interaction, Error, Authorization And Accessibility Verification",3;8;11
src/components/table/TournamentWinnerOverlay.tsx,99,div,onClick={handleDismiss},aria-label={paidFinish ? `${positionLabel} Paid Finish` : 'Tournament Champion'},runtime-or-tooling-source,"Requires Interaction, Error, Authorization And Accessibility Verification",3;11
src/components/table/TournamentWinnerOverlay.tsx,128,button,onClick={handleDismiss},,runtime-or-tooling-source,"Requires Interaction, Error, Authorization And Accessibility Verification",3;11
src/components/table/VoiceControls.tsx,211,button,onPointerDown={handleMicDown}; onPointerUp={releaseHold}; onPointerCancel={releaseHold}; onPointerLeave={releaseHold}; onClick={handleMicClick}; onKeyDown={handleMicKeyDown}; onKeyUp={handleMicKeyUp}; onContextMenu={(e) => e.preventDefault()},type=button; aria-label={micLabel}; title={micLabel},runtime-or-tooling-source,"Requires Interaction, Error, Authorization And Accessibility Verification",11
src/components/table/VoiceControls.tsx,261,button,onClick={() => setTalkMode(talkMode === 'hold' ? 'latch' : 'hold')},"type=button; aria-label={
            talkMode === 'hold' ? 'Switch To Locked Microphone' : 'Switch To Hold To Talk'
          }; title={talkMode === 'hold' ? 'Hold To Talk' : 'Locked Open'}",runtime-or-tooling-source,"Requires Interaction, Error, Authorization And Accessibility Verification",11
src/components/table/VoiceControls.tsx,276,button,"onClick={() => {
            holdingRef.current = false;
            leave();
          }}",type=button; aria-label=Leave Table Voice; title=Leave Table Voice,runtime-or-tooling-source,"Requires Interaction, Error, Authorization And Accessibility Verification",11
src/components/table/WaitListModal.tsx,139,div,onClick={onClose},,runtime-or-tooling-source,"Requires Interaction, Error, Authorization And Accessibility Verification",8;11
src/components/table/WaitListModal.tsx,140,div,onClick={(e) => e.stopPropagation()},,runtime-or-tooling-source,"Requires Interaction, Error, Authorization And Accessibility Verification",8;11
src/components/table/WaitListModal.tsx,144,button,onClick={onClose},,runtime-or-tooling-source,"Requires Interaction, Error, Authorization And Accessibility Verification",8;11
src/components/table/WaitListModal.tsx,193,img,"onError={(e) => {
                            (e.target as HTMLImageElement).src = generateDefaultAvatar();
                          }}",,runtime-or-tooling-source,"Requires Interaction, Error, Authorization And Accessibility Verification",8;11
src/components/table/WaitListModal.tsx,223,button,onClick={() => setShowConfirmLeave(true)},type=button,runtime-or-tooling-source,"Requires Interaction, Error, Authorization And Accessibility Verification",8;11
src/components/table/WaitListModal.tsx,236,button,onClick={() => setShowConfirmLeave(false)},type=button,runtime-or-tooling-source,"Requires Interaction, Error, Authorization And Accessibility Verification",8;11
src/components/table/WaitListModal.tsx,244,button,"onClick={() => {
                    haptic.light();
                    handleLeave();
                  }}",type=button,runtime-or-tooling-source,"Requires Interaction, Error, Authorization And Accessibility Verification",8;11
src/components/table/WaitListModal.tsx,259,button,onClick={onClose},,runtime-or-tooling-source,"Requires Interaction, Error, Authorization And Accessibility Verification",8;11
src/components/tables/DataTable.tsx,42,tr,onClick={() => onRowClick?.(row)},,runtime-or-tooling-source,"Requires Interaction, Error, Authorization And Accessibility Verification",9;11
src/components/tables/SortableTable.tsx,46,th,onClick={() => col.sortable && handleSort(col.key)},,runtime-or-tooling-source,"Requires Interaction, Error, Authorization And Accessibility Verification",11
src/components/tabs/SegmentedControl.tsx,25,button,onClick={() => onChange(segment.id)},,runtime-or-tooling-source,"Requires Interaction, Error, Authorization And Accessibility Verification",11
src/components/tabs/Stepper.tsx,26,div,onClick={() => onStepClick?.(index)},,runtime-or-tooling-source,"Requires Interaction, Error, Authorization And Accessibility Verification",11
src/components/tabs/Tabs.tsx,37,button,onClick={() => handleChange(tab.id)},,runtime-or-tooling-source,"Requires Interaction, Error, Authorization And Accessibility Verification",11
src/components/tags/Tag.tsx,21,button,onClick={onRemove},,runtime-or-tooling-source,"Requires Interaction, Error, Authorization And Accessibility Verification",11
src/components/text/Truncate.tsx,22,button,onClick={() => setExpanded(!expanded)},,runtime-or-tooling-source,"Requires Interaction, Error, Authorization And Accessibility Verification",11
src/components/timers/Stopwatch.tsx,32,button,onClick={() => setIsRunning(!isRunning)},aria-label={isRunning ? 'Pause Stopwatch' : 'Start Stopwatch'},runtime-or-tooling-source,"Requires Interaction, Error, Authorization And Accessibility Verification",11
src/components/timers/Stopwatch.tsx,38,button,"onClick={() => {
            setElapsed(0);
            setIsRunning(false);
          }}",aria-label=Reset Stopwatch,runtime-or-tooling-source,"Requires Interaction, Error, Authorization And Accessibility Verification",11
src/components/toggles/RadioGroup.tsx,28,input,onChange={(e) => onChange(e.target.value)},type=radio; name={name},runtime-or-tooling-source,"Requires Interaction, Error, Authorization And Accessibility Verification",11
src/components/toggles/Toggle.tsx,21,input,onChange={(e) => onChange(e.target.checked)},type=checkbox,runtime-or-tooling-source,"Requires Interaction, Error, Authorization And Accessibility Verification",11
src/components/tools/PotOddsCalculator.tsx,66,div,onClick={onClose},,runtime-or-tooling-source,"Requires Interaction, Error, Authorization And Accessibility Verification",2;11
src/components/tools/PotOddsCalculator.tsx,67,div,onClick={(e) => e.stopPropagation()},,runtime-or-tooling-source,"Requires Interaction, Error, Authorization And Accessibility Verification",2;11
src/components/tools/PotOddsCalculator.tsx,78,button,onClick={onClose},,runtime-or-tooling-source,"Requires Interaction, Error, Authorization And Accessibility Verification",2;11
src/components/tools/PotOddsCalculator.tsx,86,input,onChange={(e) => setPot(Number(e.target.value))},type=number,runtime-or-tooling-source,"Requires Interaction, Error, Authorization And Accessibility Verification",2;11
src/components/tools/PotOddsCalculator.tsx,95,input,onChange={(e) => setBet(Number(e.target.value))},type=number,runtime-or-tooling-source,"Requires Interaction, Error, Authorization And Accessibility Verification",2;11
src/components/tools/PotOddsCalculator.tsx,104,input,onChange={(e) => setOuts(Number(e.target.value))},type=number,runtime-or-tooling-source,"Requires Interaction, Error, Authorization And Accessibility Verification",2;11
src/components/tools/PotOddsCalculator.tsx,151,button,onClick={() => setOuts(4)},,runtime-or-tooling-source,"Requires Interaction, Error, Authorization And Accessibility Verification",2;11
src/components/tools/PotOddsCalculator.tsx,152,button,onClick={() => setOuts(8)},,runtime-or-tooling-source,"Requires Interaction, Error, Authorization And Accessibility Verification",2;11
src/components/tools/PotOddsCalculator.tsx,153,button,onClick={() => setOuts(9)},,runtime-or-tooling-source,"Requires Interaction, Error, Authorization And Accessibility Verification",2;11
src/components/tools/PotOddsCalculator.tsx,154,button,onClick={() => setOuts(15)},,runtime-or-tooling-source,"Requires Interaction, Error, Authorization And Accessibility Verification",2;11
src/components/tooltips/Popover.tsx,24,div,onClick={onClose},,runtime-or-tooling-source,"Requires Interaction, Error, Authorization And Accessibility Verification",11
src/components/tooltips/Tooltip.tsx,68,div,"onMouseEnter={showTooltip}; onMouseLeave={hideTooltip}; onFocus={showTooltip}; onBlur={hideTooltip}; onClick={toggle}; onKeyDown={(e) => {
        if (e.key === 'Enter' || e.key === ' ') {
          e.preventDefault();
          toggle();
        }
      }}",,runtime-or-tooling-source,"Requires Interaction, Error, Authorization And Accessibility Verification",11
src/components/tournament/AddOnModal.tsx,90,div,onClick={onClose},,runtime-or-tooling-source,"Requires Interaction, Error, Authorization And Accessibility Verification",3;11
src/components/tournament/AddOnModal.tsx,91,div,onClick={(e) => e.stopPropagation()},,runtime-or-tooling-source,"Requires Interaction, Error, Authorization And Accessibility Verification",3;11
src/components/tournament/AddOnModal.tsx,94,button,onClick={onClose},,runtime-or-tooling-source,"Requires Interaction, Error, Authorization And Accessibility Verification",3;11
src/components/tournament/AddOnModal.tsx,153,button,onClick={onClose},,runtime-or-tooling-source,"Requires Interaction, Error, Authorization And Accessibility Verification",3;11
src/components/tournament/AddOnModal.tsx,157,button,onClick={handleAddOn},,runtime-or-tooling-source,"Requires Interaction, Error, Authorization And Accessibility Verification",3;11
src/components/tournament/BlindStructureBuilder.tsx,221,button,onClick={() => loadPreset(p)},type=button,runtime-or-tooling-source,"Requires Interaction, Error, Authorization And Accessibility Verification",3;11
src/components/tournament/BlindStructureBuilder.tsx,251,input,onChange={(e) => setAutoInsertBreaks(e.target.checked)},type=checkbox,runtime-or-tooling-source,"Requires Interaction, Error, Authorization And Accessibility Verification",3;11
src/components/tournament/BlindStructureBuilder.tsx,260,select,onChange={(e) => setBreakEvery(Number(e.target.value))},,runtime-or-tooling-source,"Requires Interaction, Error, Authorization And Accessibility Verification",3;11
src/components/tournament/BlindStructureBuilder.tsx,295,input,"onChange={(e) =>
                          updateLevel(index, 'durationMinutes', Number(e.target.value))
                        }",type=number,runtime-or-tooling-source,"Requires Interaction, Error, Authorization And Accessibility Verification",3;11
src/components/tournament/BlindStructureBuilder.tsx,308,button,onClick={() => removeLevel(index)},type=button; title=Remove Break,runtime-or-tooling-source,"Requires Interaction, Error, Authorization And Accessibility Verification",3;11
src/components/tournament/BlindStructureBuilder.tsx,322,input,"onChange={(e) => updateLevel(index, 'smallBlind', Number(e.target.value))}",type=number,runtime-or-tooling-source,"Requires Interaction, Error, Authorization And Accessibility Verification",3;11
src/components/tournament/BlindStructureBuilder.tsx,331,input,"onChange={(e) => updateLevel(index, 'bigBlind', Number(e.target.value))}",type=number,runtime-or-tooling-source,"Requires Interaction, Error, Authorization And Accessibility Verification",3;11
src/components/tournament/BlindStructureBuilder.tsx,340,input,"onChange={(e) => updateLevel(index, 'ante', Number(e.target.value))}",type=number,runtime-or-tooling-source,"Requires Interaction, Error, Authorization And Accessibility Verification",3;11
src/components/tournament/BlindStructureBuilder.tsx,349,input,"onChange={(e) =>
                          updateLevel(index, 'durationMinutes', Number(e.target.value))
                        }",type=number,runtime-or-tooling-source,"Requires Interaction, Error, Authorization And Accessibility Verification",3;11
src/components/tournament/BlindStructureBuilder.tsx,363,button,"onClick={() => moveLevel(index, 'up')}",type=button; title=Move Up,runtime-or-tooling-source,"Requires Interaction, Error, Authorization And Accessibility Verification",3;11
src/components/tournament/BlindStructureBuilder.tsx,372,button,"onClick={() => moveLevel(index, 'down')}",type=button; title=Move Down,runtime-or-tooling-source,"Requires Interaction, Error, Authorization And Accessibility Verification",3;11
src/components/tournament/BlindStructureBuilder.tsx,381,button,onClick={() => insertBreak(index)},type=button; title=Insert Break After,runtime-or-tooling-source,"Requires Interaction, Error, Authorization And Accessibility Verification",3;11
src/components/tournament/BlindStructureBuilder.tsx,389,button,onClick={() => removeLevel(index)},type=button; title=Remove Level,runtime-or-tooling-source,"Requires Interaction, Error, Authorization And Accessibility Verification",3;11
src/components/tournament/BlindStructureBuilder.tsx,408,button,onClick={addLevel},type=button,runtime-or-tooling-source,"Requires Interaction, Error, Authorization And Accessibility Verification",3;11
src/components/tournament/FinalTableOverlay.tsx,134,div,onClick={handleDismiss},,runtime-or-tooling-source,"Requires Interaction, Error, Authorization And Accessibility Verification",3;11
src/components/tournament/HeadsUpOverlay.tsx,62,div,onClick={handleDismiss},,runtime-or-tooling-source,"Requires Interaction, Error, Authorization And Accessibility Verification",3;11
src/components/tournament/HoleCardReveal.tsx,115,div,onClick={handleDismiss},,runtime-or-tooling-source,"Requires Interaction, Error, Authorization And Accessibility Verification",3;11
src/components/tournament/MysteryBountyChest.tsx,694,video,onError={() => setVideoOk(false)},,runtime-or-tooling-source,"Requires Interaction, Error, Authorization And Accessibility Verification",3;11
src/components/tournament/MysteryBountyChest.tsx,722,button,onClick={handleOpenClick}; onPointerDown={() => canTap && setPressed(true)}; onPointerUp={() => setPressed(false)}; onPointerLeave={() => setPressed(false)}; onPointerCancel={() => setPressed(false)},type=button; aria-label={canTap ? 'Tap To Open The Mystery Bounty Chest' : 'Mystery Bounty Chest'},runtime-or-tooling-source,"Requires Interaction, Error, Authorization And Accessibility Verification",3;11
src/components/tournament/MysteryBountyChest.tsx,743,img,onError={() => setArtOk(false)},,runtime-or-tooling-source,"Requires Interaction, Error, Authorization And Accessibility Verification",3;11
src/components/tournament/MysteryBountyPanel.tsx,325,button,onClick={() => setShowAllTiers((v) => !v)},type=button,runtime-or-tooling-source,"Requires Interaction, Error, Authorization And Accessibility Verification",3;11
src/components/tournament/MysteryBountyPanel.tsx,380,button,onClick={() => setShowAllAwards((v) => !v)},type=button,runtime-or-tooling-source,"Requires Interaction, Error, Authorization And Accessibility Verification",3;11
src/components/tournament/MysteryBountyPanel.tsx,403,button,"onClick={() =>
                  setSelectedUserId((prev) => (prev === row.userId ? null : row.userId))
                }",type=button,runtime-or-tooling-source,"Requires Interaction, Error, Authorization And Accessibility Verification",3;11
src/components/tournament/MysteryBountyPanel.tsx,433,button,onClick={() => setSelectedUserId(null)},type=button; aria-label=Close Player Payout,runtime-or-tooling-source,"Requires Interaction, Error, Authorization And Accessibility Verification",3;11
src/components/tournament/PayoutStructureEditor.tsx,86,button,onClick={() => handleTemplateChange(opt.value)},type=button; title={opt.description},runtime-or-tooling-source,"Requires Interaction, Error, Authorization And Accessibility Verification",3;11
src/components/tournament/PayoutStructureEditor.tsx,127,input,"onChange={(e) => updateCustomPayout(i, Number(e.target.value))}",type=number,runtime-or-tooling-source,"Requires Interaction, Error, Authorization And Accessibility Verification",3;11
src/components/tournament/PayoutStructureEditor.tsx,136,button,onClick={() => removeCustomPlace(i)},type=button,runtime-or-tooling-source,"Requires Interaction, Error, Authorization And Accessibility Verification",3;11
src/components/tournament/PayoutStructureEditor.tsx,152,button,onClick={addCustomPlace},type=button,runtime-or-tooling-source,"Requires Interaction, Error, Authorization And Accessibility Verification",3;11
src/components/tournament/RebuyModal.tsx,74,div,onClick={onClose},,runtime-or-tooling-source,"Requires Interaction, Error, Authorization And Accessibility Verification",3;4;11
src/components/tournament/RebuyModal.tsx,75,div,onClick={(e) => e.stopPropagation()},,runtime-or-tooling-source,"Requires Interaction, Error, Authorization And Accessibility Verification",3;4;11
src/components/tournament/RebuyModal.tsx,78,button,onClick={onClose},,runtime-or-tooling-source,"Requires Interaction, Error, Authorization And Accessibility Verification",3;4;11
src/components/tournament/RebuyModal.tsx,123,button,onClick={onClose},,runtime-or-tooling-source,"Requires Interaction, Error, Authorization And Accessibility Verification",3;4;11
src/components/tournament/RebuyModal.tsx,126,button,onClick={handleRebuy},,runtime-or-tooling-source,"Requires Interaction, Error, Authorization And Accessibility Verification",3;4;11
src/components/tournament/RegistrationApprovalsPanel.tsx,184,button,onClick={() => void revoke(a.user_id)},type=button,runtime-or-tooling-source,"Requires Interaction, Error, Authorization And Accessibility Verification",3;11
src/components/tournament/RegistrationApprovalsPanel.tsx,197,input,onChange={(e) => setSearch(e.target.value)},type=search; aria-label=Search Members,runtime-or-tooling-source,"Requires Interaction, Error, Authorization And Accessibility Verification",3;11
src/components/tournament/RegistrationApprovalsPanel.tsx,216,button,onClick={() => void approve(m.userId)},type=button,runtime-or-tooling-source,"Requires Interaction, Error, Authorization And Accessibility Verification",3;11
src/components/tournament/TournamentAutoSeat.tsx,301,button,onClick={() => setBlindingOff(null)},,runtime-or-tooling-source,"Requires Interaction, Error, Authorization And Accessibility Verification",3;8;11
src/components/tournament/TournamentAutoSeat.tsx,304,button,"onClick={() => {
                const id = blindingOff.tableId;
                setBlindingOff(null);
                // Open it as a table tab as well as navigating, so the
                // multi-table layer knows about it — same hop the auto-seat
                // path uses.
                warmTable(id);
                masterBus.emit('TABLE_SEATED', { tableId: id, seat: 0 });
                navigate(`/table/${id}`);
              }}",,runtime-or-tooling-source,"Requires Interaction, Error, Authorization And Accessibility Verification",3;8;11
src/components/tournament/TournamentAutoSeat.tsx,337,button,onClick={() => setBlocked(null)},,runtime-or-tooling-source,"Requires Interaction, Error, Authorization And Accessibility Verification",3;8;11
src/components/tournament/TournamentAutoSeat.tsx,340,button,"onClick={() => {
              const id = blocked.tableId;
              setBlocked(null);
              navigate(`/table/${id}`);
            }}",,runtime-or-tooling-source,"Requires Interaction, Error, Authorization And Accessibility Verification",3;8;11
src/components/tournament/TournamentClock.tsx,446,button,onClick={() => setIsFullscreen(!isFullscreen)},title={isFullscreen ? 'Exit Fullscreen' : 'Enter Fullscreen'},runtime-or-tooling-source,"Requires Interaction, Error, Authorization And Accessibility Verification",3;11
src/components/tournament/TournamentHUD.tsx,331,div,"onClick={onOpen}; onKeyDown={
        onOpen
          ? (e) => {
              if (e.key === 'Enter' || e.key === ' ') {
                e.preventDefault();
                onOpen();
              }
            }
          : undefined
      }",aria-label={onOpen ? 'Tournament Clock - Open Tournament Lobby' : 'Tournament Clock'},runtime-or-tooling-source,"Requires Interaction, Error, Authorization And Accessibility Verification",3;11
src/components/tournament/TournamentInfoPanel.tsx,242,div,onClick={onClose},,runtime-or-tooling-source,"Requires Interaction, Error, Authorization And Accessibility Verification",3;11
src/components/tournament/TournamentInfoPanel.tsx,243,section,onClick={(e) => e.stopPropagation()},aria-label=Tournament Information,runtime-or-tooling-source,"Requires Interaction, Error, Authorization And Accessibility Verification",3;11
src/components/tournament/TournamentInfoPanel.tsx,251,button,onClick={onClose},aria-label=Close,runtime-or-tooling-source,"Requires Interaction, Error, Authorization And Accessibility Verification",3;11
src/components/tournament/TournamentInfoPanel.tsx,282,button,onClick={() => setTab(id)},,runtime-or-tooling-source,"Requires Interaction, Error, Authorization And Accessibility Verification",3;11
src/components/tournament/TournamentLobbyCard.tsx,454,div,onClick={() => navigate(`/tournaments/${tournament.id}`)},,runtime-or-tooling-source,"Requires Interaction, Error, Authorization And Accessibility Verification",3;8;11
src/components/tournament/TournamentLobbyCard.tsx,631,button,,,runtime-or-tooling-source,"Requires Interaction, Error, Authorization And Accessibility Verification",3;8;11
src/components/tournament/TournamentLobbyCard.tsx,647,button,"onClick={(e) => {
              e.stopPropagation();
              navigate(`/tournaments/${tournament.id}?seat=1`);
            }}",,runtime-or-tooling-source,"Requires Interaction, Error, Authorization And Accessibility Verification",3;8;11
src/components/tournament/TournamentLobbyCard.tsx,661,button,"onClick={(e) => {
                e.stopPropagation();
                handleUnregister();
              }}",,runtime-or-tooling-source,"Requires Interaction, Error, Authorization And Accessibility Verification",3;8;11
src/components/tournament/TournamentLobbyCard.tsx,671,button,"onClick={(e) => {
                e.stopPropagation();
                handleRegister();
              }}",,runtime-or-tooling-source,"Requires Interaction, Error, Authorization And Accessibility Verification",3;8;11
src/components/tournament/TournamentLobbyCard.tsx,696,button,"onClick={(e) => {
              e.stopPropagation();
              /* 2026-08-25, second audit: both labels navigated to the
                 details page, so a button that says ""Watch"" dropped the player
                 on a screen where they still had to find the real WATCH
                 button. This card has only a tournament id — it cannot know
                 which table is featured without a query per card — so it hands
                 the intent along in the URL and the details page acts on it
                 the moment its featured table resolves. */
              navigate(
                isRegistered
                  ? `/tournaments/${tournament.id}`
                  : `/tournaments/${tournament.id}?watch=1`
              );
            }}",,runtime-or-tooling-source,"Requires Interaction, Error, Authorization And Accessibility Verification",3;8;11
src/components/tournament/TournamentRankingCard.tsx,334,button,onClick={onDismiss},aria-label=Close,runtime-or-tooling-source,"Requires Interaction, Error, Authorization And Accessibility Verification",3;11
src/components/tournament/TournamentRankingCard.tsx,381,img,"onError={(e) => {
              (e.target as HTMLImageElement).src = generateDefaultAvatar();
            }}",,runtime-or-tooling-source,"Requires Interaction, Error, Authorization And Accessibility Verification",3;11
src/components/tournament/TournamentRankingCard.tsx,514,button,onClick={() => void handleShare()},,runtime-or-tooling-source,"Requires Interaction, Error, Authorization And Accessibility Verification",3;11
src/components/tournament/TournamentRankingCard.tsx,517,button,onClick={handlePlayAgain},,runtime-or-tooling-source,"Requires Interaction, Error, Authorization And Accessibility Verification",3;11
src/components/tournament/TournamentRankingHost.tsx,300,TournamentRankingCard,onDismiss={close}; onPlayAgain={playAgain},,runtime-or-tooling-source,"Requires Interaction, Error, Authorization And Accessibility Verification",3;11
src/components/tournament/TournamentStartingTicker.tsx,911,button,"onClick={() => {
          if (targetId) navigate(`/tournaments/${targetId}`);
          else if (primaryOperational?.tableId) navigate(`/table/${primaryOperational.tableId}`);
          else if (!showingCustom && !showingService) navigate('/tournaments');
        }}",title={`Register For ${formatGameTitle(targetName)}`},runtime-or-tooling-source,"Requires Interaction, Error, Authorization And Accessibility Verification",3;11
src/components/tournament/TournamentStartingTicker.tsx,931,button,"onClick={() => {
          if (primaryOverlay) dismissOverlay(primaryOverlay.id);
          else if (primary) dismiss(primary.id);
          else if (primaryOperational)
            setOperationalMessages((items) =>
              items.filter((item) => item.id !== primaryOperational.id)
            );
          else if (showingService) setServiceDismissed(true);
          else if (showingCustom) setCustomDismissed(true);
        }}",aria-label={`Dismiss The Announcement For ${targetName}`},runtime-or-tooling-source,"Requires Interaction, Error, Authorization And Accessibility Verification",3;11
src/components/tournament/WeeklyScheduleEditor.tsx,81,button,onClick={() => toggleDay(day)},type=button; title={DAY_NAMES[day]},runtime-or-tooling-source,"Requires Interaction, Error, Authorization And Accessibility Verification",3;11
src/components/tournament/WeeklyScheduleEditor.tsx,96,input,"onChange={() => onChange({ ...value, mode: 'times' })}",type=radio,runtime-or-tooling-source,"Requires Interaction, Error, Authorization And Accessibility Verification",3;11
src/components/tournament/WeeklyScheduleEditor.tsx,104,input,"onChange={() => onChange({ ...value, mode: 'interval' })}",type=radio,runtime-or-tooling-source,"Requires Interaction, Error, Authorization And Accessibility Verification",3;11
src/components/tournament/WeeklyScheduleEditor.tsx,117,input,"onChange={(e) => setTime(i, e.target.value)}",type=time,runtime-or-tooling-source,"Requires Interaction, Error, Authorization And Accessibility Verification",3;11
src/components/tournament/WeeklyScheduleEditor.tsx,124,button,"onClick={() =>
                    onChange({
                      ...value,
                      startTimesUtc: value.startTimesUtc.filter((_, j) => j !== i),
                    })
                  }",type=button; aria-label=Remove This Start Time,runtime-or-tooling-source,"Requires Interaction, Error, Authorization And Accessibility Verification",3;11
src/components/tournament/WeeklyScheduleEditor.tsx,140,button,"onClick={() => onChange({ ...value, startTimesUtc: [...value.startTimesUtc, '20:00'] })}",type=button,runtime-or-tooling-source,"Requires Interaction, Error, Authorization And Accessibility Verification",3;11
src/components/tournament/WeeklyScheduleEditor.tsx,151,input,"onChange={(e) =>
              onChange({ ...value, intervalMinutes: Math.round(Number(e.target.value) || 0) })
            }",type=number,runtime-or-tooling-source,"Requires Interaction, Error, Authorization And Accessibility Verification",3;11
src/components/tournament/details/DetailOverviewTab.tsx,834,button,onClick={handleVoteForDeal},type=button; aria-label=Vote To Split The Remaining Prize Pool,runtime-or-tooling-source,"Requires Interaction, Error, Authorization And Accessibility Verification",3;11
src/components/tournament/details/DetailOverviewTab.tsx,888,button,onClick={() => onOpenTab('rewards')},type=button,runtime-or-tooling-source,"Requires Interaction, Error, Authorization And Accessibility Verification",3;11
src/components/tournament/details/DetailOverviewTab.tsx,911,button,onClick={satRetry},type=button,runtime-or-tooling-source,"Requires Interaction, Error, Authorization And Accessibility Verification",3;11
src/components/tournament/details/EntriesTab.tsx,428,button,onClick={() => onWatchPlayer?.(entry.table_id as string)},type=button; aria-label={`Watch ${entry.username} At Their Table`},runtime-or-tooling-source,"Requires Interaction, Error, Authorization And Accessibility Verification",3;11
src/components/tournament/details/RankingTab.tsx,288,button,onClick={() => onPick(entry)},"type=button; aria-label={`Watch ${entry.username}, ${chips(stack)} Chips`}",runtime-or-tooling-source,"Requires Interaction, Error, Authorization And Accessibility Verification",3;11
src/components/tournament/details/RankingTab.tsx,362,div,onMouseDown={onCancel},,runtime-or-tooling-source,"Requires Interaction, Error, Authorization And Accessibility Verification",3;11
src/components/tournament/details/RankingTab.tsx,363,div,onMouseDown={(ev) => ev.stopPropagation()},,runtime-or-tooling-source,"Requires Interaction, Error, Authorization And Accessibility Verification",3;11
src/components/tournament/details/RankingTab.tsx,398,button,onClick={onCancel},type=button,runtime-or-tooling-source,"Requires Interaction, Error, Authorization And Accessibility Verification",3;11
src/components/tournament/details/RankingTab.tsx,401,button,onClick={onConfirm},type=button,runtime-or-tooling-source,"Requires Interaction, Error, Authorization And Accessibility Verification",3;11
src/components/tournament/details/RankingTab.tsx,959,button,onClick={() => setDownlineOnly((on) => !on)},type=button,runtime-or-tooling-source,"Requires Interaction, Error, Authorization And Accessibility Verification",3;11
src/components/tournament/details/RankingTab.tsx,985,RankRow,onPick={handlePick},,runtime-or-tooling-source,"Requires Interaction, Error, Authorization And Accessibility Verification",3;11
src/components/tournament/details/RankingTab.tsx,1006,WatchModal,onCancel={() => setPicked(null)}; onConfirm={confirmWatch},,runtime-or-tooling-source,"Requires Interaction, Error, Authorization And Accessibility Verification",3;11
src/components/tournament/details/SatellitesTab.tsx,42,button,onClick={retry},type=button,runtime-or-tooling-source,"Requires Interaction, Error, Authorization And Accessibility Verification",3;11
src/components/tournament/details/TablesTab.tsx,281,button,onPointerEnter={() => warmTable(table.id)}; onTouchStart={() => warmTable(table.id)}; onFocus={() => warmTable(table.id)}; onClick={() => onOpen(table)},"type=button; aria-label={`Watch ${table.name || `Table ${displayNumber}`}, ${seatText} Players Seated`}",runtime-or-tooling-source,"Requires Interaction, Error, Authorization And Accessibility Verification",3;11
src/components/tournament/details/TablesTab.tsx,494,TableRow,onOpen={handleOpen},,runtime-or-tooling-source,"Requires Interaction, Error, Authorization And Accessibility Verification",3;11
src/components/tournament/details/UnionsTab.tsx,213,img,onError={() => setBroken(true)},,runtime-or-tooling-source,"Requires Interaction, Error, Authorization And Accessibility Verification",3;10;11
src/components/tournament/details/UnionsTab.tsx,235,img,onError={() => setBroken(true)},,runtime-or-tooling-source,"Requires Interaction, Error, Authorization And Accessibility Verification",3;10;11
src/components/tournament/details/UnionsTab.tsx,294,button,onClick={() => onToggle(key)},type=button,runtime-or-tooling-source,"Requires Interaction, Error, Authorization And Accessibility Verification",3;10;11
src/components/tournament/details/UnionsTab.tsx,759,button,onClick={retry},type=button,runtime-or-tooling-source,"Requires Interaction, Error, Authorization And Accessibility Verification",3;10;11
src/components/tournament/details/UnionsTab.tsx,816,ClubCard,onToggle={toggle},,runtime-or-tooling-source,"Requires Interaction, Error, Authorization And Accessibility Verification",3;10;11
src/components/tournament/signUpDialog.tsx,321,div,"onClick={() => settle(id, false)}",,runtime-or-tooling-source,"Requires Interaction, Error, Authorization And Accessibility Verification",3;11
src/components/tournament/signUpDialog.tsx,322,div,onClick={(e) => e.stopPropagation()},,runtime-or-tooling-source,"Requires Interaction, Error, Authorization And Accessibility Verification",3;11
src/components/tournament/signUpDialog.tsx,331,button,"onClick={() => settle(id, false)}",type=button; aria-label=Close,runtime-or-tooling-source,"Requires Interaction, Error, Authorization And Accessibility Verification",3;11
src/components/tournament/signUpDialog.tsx,398,button,"onClick={() => settle(id, false)}",type=button,runtime-or-tooling-source,"Requires Interaction, Error, Authorization And Accessibility Verification",3;11
src/components/tournament/signUpDialog.tsx,401,button,"onClick={() => settle(id, true)}",type=button,runtime-or-tooling-source,"Requires Interaction, Error, Authorization And Accessibility Verification",3;11
src/components/training/GTOHint.tsx,34,div,onClick={onToggle},,runtime-or-tooling-source,"Requires Interaction, Error, Authorization And Accessibility Verification",11
src/components/training/RangeViewer.tsx,45,div,"onMouseEnter={() => setHoveredHand(hand)}; onMouseLeave={() => setHoveredHand(null)}; onFocus={() => setHoveredHand(hand)}; onBlur={() => setHoveredHand(null)}; onClick={() => {
          setHoveredHand((cur) => (cur === hand ? null : hand));
          onCellClick?.(hand);
        }}; onKeyDown={(e) => {
          if (e.key === 'Enter' || e.key === ' ') {
            e.preventDefault();
            setHoveredHand(hand);
            onCellClick?.(hand);
          }
        }}","aria-label={freq > 0 ? `${hand}, Played ${freq}%` : hand}",runtime-or-tooling-source,"Requires Interaction, Error, Authorization And Accessibility Verification",11
src/components/union/CreateUnionModal.tsx,49,div,"onClick={(e) => {
        if (e.target === e.currentTarget) onClose();
      }}",,runtime-or-tooling-source,"Requires Interaction, Error, Authorization And Accessibility Verification",10;11
src/components/union/CreateUnionModal.tsx,58,button,onClick={onClose},,runtime-or-tooling-source,"Requires Interaction, Error, Authorization And Accessibility Verification",10;11
src/components/union/CreateUnionModal.tsx,63,form,onSubmit={handleSubmit},,runtime-or-tooling-source,"Requires Interaction, Error, Authorization And Accessibility Verification",10;11
src/components/union/CreateUnionModal.tsx,67,input,onChange={(e) => setName(e.target.value)},type=text,runtime-or-tooling-source,"Requires Interaction, Error, Authorization And Accessibility Verification",10;11
src/components/union/CreateUnionModal.tsx,79,textarea,onChange={(e) => setDescription(e.target.value)},,runtime-or-tooling-source,"Requires Interaction, Error, Authorization And Accessibility Verification",10;11
src/components/union/CreateUnionModal.tsx,90,button,onClick={onClose},type=button,runtime-or-tooling-source,"Requires Interaction, Error, Authorization And Accessibility Verification",10;11
src/components/union/CreateUnionModal.tsx,93,button,,type=submit,runtime-or-tooling-source,"Requires Interaction, Error, Authorization And Accessibility Verification",10;11
src/components/union/UnionAgentStatements.tsx,104,input,onChange={(e) => setQ(e.target.value)},,runtime-or-tooling-source,"Requires Interaction, Error, Authorization And Accessibility Verification",9;10;11
src/components/union/UnionAgentStatements.tsx,117,button,onClick={() => void load()},,runtime-or-tooling-source,"Requires Interaction, Error, Authorization And Accessibility Verification",9;10;11
src/components/union/UnionClubGovernance.tsx,72,button,onClick={() => void check()},,runtime-or-tooling-source,"Requires Interaction, Error, Authorization And Accessibility Verification",10;11
src/components/union/UnionClubGovernance.tsx,89,div,onClick={() => !busy && setOpen(false)},,runtime-or-tooling-source,"Requires Interaction, Error, Authorization And Accessibility Verification",10;11
src/components/union/UnionClubGovernance.tsx,102,div,onClick={(e) => e.stopPropagation()},,runtime-or-tooling-source,"Requires Interaction, Error, Authorization And Accessibility Verification",10;11
src/components/union/UnionClubGovernance.tsx,154,input,onChange={(e) => setReason(e.target.value)},,runtime-or-tooling-source,"Requires Interaction, Error, Authorization And Accessibility Verification",10;11
src/components/union/UnionClubGovernance.tsx,170,button,onClick={() => setOpen(false)},,runtime-or-tooling-source,"Requires Interaction, Error, Authorization And Accessibility Verification",10;11
src/components/union/UnionClubGovernance.tsx,185,button,onClick={() => void expel(true)},,runtime-or-tooling-source,"Requires Interaction, Error, Authorization And Accessibility Verification",10;11
src/components/union/UnionClubGovernance.tsx,200,button,onClick={() => void expel(false)},,runtime-or-tooling-source,"Requires Interaction, Error, Authorization And Accessibility Verification",10;11
src/components/union/UnionOpsPanel.tsx,154,button,onClick={() => void load()},,runtime-or-tooling-source,"Requires Interaction, Error, Authorization And Accessibility Verification",10;11
src/components/union/UnionOpsPanel.tsx,182,button,onClick={() => setTab(id)},,runtime-or-tooling-source,"Requires Interaction, Error, Authorization And Accessibility Verification",10;11
src/components/union/UnionOpsPanel.tsx,199,button,onClick={() => void load()},,runtime-or-tooling-source,"Requires Interaction, Error, Authorization And Accessibility Verification",10;11
src/components/union/UnionOpsPanel.tsx,344,button,onClick={() => void openPreview()},,runtime-or-tooling-source,"Requires Interaction, Error, Authorization And Accessibility Verification",10;11
src/components/union/UnionOpsPanel.tsx,412,SettlementConfirm,onCancel={() => setConfirming(false)}; onConfirm={() => void runCascade()},,runtime-or-tooling-source,"Requires Interaction, Error, Authorization And Accessibility Verification",10;11
src/components/union/UnionOpsPanel.tsx,452,button,onClick={() => void runSweep()},,runtime-or-tooling-source,"Requires Interaction, Error, Authorization And Accessibility Verification",10;11
src/components/union/UnionOpsPanel.tsx,498,div,onClick={() => !busy && onCancel()},,runtime-or-tooling-source,"Requires Interaction, Error, Authorization And Accessibility Verification",10;11
src/components/union/UnionOpsPanel.tsx,511,div,onClick={(e) => e.stopPropagation()},,runtime-or-tooling-source,"Requires Interaction, Error, Authorization And Accessibility Verification",10;11
src/components/union/UnionOpsPanel.tsx,602,button,onClick={onCancel},,runtime-or-tooling-source,"Requires Interaction, Error, Authorization And Accessibility Verification",10;11
src/components/union/UnionOpsPanel.tsx,616,button,onClick={onConfirm},,runtime-or-tooling-source,"Requires Interaction, Error, Authorization And Accessibility Verification",10;11
src/components/union/UnionTreasuryDetailModal.tsx,320,div,onClick={onClose},aria-label={title},runtime-or-tooling-source,"Requires Interaction, Error, Authorization And Accessibility Verification",10;11
src/components/union/UnionTreasuryDetailModal.tsx,337,div,onClick={(e) => e.stopPropagation()},,runtime-or-tooling-source,"Requires Interaction, Error, Authorization And Accessibility Verification",10;11
src/components/union/UnionTreasuryDetailModal.tsx,362,button,onClick={onSendFrom},,runtime-or-tooling-source,"Requires Interaction, Error, Authorization And Accessibility Verification",10;11
src/components/union/UnionTreasuryDetailModal.tsx,366,button,onClick={onClose},,runtime-or-tooling-source,"Requires Interaction, Error, Authorization And Accessibility Verification",10;11
src/components/union/UnionTreasuryDetailModal.tsx,511,select,onChange={(e) => setDest(e.target.value as 'main' | 'promo')},aria-label=Destination,runtime-or-tooling-source,"Requires Interaction, Error, Authorization And Accessibility Verification",10;11
src/components/union/UnionTreasuryDetailModal.tsx,521,input,onChange={(e) => setAmount(e.target.value)},type=number; aria-label=Amount To Move,runtime-or-tooling-source,"Requires Interaction, Error, Authorization And Accessibility Verification",10;11
src/components/union/UnionTreasuryDetailModal.tsx,533,button,onClick={() => void moveBackup()},,runtime-or-tooling-source,"Requires Interaction, Error, Authorization And Accessibility Verification",10;11
src/components/union/UnionTreasuryDetailModal.tsx,540,button,onClick={() => setAmount(String(bbj.banks.backup))},,runtime-or-tooling-source,"Requires Interaction, Error, Authorization And Accessibility Verification",10;11
src/components/union/UnionWalletModal.tsx,649,div,onClick={requestClose},aria-label={`${walletLabel} Cashier`},runtime-or-tooling-source,"Requires Interaction, Error, Authorization And Accessibility Verification",4;10;11
src/components/union/UnionWalletModal.tsx,656,div,onClick={(e) => e.stopPropagation()},,runtime-or-tooling-source,"Requires Interaction, Error, Authorization And Accessibility Verification",4;10;11
src/components/union/UnionWalletModal.tsx,681,button,onClick={requestClose},aria-label=Close,runtime-or-tooling-source,"Requires Interaction, Error, Authorization And Accessibility Verification",4;10;11
src/components/union/UnionWalletModal.tsx,695,button,"onClick={() => {
                  setMode(m);
                  setTarget(null);
                  setNotice(null);
                }}",,runtime-or-tooling-source,"Requires Interaction, Error, Authorization And Accessibility Verification",4;10;11
src/components/union/UnionWalletModal.tsx,725,button,onClick={() => setKind(k)},,runtime-or-tooling-source,"Requires Interaction, Error, Authorization And Accessibility Verification",4;10;11
src/components/union/UnionWalletModal.tsx,753,input,onChange={(e) => setSearch(e.target.value)},id=uwm-search; aria-label=Search Clubs Or Members,runtime-or-tooling-source,"Requires Interaction, Error, Authorization And Accessibility Verification",4;10;11
src/components/union/UnionWalletModal.tsx,767,button,onClick={() => setDirectoryReload((value) => value + 1)},type=button,runtime-or-tooling-source,"Requires Interaction, Error, Authorization And Accessibility Verification",4;10;11
src/components/union/UnionWalletModal.tsx,785,button,"onClick={() => !blocked && setTarget({ type: 'club', data: c })}",title={blocked ? (clubRefusal ?? undefined) : undefined},runtime-or-tooling-source,"Requires Interaction, Error, Authorization And Accessibility Verification",4;10;11
src/components/union/UnionWalletModal.tsx,831,button,"onClick={() =>
                                  !isDisabled && setTarget({ type: 'member', data: r })
                                }","title={
                                  isDisabled
                                    ? 'Member Clawbacks Must Be Performed By The Club Owner.'
                                    : undefined
                                }",runtime-or-tooling-source,"Requires Interaction, Error, Authorization And Accessibility Verification",4;10;11
src/components/union/UnionWalletModal.tsx,882,input,onChange={(e) => setAmount(e.target.value)},id=uwm-amount; type=number; aria-label={mode === 'pull' ? 'Chips To Pull Back' : 'Amount To Send'},runtime-or-tooling-source,"Requires Interaction, Error, Authorization And Accessibility Verification",4;10;11
src/components/union/UnionWalletModal.tsx,893,button,onClick={() => void send()},,runtime-or-tooling-source,"Requires Interaction, Error, Authorization And Accessibility Verification",4;10;11
src/components/union/UnionWalletModal.tsx,988,button,onClick={() => void loadLedger(ledger.length)},,runtime-or-tooling-source,"Requires Interaction, Error, Authorization And Accessibility Verification",4;10;11
src/components/upload/FileUpload.tsx,36,div,onClick={handleClick},,runtime-or-tooling-source,"Requires Interaction, Error, Authorization And Accessibility Verification",11
src/components/upload/FileUpload.tsx,37,input,onChange={handleChange},type=file,runtime-or-tooling-source,"Requires Interaction, Error, Authorization And Accessibility Verification",11
src/components/upload/ImageUpload.tsx,22,input,onChange={handleChange},type=file,runtime-or-tooling-source,"Requires Interaction, Error, Authorization And Accessibility Verification",11
src/components/upload/ImageUpload.tsx,32,button,"onClick={(e) => {
            e.preventDefault();
            onChange(null);
          }}",,runtime-or-tooling-source,"Requires Interaction, Error, Authorization And Accessibility Verification",11
src/components/vip/DiamondTopUpModal.tsx,143,div,onClick={onClose},,runtime-or-tooling-source,"Requires Interaction, Error, Authorization And Accessibility Verification",4;11
src/components/vip/DiamondTopUpModal.tsx,144,div,onClick={(e) => e.stopPropagation()},,runtime-or-tooling-source,"Requires Interaction, Error, Authorization And Accessibility Verification",4;11
src/components/vip/DiamondTopUpModal.tsx,159,button,onClick={onClose},aria-label=Close Diamond Store,runtime-or-tooling-source,"Requires Interaction, Error, Authorization And Accessibility Verification",4;11
src/components/vip/DiamondTopUpModal.tsx,207,button,onClick={() => handlePurchase(pkg)},"aria-label={`Buy ${pkg.name}, ${(pkg.diamonds + pkg.bonus).toLocaleString()} Diamonds For $${pkg.priceUsd.toFixed(2)}`}",runtime-or-tooling-source,"Requires Interaction, Error, Authorization And Accessibility Verification",4;11
src/components/vip/RewardsMarketplace.tsx,304,button,onClick={() => handleRedeem(featuredReward)},,runtime-or-tooling-source,"Requires Interaction, Error, Authorization And Accessibility Verification",11
src/components/vip/RewardsMarketplace.tsx,322,button,onClick={() => setActiveCategory(cat.id as CategoryFilter)},,runtime-or-tooling-source,"Requires Interaction, Error, Authorization And Accessibility Verification",11
src/components/vip/RewardsMarketplace.tsx,336,select,onChange={(e) => setSortBy(e.target.value as SortOption)},id=sort-select,runtime-or-tooling-source,"Requires Interaction, Error, Authorization And Accessibility Verification",11
src/components/vip/RewardsMarketplace.tsx,376,button,onClick={() => handleRedeem(reward)},,runtime-or-tooling-source,"Requires Interaction, Error, Authorization And Accessibility Verification",11
src/components/vip/VIPActivityHistory.tsx,118,button,onClick={() => setActiveFilter(filter)},,runtime-or-tooling-source,"Requires Interaction, Error, Authorization And Accessibility Verification",9;11
src/components/vip/VIPCardsModal.tsx,110,div,onClick={onClose},,runtime-or-tooling-source,"Requires Interaction, Error, Authorization And Accessibility Verification",11
src/components/vip/VIPCardsModal.tsx,111,div,onClick={(e) => e.stopPropagation()},,runtime-or-tooling-source,"Requires Interaction, Error, Authorization And Accessibility Verification",11
src/components/vip/VIPCardsModal.tsx,115,button,onClick={onClose},,runtime-or-tooling-source,"Requires Interaction, Error, Authorization And Accessibility Verification",11
src/components/vip/VIPCardsModal.tsx,189,a,,,runtime-or-tooling-source,"Requires Interaction, Error, Authorization And Accessibility Verification",11
src/components/waitlist/WaitlistManager.tsx,260,img,"onError={(e) => {
                      (e.target as HTMLImageElement).src = generateDefaultAvatar();
                    }}",,runtime-or-tooling-source,"Requires Interaction, Error, Authorization And Accessibility Verification",8;11
src/components/waitlist/WaitlistManager.tsx,278,button,onClick={() => handleSeatPlayer(entry)},,runtime-or-tooling-source,"Requires Interaction, Error, Authorization And Accessibility Verification",8;11
src/components/waitlist/WaitlistManager.tsx,283,button,"onClick={() =>
                    entry.userId === currentUserId ? handleLeave() : handleRemove(entry)
                  }",,runtime-or-tooling-source,"Requires Interaction, Error, Authorization And Accessibility Verification",8;11
src/components/waitlist/WaitlistManager.tsx,298,button,onClick={handleJoin},,runtime-or-tooling-source,"Requires Interaction, Error, Authorization And Accessibility Verification",8;11
src/components/waitlist/WaitlistManager.tsx,314,button,onClick={handleLeave},,runtime-or-tooling-source,"Requires Interaction, Error, Authorization And Accessibility Verification",8;11
src/components/wallet/CashoutRequestModal.tsx,467,div,onClick={closeIfIdle},,runtime-or-tooling-source,"Requires Interaction, Error, Authorization And Accessibility Verification",1;4;11
src/components/wallet/CashoutRequestModal.tsx,474,div,onClick={(e) => e.stopPropagation()},,runtime-or-tooling-source,"Requires Interaction, Error, Authorization And Accessibility Verification",1;4;11
src/components/wallet/CashoutRequestModal.tsx,480,button,onClick={closeIfIdle},,runtime-or-tooling-source,"Requires Interaction, Error, Authorization And Accessibility Verification",1;4;11
src/components/wallet/CashoutRequestModal.tsx,517,button,onClick={() => handleCancel(cashout.id)},type=button,runtime-or-tooling-source,"Requires Interaction, Error, Authorization And Accessibility Verification",1;4;11
src/components/wallet/CashoutRequestModal.tsx,544,input,onChange={(e) => setAmount(e.target.value)},id=cashout-amount; type=number,runtime-or-tooling-source,"Requires Interaction, Error, Authorization And Accessibility Verification",1;4;11
src/components/wallet/CashoutRequestModal.tsx,559,button,onClick={() => setAmount(String(Math.floor((currentBalance * pct) / 100)))},type=button,runtime-or-tooling-source,"Requires Interaction, Error, Authorization And Accessibility Verification",1;4;11
src/components/wallet/CashoutRequestModal.tsx,572,button,onClick={() => setAmount(String(Math.floor(currentBalance)))},type=button,runtime-or-tooling-source,"Requires Interaction, Error, Authorization And Accessibility Verification",1;4;11
src/components/wallet/CashoutRequestModal.tsx,584,textarea,onChange={(e) => setNote(e.target.value)},id=cashout-note,runtime-or-tooling-source,"Requires Interaction, Error, Authorization And Accessibility Verification",1;4;11
src/components/wallet/CashoutRequestModal.tsx,595,button,onClick={handleSubmit},,runtime-or-tooling-source,"Requires Interaction, Error, Authorization And Accessibility Verification",1;4;11
src/components/wallet/ChipMintModal.tsx,265,div,onClick={() => !busy && onClose()},aria-label=Chip Mint,runtime-or-tooling-source,"Requires Interaction, Error, Authorization And Accessibility Verification",4;11
src/components/wallet/ChipMintModal.tsx,272,div,onClick={(e) => e.stopPropagation()},,runtime-or-tooling-source,"Requires Interaction, Error, Authorization And Accessibility Verification",4;11
src/components/wallet/ChipMintModal.tsx,305,input,onChange={(e) => setDiamondsAndResetKey(e.target.value)},type=number; aria-label=Diamonds To Convert,runtime-or-tooling-source,"Requires Interaction, Error, Authorization And Accessibility Verification",4;11
src/components/wallet/ChipMintModal.tsx,319,button,onClick={() => setDiamondsAndResetKey(String(q))},,runtime-or-tooling-source,"Requires Interaction, Error, Authorization And Accessibility Verification",4;11
src/components/wallet/ChipMintModal.tsx,327,button,onClick={() => setDiamondsAndResetKey(String(balance ?? 0))},,runtime-or-tooling-source,"Requires Interaction, Error, Authorization And Accessibility Verification",4;11
src/components/wallet/ChipMintModal.tsx,348,button,onClick={onClose},,runtime-or-tooling-source,"Requires Interaction, Error, Authorization And Accessibility Verification",4;11
src/components/wallet/ChipMintModal.tsx,352,button,onClick={mint},,runtime-or-tooling-source,"Requires Interaction, Error, Authorization And Accessibility Verification",4;11
src/components/wallet/ChipStatement.tsx,261,button,onClick={() => loadFirst()},type=button,runtime-or-tooling-source,"Requires Interaction, Error, Authorization And Accessibility Verification",4;9;11
src/components/wallet/ChipStatement.tsx,355,button,onClick={loadMore},type=button,runtime-or-tooling-source,"Requires Interaction, Error, Authorization And Accessibility Verification",4;9;11
src/components/wallet/DepositWithdrawModal.tsx,474,div,onClick={handleClose},,runtime-or-tooling-source,"Requires Interaction, Error, Authorization And Accessibility Verification",4;11
src/components/wallet/DepositWithdrawModal.tsx,481,div,onClick={(e) => e.stopPropagation()},,runtime-or-tooling-source,"Requires Interaction, Error, Authorization And Accessibility Verification",4;11
src/components/wallet/DepositWithdrawModal.tsx,501,button,onClick={() => setStep('amount')},,runtime-or-tooling-source,"Requires Interaction, Error, Authorization And Accessibility Verification",4;11
src/components/wallet/DepositWithdrawModal.tsx,505,button,onClick={handleClose},,runtime-or-tooling-source,"Requires Interaction, Error, Authorization And Accessibility Verification",4;11
src/components/wallet/DepositWithdrawModal.tsx,536,input,onChange={(e) => setAmount(e.target.value)},type=number,runtime-or-tooling-source,"Requires Interaction, Error, Authorization And Accessibility Verification",4;11
src/components/wallet/DepositWithdrawModal.tsx,547,button,onClick={() => setAmount(qa.toString())},,runtime-or-tooling-source,"Requires Interaction, Error, Authorization And Accessibility Verification",4;11
src/components/wallet/DepositWithdrawModal.tsx,601,input,onChange={(e) => setWithdrawAddress(e.target.value)},type=text,runtime-or-tooling-source,"Requires Interaction, Error, Authorization And Accessibility Verification",4;11
src/components/wallet/DepositWithdrawModal.tsx,610,button,onClick={handleAmountSubmit},,runtime-or-tooling-source,"Requires Interaction, Error, Authorization And Accessibility Verification",4;11
src/components/wallet/DepositWithdrawModal.tsx,696,button,onClick={handleConfirm},,runtime-or-tooling-source,"Requires Interaction, Error, Authorization And Accessibility Verification",4;11
src/components/wallet/DepositWithdrawModal.tsx,762,button,onClick={handleClose},,runtime-or-tooling-source,"Requires Interaction, Error, Authorization And Accessibility Verification",4;11
src/components/wallet/DiamondWalletModal.tsx,356,div,onClick={onClose},,runtime-or-tooling-source,"Requires Interaction, Error, Authorization And Accessibility Verification",4;11
src/components/wallet/DiamondWalletModal.tsx,362,button,onClick={onClose},,runtime-or-tooling-source,"Requires Interaction, Error, Authorization And Accessibility Verification",4;11
src/components/wallet/DiamondWalletModal.tsx,376,button,"onClick={() => {
              onClose();
              onBuyClick?.();
            }}",,runtime-or-tooling-source,"Requires Interaction, Error, Authorization And Accessibility Verification",4;11
src/components/wallet/DiamondWalletModal.tsx,390,button,onClick={() => setFilter(opt.value)},,runtime-or-tooling-source,"Requires Interaction, Error, Authorization And Accessibility Verification",4;11
src/components/wallet/DiamondWalletModal.tsx,413,button,onClick={() => fetchTransactions()},,runtime-or-tooling-source,"Requires Interaction, Error, Authorization And Accessibility Verification",4;11
src/components/wallet/DisputeSubmitModal.tsx,131,div,onClick={closeIfIdle},aria-label=Submit A Dispute,runtime-or-tooling-source,"Requires Interaction, Error, Authorization And Accessibility Verification",4;10;11
src/components/wallet/DisputeSubmitModal.tsx,148,div,onClick={(e) => e.stopPropagation()},,runtime-or-tooling-source,"Requires Interaction, Error, Authorization And Accessibility Verification",4;10;11
src/components/wallet/DisputeSubmitModal.tsx,178,select,onChange={(e) => setTargetType(e.target.value as DisputeTarget)},,runtime-or-tooling-source,"Requires Interaction, Error, Authorization And Accessibility Verification",4;10;11
src/components/wallet/DisputeSubmitModal.tsx,205,input,onChange={(e) => setTargetId(e.target.value)},type=text,runtime-or-tooling-source,"Requires Interaction, Error, Authorization And Accessibility Verification",4;10;11
src/components/wallet/DisputeSubmitModal.tsx,230,input,onChange={(e) => setAmount(e.target.value)},type=number,runtime-or-tooling-source,"Requires Interaction, Error, Authorization And Accessibility Verification",4;10;11
src/components/wallet/DisputeSubmitModal.tsx,255,textarea,onChange={(e) => setReason(e.target.value)},,runtime-or-tooling-source,"Requires Interaction, Error, Authorization And Accessibility Verification",4;10;11
src/components/wallet/DisputeSubmitModal.tsx,276,button,onClick={closeIfIdle},,runtime-or-tooling-source,"Requires Interaction, Error, Authorization And Accessibility Verification",4;10;11
src/components/wallet/DisputeSubmitModal.tsx,293,button,onClick={handleSubmit},,runtime-or-tooling-source,"Requires Interaction, Error, Authorization And Accessibility Verification",4;10;11
src/components/wallet/DynamicWallet.tsx,1560,button,"onClick={() => {
            setFetchError(false);
            fetchData();
          }}",aria-label=Retry Loading Wallet Data; title=Failed To Load - Tap To Retry,runtime-or-tooling-source,"Requires Interaction, Error, Authorization And Accessibility Verification",4;11
src/components/wallet/DynamicWallet.tsx,1575,div,onClick={bbjClickable ? onOpenBBJ : undefined}; onKeyDown={bbjClickable ? handleBbjKeyDown : undefined},aria-label={`Bad Beat Jackpot: ${data.bbjPool === 0 ? 'No Pool' : formatBalance(data.bbjPool)}`},runtime-or-tooling-source,"Requires Interaction, Error, Authorization And Accessibility Verification",4;11
src/components/wallet/DynamicWallet.tsx,1615,div,"onClick={compactLobby ? onBuyDiamonds : undefined}; onKeyDown={
            compactLobby && onBuyDiamonds
              ? (e) => {
                  if (e.key === 'Enter' || e.key === ' ') {
                    e.preventDefault();
                    onBuyDiamonds();
                  }
                }
              : undefined
          }",aria-label={compactLobby && onBuyDiamonds ? 'Open Diamond Wallet' : undefined},runtime-or-tooling-source,"Requires Interaction, Error, Authorization And Accessibility Verification",4;11
src/components/wallet/DynamicWallet.tsx,1640,button,"onClick={(e) => {
                e.stopPropagation();
                onBuyDiamonds();
              }}",aria-label=Buy Diamonds,runtime-or-tooling-source,"Requires Interaction, Error, Authorization And Accessibility Verification",4;11
src/components/wallet/DynamicWallet.tsx,1659,div,"onClick={row.onOpen}; onKeyDown={
              row.onOpen
                ? (e) => {
                    if (e.key === 'Enter' || e.key === ' ') {
                      e.preventDefault();
                      row.onOpen!();
                    }
                  }
                : undefined
            }",aria-label={row.onOpen ? `Open ${row.label}` : undefined},runtime-or-tooling-source,"Requires Interaction, Error, Authorization And Accessibility Verification",4;11
src/components/wallet/PlayerWalletModal.tsx,301,div,onClick={onClose},aria-label=Player Wallet,runtime-or-tooling-source,"Requires Interaction, Error, Authorization And Accessibility Verification",4;11
src/components/wallet/PlayerWalletModal.tsx,308,div,onClick={(e) => e.stopPropagation()},,runtime-or-tooling-source,"Requires Interaction, Error, Authorization And Accessibility Verification",4;11
src/components/wallet/PlayerWalletModal.tsx,314,button,onClick={onClose},aria-label=Close,runtime-or-tooling-source,"Requires Interaction, Error, Authorization And Accessibility Verification",4;11
src/components/wallet/PlayerWalletModal.tsx,415,button,onClick={() => load(rows.length)},,runtime-or-tooling-source,"Requires Interaction, Error, Authorization And Accessibility Verification",4;11
src/components/wallet/TransactionHistory.tsx,420,button,onClick={() => refresh()},,runtime-or-tooling-source,"Requires Interaction, Error, Authorization And Accessibility Verification",4;9;11
src/components/wallet/TransactionHistory.tsx,432,select,onChange={(e) => setFilter(e.target.value)},aria-label=Filter Transactions,runtime-or-tooling-source,"Requires Interaction, Error, Authorization And Accessibility Verification",4;9;11
src/components/wallet/TransactionHistory.tsx,448,button,onClick={() => refresh()},,runtime-or-tooling-source,"Requires Interaction, Error, Authorization And Accessibility Verification",4;9;11
src/components/wallet/TransactionHistory.tsx,484,button,"onClick={() => {
                if (loadingMore) return;
                pageRef.current += 1;
                loadPage(pageRef.current, true);
              }}",,runtime-or-tooling-source,"Requires Interaction, Error, Authorization And Accessibility Verification",4;9;11
src/components/wallet/WalletCashierModal.tsx,1364,div,onClick={onClose},aria-label=Club Bank Cashier,runtime-or-tooling-source,"Requires Interaction, Error, Authorization And Accessibility Verification",4;11
src/components/wallet/WalletCashierModal.tsx,1365,div,onClick={(e) => e.stopPropagation()},,runtime-or-tooling-source,"Requires Interaction, Error, Authorization And Accessibility Verification",4;11
src/components/wallet/WalletCashierModal.tsx,1379,button,onClick={onClose},,runtime-or-tooling-source,"Requires Interaction, Error, Authorization And Accessibility Verification",4;11
src/components/wallet/WalletCashierModal.tsx,1388,div,onClick={closeIfIdle},aria-label={`${cashierTitle} Cashier`},runtime-or-tooling-source,"Requires Interaction, Error, Authorization And Accessibility Verification",4;11
src/components/wallet/WalletCashierModal.tsx,1395,div,onClick={(e) => e.stopPropagation()},,runtime-or-tooling-source,"Requires Interaction, Error, Authorization And Accessibility Verification",4;11
src/components/wallet/WalletCashierModal.tsx,1401,button,onClick={closeIfIdle},aria-label=Close,runtime-or-tooling-source,"Requires Interaction, Error, Authorization And Accessibility Verification",4;11
src/components/wallet/WalletCashierModal.tsx,1431,button,"onClick={() => {
                    setPromoSource('club_pot');
                    setRecipient(null);
                  }}",,runtime-or-tooling-source,"Requires Interaction, Error, Authorization And Accessibility Verification",4;11
src/components/wallet/WalletCashierModal.tsx,1443,button,"onClick={() => {
                    setPromoSource('own_float');
                    setRecipient(null);
                  }}",,runtime-or-tooling-source,"Requires Interaction, Error, Authorization And Accessibility Verification",4;11
src/components/wallet/WalletCashierModal.tsx,1470,button,onClick={() => setShowMint(true)},,runtime-or-tooling-source,"Requires Interaction, Error, Authorization And Accessibility Verification",4;11
src/components/wallet/WalletCashierModal.tsx,1478,button,onClick={() => setTab(t)},,runtime-or-tooling-source,"Requires Interaction, Error, Authorization And Accessibility Verification",4;11
src/components/wallet/WalletCashierModal.tsx,1532,button,onClick={() => void claimBack(row)},,runtime-or-tooling-source,"Requires Interaction, Error, Authorization And Accessibility Verification",4;11
src/components/wallet/WalletCashierModal.tsx,1545,button,onClick={closeIfIdle},,runtime-or-tooling-source,"Requires Interaction, Error, Authorization And Accessibility Verification",4;11
src/components/wallet/WalletCashierModal.tsx,1559,button,onClick={() => setDestination(key)},,runtime-or-tooling-source,"Requires Interaction, Error, Authorization And Accessibility Verification",4;11
src/components/wallet/WalletCashierModal.tsx,1576,input,onChange={(e) => setSearch(e.target.value)},id=cbc-search; aria-label=Search Recipients,runtime-or-tooling-source,"Requires Interaction, Error, Authorization And Accessibility Verification",4;11
src/components/wallet/WalletCashierModal.tsx,1598,button,"onClick={() => {
                            if (!block) setRecipient(m);
                          }}",title={block ? block.reason : undefined},runtime-or-tooling-source,"Requires Interaction, Error, Authorization And Accessibility Verification",4;11
src/components/wallet/WalletCashierModal.tsx,1642,input,onChange={(e) => setAmount(e.target.value)},id=cbc-amount; type=number; aria-label={tab === 'claim' ? 'Chips To Claim Back' : 'Chips To Send'},runtime-or-tooling-source,"Requires Interaction, Error, Authorization And Accessibility Verification",4;11
src/components/wallet/WalletCashierModal.tsx,1696,input,onChange={(e) => setReason(e.target.value)},id=cbc-reason; aria-label=Reason,runtime-or-tooling-source,"Requires Interaction, Error, Authorization And Accessibility Verification",4;11
src/components/wallet/WalletCashierModal.tsx,1716,button,onClick={() => (confirming ? setConfirming(false) : closeIfIdle())},,runtime-or-tooling-source,"Requires Interaction, Error, Authorization And Accessibility Verification",4;11
src/components/wallet/WalletCashierModal.tsx,1722,button,onClick={onSendPressed},,runtime-or-tooling-source,"Requires Interaction, Error, Authorization And Accessibility Verification",4;11
src/components/wallet/WalletCashierModal.tsx,1769,button,onClick={exportPromoCsv},,runtime-or-tooling-source,"Requires Interaction, Error, Authorization And Accessibility Verification",4;11
src/components/wallet/WalletCashierModal.tsx,1828,button,"onClick={() =>
                      clubUuid && loadPromoLedger(clubUuid, promoLedger.length, promoSource)
                    }",,runtime-or-tooling-source,"Requires Interaction, Error, Authorization And Accessibility Verification",4;11
src/components/wallet/WalletCashierModal.tsx,1865,button,onClick={exportCsv},,runtime-or-tooling-source,"Requires Interaction, Error, Authorization And Accessibility Verification",4;11
src/components/wallet/WalletCashierModal.tsx,1877,button,onClick={() => setTypeFilter(null)},,runtime-or-tooling-source,"Requires Interaction, Error, Authorization And Accessibility Verification",4;11
src/components/wallet/WalletCashierModal.tsx,1884,button,onClick={() => setTypeFilter(t)},,runtime-or-tooling-source,"Requires Interaction, Error, Authorization And Accessibility Verification",4;11
src/components/wallet/WalletCashierModal.tsx,1937,button,onClick={() => void reverse(row)},,runtime-or-tooling-source,"Requires Interaction, Error, Authorization And Accessibility Verification",4;11
src/components/wallet/WalletCashierModal.tsx,1954,button,"onClick={() => clubUuid && loadLedger(clubUuid, ledger.length, typeFilter)}",,runtime-or-tooling-source,"Requires Interaction, Error, Authorization And Accessibility Verification",4;11
src/components/wallet/WalletCashierModal.tsx,1969,ChipMintModal,onClose={() => setShowMint(false)}; onMinted={refresh},,runtime-or-tooling-source,"Requires Interaction, Error, Authorization And Accessibility Verification",4;11
src/core/AntiGravityBoot.tsx,141,button,onClick={onRetry},,runtime-or-tooling-source,"Requires Interaction, Error, Authorization And Accessibility Verification",12
src/core/AntiGravityBoot.tsx,264,SystemOffline,onRetry={runBootSequence},,runtime-or-tooling-source,"Requires Interaction, Error, Authorization And Accessibility Verification",12
src/pages/AchievementsPage.tsx,778,button,onClick={() => setCategory(cat)},,runtime-or-tooling-source,"Requires Interaction, Error, Authorization And Accessibility Verification",11
src/pages/AchievementsPage.tsx,809,select,onChange={(e) => setSortMode(e.target.value as SortMode)},,runtime-or-tooling-source,"Requires Interaction, Error, Authorization And Accessibility Verification",11
src/pages/AchievementsPage.tsx,839,ErrorState,onRetry={() => void loadAchievements()},,runtime-or-tooling-source,"Requires Interaction, Error, Authorization And Accessibility Verification",11
src/pages/AchievementsPage.tsx,865,div,onClick={() => setSelectedAchievement(achievement)},,runtime-or-tooling-source,"Requires Interaction, Error, Authorization And Accessibility Verification",11
src/pages/AchievementsPage.tsx,897,BottomSheet,onClose={() => setSelectedAchievement(null)},,runtime-or-tooling-source,"Requires Interaction, Error, Authorization And Accessibility Verification",11
src/pages/AchievementsPage.tsx,970,button,"onClick={async () => {
                    const ach = selectedAchievement;
                    const shareText = `I just unlocked ""${ach.name}"" on Club Arena! ${ach.description}`;
                    try {
                      if (navigator.share) {
                        await navigator.share({
                          title: `Achievement: ${ach.name}`,
                          text: shareText,
                          url: 'https://smarter.poker',
                        });
                      } else {
                        await navigator.clipboard.writeText(shareText);
                        toast?.success('Achievement copied to clipboard!');
                      }
                    } catch (_err) {
                      // User cancelled share or clipboard failed — show share card fallback
                      setSelectedAchievement(null);
                      setTimeout(() => setSharingAchievement(ach), 300);
                    }
                  }}",,runtime-or-tooling-source,"Requires Interaction, Error, Authorization And Accessibility Verification",11
src/pages/AchievementsPage.tsx,1036,button,onClick={() => setNewUnlock(null)},,runtime-or-tooling-source,"Requires Interaction, Error, Authorization And Accessibility Verification",11
src/pages/AchievementsPage.tsx,1043,AchievementShareCard,onClose={() => setSharingAchievement(null)},name={sharingAchievement.name},runtime-or-tooling-source,"Requires Interaction, Error, Authorization And Accessibility Verification",11
src/pages/AdminDashboardPage.tsx,516,button,onClick={load},,runtime-or-tooling-source,"Requires Interaction, Error, Authorization And Accessibility Verification",11
src/pages/AdminDashboardPage.tsx,796,button,onClick={load},,runtime-or-tooling-source,"Requires Interaction, Error, Authorization And Accessibility Verification",11
src/pages/AdminDashboardPage.tsx,827,button,"onClick={() => doAction('close', { periodId: String(cp.id) })}",,runtime-or-tooling-source,"Requires Interaction, Error, Authorization And Accessibility Verification",11
src/pages/AdminDashboardPage.tsx,835,button,onClick={() => doAction('open')},,runtime-or-tooling-source,"Requires Interaction, Error, Authorization And Accessibility Verification",11
src/pages/AdminDashboardPage.tsx,850,button,onClick={() => doAction('open')},,runtime-or-tooling-source,"Requires Interaction, Error, Authorization And Accessibility Verification",11
src/pages/AdminDashboardPage.tsx,1097,button,onClick={() => load(page)},,runtime-or-tooling-source,"Requires Interaction, Error, Authorization And Accessibility Verification",11
src/pages/AdminDashboardPage.tsx,1108,button,"onClick={async () => {
              try {
                const uuid = await resolveClubUUID(clubId);
                const { data, error } = await supabase
                  .from('audit_trail')
                  .select(
                    'id, action, actor_id, target_type, target_id, details:after_state, ip_address, created_at'
                  )
                  .eq('club_id', uuid)
                  .order('created_at', { ascending: false })
                  .limit(5000);
                if (error) throw error;
                if (!data || data.length === 0) return;
                const headers = Object.keys(data[0]);
                const csv = [
                  headers.join(','),
                  ...data.map((r: Record<string, unknown>) =>
                    headers.map((h) => JSON.stringify(r[h] ?? '')).join(',')
                  ),
                ].join('\n');
                const blob = new Blob([csv], { type: 'text/csv' });
                const url = URL.createObjectURL(blob);
                const a = document.createElement('a');
                a.href = url;
                a.download = `audit-log-${clubId.substring(0, 8)}.csv`;
                a.click();
                URL.revokeObjectURL(url);
              } catch (e: unknown) {
                reportError(
                  e instanceof Error ? e.message : String(e),
                  'AdminDashboardPage.CSV_export_failed'
                );
              }
            }}",title=Export Audit Log As CSV,runtime-or-tooling-source,"Requires Interaction, Error, Authorization And Accessibility Verification",11
src/pages/AdminDashboardPage.tsx,1151,button,"onClick={() => setPage(Math.max(1, page - 1))}",,runtime-or-tooling-source,"Requires Interaction, Error, Authorization And Accessibility Verification",11
src/pages/AdminDashboardPage.tsx,1161,button,"onClick={() => setPage(Math.min(totalPages, page + 1))}",,runtime-or-tooling-source,"Requires Interaction, Error, Authorization And Accessibility Verification",11
src/pages/AdminDashboardPage.tsx,1357,input,onChange={(e) => setTitle(e.target.value)},,runtime-or-tooling-source,"Requires Interaction, Error, Authorization And Accessibility Verification",11
src/pages/AdminDashboardPage.tsx,1364,textarea,onChange={(e) => setContent(e.target.value)},,runtime-or-tooling-source,"Requires Interaction, Error, Authorization And Accessibility Verification",11
src/pages/AdminDashboardPage.tsx,1373,button,"onClick={() => {
                setEditing(null);
                setTitle('');
                setContent('');
              }}",,runtime-or-tooling-source,"Requires Interaction, Error, Authorization And Accessibility Verification",11
src/pages/AdminDashboardPage.tsx,1384,button,onClick={handleSave},,runtime-or-tooling-source,"Requires Interaction, Error, Authorization And Accessibility Verification",11
src/pages/AdminDashboardPage.tsx,1434,button,onClick={() => handlePin(a)},title={a.pinned ? 'Unpin' : 'Pin'},runtime-or-tooling-source,"Requires Interaction, Error, Authorization And Accessibility Verification",11
src/pages/AdminDashboardPage.tsx,1441,button,"onClick={() => {
                      setEditing(a);
                      setTitle(a.title);
                      setContent(a.content || '');
                    }}",title=Edit,runtime-or-tooling-source,"Requires Interaction, Error, Authorization And Accessibility Verification",11
src/pages/AdminDashboardPage.tsx,1452,button,onClick={() => handleDelete(a.id)},title=Delete,runtime-or-tooling-source,"Requires Interaction, Error, Authorization And Accessibility Verification",11
src/pages/AdminDashboardPage.tsx,1547,input,onChange={() => toggleField(t.key)},type=checkbox,runtime-or-tooling-source,"Requires Interaction, Error, Authorization And Accessibility Verification",11
src/pages/AdminDashboardPage.tsx,1558,input,"onChange={(e) => setField('default_action_time', Number(e.target.value))}",type=number,runtime-or-tooling-source,"Requires Interaction, Error, Authorization And Accessibility Verification",11
src/pages/AdminDashboardPage.tsx,1568,button,onClick={save},,runtime-or-tooling-source,"Requires Interaction, Error, Authorization And Accessibility Verification",11
src/pages/AdminDashboardPage.tsx,1640,button,onClick={load},,runtime-or-tooling-source,"Requires Interaction, Error, Authorization And Accessibility Verification",11
src/pages/AdminDashboardPage.tsx,1871,input,"onChange={(e) => setTheme((prev) => ({ ...prev, primaryColor: e.target.value }))}",type=color,runtime-or-tooling-source,"Requires Interaction, Error, Authorization And Accessibility Verification",11
src/pages/AdminDashboardPage.tsx,1881,input,"onChange={(e) => setTheme((prev) => ({ ...prev, bannerUrl: e.target.value }))}",,runtime-or-tooling-source,"Requires Interaction, Error, Authorization And Accessibility Verification",11
src/pages/AdminDashboardPage.tsx,1890,input,"onChange={(e) => setTheme((prev) => ({ ...prev, welcomeMessage: e.target.value }))}",,runtime-or-tooling-source,"Requires Interaction, Error, Authorization And Accessibility Verification",11
src/pages/AdminDashboardPage.tsx,1897,button,onClick={save},,runtime-or-tooling-source,"Requires Interaction, Error, Authorization And Accessibility Verification",11
src/pages/AdminDashboardPage.tsx,1934,input,,id=ownership-target,runtime-or-tooling-source,"Requires Interaction, Error, Authorization And Accessibility Verification",11
src/pages/AdminDashboardPage.tsx,1940,button,"onClick={async () => {
              const target = (document.getElementById('ownership-target') as HTMLInputElement)
                ?.value;
              if (!target) return;
              if (
                !(await confirmDialog({
                  message: `⚠ IRREVERSIBLE: Transfer ownership to ${target.substring(0, 8)}...? You will be demoted to admin.`,
                  variant: 'danger',
                }))
              )
                return;
              if (
                !(await confirmDialog({
                  message: 'Are you absolutely sure? This cannot be undone.',
                  variant: 'danger',
                }))
              )
                return;
              try {
                setErr(null);
                const uuid = await resolveClubUUID(clubId);
                const { error } = await supabase.rpc('transfer_club_ownership', {
                  p_club_id: uuid,
                  p_new_owner_id: target,
                });
                if (error) throw error;
                setMsg('Ownership transferred! Reloading...');
                setTimeout(() => window.location.reload(), 1500);
              } catch (e: unknown) {
                setErr(safeErrorMessage(e, 'Transfer failed. Please try again.'));
              }
            }}",,runtime-or-tooling-source,"Requires Interaction, Error, Authorization And Accessibility Verification",11
src/pages/AdminDashboardPage.tsx,2170,button,onClick={load},,runtime-or-tooling-source,"Requires Interaction, Error, Authorization And Accessibility Verification",11
src/pages/AdminDashboardPage.tsx,2182,button,onClick={() => setActionError(null)},,runtime-or-tooling-source,"Requires Interaction, Error, Authorization And Accessibility Verification",11
src/pages/AdminDashboardPage.tsx,2217,button,"onClick={async () => {
                      setActionError(null);
                      try {
                        /**
                         * LAUNCH COPIES THE WHOLE ROW (2026-08-25).
                         *
                         * This used to hand-copy EIGHT fields out of a row with
                         * over a hundred columns, so every rule the host had
                         * configured on the template - straddle, bomb pots,
                         * ante, insurance, run it twice, cap, no-rathole,
                         * VIP-only, all of it - was silently discarded. A
                         * launched template was a plain table wearing the
                         * template's name.
                         *
                         * fn_launch_table_from_template copies the row and
                         * overrides only identity and live state, so a column
                         * added tomorrow is carried without anyone remembering
                         * to add it here. It also checks club staff itself,
                         * which the client-side insert never could.
                         */
                        const { data: newId, error: insErr } = await supabase.rpc(
                          'fn_launch_table_from_template',
                          { p_template_id: tmpl.id }
                        );
                        if (insErr) throw insErr;
                        masterBus.emit('TABLE_CREATED', {
          ",,runtime-or-tooling-source,"Requires Interaction, Error, Authorization And Accessibility Verification",11
src/pages/AdminDashboardPage.tsx,2255,button,"onClick={async () => {
                      if (
                        !(await confirmDialog({
                          title: 'Delete Template',
                          message: `Delete template ""${tmpl.name}""?`,
                          confirmText: 'Delete',
                          variant: 'danger',
                        }))
                      )
                        return;
                      setActionError(null);
                      try {
                        const { error: delErr } = await supabase
                          .from('table_templates')
                          .delete()
                          .eq('id', tmpl.id);
                        if (delErr) throw delErr;
                        load();
                      } catch (e: unknown) {
                        setActionError(`Delete failed: ${safeErrorMessage(e)}`);
                      }
                    }}",,runtime-or-tooling-source,"Requires Interaction, Error, Authorization And Accessibility Verification",11
src/pages/AdminDashboardPage.tsx,2567,input,onChange={(e) => setAmount(e.target.value)},type=number,runtime-or-tooling-source,"Requires Interaction, Error, Authorization And Accessibility Verification",11
src/pages/AdminDashboardPage.tsx,2578,input,onChange={(e) => setNotes(e.target.value)},,runtime-or-tooling-source,"Requires Interaction, Error, Authorization And Accessibility Verification",11
src/pages/AdminDashboardPage.tsx,2585,button,"onClick={async () => {
              setProcessing(true);
              setErr(null);
              setMsg(null);
              try {
                const uuid = await resolveClubUUID(clubId);
                const mintAmount = Number(amount);
                if (isNaN(mintAmount) || mintAmount <= 0) {
                  setErr('Enter a valid chip amount');
                  setProcessing(false);
                  return;
                }
                // Mint SERVER-SIDE. `mint_club_chips` is service_role-only, so this
                // direct browser rpc() returned 42501 and the admin Mint button
                // could never work. The route derives the minter from the JWT and
                // enforces authorization, economy caps, settlement lock and audit.
                await callClubArenaApi('mint-chips', {
                  clubId: uuid,
                  amount: mintAmount,
                  notes: notes || undefined,
                });
                setMsg(`Minted ${fmtChips(mintAmount)} chips to treasury!`);
                masterBus.emit('CHIPS_DISTRIBUTED', { clubId });
                setAmount('');
                setNotes('');
              } catch (e: unknown) {
                setErr(safeErrorMessage(e));
              } finally {
                setProcessing(false);
              }
            }}",,runtime-or-tooling-source,"Requires Interaction, Error, Authorization And Accessibility Verification",11
src/pages/AdminDashboardPage.tsx,2753,button,onClick={() => navigate('/')},,runtime-or-tooling-source,"Requires Interaction, Error, Authorization And Accessibility Verification",11
src/pages/AdminDashboardPage.tsx,2778,button,onClick={() => navigate('/')},,runtime-or-tooling-source,"Requires Interaction, Error, Authorization And Accessibility Verification",11
src/pages/AdminDashboardPage.tsx,2786,button,onClick={() => setActiveTab('dashboard')},,runtime-or-tooling-source,"Requires Interaction, Error, Authorization And Accessibility Verification",11
src/pages/AdminDashboardPage.tsx,2792,button,onClick={() => setActiveTab('hierarchy')},,runtime-or-tooling-source,"Requires Interaction, Error, Authorization And Accessibility Verification",11
src/pages/AdminDashboardPage.tsx,2799,button,onClick={() => setActiveTab('settlements')},,runtime-or-tooling-source,"Requires Interaction, Error, Authorization And Accessibility Verification",11
src/pages/AdminDashboardPage.tsx,2807,button,onClick={() => setActiveTab('history')},,runtime-or-tooling-source,"Requires Interaction, Error, Authorization And Accessibility Verification",11
src/pages/AdminDashboardPage.tsx,2815,button,onClick={() => setActiveTab('audit')},,runtime-or-tooling-source,"Requires Interaction, Error, Authorization And Accessibility Verification",11
src/pages/AdminDashboardPage.tsx,2823,button,onClick={() => setActiveTab('branding')},,runtime-or-tooling-source,"Requires Interaction, Error, Authorization And Accessibility Verification",11
src/pages/AdminDashboardPage.tsx,2831,button,onClick={() => setActiveTab('recommendations')},,runtime-or-tooling-source,"Requires Interaction, Error, Authorization And Accessibility Verification",11
src/pages/AdminDashboardPage.tsx,2839,button,onClick={() => setActiveTab('announcements')},,runtime-or-tooling-source,"Requires Interaction, Error, Authorization And Accessibility Verification",11
src/pages/AdminDashboardPage.tsx,2847,button,onClick={() => setActiveTab('templates')},,runtime-or-tooling-source,"Requires Interaction, Error, Authorization And Accessibility Verification",11
src/pages/AdminDashboardPage.tsx,2855,button,onClick={() => setActiveTab('analytics')},,runtime-or-tooling-source,"Requires Interaction, Error, Authorization And Accessibility Verification",11
src/pages/AdminDashboardPage.tsx,2863,button,onClick={() => setActiveTab('mint')},,runtime-or-tooling-source,"Requires Interaction, Error, Authorization And Accessibility Verification",11
src/pages/AdminDashboardPage.tsx,2871,button,onClick={() => setActiveTab('settings')},,runtime-or-tooling-source,"Requires Interaction, Error, Authorization And Accessibility Verification",11
src/pages/AdminDashboardPage.tsx,2907,AdminTableHeatmap,"onAction={(payload) => {
                  if (payload.action === 'manage' && payload.table.id) {
                    navigate(`/table/${payload.table.id}`);
                  }
                }}",,runtime-or-tooling-source,"Requires Interaction, Error, Authorization And Accessibility Verification",11
src/pages/AgentDashboardPage.tsx,762,div,onClick={() => setShowTransfer(false)},,runtime-or-tooling-source,"Requires Interaction, Error, Authorization And Accessibility Verification",10;11
src/pages/AgentDashboardPage.tsx,763,div,onClick={(e) => e.stopPropagation()},,runtime-or-tooling-source,"Requires Interaction, Error, Authorization And Accessibility Verification",10;11
src/pages/AgentDashboardPage.tsx,773,button,onClick={() => setShowTransfer(false)},,runtime-or-tooling-source,"Requires Interaction, Error, Authorization And Accessibility Verification",10;11
src/pages/AgentDashboardPage.tsx,789,input,onChange={(e) => setTransferTarget(e.target.value)},,runtime-or-tooling-source,"Requires Interaction, Error, Authorization And Accessibility Verification",10;11
src/pages/AgentDashboardPage.tsx,798,input,onChange={(e) => setTransferAmount(e.target.value)},type=number,runtime-or-tooling-source,"Requires Interaction, Error, Authorization And Accessibility Verification",10;11
src/pages/AgentDashboardPage.tsx,809,input,onChange={(e) => setTransferNotes(e.target.value)},,runtime-or-tooling-source,"Requires Interaction, Error, Authorization And Accessibility Verification",10;11
src/pages/AgentDashboardPage.tsx,816,button,onClick={executeTransfer},,runtime-or-tooling-source,"Requires Interaction, Error, Authorization And Accessibility Verification",10;11
src/pages/AgentDashboardPage.tsx,848,button,onClick={() => navigate('/')},,runtime-or-tooling-source,"Requires Interaction, Error, Authorization And Accessibility Verification",10;11
src/pages/AgentDashboardPage.tsx,851,button,onClick={() => setShowTransfer(true)},,runtime-or-tooling-source,"Requires Interaction, Error, Authorization And Accessibility Verification",10;11
src/pages/AgentDashboardPage.tsx,854,button,onClick={() => loadDashboard(clubId)},,runtime-or-tooling-source,"Requires Interaction, Error, Authorization And Accessibility Verification",10;11
src/pages/AgentDashboardPage.tsx,861,button,"onClick={() => {
                try {
                  if (tab === 'players' && players.length > 0) {
                    exportToCSV(
                      players.map((p) => ({
                        username: p.profile ? playerDisplayName(p.profile) : p.user_id,
                        role: p.role,
                        chip_balance: p.chip_balance,
                        status: p.status,
                        joined: p.created_at,
                      })),
                      'agent_players.csv',
                      [
                        { key: 'username', label: 'Player' },
                        { key: 'role', label: 'Role' },
                        { key: 'chip_balance', label: 'Balance' },
                        { key: 'status', label: 'Status' },
                        { key: 'joined', label: 'Joined' },
                      ]
                    );
                  } else if (tab === 'cashouts' && pendingCashouts.length > 0) {
                    exportToCSV(pendingCashouts, 'agent_cashouts.csv', [
                      { key: 'player_id', label: 'Player ID' },
                      { key: 'amount', label: 'Amount' },
                      { key: 'status', label: 'Status' },
                      { key: 'created_at', label: 'Requested' },
                    ]);
                  } else if (tab === 'commissions' && commissions.length > 0) {
                    exportToCSV(commissions, 'agent_commissions.csv', [
                      { key: '",,runtime-or-tooling-source,"Requires Interaction, Error, Authorization And Accessibility Verification",10;11
src/pages/AgentDashboardPage.tsx,922,div,onClick={() => setTab('cashouts')},,runtime-or-tooling-source,"Requires Interaction, Error, Authorization And Accessibility Verification",10;11
src/pages/AgentDashboardPage.tsx,959,button,onClick={() => setTab(t.id)},,runtime-or-tooling-source,"Requires Interaction, Error, Authorization And Accessibility Verification",10;11
src/pages/AgentDashboardPage.tsx,1057,button,onClick={() => void loadMoreTransactions()},,runtime-or-tooling-source,"Requires Interaction, Error, Authorization And Accessibility Verification",10;11
src/pages/AgentDashboardPage.tsx,1076,input,onChange={(e) => setPlayerSearch(e.target.value)},,runtime-or-tooling-source,"Requires Interaction, Error, Authorization And Accessibility Verification",10;11
src/pages/AgentDashboardPage.tsx,1243,button,onClick={() => approveCashout(c.id)},,runtime-or-tooling-source,"Requires Interaction, Error, Authorization And Accessibility Verification",10;11
src/pages/AgentDashboardPage.tsx,1250,button,onClick={() => denyCashout(c.id)},,runtime-or-tooling-source,"Requires Interaction, Error, Authorization And Accessibility Verification",10;11
src/pages/AgentDashboardPage.tsx,1339,button,onClick={() => void loadMoreCommissions()},,runtime-or-tooling-source,"Requires Interaction, Error, Authorization And Accessibility Verification",10;11
src/pages/AgentDashboardPage.tsx,1470,select,onChange={(e) => setCreditTarget(e.target.value)},,runtime-or-tooling-source,"Requires Interaction, Error, Authorization And Accessibility Verification",10;11
src/pages/AgentDashboardPage.tsx,1484,input,onChange={(e) => setCreditAmount(e.target.value)},type=number,runtime-or-tooling-source,"Requires Interaction, Error, Authorization And Accessibility Verification",10;11
src/pages/AgentDashboardPage.tsx,1493,button,"onClick={async () => {
                    setProcessing(true);
                    setError(null);
                    try {
                      const promoAmt = Number(creditAmount);
                      if (isNaN(promoAmt) || promoAmt <= 0) {
                        setError('Enter a valid chip amount');
                        setProcessing(false);
                        return;
                      }
                      // Promo is disbursed by the owner of the float: the union
                      // when this club is in one, the club itself when it is not.
                      // WalletService.disbursePromo resolves that and the database
                      // refuses anyone who is not that owner.
                      const resolvedClub = await resolveClubUUID(clubId || '');
                      await WalletService.disbursePromo(
                        resolvedClub,
                        creditTarget,
                        promoAmt,
                        'Promo granted from the club dashboard'
                      );
                      setSuccess(`Granted ${fmtChips(promoAmt)} promo chips!`);
                      setCreditTarget('');
                      setCreditAmount('');
                      loadDashboard(clubId);
                    } catch (err: unknown) {
                      setError(safeErrorMessage(err));
                    } finally {
                      setProcessing(false);
                    }
                  }}",,runtime-or-tooling-source,"Requires Interaction, Error, Authorization And Accessibility Verification",10;11
src/pages/AgentDashboardPage.tsx,1590,select,onChange={(e) => setCreditTarget(e.target.value)},,runtime-or-tooling-source,"Requires Interaction, Error, Authorization And Accessibility Verification",10;11
src/pages/AgentDashboardPage.tsx,1606,select,onChange={(e) => setCreditAction(e.target.value)},,runtime-or-tooling-source,"Requires Interaction, Error, Authorization And Accessibility Verification",10;11
src/pages/AgentDashboardPage.tsx,1618,input,onChange={(e) => setCreditAmount(e.target.value)},type=number,runtime-or-tooling-source,"Requires Interaction, Error, Authorization And Accessibility Verification",10;11
src/pages/AgentDashboardPage.tsx,1629,input,onChange={(e) => setCreditNotes(e.target.value)},,runtime-or-tooling-source,"Requires Interaction, Error, Authorization And Accessibility Verification",10;11
src/pages/AgentDashboardPage.tsx,1636,button,"onClick={async () => {
                    setProcessing(true);
                    setError(null);
                    try {
                      const amt = Number(creditAmount);
                      if (isNaN(amt) || amt <= 0) {
                        setError('Enter a valid chip amount');
                        setProcessing(false);
                        return;
                      }
                      /*
                        ALL THREE OF THESE WERE WRONG, EACH IN ITS OWN WAY.

                        ISSUE CREDIT was the only one that could work, and it
                        passed the raw route param where a uuid was expected -
                        CreditService looks the agent up with
                        .eq('club_id', clubId), so on a slug or code URL it
                        found no row and told the operator ""No agent found for
                        this club"" about an agent that exists.

                        ADD PREPAID could never succeed at all. It called
                        setCreditLine(..., isPrepaid: true) with the amount as
                        the LIMIT, and fn_admin_update_agent refuses exactly
                        that pair: ""a prepaid agent carries no credit line"".
                        Any positive amount was rejected. Funding a prepaid
                        agent means sending them chips, which is
                        fn_agent_wallet_send into their agent wallet.

                        REVOKE CREDIT did ",,runtime-or-tooling-source,"Requires Interaction, Error, Authorization And Accessibility Verification",10;11
src/pages/AgentManagementPage.tsx,775,ErrorState,"onRetry={() => {
            setIsLoading(true);
            setError(null);
            AgentService.getAgents(clubId)
              .then(setAgents)
              .catch((retryError) => setError(safeErrorMessage(retryError)))
              .finally(() => setIsLoading(false));
          }}",,runtime-or-tooling-source,"Requires Interaction, Error, Authorization And Accessibility Verification",10;11
src/pages/AgentManagementPage.tsx,798,button,onClick={() => setShowAddModal(true)},,runtime-or-tooling-source,"Requires Interaction, Error, Authorization And Accessibility Verification",10;11
src/pages/AgentManagementPage.tsx,802,button,"onClick={() => {
              try {
                exportToCSV(
                  agents.map((a) => ({
                    displayName: a.displayName || 'Unknown',
                    role: a.role,
                    status: a.status,
                    commissionRate: `${((a.commissionRate || 0) * 100).toFixed(0)}%`,
                    creditLimit: a.creditLimit,
                    totalPlayers: a.totalPlayers,
                    weeklyRake: a.weeklyRakeGenerated,
                  })),
                  'agents_list.csv',
                  [
                    { key: 'displayName', label: 'Agent' },
                    { key: 'role', label: 'Role' },
                    { key: 'status', label: 'Status' },
                    { key: 'commissionRate', label: 'Commission' },
                    { key: 'creditLimit', label: 'Credit Limit' },
                    { key: 'totalPlayers', label: 'Players' },
                    { key: 'weeklyRake', label: 'Weekly Rake' },
                  ]
                );
              } catch (e) {
                reportError(e, 'AgentManagementPage.map');
                /* silent */
              }
            }}",,runtime-or-tooling-source,"Requires Interaction, Error, Authorization And Accessibility Verification",10;11
src/pages/AgentManagementPage.tsx,888,button,onClick={() => setActiveTab(tab)},,runtime-or-tooling-source,"Requires Interaction, Error, Authorization And Accessibility Verification",10;11
src/pages/AgentManagementPage.tsx,945,button,onClick={() => handleSuspendAgent(agent.id)},,runtime-or-tooling-source,"Requires Interaction, Error, Authorization And Accessibility Verification",10;11
src/pages/AgentManagementPage.tsx,951,button,"onClick={() => {
                            setTransferAgentId(agent.userId);
                            setShowTransferModal(true);
                          }}",,runtime-or-tooling-source,"Requires Interaction, Error, Authorization And Accessibility Verification",10;11
src/pages/AgentManagementPage.tsx,961,button,"onClick={() => handlePromoteAgent(agent.id, agent.role)}",,runtime-or-tooling-source,"Requires Interaction, Error, Authorization And Accessibility Verification",10;11
src/pages/AgentManagementPage.tsx,969,button,"onClick={() => handlePromoteAgent(agent.id, agent.role)}",,runtime-or-tooling-source,"Requires Interaction, Error, Authorization And Accessibility Verification",10;11
src/pages/AgentManagementPage.tsx,976,button,"onClick={() => {
                            setPlayerInviteAgentUserId(agent.userId);
                            setShowPlayerInviteModal(true);
                          }}",,runtime-or-tooling-source,"Requires Interaction, Error, Authorization And Accessibility Verification",10;11
src/pages/AgentManagementPage.tsx,985,button,"onClick={() => {
                            setCommissionAgentId(agent.id);
                            setCommissionAgentName(agent.displayName || 'Agent');
                            setShowCommissionModal(true);
                          }}",,runtime-or-tooling-source,"Requires Interaction, Error, Authorization And Accessibility Verification",10;11
src/pages/AgentManagementPage.tsx,997,button,onClick={() => handleReinstateAgent(agent.id)},,runtime-or-tooling-source,"Requires Interaction, Error, Authorization And Accessibility Verification",10;11
src/pages/AgentManagementPage.tsx,1080,PlayerSearch,"onPlayerSelect={(player) => {
                toast.info(`Selected: ${player.username}`);
              }}; onBanPlayer={(playerId) => {
                setBanReason('');
                setBanDays('');
                setBanTarget(playerId);
              }}; onViewProfile={(playerId) => {
                navigate(`/profile/${playerId}`);
              }}",,runtime-or-tooling-source,"Requires Interaction, Error, Authorization And Accessibility Verification",10;11
src/pages/AgentManagementPage.tsx,1124,button,"onClick={async () => {
                          if (
                            !(await confirmDialog({
                              title: 'Take This Send Back',
                              message: `Take back ${fmtChips(tx.remaining)} chips from ${tx.to_name}? This returns them to your agent wallet.`,
                              confirmText: 'Take It Back',
                              variant: 'danger',
                            }))
                          )
                            return;
                          setClawbackProcessing(tx.transaction_id);
                          try {
                            const result = await AgentService.claimBackDistribution(
                              clubId!,
                              tx.transaction_id,
                              tx.remaining,
                              'Taken back from the agent network console'
                            );
                            if (result.success) {
                              toast.success(
                                `Took Back ${fmtChips(result.claimedBack || tx.remaining)} Chips.`
                              );
                              loadRecentDistributions();
                            } else {
                              toast.error(result.error || 'That Claim Back Was Refused.');
                            }
                          } catch (err: unknown) {
                            toast.error(
                              ",,runtime-or-tooling-source,"Requires Interaction, Error, Authorization And Accessibility Verification",10;11
src/pages/AgentManagementPage.tsx,1192,AgentTree,"onAgentClick={(agent) => {
              setCommissionAgentId(agent.id);
              setCommissionAgentName(agent.displayName || 'Agent');
              setShowCommissionModal(true);
            }}; onTransferClick={(agent) => {
              /* agent.userId, NOT agent.id. ChipTransferModal matches its
                 recipient against club_members joined to users, so the agents
                 primary key that used to be sent here selected nobody: a
                 transfer started from the hierarchy tree opened on a blank
                 recipient, while the identical button on the Agents tab, which
                 has always sent userId, worked. */
              setTransferAgentId(agent.userId);
              setShowTransferModal(true);
            }}",,runtime-or-tooling-source,"Requires Interaction, Error, Authorization And Accessibility Verification",10;11
src/pages/AgentManagementPage.tsx,1256,input,onChange={(e) => setNewLimit(Number(e.target.value))},type=number,runtime-or-tooling-source,"Requires Interaction, Error, Authorization And Accessibility Verification",10;11
src/pages/AgentManagementPage.tsx,1278,button,"onClick={() => handleSetCreditLimit(agent.id, newLimit)}",,runtime-or-tooling-source,"Requires Interaction, Error, Authorization And Accessibility Verification",10;11
src/pages/AgentManagementPage.tsx,1288,button,onClick={() => setEditingLimit(null)},,runtime-or-tooling-source,"Requires Interaction, Error, Authorization And Accessibility Verification",10;11
src/pages/AgentManagementPage.tsx,1296,button,"onClick={() => {
                            setEditingLimit(agent.id);
                            setNewLimit(agent.creditLimit);
                          }}",,runtime-or-tooling-source,"Requires Interaction, Error, Authorization And Accessibility Verification",10;11
src/pages/AgentManagementPage.tsx,1434,div,onClick={handleCloseModal},,runtime-or-tooling-source,"Requires Interaction, Error, Authorization And Accessibility Verification",10;11
src/pages/AgentManagementPage.tsx,1435,div,onClick={(e) => e.stopPropagation()},,runtime-or-tooling-source,"Requires Interaction, Error, Authorization And Accessibility Verification",10;11
src/pages/AgentManagementPage.tsx,1438,button,onClick={handleCloseModal},,runtime-or-tooling-source,"Requires Interaction, Error, Authorization And Accessibility Verification",10;11
src/pages/AgentManagementPage.tsx,1454,select,"onChange={(e) => setNewAgentForm({ ...newAgentForm, userId: e.target.value })}",,runtime-or-tooling-source,"Requires Interaction, Error, Authorization And Accessibility Verification",10;11
src/pages/AgentManagementPage.tsx,1473,button,"onClick={() =>
                      setNewAgentForm({ ...newAgentForm, role: 'super_agent', parentAgentId: '' })
                    }",type=button,runtime-or-tooling-source,"Requires Interaction, Error, Authorization And Accessibility Verification",10;11
src/pages/AgentManagementPage.tsx,1483,button,"onClick={() => setNewAgentForm({ ...newAgentForm, role: 'agent' })}",type=button,runtime-or-tooling-source,"Requires Interaction, Error, Authorization And Accessibility Verification",10;11
src/pages/AgentManagementPage.tsx,1491,button,"onClick={() => setNewAgentForm({ ...newAgentForm, role: 'sub_agent' })}",type=button,runtime-or-tooling-source,"Requires Interaction, Error, Authorization And Accessibility Verification",10;11
src/pages/AgentManagementPage.tsx,1513,select,"onChange={(e) =>
                        setNewAgentForm({ ...newAgentForm, parentAgentId: e.target.value })
                      }",,runtime-or-tooling-source,"Requires Interaction, Error, Authorization And Accessibility Verification",10;11
src/pages/AgentManagementPage.tsx,1542,input,"onChange={(e) =>
                      setNewAgentForm({ ...newAgentForm, commissionRate: Number(e.target.value) })
                    }",type=range,runtime-or-tooling-source,"Requires Interaction, Error, Authorization And Accessibility Verification",10;11
src/pages/AgentManagementPage.tsx,1565,input,"onChange={(e) =>
                      setNewAgentForm({
                        ...newAgentForm,
                        playerRakebackRate: Number(e.target.value),
                      })
                    }",type=range,runtime-or-tooling-source,"Requires Interaction, Error, Authorization And Accessibility Verification",10;11
src/pages/AgentManagementPage.tsx,1592,input,"onChange={(e) =>
                      setNewAgentForm({ ...newAgentForm, creditLimit: Number(e.target.value) })
                    }",type=number,runtime-or-tooling-source,"Requires Interaction, Error, Authorization And Accessibility Verification",10;11
src/pages/AgentManagementPage.tsx,1634,button,onClick={handleCloseModal},,runtime-or-tooling-source,"Requires Interaction, Error, Authorization And Accessibility Verification",10;11
src/pages/AgentManagementPage.tsx,1637,button,onClick={handleCreateAgent},,runtime-or-tooling-source,"Requires Interaction, Error, Authorization And Accessibility Verification",10;11
src/pages/AgentManagementPage.tsx,1650,ChipTransferModal,"onClose={() => {
          setShowTransferModal(false);
          setTransferAgentId(null);
        }}; onTransferComplete={() => {
          // Refresh agents
          if (clubId) {
            AgentService.getAgents(clubId)
              .then(setAgents)
              .catch((e) =>
                console.warn('[AgentManagementPage] Failed to refresh agents after transfer:', e)
              );
          }
        }}",,runtime-or-tooling-source,"Requires Interaction, Error, Authorization And Accessibility Verification",10;11
src/pages/AgentManagementPage.tsx,1671,CommissionHistoryModal,"onClose={() => {
          setShowCommissionModal(false);
          setCommissionAgentId(null);
          setCommissionAgentName('');
        }}",,runtime-or-tooling-source,"Requires Interaction, Error, Authorization And Accessibility Verification",10;11
src/pages/AgentManagementPage.tsx,1683,PlayerInviteModal,"onClose={() => {
          setShowPlayerInviteModal(false);
          setPlayerInviteAgentUserId(null);
        }}; onPlayerAdded={() => {
          // Refresh agents
          if (clubId) {
            AgentService.getAgents(clubId)
              .then(setAgents)
              .catch((e) =>
                console.warn(
                  '[AgentManagementPage] Failed to refresh agents after player added:',
                  e
                )
              );
          }
        }}",,runtime-or-tooling-source,"Requires Interaction, Error, Authorization And Accessibility Verification",10;11
src/pages/AgentManagementPage.tsx,1708,div,"onClick={() => !banBusy && setBanTarget(null)}; onKeyDown={(e) => {
            if (e.key === 'Escape' && !banBusy) setBanTarget(null);
          }}",,runtime-or-tooling-source,"Requires Interaction, Error, Authorization And Accessibility Verification",10;11
src/pages/AgentManagementPage.tsx,1715,div,onClick={(e) => e.stopPropagation()},,runtime-or-tooling-source,"Requires Interaction, Error, Authorization And Accessibility Verification",10;11
src/pages/AgentManagementPage.tsx,1729,textarea,onChange={(e) => setBanReason(e.target.value)},,runtime-or-tooling-source,"Requires Interaction, Error, Authorization And Accessibility Verification",10;11
src/pages/AgentManagementPage.tsx,1739,select,onChange={(e) => setBanDays(e.target.value as typeof banDays)},,runtime-or-tooling-source,"Requires Interaction, Error, Authorization And Accessibility Verification",10;11
src/pages/AgentManagementPage.tsx,1750,button,onClick={() => setBanTarget(null)},type=button,runtime-or-tooling-source,"Requires Interaction, Error, Authorization And Accessibility Verification",10;11
src/pages/AgentManagementPage.tsx,1758,button,onClick={() => void executeBan()},type=button,runtime-or-tooling-source,"Requires Interaction, Error, Authorization And Accessibility Verification",10;11
src/pages/AgentManagementPage.tsx,1772,ConfirmModal,onConfirm={executeConfirmAction}; onCancel={() => setConfirmAction(null)},title={confirmAction?.title || 'Confirm'},runtime-or-tooling-source,"Requires Interaction, Error, Authorization And Accessibility Verification",10;11
src/pages/AgentPortalPage.tsx,261,button,onClick={() => navigate(-1)},,runtime-or-tooling-source,"Requires Interaction, Error, Authorization And Accessibility Verification",10;11
src/pages/AgentPortalPage.tsx,343,button,onClick={() => setTransferModalOpen(true)},,runtime-or-tooling-source,"Requires Interaction, Error, Authorization And Accessibility Verification",10;11
src/pages/AgentPortalPage.tsx,469,button,onClick={() => agentClubId && navigate(`/clubs/${agentClubId}/settlement`)},,runtime-or-tooling-source,"Requires Interaction, Error, Authorization And Accessibility Verification",10;11
src/pages/AgentPortalPage.tsx,550,div,onClick={() => setTransferModalOpen(false)},,runtime-or-tooling-source,"Requires Interaction, Error, Authorization And Accessibility Verification",10;11
src/pages/AgentPortalPage.tsx,562,div,onClick={(e) => e.stopPropagation()},,runtime-or-tooling-source,"Requires Interaction, Error, Authorization And Accessibility Verification",10;11
src/pages/AgentPortalPage.tsx,581,input,onChange={(e) => setTransferAmount(e.target.value)},type=number,runtime-or-tooling-source,"Requires Interaction, Error, Authorization And Accessibility Verification",10;11
src/pages/AgentPortalPage.tsx,599,button,onClick={() => setTransferModalOpen(false)},,runtime-or-tooling-source,"Requires Interaction, Error, Authorization And Accessibility Verification",10;11
src/pages/AgentPortalPage.tsx,615,button,onClick={handleTransfer},,runtime-or-tooling-source,"Requires Interaction, Error, Authorization And Accessibility Verification",10;11
src/pages/AntiCheatPage.tsx,821,button,onClick={handleRefresh},,runtime-or-tooling-source,"Requires Interaction, Error, Authorization And Accessibility Verification",10;11
src/pages/AntiCheatPage.tsx,824,button,"onClick={() => {
              try {
                if (tab === 'flags' && flags.length > 0) {
                  exportToCSV(flags, 'anti_cheat_flags.csv', [
                    { key: 'severity', label: 'Severity' },
                    { key: 'flag_type', label: 'Type' },
                    { key: 'reason', label: 'Reason' },
                    { key: 'status', label: 'Status' },
                    { key: 'player_id', label: 'Player ID' },
                    { key: 'flagged_at', label: 'Flagged At' },
                    { key: 'review_notes', label: 'Review Notes' },
                  ]);
                } else if (tab === 'events' && events.length > 0) {
                  exportToCSV(events, 'anti_cheat_events.csv', [
                    { key: 'event_type', label: 'Type' },
                    { key: 'player_id', label: 'Player ID' },
                    { key: 'created_at', label: 'Time' },
                  ]);
                } else if (
                  tab === 'collusion' &&
                  collusion &&
                  collusion.chip_dump.pairs.length + collusion.screening.pairs.length > 0
                ) {
                  /* The old export carried a Net Chips column that no detector
                     has ever written, so every row said 0.00. */
                  exportToCSV(
                    [...collusion.chip_dump.pairs, ...collusion.screening.pairs].map((pair) => ({
                      ...pair,
                      evidence_summary: evidenc",,runtime-or-tooling-source,"Requires Interaction, Error, Authorization And Accessibility Verification",10;11
src/pages/AntiCheatPage.tsx,891,div,onClick={() => !processing && setReviewTarget(null)},,runtime-or-tooling-source,"Requires Interaction, Error, Authorization And Accessibility Verification",10;11
src/pages/AntiCheatPage.tsx,892,div,onClick={(e) => e.stopPropagation()},,runtime-or-tooling-source,"Requires Interaction, Error, Authorization And Accessibility Verification",10;11
src/pages/AntiCheatPage.tsx,911,select,onChange={(e) => setReviewStatus(e.target.value)},,runtime-or-tooling-source,"Requires Interaction, Error, Authorization And Accessibility Verification",10;11
src/pages/AntiCheatPage.tsx,923,input,onChange={(e) => setReviewNotes(e.target.value)},,runtime-or-tooling-source,"Requires Interaction, Error, Authorization And Accessibility Verification",10;11
src/pages/AntiCheatPage.tsx,931,button,onClick={() => setReviewTarget(null)},,runtime-or-tooling-source,"Requires Interaction, Error, Authorization And Accessibility Verification",10;11
src/pages/AntiCheatPage.tsx,938,button,onClick={reviewFlag},,runtime-or-tooling-source,"Requires Interaction, Error, Authorization And Accessibility Verification",10;11
src/pages/AntiCheatPage.tsx,955,button,onClick={() => setTab(t.id)},,runtime-or-tooling-source,"Requires Interaction, Error, Authorization And Accessibility Verification",10;11
src/pages/AntiCheatPage.tsx,1065,button,onClick={() => setFlagFilter(f)},,runtime-or-tooling-source,"Requires Interaction, Error, Authorization And Accessibility Verification",10;11
src/pages/AntiCheatPage.tsx,1117,button,"onClick={() => {
                                setReviewTarget(f);
                                setReviewStatus('reviewed');
                                setReviewNotes('');
                              }}",,runtime-or-tooling-source,"Requires Interaction, Error, Authorization And Accessibility Verification",10;11
src/pages/AntiCheatPage.tsx,1128,button,onClick={() => kickPlayer(f.player_id)},,runtime-or-tooling-source,"Requires Interaction, Error, Authorization And Accessibility Verification",10;11
src/pages/AntiCheatPage.tsx,1294,button,onClick={() => kickPlayer(pair.dumper_id)},,runtime-or-tooling-source,"Requires Interaction, Error, Authorization And Accessibility Verification",10;11
src/pages/AntiCheatPage.tsx,1301,button,onClick={() => kickPlayer(pair.receiver_id)},,runtime-or-tooling-source,"Requires Interaction, Error, Authorization And Accessibility Verification",10;11
src/pages/AntiCheatPage.tsx,1308,button,onClick={() => dismissPair(pair)},,runtime-or-tooling-source,"Requires Interaction, Error, Authorization And Accessibility Verification",10;11
src/pages/AntiCheatPage.tsx,1378,button,onClick={() => dismissPair(pair)},,runtime-or-tooling-source,"Requires Interaction, Error, Authorization And Accessibility Verification",10;11
src/pages/AuthPage.tsx,403,button,"onClick={() => {
                setMode('login');
                setError(null);
                setSuccess(null);
              }}",,runtime-or-tooling-source,"Requires Interaction, Error, Authorization And Accessibility Verification",6;11
src/pages/AuthPage.tsx,413,button,"onClick={() => {
                setMode('signup');
                setError(null);
                setSuccess(null);
              }}",,runtime-or-tooling-source,"Requires Interaction, Error, Authorization And Accessibility Verification",6;11
src/pages/AuthPage.tsx,442,form,onSubmit={handleLogin},,runtime-or-tooling-source,"Requires Interaction, Error, Authorization And Accessibility Verification",6;11
src/pages/AuthPage.tsx,445,input,onChange={(e) => setEmail(e.target.value)},id=email; type=email,runtime-or-tooling-source,"Requires Interaction, Error, Authorization And Accessibility Verification",6;11
src/pages/AuthPage.tsx,458,input,onChange={(e) => setPassword(e.target.value)},id=password; type=password,runtime-or-tooling-source,"Requires Interaction, Error, Authorization And Accessibility Verification",6;11
src/pages/AuthPage.tsx,469,button,,type=submit,runtime-or-tooling-source,"Requires Interaction, Error, Authorization And Accessibility Verification",6;11
src/pages/AuthPage.tsx,496,button,"onClick={() => {
                setMode('reset');
                setError(null);
              }}",type=button,runtime-or-tooling-source,"Requires Interaction, Error, Authorization And Accessibility Verification",6;11
src/pages/AuthPage.tsx,511,form,onSubmit={handleSignup},,runtime-or-tooling-source,"Requires Interaction, Error, Authorization And Accessibility Verification",6;11
src/pages/AuthPage.tsx,514,input,onChange={(e) => setUsername(e.target.value)},id=username; type=text,runtime-or-tooling-source,"Requires Interaction, Error, Authorization And Accessibility Verification",6;11
src/pages/AuthPage.tsx,528,input,onChange={(e) => setBirthday(e.target.value)},id=signup-birthday; type=date,runtime-or-tooling-source,"Requires Interaction, Error, Authorization And Accessibility Verification",6;11
src/pages/AuthPage.tsx,542,input,onChange={(e) => setEmail(e.target.value)},id=signup-email; type=email,runtime-or-tooling-source,"Requires Interaction, Error, Authorization And Accessibility Verification",6;11
src/pages/AuthPage.tsx,555,input,onChange={(e) => setPassword(e.target.value)},id=signup-password; type=password,runtime-or-tooling-source,"Requires Interaction, Error, Authorization And Accessibility Verification",6;11
src/pages/AuthPage.tsx,569,input,onChange={(e) => setConfirmPassword(e.target.value)},id=confirm-password; type=password,runtime-or-tooling-source,"Requires Interaction, Error, Authorization And Accessibility Verification",6;11
src/pages/AuthPage.tsx,587,input,onChange={(e) => setReferralCode(e.target.value.toUpperCase())},id=referral-code; type=text,runtime-or-tooling-source,"Requires Interaction, Error, Authorization And Accessibility Verification",6;11
src/pages/AuthPage.tsx,598,button,,type=submit,runtime-or-tooling-source,"Requires Interaction, Error, Authorization And Accessibility Verification",6;11
src/pages/AuthPage.tsx,629,form,onSubmit={handlePasswordReset},,runtime-or-tooling-source,"Requires Interaction, Error, Authorization And Accessibility Verification",6;11
src/pages/AuthPage.tsx,636,input,onChange={(e) => setEmail(e.target.value)},id=reset-email; type=email,runtime-or-tooling-source,"Requires Interaction, Error, Authorization And Accessibility Verification",6;11
src/pages/AuthPage.tsx,647,button,,type=submit,runtime-or-tooling-source,"Requires Interaction, Error, Authorization And Accessibility Verification",6;11
src/pages/AuthPage.tsx,674,button,"onClick={() => {
                setMode('login');
                setError(null);
                setSuccess(null);
              }}",type=button,runtime-or-tooling-source,"Requires Interaction, Error, Authorization And Accessibility Verification",6;11
src/pages/AuthPage.tsx,690,form,onSubmit={handlePasswordUpdate},,runtime-or-tooling-source,"Requires Interaction, Error, Authorization And Accessibility Verification",6;11
src/pages/AuthPage.tsx,695,input,onChange={(e) => setNewPassword(e.target.value)},id=new-password; type=password,runtime-or-tooling-source,"Requires Interaction, Error, Authorization And Accessibility Verification",6;11
src/pages/AuthPage.tsx,708,input,onChange={(e) => setNewPasswordConfirm(e.target.value)},id=new-password-confirm; type=password,runtime-or-tooling-source,"Requires Interaction, Error, Authorization And Accessibility Verification",6;11
src/pages/AuthPage.tsx,719,button,,type=submit,runtime-or-tooling-source,"Requires Interaction, Error, Authorization And Accessibility Verification",6;11
src/pages/BadBeatJackpotPage.tsx,418,button,onClick={() => loadJackpotData()},type=button,runtime-or-tooling-source,"Requires Interaction, Error, Authorization And Accessibility Verification",2;5;11
src/pages/BadBeatJackpotPage.tsx,556,input,onChange={(e) => setPromoAmount(e.target.value)},type=number; aria-label=Promo Rain Amount,runtime-or-tooling-source,"Requires Interaction, Error, Authorization And Accessibility Verification",2;5;11
src/pages/BadBeatJackpotPage.tsx,576,button,onClick={() => setPromoAmount(String(jackpot?.promo_balance || 0))},,runtime-or-tooling-source,"Requires Interaction, Error, Authorization And Accessibility Verification",2;5;11
src/pages/BadBeatJackpotPage.tsx,593,button,onClick={runPromoRain},,runtime-or-tooling-source,"Requires Interaction, Error, Authorization And Accessibility Verification",2;5;11
src/pages/BadBeatJackpotPage.tsx,688,BBJHandDetail,onBack={() => setOpenHandPayoutId(null)},,runtime-or-tooling-source,"Requires Interaction, Error, Authorization And Accessibility Verification",2;5;11
src/pages/BadBeatJackpotPage.tsx,696,BBJRecentHits,onOpenHand={setOpenHandPayoutId},,runtime-or-tooling-source,"Requires Interaction, Error, Authorization And Accessibility Verification",2;5;11
src/pages/BlacklistManagerPage.tsx,325,button,onClick={() => setShowAddForm(true)},type=button,runtime-or-tooling-source,"Requires Interaction, Error, Authorization And Accessibility Verification",11
src/pages/BlacklistManagerPage.tsx,349,button,onClick={() => void loadEntries()},type=button,runtime-or-tooling-source,"Requires Interaction, Error, Authorization And Accessibility Verification",11
src/pages/BlacklistManagerPage.tsx,353,button,onClick={() => setError(null)},type=button,runtime-or-tooling-source,"Requires Interaction, Error, Authorization And Accessibility Verification",11
src/pages/BlacklistManagerPage.tsx,361,form,onSubmit={handleAdd},,runtime-or-tooling-source,"Requires Interaction, Error, Authorization And Accessibility Verification",11
src/pages/BlacklistManagerPage.tsx,378,button,"onClick={() => {
                        setSelectedMember(null);
                        setNewUserId('');
                        setMemberSearch('');
                      }}",type=button,runtime-or-tooling-source,"Requires Interaction, Error, Authorization And Accessibility Verification",11
src/pages/BlacklistManagerPage.tsx,392,input,onChange={(event) => setMemberSearch(event.target.value)},id=blacklist-member-search,runtime-or-tooling-source,"Requires Interaction, Error, Authorization And Accessibility Verification",11
src/pages/BlacklistManagerPage.tsx,413,button,"onClick={() => {
                                setSelectedMember(option);
                                setNewUserId(option.user_id);
                                setMemberOptions([]);
                              }}",type=button,runtime-or-tooling-source,"Requires Interaction, Error, Authorization And Accessibility Verification",11
src/pages/BlacklistManagerPage.tsx,433,input,onChange={(event) => setNewReason(event.target.value)},id=blacklist-reason,runtime-or-tooling-source,"Requires Interaction, Error, Authorization And Accessibility Verification",11
src/pages/BlacklistManagerPage.tsx,443,input,onChange={(event) => setNewExpiry(event.target.value)},id=blacklist-expiry; type=date,runtime-or-tooling-source,"Requires Interaction, Error, Authorization And Accessibility Verification",11
src/pages/BlacklistManagerPage.tsx,452,button,,type=submit,runtime-or-tooling-source,"Requires Interaction, Error, Authorization And Accessibility Verification",11
src/pages/BlacklistManagerPage.tsx,459,button,onClick={resetForm},type=button,runtime-or-tooling-source,"Requires Interaction, Error, Authorization And Accessibility Verification",11
src/pages/BlacklistManagerPage.tsx,481,button,onClick={() => void removeFromPlay()},type=button,runtime-or-tooling-source,"Requires Interaction, Error, Authorization And Accessibility Verification",11
src/pages/BlacklistManagerPage.tsx,489,button,onClick={() => setSeatedAfterExclusion(null)},type=button,runtime-or-tooling-source,"Requires Interaction, Error, Authorization And Accessibility Verification",11
src/pages/BlacklistManagerPage.tsx,510,button,onClick={() => void clearExpired()},type=button,runtime-or-tooling-source,"Requires Interaction, Error, Authorization And Accessibility Verification",11
src/pages/BlacklistManagerPage.tsx,576,button,onClick={() => void handleRemove(entry.id)},type=button,runtime-or-tooling-source,"Requires Interaction, Error, Authorization And Accessibility Verification",11
src/pages/BlacklistManagerPage.tsx,584,button,onClick={() => setConfirmingRemoval(null)},type=button,runtime-or-tooling-source,"Requires Interaction, Error, Authorization And Accessibility Verification",11
src/pages/BlacklistManagerPage.tsx,593,button,onClick={() => setConfirmingRemoval(entry.id)},type=button,runtime-or-tooling-source,"Requires Interaction, Error, Authorization And Accessibility Verification",11
src/pages/BusDevToolsPage.tsx,262,select,onChange={(e) => setFilter(e.target.value)},,runtime-or-tooling-source,"Requires Interaction, Error, Authorization And Accessibility Verification",11
src/pages/BusDevToolsPage.tsx,274,button,onClick={() => setIsPaused(!isPaused)},,runtime-or-tooling-source,"Requires Interaction, Error, Authorization And Accessibility Verification",11
src/pages/BusDevToolsPage.tsx,280,button,onClick={handleClearLog},,runtime-or-tooling-source,"Requires Interaction, Error, Authorization And Accessibility Verification",11
src/pages/BusDevToolsPage.tsx,361,button,onClick={() => handleEmitTest(te.type)},,runtime-or-tooling-source,"Requires Interaction, Error, Authorization And Accessibility Verification",11
src/pages/BusDevToolsPage.tsx,369,button,onClick={handleClearOfflineQueue},,runtime-or-tooling-source,"Requires Interaction, Error, Authorization And Accessibility Verification",11
src/pages/CashierPage.tsx,1874,button,onClick={() => navigate('/')},type=button,runtime-or-tooling-source,"Requires Interaction, Error, Authorization And Accessibility Verification",4;11
src/pages/CashierPage.tsx,1900,DynamicWallet,"onBuyDiamonds={() => navigate(withClubContext('/vip', clubId))}; onOpenPlayerWallet={() => setShowPlayerWallet(true)}; onOpenPromoWallet={() => setActiveCashier('promo_wallet')}; onOpenAgentWallet={() => setActiveCashier('agent_wallet')}; onOpenClubBank={() => setActiveCashier('club_bank')}; onOpenBBJ={() => clubId && navigate(`/clubs/${clubId}/jackpot`)}",,runtime-or-tooling-source,"Requires Interaction, Error, Authorization And Accessibility Verification",4;11
src/pages/CashierPage.tsx,1948,WalletCashierModal,onClose={() => setActiveCashier(null)},,runtime-or-tooling-source,"Requires Interaction, Error, Authorization And Accessibility Verification",4;11
src/pages/CashierPage.tsx,1955,PlayerWalletModal,onClose={() => setShowPlayerWallet(false)},,runtime-or-tooling-source,"Requires Interaction, Error, Authorization And Accessibility Verification",4;11
src/pages/CashierPage.tsx,1981,nav,onKeyDown={handleTabKeyDown},aria-label=Cashier Actions,runtime-or-tooling-source,"Requires Interaction, Error, Authorization And Accessibility Verification",4;11
src/pages/CashierPage.tsx,1988,button,"onClick={() => {
              setAction(act);
              setMessage(null);
            }}",,runtime-or-tooling-source,"Requires Interaction, Error, Authorization And Accessibility Verification",4;11
src/pages/CashierPage.tsx,2018,button,onClick={() => clubId && navigate(`/clubs/${clubId}/disputes`)},type=button,runtime-or-tooling-source,"Requires Interaction, Error, Authorization And Accessibility Verification",4;11
src/pages/CashierPage.tsx,2025,button,onClick={() => navigate('/financial-alerts')},type=button,runtime-or-tooling-source,"Requires Interaction, Error, Authorization And Accessibility Verification",4;11
src/pages/CashierPage.tsx,2032,button,onClick={() => clubId && navigate(`/clubs/${clubId}/financials`)},type=button,runtime-or-tooling-source,"Requires Interaction, Error, Authorization And Accessibility Verification",4;11
src/pages/CashierPage.tsx,2046,AgentPromoPanel,onDistribute={() => loadBalances(user.id)},,runtime-or-tooling-source,"Requires Interaction, Error, Authorization And Accessibility Verification",4;11
src/pages/CashierPage.tsx,2092,input,onChange={(e) => setRecipientSearch(e.target.value)},type=text; aria-label=Search Recipients,runtime-or-tooling-source,"Requires Interaction, Error, Authorization And Accessibility Verification",4;11
src/pages/CashierPage.tsx,2106,select,onChange={(e) => setSelectedRecipient(e.target.value)},,runtime-or-tooling-source,"Requires Interaction, Error, Authorization And Accessibility Verification",4;11
src/pages/CashierPage.tsx,2148,input,onChange={(e: React.ChangeEvent<HTMLInputElement>) => setAmount(e.target.value)},id=cashier-send-amount; type=number,runtime-or-tooling-source,"Requires Interaction, Error, Authorization And Accessibility Verification",4;11
src/pages/CashierPage.tsx,2165,button,onClick={() => setAmount(val.toString())},,runtime-or-tooling-source,"Requires Interaction, Error, Authorization And Accessibility Verification",4;11
src/pages/CashierPage.tsx,2179,button,onClick={() => setAmount(String(Math.floor(myAgentWallet ?? 0)))},,runtime-or-tooling-source,"Requires Interaction, Error, Authorization And Accessibility Verification",4;11
src/pages/CashierPage.tsx,2227,button,"onClick={() => {
                const value = parseFloat(amount);
                if (!isNaN(value) && value >= 10000 && selectedRecipientData) {
                  setSendConfirm({
                    show: true,
                    value,
                    recipientId: selectedRecipient,
                    recipientName: selectedRecipientData.username,
                  });
                } else {
                  handleAction();
                }
              }}",aria-label={`Send ${amount || '0'} Chips To Selected Recipient`},runtime-or-tooling-source,"Requires Interaction, Error, Authorization And Accessibility Verification",4;11
src/pages/CashierPage.tsx,2274,input,onChange={(e) => setRecipientSearch(e.target.value)},type=text; aria-label=Search Distribute Recipients,runtime-or-tooling-source,"Requires Interaction, Error, Authorization And Accessibility Verification",4;11
src/pages/CashierPage.tsx,2288,select,onChange={(e) => setSelectedRecipient(e.target.value)},,runtime-or-tooling-source,"Requires Interaction, Error, Authorization And Accessibility Verification",4;11
src/pages/CashierPage.tsx,2309,input,onChange={(e: React.ChangeEvent<HTMLInputElement>) => setAmount(e.target.value)},id=cashier-distribute-amount; type=number,runtime-or-tooling-source,"Requires Interaction, Error, Authorization And Accessibility Verification",4;11
src/pages/CashierPage.tsx,2332,button,"onClick={async () => {
                const parsed = parseChipAmount(amount);
                if (!parsed.ok) {
                  setMessage({ type: 'error', text: parsed.error });
                  return;
                }
                const value = parsed.value;
                if (!user?.id || !selectedRecipient) return;

                // DISTRIBUTE RATE LIMIT — prevent rapid-fire distributions (10s cooldown)
                const now = Date.now();
                const elapsed = now - lastDistributeRef.current;
                if (elapsed < DISTRIBUTE_RATE_LIMIT_MS) {
                  const waitSec = Math.ceil((DISTRIBUTE_RATE_LIMIT_MS - elapsed) / 1000);
                  setMessage({
                    type: 'error',
                    text: `Please wait ${waitSec}s before distributing again`,
                  });
                  return;
                }

                setIsProcessing(true);
                setMessage(null);

                // SETTLEMENT FREEZE CHECK — Block distributions during settlement
                if (clubId) {
                  try {
                    const lockResult = await checkSettlementLock(clubId);
                    if (lockResult.locked) {
                      if (isMounted.current)
                        setMessage({
                          type: 'error',
                          text: `Chip movements are frozen during settlement (${lockResult.reason || 'settlement in progress'}). Please try again after settlem",,runtime-or-tooling-source,"Requires Interaction, Error, Authorization And Accessibility Verification",4;11
src/pages/CashierPage.tsx,2557,button,"onClick={() => setCashoutConfirm({ show: false, value: 0 })}",,runtime-or-tooling-source,"Requires Interaction, Error, Authorization And Accessibility Verification",4;11
src/pages/CashierPage.tsx,2564,button,onClick={() => processHighValueCashout(cashoutConfirm.value)},,runtime-or-tooling-source,"Requires Interaction, Error, Authorization And Accessibility Verification",4;11
src/pages/CashierPage.tsx,2599,button,onClick={() => setShowCashoutModal(true)},,runtime-or-tooling-source,"Requires Interaction, Error, Authorization And Accessibility Verification",4;11
src/pages/CashierPage.tsx,2615,input,onChange={(e: React.ChangeEvent<HTMLInputElement>) => setAmount(e.target.value)},id=cashier-amount; type=number,runtime-or-tooling-source,"Requires Interaction, Error, Authorization And Accessibility Verification",4;11
src/pages/CashierPage.tsx,2641,button,onClick={() => setAmount(val.toString())},,runtime-or-tooling-source,"Requires Interaction, Error, Authorization And Accessibility Verification",4;11
src/pages/CashierPage.tsx,2650,button,onClick={() => setAmount(String(Math.floor(myClubChips ?? 0)))},type=button,runtime-or-tooling-source,"Requires Interaction, Error, Authorization And Accessibility Verification",4;11
src/pages/CashierPage.tsx,2674,button,onClick={() => handleAction()},type=button,runtime-or-tooling-source,"Requires Interaction, Error, Authorization And Accessibility Verification",4;11
src/pages/CashierPage.tsx,2719,button,"onClick={() => {
                      setTxFilter(f);
                      setTxPage(1);
                    }}",,runtime-or-tooling-source,"Requires Interaction, Error, Authorization And Accessibility Verification",4;11
src/pages/CashierPage.tsx,2737,button,onClick={exportCSV},,runtime-or-tooling-source,"Requires Interaction, Error, Authorization And Accessibility Verification",4;11
src/pages/CashierPage.tsx,2822,button,onClick={() => setTxPage((p) => p + 1)},aria-label=Load More Transactions,runtime-or-tooling-source,"Requires Interaction, Error, Authorization And Accessibility Verification",4;11
src/pages/CashierPage.tsx,2838,CashoutRequestModal,"onClose={() => setShowCashoutModal(false)}; onComplete={() => {
            loadBalances(user.id);
            loadPendingCashouts();
            clearClubChipBalanceCache();
            setClubChipsNonce((n) => n + 1);
          }}",,runtime-or-tooling-source,"Requires Interaction, Error, Authorization And Accessibility Verification",4;11
src/pages/CashierPage.tsx,2856,div,"onClick={() =>
            setSendConfirm({ show: false, value: 0, recipientId: '', recipientName: '' })
          }",,runtime-or-tooling-source,"Requires Interaction, Error, Authorization And Accessibility Verification",4;11
src/pages/CashierPage.tsx,2865,div,onClick={(e) => e.stopPropagation()},,runtime-or-tooling-source,"Requires Interaction, Error, Authorization And Accessibility Verification",4;11
src/pages/CashierPage.tsx,2884,button,"onClick={() =>
                  setSendConfirm({ show: false, value: 0, recipientId: '', recipientName: '' })
                }",type=button,runtime-or-tooling-source,"Requires Interaction, Error, Authorization And Accessibility Verification",4;11
src/pages/CashierPage.tsx,2893,button,"onClick={() => {
                  // Send exactly what the user was shown and agreed to.
                  // This used to call handleAction() with no arguments, which
                  // re-read `amount` and `selectedRecipient` from live state —
                  // a realtime-driven refresh between opening and confirming
                  // could send a different amount to a different person than
                  // the modal displayed. sendConfirm.recipientId was captured
                  // for exactly this and was never read.
                  const confirmed = {
                    value: sendConfirm.value,
                    recipientId: sendConfirm.recipientId,
                  };
                  setSendConfirm({ show: false, value: 0, recipientId: '', recipientName: '' });
                  handleAction(confirmed);
                }}",type=button,runtime-or-tooling-source,"Requires Interaction, Error, Authorization And Accessibility Verification",4;11
src/pages/CashierTradePage.tsx,2190,button,onClick={() => setPickerOpen((open) => !open)},aria-label={`Open Another Club Cashier. Current Club: ${currentClubLabel}`},runtime-or-tooling-source,"Requires Interaction, Error, Authorization And Accessibility Verification",4;11
src/pages/CashierTradePage.tsx,2259,div,"onKeyDown={(event) => {
            if (!['ArrowDown', 'ArrowUp', 'Home', 'End'].includes(event.key)) return;
            const options = Array.from(
              pickerRef.current?.querySelectorAll<HTMLElement>('[role=""option""]') || []
            );
            if (!options.length) return;
            event.preventDefault();
            const activeIndex = Math.max(0, options.indexOf(document.activeElement as HTMLElement));
            const nextIndex =
              event.key === 'Home'
                ? 0
                : event.key === 'End'
                  ? options.length - 1
                  : event.key === 'ArrowDown'
                    ? (activeIndex + 1) % options.length
                    : (activeIndex - 1 + options.length) % options.length;
            options[nextIndex]?.focus();
          }}",id=cashier-club-picker; aria-label=Club Cashier Switcher,runtime-or-tooling-source,"Requires Interaction, Error, Authorization And Accessibility Verification",4;11
src/pages/CashierTradePage.tsx,2292,button,onClick={() => setMembershipsReload((value) => value + 1)},type=button,runtime-or-tooling-source,"Requires Interaction, Error, Authorization And Accessibility Verification",4;11
src/pages/CashierTradePage.tsx,2304,button,"onClick={() => {
                    setPickerOpen(false);
                    rememberLastClub(m.clubUuid);
                    if (m.entityType === 'union') {
                      navigate(
                        `/unions/${m.slug || unionRouteRef(m.clubUuid)}/operations?tab=wallet`
                      );
                    } else if (m.clubUuid !== clubUuid) {
                      navigate(`/clubs/${m.clubCode ?? m.clubUuid}/cashier`);
                    }
                  }}",,runtime-or-tooling-source,"Requires Interaction, Error, Authorization And Accessibility Verification",4;11
src/pages/CashierTradePage.tsx,2338,nav,"onKeyDown={(event) => {
          if (!['ArrowRight', 'ArrowLeft', 'Home', 'End'].includes(event.key)) return;
          event.preventDefault();
          const buttons = Array.from(
            event.currentTarget.querySelectorAll<HTMLButtonElement>('[role=""tab""]')
          );
          const focusedIndex = buttons.indexOf(document.activeElement as HTMLButtonElement);
          const stateIndex = Math.max(
            0,
            visibleTabs.findIndex(([key]) => key === tab)
          );
          const index = focusedIndex >= 0 ? focusedIndex : stateIndex;
          const nextIndex =
            event.key === 'Home'
              ? 0
              : event.key === 'End'
                ? buttons.length - 1
                : event.key === 'ArrowRight'
                  ? (index + 1) % buttons.length
                  : (index - 1 + buttons.length) % buttons.length;
          const next = visibleTabs[nextIndex]?.[0];
          if (!next) return;
          setTab(next);
          buttons[nextIndex]?.focus();
        }}",aria-label=Cashier Actions,runtime-or-tooling-source,"Requires Interaction, Error, Authorization And Accessibility Verification",4;11
src/pages/CashierTradePage.tsx,2370,button,onClick={() => setTab(key)},id={`cashier-tab-${key}`},runtime-or-tooling-source,"Requires Interaction, Error, Authorization And Accessibility Verification",4;11
src/pages/CashierTradePage.tsx,2410,button,onClick={() => void reconcileCashier()},type=button,runtime-or-tooling-source,"Requires Interaction, Error, Authorization And Accessibility Verification",4;11
src/pages/CashierTradePage.tsx,2445,button,onClick={reopenTransferRecovery},type=button,runtime-or-tooling-source,"Requires Interaction, Error, Authorization And Accessibility Verification",4;11
src/pages/CashierTradePage.tsx,2498,button,onClick={() => setActiveCashier('club_bank')},"aria-label=Open The Club Bank Cashier; title=Club Bank Cashier - Fund Agent Wallets, Ledger, Chip Mint",runtime-or-tooling-source,"Requires Interaction, Error, Authorization And Accessibility Verification",4;11
src/pages/CashierTradePage.tsx,2514,input,onChange={(e) => setSearch(e.target.value)},type=search; aria-label={`Search ${downline.length} Member${downline.length === 1 ? '' : 's'}`},runtime-or-tooling-source,"Requires Interaction, Error, Authorization And Accessibility Verification",4;11
src/pages/CashierTradePage.tsx,2527,input,onChange={(e) => setMineOnly(e.target.checked)},type=checkbox,runtime-or-tooling-source,"Requires Interaction, Error, Authorization And Accessibility Verification",4;11
src/pages/CashierTradePage.tsx,2540,input,onChange={(e) => setGroupByRole(e.target.checked)},type=checkbox,runtime-or-tooling-source,"Requires Interaction, Error, Authorization And Accessibility Verification",4;11
src/pages/CashierTradePage.tsx,2547,button,onClick={() => setSortKey((k) => (k === 'balance' ? 'name' : 'balance'))},,runtime-or-tooling-source,"Requires Interaction, Error, Authorization And Accessibility Verification",4;11
src/pages/CashierTradePage.tsx,2569,button,onClick={() => void loadClub()},type=button,runtime-or-tooling-source,"Requires Interaction, Error, Authorization And Accessibility Verification",4;11
src/pages/CashierTradePage.tsx,2577,button,onClick={() => void loadClub()},type=button,runtime-or-tooling-source,"Requires Interaction, Error, Authorization And Accessibility Verification",4;11
src/pages/CashierTradePage.tsx,2589,button,onClick={() => navigate('/clubs')},type=button,runtime-or-tooling-source,"Requires Interaction, Error, Authorization And Accessibility Verification",4;11
src/pages/CashierTradePage.tsx,2616,div,"onClick={() => toggleSelect(r.userId)}; onKeyDown={(e) => {
                    // role=""checkbox"" + tabIndex advertises a control. Without
                    // this, every row was reachable by keyboard and none of them
                    // could be selected.
                    if (e.key === ' ' || e.key === 'Enter') {
                      e.preventDefault();
                      toggleSelect(r.userId);
                    }
                  }}",title={r.isSelf ? 'This Is You. Chips Cannot Be Sent To Yourself.' : undefined},runtime-or-tooling-source,"Requires Interaction, Error, Authorization And Accessibility Verification",4;11
src/pages/CashierTradePage.tsx,2666,button,onClick={() => setVisibleCount((c) => c + 25)},,runtime-or-tooling-source,"Requires Interaction, Error, Authorization And Accessibility Verification",4;11
src/pages/CashierTradePage.tsx,2674,button,onClick={() => navigate(`/clubs/${clubParam}/cashier-classic`)},,runtime-or-tooling-source,"Requires Interaction, Error, Authorization And Accessibility Verification",4;11
src/pages/CashierTradePage.tsx,2695,button,onClick={() => setSelected(new Set())},type=button,runtime-or-tooling-source,"Requires Interaction, Error, Authorization And Accessibility Verification",4;11
src/pages/CashierTradePage.tsx,2713,button,"onClick={(event) => {
                dialogTriggerRef.current = event.currentTarget;
                setClaimOpen(true);
              }}",,runtime-or-tooling-source,"Requires Interaction, Error, Authorization And Accessibility Verification",4;11
src/pages/CashierTradePage.tsx,2723,button,"onClick={(event) => {
                dialogTriggerRef.current = event.currentTarget;
                setAmountModal('ticket');
              }}",,runtime-or-tooling-source,"Requires Interaction, Error, Authorization And Accessibility Verification",4;11
src/pages/CashierTradePage.tsx,2735,button,"onClick={(event) => {
                dialogTriggerRef.current = event.currentTarget;
                setAmountModal('send');
              }}",,runtime-or-tooling-source,"Requires Interaction, Error, Authorization And Accessibility Verification",4;11
src/pages/CashierTradePage.tsx,2799,input,onChange={(event) => setRecordQuery(event.target.value)},type=search; aria-label=Search Trade Record,runtime-or-tooling-source,"Requires Interaction, Error, Authorization And Accessibility Verification",4;11
src/pages/CashierTradePage.tsx,2809,button,onClick={() => setRecordDirection(direction)},type=button,runtime-or-tooling-source,"Requires Interaction, Error, Authorization And Accessibility Verification",4;11
src/pages/CashierTradePage.tsx,2833,button,onClick={() => setRecordsReload((value) => value + 1)},type=button,runtime-or-tooling-source,"Requires Interaction, Error, Authorization And Accessibility Verification",4;11
src/pages/CashierTradePage.tsx,2851,button,"onClick={(event) => {
                    dialogTriggerRef.current = event.currentTarget;
                    setReceipt(r);
                  }}","type=button; aria-label={`Open Receipt For ${r.direction === 'managed' ? 'Managed Transfer' : r.direction === 'out' ? 'Payment To' : 'Payment From'} ${r.counterparty}, ${fmt(r.amount)} Chips`}",runtime-or-tooling-source,"Requires Interaction, Error, Authorization And Accessibility Verification",4;11
src/pages/CashierTradePage.tsx,2891,button,"onClick={() => setRecordsLimit((limit) => Math.min(limit + 50, 250))}",type=button,runtime-or-tooling-source,"Requires Interaction, Error, Authorization And Accessibility Verification",4;11
src/pages/CashierTradePage.tsx,2927,button,onClick={() => setInvoicesReload((n) => n + 1)},type=button,runtime-or-tooling-source,"Requires Interaction, Error, Authorization And Accessibility Verification",4;11
src/pages/CashierTradePage.tsx,2986,button,"onClick={(event) => {
                dialogTriggerRef.current = event.currentTarget;
                setAskOpen(true);
              }}",,runtime-or-tooling-source,"Requires Interaction, Error, Authorization And Accessibility Verification",4;11
src/pages/CashierTradePage.tsx,3000,button,onClick={() => void loadRequests()},type=button,runtime-or-tooling-source,"Requires Interaction, Error, Authorization And Accessibility Verification",4;11
src/pages/CashierTradePage.tsx,3028,button,"onClick={() => respondToRequest(r.id, 'cancel')}",,runtime-or-tooling-source,"Requires Interaction, Error, Authorization And Accessibility Verification",4;11
src/pages/CashierTradePage.tsx,3037,button,"onClick={() => respondToRequest(r.id, 'decline')}",,runtime-or-tooling-source,"Requires Interaction, Error, Authorization And Accessibility Verification",4;11
src/pages/CashierTradePage.tsx,3044,button,"onClick={() => respondToRequest(r.id, 'approve')}",,runtime-or-tooling-source,"Requires Interaction, Error, Authorization And Accessibility Verification",4;11
src/pages/CashierTradePage.tsx,3082,button,onClick={() => void loadTickets()},type=button,runtime-or-tooling-source,"Requires Interaction, Error, Authorization And Accessibility Verification",4;11
src/pages/CashierTradePage.tsx,3121,button,"onClick={() => void actOnTicket(t, 'redeem')}",,runtime-or-tooling-source,"Requires Interaction, Error, Authorization And Accessibility Verification",4;11
src/pages/CashierTradePage.tsx,3130,button,"onClick={() => void actOnTicket(t, 'cancel')}",,runtime-or-tooling-source,"Requires Interaction, Error, Authorization And Accessibility Verification",4;11
src/pages/CashierTradePage.tsx,3145,div,onClick={() => setReceipt(null)},,runtime-or-tooling-source,"Requires Interaction, Error, Authorization And Accessibility Verification",4;11
src/pages/CashierTradePage.tsx,3146,div,onClick={(event) => event.stopPropagation()},,runtime-or-tooling-source,"Requires Interaction, Error, Authorization And Accessibility Verification",4;11
src/pages/CashierTradePage.tsx,3232,button,onClick={() => setReceipt(null)},,runtime-or-tooling-source,"Requires Interaction, Error, Authorization And Accessibility Verification",4;11
src/pages/CashierTradePage.tsx,3233,button,onClick={() => void copyReceipt()},,runtime-or-tooling-source,"Requires Interaction, Error, Authorization And Accessibility Verification",4;11
src/pages/CashierTradePage.tsx,3246,div,"onClick={() => {
            if (asking) return;
            setAskOpen(false);
          }}",,runtime-or-tooling-source,"Requires Interaction, Error, Authorization And Accessibility Verification",4;11
src/pages/CashierTradePage.tsx,3253,div,onClick={(e) => e.stopPropagation()},,runtime-or-tooling-source,"Requires Interaction, Error, Authorization And Accessibility Verification",4;11
src/pages/CashierTradePage.tsx,3265,input,onChange={(e) => setAskAmount(e.target.value)},type=number; aria-label=Chips Requested,runtime-or-tooling-source,"Requires Interaction, Error, Authorization And Accessibility Verification",4;11
src/pages/CashierTradePage.tsx,3276,input,onChange={(e) => setAskNote(e.target.value)},type=text; aria-label=Note,runtime-or-tooling-source,"Requires Interaction, Error, Authorization And Accessibility Verification",4;11
src/pages/CashierTradePage.tsx,3288,button,onClick={() => setAskOpen(false)},,runtime-or-tooling-source,"Requires Interaction, Error, Authorization And Accessibility Verification",4;11
src/pages/CashierTradePage.tsx,3291,button,onClick={askForChips},,runtime-or-tooling-source,"Requires Interaction, Error, Authorization And Accessibility Verification",4;11
src/pages/CashierTradePage.tsx,3305,WalletCashierModal,"onClose={() => {
          setActiveCashier(null);
          loadClub();
        }}",,runtime-or-tooling-source,"Requires Interaction, Error, Authorization And Accessibility Verification",4;11
src/pages/CashierTradePage.tsx,3318,div,"onClick={() => {
            if (busy) return;
            setAmountModal(null);
            setTransferFailures([]);
          }}",,runtime-or-tooling-source,"Requires Interaction, Error, Authorization And Accessibility Verification",4;11
src/pages/CashierTradePage.tsx,3326,div,onClick={(e) => e.stopPropagation()},,runtime-or-tooling-source,"Requires Interaction, Error, Authorization And Accessibility Verification",4;11
src/pages/CashierTradePage.tsx,3340,input,"onChange={(e) => {
                setAmount(e.target.value);
                if (transferFailures.length) setTransferFailures([]);
              }}",type=number; aria-label=Amount Per Player,runtime-or-tooling-source,"Requires Interaction, Error, Authorization And Accessibility Verification",4;11
src/pages/CashierTradePage.tsx,3419,button,"onClick={() => {
                  setAmountModal(null);
                  setTransferFailures([]);
                }}",,runtime-or-tooling-source,"Requires Interaction, Error, Authorization And Accessibility Verification",4;11
src/pages/CashierTradePage.tsx,3428,button,onClick={() => runTransfers(amountModal)},,runtime-or-tooling-source,"Requires Interaction, Error, Authorization And Accessibility Verification",4;11
src/pages/CashierTradePage.tsx,3454,div,"onClick={() => {
            if (claimingId) return;
            setClaimOpen(false);
          }}",,runtime-or-tooling-source,"Requires Interaction, Error, Authorization And Accessibility Verification",4;11
src/pages/CashierTradePage.tsx,3461,div,onClick={(e) => e.stopPropagation()},,runtime-or-tooling-source,"Requires Interaction, Error, Authorization And Accessibility Verification",4;11
src/pages/CashierTradePage.tsx,3481,button,onClick={() => void loadReversible()},type=button,runtime-or-tooling-source,"Requires Interaction, Error, Authorization And Accessibility Verification",4;11
src/pages/CashierTradePage.tsx,3518,button,onClick={() => void claimBack(row)},,runtime-or-tooling-source,"Requires Interaction, Error, Authorization And Accessibility Verification",4;11
src/pages/CashierTradePage.tsx,3531,button,onClick={() => setClaimOpen(false)},,runtime-or-tooling-source,"Requires Interaction, Error, Authorization And Accessibility Verification",4;11
src/pages/ClubAnnouncementsPage.tsx,353,button,onClick={() => loadAnnouncements()},,runtime-or-tooling-source,"Requires Interaction, Error, Authorization And Accessibility Verification",10;11
src/pages/ClubAnnouncementsPage.tsx,371,button,onClick={() => setShowComposer(true)},,runtime-or-tooling-source,"Requires Interaction, Error, Authorization And Accessibility Verification",10;11
src/pages/ClubAnnouncementsPage.tsx,379,input,onChange={(e) => setNewTitle(e.target.value)},type=text,runtime-or-tooling-source,"Requires Interaction, Error, Authorization And Accessibility Verification",10;11
src/pages/ClubAnnouncementsPage.tsx,387,textarea,onChange={(e) => setNewContent(e.target.value)},,runtime-or-tooling-source,"Requires Interaction, Error, Authorization And Accessibility Verification",10;11
src/pages/ClubAnnouncementsPage.tsx,396,button,onClick={() => setShowComposer(false)},,runtime-or-tooling-source,"Requires Interaction, Error, Authorization And Accessibility Verification",10;11
src/pages/ClubAnnouncementsPage.tsx,399,button,onClick={handlePost},,runtime-or-tooling-source,"Requires Interaction, Error, Authorization And Accessibility Verification",10;11
src/pages/ClubAnnouncementsPage.tsx,436,button,"onClick={() => handleTogglePin(announcement.id, announcement.is_pinned)}",,runtime-or-tooling-source,"Requires Interaction, Error, Authorization And Accessibility Verification",10;11
src/pages/ClubAnnouncementsPage.tsx,442,button,onClick={() => handleDelete(announcement.id)},,runtime-or-tooling-source,"Requires Interaction, Error, Authorization And Accessibility Verification",10;11
src/pages/ClubAnnouncementsPage.tsx,456,ConfirmModal,onConfirm={executeDelete}; onCancel={() => setDeleteTarget(null)},title=Delete Announcement,runtime-or-tooling-source,"Requires Interaction, Error, Authorization And Accessibility Verification",10;11
src/pages/ClubDetailPage.tsx,105,button,onClick={onClick},,runtime-or-tooling-source,"Requires Interaction, Error, Authorization And Accessibility Verification",10;11
src/pages/ClubDetailPage.tsx,318,button,onClick={() => this.setState({ hasError: false })},,runtime-or-tooling-source,"Requires Interaction, Error, Authorization And Accessibility Verification",10;11
src/pages/ClubDetailPage.tsx,1107,button,onClick={() => navigate(`/invite/${clubId}`)},title=Invite,runtime-or-tooling-source,"Requires Interaction, Error, Authorization And Accessibility Verification",10;11
src/pages/ClubDetailPage.tsx,1121,button,onClick={() => navigate(`/clubs/${clubId}/financials`)},title=Financials,runtime-or-tooling-source,"Requires Interaction, Error, Authorization And Accessibility Verification",10;11
src/pages/ClubDetailPage.tsx,1136,button,onClick={() => navigate(`/clubs/${clubId}/announcements`)},title=Announcements,runtime-or-tooling-source,"Requires Interaction, Error, Authorization And Accessibility Verification",10;11
src/pages/ClubDetailPage.tsx,1188,TabButton,onClick={() => setActiveTab('overview')},,runtime-or-tooling-source,"Requires Interaction, Error, Authorization And Accessibility Verification",10;11
src/pages/ClubDetailPage.tsx,1194,TabButton,onClick={() => setActiveTab('tables')},,runtime-or-tooling-source,"Requires Interaction, Error, Authorization And Accessibility Verification",10;11
src/pages/ClubDetailPage.tsx,1200,TabButton,onClick={() => setActiveTab('members')},,runtime-or-tooling-source,"Requires Interaction, Error, Authorization And Accessibility Verification",10;11
src/pages/ClubDetailPage.tsx,1206,TabButton,onClick={() => setActiveTab('agents')},,runtime-or-tooling-source,"Requires Interaction, Error, Authorization And Accessibility Verification",10;11
src/pages/ClubDetailPage.tsx,1213,TabButton,onClick={() => setActiveTab('operations')},,runtime-or-tooling-source,"Requires Interaction, Error, Authorization And Accessibility Verification",10;11
src/pages/ClubDetailPage.tsx,1220,TabButton,onClick={() => setActiveTab('settings')},,runtime-or-tooling-source,"Requires Interaction, Error, Authorization And Accessibility Verification",10;11
src/pages/ClubDetailPage.tsx,1348,button,onClick={() => navigate('/challenges')},,runtime-or-tooling-source,"Requires Interaction, Error, Authorization And Accessibility Verification",10;11
src/pages/ClubDetailPage.tsx,1444,button,onClick={() => navigate(`/clubs/${clubId}/create-table`)},,runtime-or-tooling-source,"Requires Interaction, Error, Authorization And Accessibility Verification",10;11
src/pages/ClubDetailPage.tsx,1472,button,"onClick={(e) => {
                              e.stopPropagation();
                              setDeleteTableConfirm({
                                show: true,
                                tableId: table.id,
                                tableName: table.name,
                              });
                            }}",title=Close Table,runtime-or-tooling-source,"Requires Interaction, Error, Authorization And Accessibility Verification",10;11
src/pages/ClubDetailPage.tsx,1514,input,onChange={(e) => setMemberSearch(e.target.value)},type=search,runtime-or-tooling-source,"Requires Interaction, Error, Authorization And Accessibility Verification",10;11
src/pages/ClubDetailPage.tsx,1553,button,"onClick={() => handleMemberAction(pm.userId, 'approve')}",aria-label={`Approve ${pm.username}`},runtime-or-tooling-source,"Requires Interaction, Error, Authorization And Accessibility Verification",10;11
src/pages/ClubDetailPage.tsx,1569,button,"onClick={() => handleMemberAction(pm.userId, 'deny')}",aria-label={`Deny ${pm.username}`},runtime-or-tooling-source,"Requires Interaction, Error, Authorization And Accessibility Verification",10;11
src/pages/ClubDetailPage.tsx,1646,button,"onClick={() =>
                                setShowMemberMenu(showMemberMenu === member.id ? null : member.id)
                              }",aria-label={`Actions For ${member.username}`},runtime-or-tooling-source,"Requires Interaction, Error, Authorization And Accessibility Verification",10;11
src/pages/ClubDetailPage.tsx,1659,button,"onClick={() => handleMemberAction(member.id, 'promote')}",aria-label=Promote Member To Admin,runtime-or-tooling-source,"Requires Interaction, Error, Authorization And Accessibility Verification",10;11
src/pages/ClubDetailPage.tsx,1668,button,"onClick={() => handleMemberAction(member.id, 'demote')}",aria-label=Demote Admin To Member,runtime-or-tooling-source,"Requires Interaction, Error, Authorization And Accessibility Verification",10;11
src/pages/ClubDetailPage.tsx,1677,button,"onClick={() => handleMemberAction(member.id, 'suspend')}",aria-label=Suspend Member,runtime-or-tooling-source,"Requires Interaction, Error, Authorization And Accessibility Verification",10;11
src/pages/ClubDetailPage.tsx,1685,button,"onClick={() => handleMemberAction(member.id, 'remove')}",aria-label=Remove Member From Club,runtime-or-tooling-source,"Requires Interaction, Error, Authorization And Accessibility Verification",10;11
src/pages/ClubDetailPage.tsx,1702,button,"onClick={() => setMemberLimit((prev) => Math.min(prev + 50, 500))}",,runtime-or-tooling-source,"Requires Interaction, Error, Authorization And Accessibility Verification",10;11
src/pages/ClubDetailPage.tsx,1719,button,onClick={() => setShowAgentManager(true)},,runtime-or-tooling-source,"Requires Interaction, Error, Authorization And Accessibility Verification",10;11
src/pages/ClubDetailPage.tsx,1734,button,onClick={() => setShowAgentManager(true)},,runtime-or-tooling-source,"Requires Interaction, Error, Authorization And Accessibility Verification",10;11
src/pages/ClubDetailPage.tsx,1795,input,"onChange={(e) => setSettingsForm((f) => ({ ...f, name: e.target.value }))}",type=text,runtime-or-tooling-source,"Requires Interaction, Error, Authorization And Accessibility Verification",10;11
src/pages/ClubDetailPage.tsx,1804,textarea,"onChange={(e) => setSettingsForm((f) => ({ ...f, description: e.target.value }))}",,runtime-or-tooling-source,"Requires Interaction, Error, Authorization And Accessibility Verification",10;11
src/pages/ClubDetailPage.tsx,1813,input,"onChange={(e) => setSettingsForm((f) => ({ ...f, isPublic: e.target.checked }))}",type=checkbox,runtime-or-tooling-source,"Requires Interaction, Error, Authorization And Accessibility Verification",10;11
src/pages/ClubDetailPage.tsx,1821,input,"onChange={(e) =>
                    setSettingsForm((f) => ({ ...f, requiresApproval: e.target.checked }))
                  }",type=checkbox,runtime-or-tooling-source,"Requires Interaction, Error, Authorization And Accessibility Verification",10;11
src/pages/ClubDetailPage.tsx,1835,input,"onChange={(e) =>
                    setSettingsForm((f) => ({
                      ...f,
                      defaultRakePercent: Number(e.target.value) || 0,
                    }))
                  }",type=number,runtime-or-tooling-source,"Requires Interaction, Error, Authorization And Accessibility Verification",10;11
src/pages/ClubDetailPage.tsx,1851,input,"onChange={(e) =>
                    setSettingsForm((f) => ({ ...f, rakeCap: Number(e.target.value) || 0 }))
                  }",type=number,runtime-or-tooling-source,"Requires Interaction, Error, Authorization And Accessibility Verification",10;11
src/pages/ClubDetailPage.tsx,1868,input,"onChange={(e) =>
                    setSettingsForm((f) => ({ ...f, minBuyInBB: Number(e.target.value) || 0 }))
                  }",type=number,runtime-or-tooling-source,"Requires Interaction, Error, Authorization And Accessibility Verification",10;11
src/pages/ClubDetailPage.tsx,1879,input,"onChange={(e) =>
                    setSettingsForm((f) => ({ ...f, maxBuyInBB: Number(e.target.value) || 0 }))
                  }",type=number,runtime-or-tooling-source,"Requires Interaction, Error, Authorization And Accessibility Verification",10;11
src/pages/ClubDetailPage.tsx,1892,input,"onChange={(e) =>
                    setSettingsForm((f) => ({ ...f, allowStraddle: e.target.checked }))
                  }",type=checkbox,runtime-or-tooling-source,"Requires Interaction, Error, Authorization And Accessibility Verification",10;11
src/pages/ClubDetailPage.tsx,1902,input,"onChange={(e) =>
                    setSettingsForm((f) => ({ ...f, allowRunItTwice: e.target.checked }))
                  }",type=checkbox,runtime-or-tooling-source,"Requires Interaction, Error, Authorization And Accessibility Verification",10;11
src/pages/ClubDetailPage.tsx,1912,button,onClick={handleSaveSettings},,runtime-or-tooling-source,"Requires Interaction, Error, Authorization And Accessibility Verification",10;11
src/pages/ClubDetailPage.tsx,1925,div,onClick={() => setShowAgentManager(false)},,runtime-or-tooling-source,"Requires Interaction, Error, Authorization And Accessibility Verification",10;11
src/pages/ClubDetailPage.tsx,1926,div,onClick={(e) => e.stopPropagation()},,runtime-or-tooling-source,"Requires Interaction, Error, Authorization And Accessibility Verification",10;11
src/pages/ClubDetailPage.tsx,1929,button,onClick={() => setShowAgentManager(false)},aria-label=Close Agent Manager,runtime-or-tooling-source,"Requires Interaction, Error, Authorization And Accessibility Verification",10;11
src/pages/ClubDetailPage.tsx,1938,Link,onClick={() => setShowAgentManager(false)},,runtime-or-tooling-source,"Requires Interaction, Error, Authorization And Accessibility Verification",10;11
src/pages/ClubDetailPage.tsx,1951,ConfirmModal,"onConfirm={async () => {
          if (deleteTableConfirm.tableId) {
            const id = deleteTableConfirm.tableId;
            setDeleteTableConfirm({ show: false, tableId: null, tableName: null });
            setDeletingTableId(id);
            try {
              await gameManagementService.close('table', id);
              setTables((prev) => prev.filter((table) => table.id !== id));
              setClub((prev) =>
                prev ? { ...prev, tableCount: Math.max(0, prev.tableCount - 1) } : null
              );
              toast.success('Table Closed');
            } catch (err) {
              reportError(err, 'ClubDetailPage.Failed_to_close_table');
              toast.error(err instanceof Error ? err.message : 'Failed To Close Table');
            } finally {
              setDeletingTableId(null);
            }
          }
        }}; onCancel={() => setDeleteTableConfirm({ show: false, tableId: null, tableName: null })}",title=Close Table,runtime-or-tooling-source,"Requires Interaction, Error, Authorization And Accessibility Verification",10;11
src/pages/ClubFinancialsPage.tsx,391,ErrorState,"onRetry={() => navigate('/clubs', { replace: true })}",,runtime-or-tooling-source,"Requires Interaction, Error, Authorization And Accessibility Verification",10;11
src/pages/ClubFinancialsPage.tsx,402,PermissionState,onBack={() => navigate(`/clubs/${clubId}`)},title=Financials Are Restricted,runtime-or-tooling-source,"Requires Interaction, Error, Authorization And Accessibility Verification",10;11
src/pages/ClubFinancialsPage.tsx,422,ErrorState,onRetry={() => void load()},,runtime-or-tooling-source,"Requires Interaction, Error, Authorization And Accessibility Verification",10;11
src/pages/ClubFinancialsPage.tsx,440,DynamicWallet,"onBuyDiamonds={() => navigate(withClubContext('/vip', clubId))}; onOpenPlayerWallet={() => setShowPlayerWallet(true)}; onOpenPromoWallet={() => setActiveCashier('promo_wallet')}; onOpenAgentWallet={() => setActiveCashier('agent_wallet')}; onOpenClubBank={() => setActiveCashier('club_bank')}; onOpenBBJ={() => navigate(`/clubs/${clubId}/jackpot`)}",,runtime-or-tooling-source,"Requires Interaction, Error, Authorization And Accessibility Verification",10;11
src/pages/ClubFinancialsPage.tsx,457,WalletCashierModal,onClose={() => setActiveCashier(null)},,runtime-or-tooling-source,"Requires Interaction, Error, Authorization And Accessibility Verification",10;11
src/pages/ClubFinancialsPage.tsx,464,PlayerWalletModal,onClose={() => setShowPlayerWallet(false)},,runtime-or-tooling-source,"Requires Interaction, Error, Authorization And Accessibility Verification",10;11
src/pages/ClubFinancialsPage.tsx,475,button,onClick={() => setPeriod(p)},,runtime-or-tooling-source,"Requires Interaction, Error, Authorization And Accessibility Verification",10;11
src/pages/ClubFinancialsPage.tsx,484,button,onClick={exportCsv},,runtime-or-tooling-source,"Requires Interaction, Error, Authorization And Accessibility Verification",10;11
src/pages/ClubHandReviewPage.tsx,239,input,onChange={(e) => setHandNumber(e.target.value)},type=text; aria-label=Hand Number,runtime-or-tooling-source,"Requires Interaction, Error, Authorization And Accessibility Verification",10;11
src/pages/ClubHandReviewPage.tsx,248,input,onChange={(e) => setReason(e.target.value)},type=text; aria-label=Why This Hand Is Being Opened,runtime-or-tooling-source,"Requires Interaction, Error, Authorization And Accessibility Verification",10;11
src/pages/ClubHandReviewPage.tsx,256,button,"onClick={() => void openHand(handNumber, reason)}",type=button,runtime-or-tooling-source,"Requires Interaction, Error, Authorization And Accessibility Verification",10;11
src/pages/ClubHandReviewPage.tsx,291,button,onClick={() => setRead(null)},type=button,runtime-or-tooling-source,"Requires Interaction, Error, Authorization And Accessibility Verification",10;11
src/pages/ClubHandReviewPage.tsx,308,button,onClick={() => setFilter(f.id)},type=button,runtime-or-tooling-source,"Requires Interaction, Error, Authorization And Accessibility Verification",10;11
src/pages/ClubHandReviewPage.tsx,354,button,"onClick={() => {
                      setHandNumber(String(flag.handNumber));
                      /* The flag's own words are the reason, which is both the
                         truth and the thing an operator would otherwise
                         retype badly. */
                      const why = `Flagged hand: ${flag.note}`.slice(0, 400);
                      setReason(why);
                      void openHand(String(flag.handNumber), why);
                    }}",type=button,runtime-or-tooling-source,"Requires Interaction, Error, Authorization And Accessibility Verification",10;11
src/pages/ClubHandReviewPage.tsx,370,input,"onChange={(e) =>
                    setReplyDraft((prev) => ({ ...prev, [flag.id]: e.target.value }))
                  }",type=text; aria-label={`Reply To The Flag On Hand ${flag.handNumber ?? ''}`},runtime-or-tooling-source,"Requires Interaction, Error, Authorization And Accessibility Verification",10;11
src/pages/ClubHandReviewPage.tsx,381,button,"onClick={() => void resolveFlag(flag, 'under_review')}",type=button,runtime-or-tooling-source,"Requires Interaction, Error, Authorization And Accessibility Verification",10;11
src/pages/ClubHandReviewPage.tsx,390,button,"onClick={() => void resolveFlag(flag, 'resolved')}",type=button,runtime-or-tooling-source,"Requires Interaction, Error, Authorization And Accessibility Verification",10;11
src/pages/ClubHandReviewPage.tsx,398,button,"onClick={() => void resolveFlag(flag, 'dismissed')}",type=button,runtime-or-tooling-source,"Requires Interaction, Error, Authorization And Accessibility Verification",10;11
src/pages/ClubHomePage.tsx,4105,button,"onClick={() => {
              setNotAMember(false);
              loadingRef.current = false;
              loadClubData();
            }}",,runtime-or-tooling-source,"Requires Interaction, Error, Authorization And Accessibility Verification",10;11
src/pages/ClubHomePage.tsx,4180,button,"onClick={() => {
              loadingRef.current = false;
              setLoadStalled(false);
              /* Drop the previous cause, or a retry that fails differently
                 would still be showing the first attempt's reason. */
              setLoadFailure(null);
              loadClubData();
            }}",,runtime-or-tooling-source,"Requires Interaction, Error, Authorization And Accessibility Verification",10;11
src/pages/ClubHomePage.tsx,4374,ClubEntryMessage,"onMessageSaved={(next) =>
          setClub((prev) => (prev ? { ...prev, lobby_message: next } : prev))
        }; onOpenAnnouncements={() => navigate(`/clubs/${clubId}/announcements`)}; onToast={(kind, text) => (kind === 'success' ? toast.success(text) : toast.error(text))}",,runtime-or-tooling-source,"Requires Interaction, Error, Authorization And Accessibility Verification",10;11
src/pages/ClubHomePage.tsx,4411,ClubIdentityCard,"onCopyClubId={() => {
              navigator.clipboard.writeText(club.club_id.toString());
              toast.success('Club ID Copied');
            }}; onCopyPlayerId={
              currentUser?.player_number
                ? () => {
                    navigator.clipboard.writeText(currentUser.player_number!.toString());
                    toast.success('Player Number Copied');
                  }
                : undefined
            }; onShare={async () => {
              haptic.medium();
              let refQuery = '';
              let profRefNum: number | null = null;
              try {
                // readLocalSession, not the auth SDK's remote user lookup: the
                // session is already local and the referral action must open
                // instantly when the player taps it.
                const session = readLocalSession();
                if (session?.userId) {
                  const { data: prof, error: profErr } = await supabase
                    .from('profiles')
                    .select('player_number')
                    .eq('id', session.userId)
                    .maybeSingle();
                  // ROUND 9 (2026-08-29): the uuid fallback below still
                  // credits the referral, so behaviour is unchanged - but a
                  // failed read was silently downgrading share links from the
                  // friendly player number to a raw uuid.
                  if (profErr) {
                    reportErr",,runtime-or-tooling-source,"Requires Interaction, Error, Authorization And Accessibility Verification",10;11
src/pages/ClubHomePage.tsx,4510,button,"onClick={() => {
              haptic.medium();
              setShowBBJInfo(true);
            }}","type=button; aria-label={`Bad Beat Jackpot: ${
              jackpotAmount > 0
                ? jackpotAmount.toLocaleString('en-US', {
                    minimumFractionDigits: 2,
                    maximumFractionDigits: 2,
                  })
                : 'No Pool'
            }`}",runtime-or-tooling-source,"Requires Interaction, Error, Authorization And Accessibility Verification",10;11
src/pages/ClubHomePage.tsx,4552,button,"onClick={() => {
                  haptic.selection();
                  setWalletsExpanded((expanded) => !expanded);
                }}",type=button,runtime-or-tooling-source,"Requires Interaction, Error, Authorization And Accessibility Verification",10;11
src/pages/ClubHomePage.tsx,4586,DynamicWallet,"onVisibleWalletCountChange={setVisibleWalletCount}; onBuyDiamonds={() => {
                      haptic.medium();
                      setShowDiamondWallet(true);
                    }}; onOpenPlayerWallet={() => setShowPlayerWallet(true)}; onOpenPromoWallet={() => setActiveCashier('promo_wallet')}; onOpenAgentWallet={() => setActiveCashier('agent_wallet')}; onOpenClubBank={() => setActiveCashier('club_bank')}; onOpenBBJ={() => {
                      haptic.medium();
                      setShowBBJInfo(true);
                    }}; onOpenUnionBank={(balance) => {
                      setUnionWalletModal({ key: 'chips', label: 'Union Bank', balance });
                    }}; onOpenUnionRake={() => setUnionTreasuryModal('rake')}; onOpenUnionBackupBBJ={() => setUnionTreasuryModal('backup')}; onOpenUnionPromo={(balance) => {
                      setUnionWalletModal({ key: 'promo', label: 'Promo Wallet', balance });
                    }}; onOpenUnionSpins={(balance) => {
                      setUnionWalletModal({
                        key: 'spin_reserve',
                        label: 'Spins Treasury',
                        balance,
                      });
                    }}; onOpenClubRake={() => setStandaloneRakeModal(true)}; onOpenClubSpins={() => setStandaloneSpinsModal(true)}",,runtime-or-tooling-source,"Requires Interaction, Error, Authorization And Accessibility Verification",10;11
src/pages/ClubHomePage.tsx,4659,WalletCashierModal,onClose={() => setActiveCashier(null)},,runtime-or-tooling-source,"Requires Interaction, Error, Authorization And Accessibility Verification",10;11
src/pages/ClubHomePage.tsx,4667,UnionWalletModal,onClose={() => setUnionWalletModal(null)},,runtime-or-tooling-source,"Requires Interaction, Error, Authorization And Accessibility Verification",10;11
src/pages/ClubHomePage.tsx,4677,UnionTreasuryDetailModal,"onClose={() => setUnionTreasuryModal(null)}; onSendFrom={
            unionTreasuryModal === 'backup'
              ? undefined
              : () => {
                  const isRake = unionTreasuryModal === 'rake';
                  setUnionTreasuryModal(null);
                  setUnionWalletModal({
                    key: isRake ? 'rake' : 'bbj',
                    label: isRake ? 'Rake Treasury' : 'BBJ Pool',
                    // The wallet modal fetches the true balance anyway, so 0 is fine
                    balance: 0,
                  });
                }
          }",,runtime-or-tooling-source,"Requires Interaction, Error, Authorization And Accessibility Verification",10;11
src/pages/ClubHomePage.tsx,4699,Modal,onClose={() => setStandaloneRakeModal(false)},title=Rake Treasury,runtime-or-tooling-source,"Requires Interaction, Error, Authorization And Accessibility Verification",10;11
src/pages/ClubHomePage.tsx,4713,Modal,onClose={() => setStandaloneSpinsModal(false)},title=Spins Wallet,runtime-or-tooling-source,"Requires Interaction, Error, Authorization And Accessibility Verification",10;11
src/pages/ClubHomePage.tsx,4726,PlayerWalletModal,onClose={() => setShowPlayerWallet(false)},,runtime-or-tooling-source,"Requires Interaction, Error, Authorization And Accessibility Verification",10;11
src/pages/ClubHomePage.tsx,4731,DiamondWalletModal,"onClose={() => setShowDiamondWallet(false)}; onBuyClick={() => navigate(withClubContext('/vip', clubId))}",,runtime-or-tooling-source,"Requires Interaction, Error, Authorization And Accessibility Verification",10;11
src/pages/ClubHomePage.tsx,4736,BBJInfoModal,onClose={() => setShowBBJInfo(false)},,runtime-or-tooling-source,"Requires Interaction, Error, Authorization And Accessibility Verification",10;11
src/pages/ClubHomePage.tsx,4798,GameCreationActions,onNavigate={(path) => navigate(path)},,runtime-or-tooling-source,"Requires Interaction, Error, Authorization And Accessibility Verification",10;11
src/pages/ClubHomePage.tsx,4811,button,"onClick={() => {
                        haptic.selection();
                        selectGameType(tab.key);
                      }}",,runtime-or-tooling-source,"Requires Interaction, Error, Authorization And Accessibility Verification",10;11
src/pages/ClubHomePage.tsx,4841,button,"onClick={() => {
                    haptic.light();
                    setFiltersOpen(true);
                  }}",aria-label={gameType === 'ALL' ? 'Sort' : 'Filters And Sort'}; title={gameType === 'ALL' ? 'Sort' : 'Filters And Sort'},runtime-or-tooling-source,"Requires Interaction, Error, Authorization And Accessibility Verification",10;11
src/pages/ClubHomePage.tsx,4877,button,"onClick={() => {
                          haptic.selection();
                          setAllStatusFilter(status.key);
                        }}",type=button,runtime-or-tooling-source,"Requires Interaction, Error, Authorization And Accessibility Verification",10;11
src/pages/ClubHomePage.tsx,4904,button,"onClick={() => {
                            haptic.selection();
                            const next: FilterStore = {
                              ...advFilters,
                              [gameType]: { ...qVal, statuses: [] },
                            };
                            setAdvFilters(next);
                            if (resolvedClubId) saveFilters(resolvedClubId, next);
                          }}",type=button,runtime-or-tooling-source,"Requires Interaction, Error, Authorization And Accessibility Verification",10;11
src/pages/ClubHomePage.tsx,4933,button,"onClick={() => {
                                haptic.selection();
                                const next: FilterStore = {
                                  ...advFilters,
                                  [gameType]: {
                                    ...qVal,
                                    statuses: on
                                      ? qVal.statuses.filter((k) => k !== sf.key)
                                      : [...qVal.statuses, sf.key],
                                  },
                                };
                                setAdvFilters(next);
                                if (resolvedClubId) saveFilters(resolvedClubId, next);
                              }}",,runtime-or-tooling-source,"Requires Interaction, Error, Authorization And Accessibility Verification",10;11
src/pages/ClubHomePage.tsx,4957,button,"onClick={() => {
                              haptic.selection();
                              selectFavoritesOnly(!favoritesOnly);
                            }}",type=button,runtime-or-tooling-source,"Requires Interaction, Error, Authorization And Accessibility Verification",10;11
src/pages/ClubHomePage.tsx,4977,button,"onClick={() => {
                haptic.selection();
                navigate(`/clubs/${clubId}/announcements`);
              }}",type=button; aria-label={`Open ${club.name} Promotions`},runtime-or-tooling-source,"Requires Interaction, Error, Authorization And Accessibility Verification",10;11
src/pages/ClubHomePage.tsx,5025,AdvancedFilters,"onClose={() => {
              /* Filters save on every click inside the sheet (Dan 2026-08-30),
                 so closing without Apply must still show what was saved -
                 re-read storage so the lobby matches the persisted store. */
              setFiltersOpen(false);
              setAdvFilters(loadFilters(resolvedClubId || club!.id));
            }}; onApply={setAdvFilters}; onSortChange={selectSortKey}",,runtime-or-tooling-source,"Requires Interaction, Error, Authorization And Accessibility Verification",10;11
src/pages/ClubHomePage.tsx,5077,LobbyTable,onSelect={openEntry}; onActivate={openEntry},,runtime-or-tooling-source,"Requires Interaction, Error, Authorization And Accessibility Verification",10;11
src/pages/ClubHomePage.tsx,5177,HouseAdCard,"onNavigate={(path) => {
                          haptic.selection();
                          navigate(path);
                        }}",,runtime-or-tooling-source,"Requires Interaction, Error, Authorization And Accessibility Verification",10;11
src/pages/ClubHomePage.tsx,5222,button,onClick={clearAllNarrowing},,runtime-or-tooling-source,"Requires Interaction, Error, Authorization And Accessibility Verification",10;11
src/pages/ClubHomePage.tsx,5239,button,onClick={clearAllNarrowing},,runtime-or-tooling-source,"Requires Interaction, Error, Authorization And Accessibility Verification",10;11
src/pages/ClubHomePage.tsx,5255,button,onClick={clearAllNarrowing},,runtime-or-tooling-source,"Requires Interaction, Error, Authorization And Accessibility Verification",10;11
src/pages/ClubHomePage.tsx,5259,button,"onClick={() => {
                              haptic.light();
                              setFiltersOpen(true);
                            }}",,runtime-or-tooling-source,"Requires Interaction, Error, Authorization And Accessibility Verification",10;11
src/pages/ClubHomePage.tsx,5283,GameLobbyPanel,"onClose={() => setPanelOpen(false)}; onJoinTable={handleJoinTable}; onWaitlistToggle={handleWaitlistToggle}; onRegister={handleRegister}; onUnregister={handleUnregister}; onSpinJoin={(t, variant) => {
            setPanelOpen(false);
            spinQuickJoin({ id: t.id, name: t.name, buy_in_amount: t.buy_in_amount }, variant);
          }}; onDeleteTable={(id) => {
            setPanelOpen(false);
            setDeleteTableConfirm({ show: true, tableId: id, tableName: selectedEntry.name });
          }}",,runtime-or-tooling-source,"Requires Interaction, Error, Authorization And Accessibility Verification",10;11
src/pages/ClubHomePage.tsx,5344,button,"onClick={() => {
                spinJoinCancelRef.current = true;
                setSpinJoin(null);
              }}",type=button,runtime-or-tooling-source,"Requires Interaction, Error, Authorization And Accessibility Verification",10;11
src/pages/ClubHomePage.tsx,5359,ConfirmModal,"onConfirm={async () => {
          if (deleteTableConfirm.tableId) {
            const id = deleteTableConfirm.tableId;
            setDeleteTableConfirm({ show: false, tableId: null, tableName: null });
            setDeletingTableId(id);
            try {
              await gameManagementService.close('table', id);
              setTables((prev) => prev.filter((t) => t.id !== id));
              toast.success('Table Closed');
            } catch (err) {
              reportError(err, 'ClubHomePage.Failed_to_close_table');
              toast.error(err instanceof Error ? err.message : 'Failed To Close Table');
            } finally {
              setDeletingTableId(null);
            }
          }
        }}; onCancel={() => setDeleteTableConfirm({ show: false, tableId: null, tableName: null })}",title=Close Table,runtime-or-tooling-source,"Requires Interaction, Error, Authorization And Accessibility Verification",10;11
src/pages/ClubHomePage.tsx,5386,ClubOpeningWizard,"onClose={() => setShowOpeningWizard(false)}; onComplete={({ clubBankAfter, spinsEnabled, tagline }) => {
            setClub((previous) =>
              previous
                ? {
                    ...previous,
                    chip_treasury: clubBankAfter,
                    spins_enabled: spinsEnabled,
                    tagline,
                  }
                : previous
            );
            setOpeningSetupComplete(true);
            setShowOpeningWizard(false);
          }}",,runtime-or-tooling-source,"Requires Interaction, Error, Authorization And Accessibility Verification",10;11
src/pages/ClubMembersPage.tsx,769,input,onChange={(event) => setSearchQuery(event.target.value)},type=search; aria-label=Search Club Members,runtime-or-tooling-source,"Requires Interaction, Error, Authorization And Accessibility Verification",10;11
src/pages/ClubMembersPage.tsx,784,button,onClick={() => setFilter(value)},type=button,runtime-or-tooling-source,"Requires Interaction, Error, Authorization And Accessibility Verification",10;11
src/pages/ClubMembersPage.tsx,800,select,onChange={(event) => setSortKey(event.target.value as RosterSort)},aria-label=Sort Players,runtime-or-tooling-source,"Requires Interaction, Error, Authorization And Accessibility Verification",10;11
src/pages/ClubMembersPage.tsx,820,input,onChange={() => toggleColumn(column)},type=checkbox,runtime-or-tooling-source,"Requires Interaction, Error, Authorization And Accessibility Verification",10;11
src/pages/ClubMembersPage.tsx,834,button,"onClick={() =>
                setSelected(
                  selected.size === members.length
                    ? new Set()
                    : new Set(members.map((row) => row.user_id))
                )
              }",type=button,runtime-or-tooling-source,"Requires Interaction, Error, Authorization And Accessibility Verification",10;11
src/pages/ClubMembersPage.tsx,850,button,onClick={() => void refresh()},type=button,runtime-or-tooling-source,"Requires Interaction, Error, Authorization And Accessibility Verification",10;11
src/pages/ClubMembersPage.tsx,860,button,onClick={() => void handleExport()},type=button,runtime-or-tooling-source,"Requires Interaction, Error, Authorization And Accessibility Verification",10;11
src/pages/ClubMembersPage.tsx,875,RosterConnectionStatus,onRetry={retryLiveSync},,runtime-or-tooling-source,"Requires Interaction, Error, Authorization And Accessibility Verification",10;11
src/pages/ClubMembersPage.tsx,888,button,onClick={() => setSelected(new Set(members.map((row) => row.user_id)))},type=button,runtime-or-tooling-source,"Requires Interaction, Error, Authorization And Accessibility Verification",10;11
src/pages/ClubMembersPage.tsx,894,button,onClick={() => setSelected(new Set())},type=button,runtime-or-tooling-source,"Requires Interaction, Error, Authorization And Accessibility Verification",10;11
src/pages/ClubMembersPage.tsx,897,button,onClick={() => void handleExport()},type=button,runtime-or-tooling-source,"Requires Interaction, Error, Authorization And Accessibility Verification",10;11
src/pages/ClubMembersPage.tsx,929,button,onClick={retryLiveSync},type=button,runtime-or-tooling-source,"Requires Interaction, Error, Authorization And Accessibility Verification",10;11
src/pages/ClubMembersPage.tsx,939,MemberRow,onOpen={openMember}; onSelect={toggleSelected},,runtime-or-tooling-source,"Requires Interaction, Error, Authorization And Accessibility Verification",10;11
src/pages/ClubMembersPage.tsx,1041,input,onChange={() => onSelect(member.user_id)},type=checkbox,runtime-or-tooling-source,"Requires Interaction, Error, Authorization And Accessibility Verification",10;11
src/pages/ClubMembersPage.tsx,1044,button,onClick={() => onOpen(member.user_id)},"type=button; aria-label={`Open ${member.alias}, ${roleLabel(member.role)}, ${status}`}",runtime-or-tooling-source,"Requires Interaction, Error, Authorization And Accessibility Verification",10;11
src/pages/ClubMembersPage.tsx,1052,img,"onError={(event) => {
                const image = event.currentTarget;
                image.onerror = null;
                image.src = generateAvatarSvg(member.user_id, member.alias || '?');
              }}",,runtime-or-tooling-source,"Requires Interaction, Error, Authorization And Accessibility Verification",10;11
src/pages/ClubRulesPage.tsx,291,button,onClick={() => loadRules()},,runtime-or-tooling-source,"Requires Interaction, Error, Authorization And Accessibility Verification",10;11
src/pages/ClubRulesPage.tsx,320,textarea,onChange={(e) => setEditValue(e.target.value)},,runtime-or-tooling-source,"Requires Interaction, Error, Authorization And Accessibility Verification",10;11
src/pages/ClubRulesPage.tsx,328,button,onClick={() => setIsEditing(false)},,runtime-or-tooling-source,"Requires Interaction, Error, Authorization And Accessibility Verification",10;11
src/pages/ClubRulesPage.tsx,335,button,onClick={handleSave},,runtime-or-tooling-source,"Requires Interaction, Error, Authorization And Accessibility Verification",10;11
src/pages/ClubRulesPage.tsx,363,button,"onClick={() => {
                  setEditValue(rules);
                  setIsEditing(true);
                }}",,runtime-or-tooling-source,"Requires Interaction, Error, Authorization And Accessibility Verification",10;11
src/pages/ClubSettingsPage.tsx,1188,button,onClick={() => navigate('/clubs')},,runtime-or-tooling-source,"Requires Interaction, Error, Authorization And Accessibility Verification",10;11
src/pages/ClubSettingsPage.tsx,1212,button,onClick={() => navigate('/clubs')},,runtime-or-tooling-source,"Requires Interaction, Error, Authorization And Accessibility Verification",10;11
src/pages/ClubSettingsPage.tsx,1225,button,"onClick={() => loadClubSettings(undefined, { force: true })}",,runtime-or-tooling-source,"Requires Interaction, Error, Authorization And Accessibility Verification",10;11
src/pages/ClubSettingsPage.tsx,1331,button,"onClick={() => {
                // The canonical invite link, the same one InvitePage and the
                // agent modal hand out. What was here before was dead three
                // separate ways and had never carried a single person into a
                // club:
                //   1. it omitted the router basename, so `origin + '/clubs'`
                //      landed outside the SPA entirely;
                //   2. `/clubs` is `<Navigate to=""/"" replace />` in App.tsx and
                //      Navigate carries no search string, so `c` and `ref` were
                //      destroyed even at the right path (the real list page is
                //      `/clubs-list`);
                //   3. `?c=` fed a five-digit code to a form that demanded six.
                // Corroboration: club_members has 1502 rows and exactly ONE
                // non-null invited_by.
                const url = `${publicOrigin()}/hub/club-arena/invite/${clubId}?ref=${playerNumber}`;
                navigator.clipboard.writeText(url);
                toast.success('Invite Link Copied To Clipboard!');
              }}",type=button,runtime-or-tooling-source,"Requires Interaction, Error, Authorization And Accessibility Verification",10;11
src/pages/ClubSettingsPage.tsx,1396,button,onClick={() => navigate(`/clubs/${clubId}/members`)},,runtime-or-tooling-source,"Requires Interaction, Error, Authorization And Accessibility Verification",10;11
src/pages/ClubSettingsPage.tsx,1410,input,"onChange={(e) => updateSetting('name', e.target.value)}",id=club-name; type=text,runtime-or-tooling-source,"Requires Interaction, Error, Authorization And Accessibility Verification",10;11
src/pages/ClubSettingsPage.tsx,1431,input,"onChange={(e) => updateSetting('tagline', e.target.value)}",id=club-tagline; type=text,runtime-or-tooling-source,"Requires Interaction, Error, Authorization And Accessibility Verification",10;11
src/pages/ClubSettingsPage.tsx,1453,textarea,"onChange={(e) => updateSetting('lobby_message', e.target.value)}",id=club-lobby-message,runtime-or-tooling-source,"Requires Interaction, Error, Authorization And Accessibility Verification",10;11
src/pages/ClubSettingsPage.tsx,1470,textarea,"onChange={(e) => updateSetting('description', e.target.value)}",id=club-description,runtime-or-tooling-source,"Requires Interaction, Error, Authorization And Accessibility Verification",10;11
src/pages/ClubSettingsPage.tsx,1497,button,onClick={copyClubCode},type=button; aria-label=Copy Club Code,runtime-or-tooling-source,"Requires Interaction, Error, Authorization And Accessibility Verification",10;11
src/pages/ClubSettingsPage.tsx,1552,button,onClick={() => logoInputRef.current?.click()},type=button,runtime-or-tooling-source,"Requires Interaction, Error, Authorization And Accessibility Verification",10;11
src/pages/ClubSettingsPage.tsx,1560,input,onChange={onLogoSelect},id=club-logo-input; type=file; aria-label=Choose A Club Logo,runtime-or-tooling-source,"Requires Interaction, Error, Authorization And Accessibility Verification",10;11
src/pages/ClubSettingsPage.tsx,1572,button,onClick={clearPendingLogo},type=button,runtime-or-tooling-source,"Requires Interaction, Error, Authorization And Accessibility Verification",10;11
src/pages/ClubSettingsPage.tsx,1582,button,onClick={removeLogo},type=button,runtime-or-tooling-source,"Requires Interaction, Error, Authorization And Accessibility Verification",10;11
src/pages/ClubSettingsPage.tsx,1607,button,"onClick={() => {
                const nextPublic = !settings.is_public;
                setSettings((prev) => ({
                  ...prev,
                  is_public: nextPublic,
                }));
              }}",type=button; aria-label=Public Club,runtime-or-tooling-source,"Requires Interaction, Error, Authorization And Accessibility Verification",10;11
src/pages/ClubSettingsPage.tsx,1636,button,"onClick={() => updateSetting('requires_approval', !settings.requires_approval)}",type=button; aria-label=Require Approval,runtime-or-tooling-source,"Requires Interaction, Error, Authorization And Accessibility Verification",10;11
src/pages/ClubSettingsPage.tsx,1669,input,"onChange={(e) => setRakePercentText(e.target.value)}; onBlur={() => {
                  const raw = rakePercentText.trim();
                  if (raw === '') {
                    updateSetting('default_rake_percent', RAKE_INHERIT);
                    return;
                  }
                  const val = parseFloat(raw);
                  updateSetting(
                    'default_rake_percent',
                    isNaN(val) ? RAKE_INHERIT : Math.min(MAX_RAKE_PERCENT, Math.max(0, val))
                  );
                }}",id=club-rake-percent; type=number,runtime-or-tooling-source,"Requires Interaction, Error, Authorization And Accessibility Verification",10;11
src/pages/ClubSettingsPage.tsx,1709,input,"onChange={(e) => setRakeCapText(e.target.value)}; onBlur={() => {
                  const raw = rakeCapText.trim();
                  if (raw === '') {
                    updateSetting('rake_cap', RAKE_INHERIT);
                    return;
                  }
                  const val = parseFloat(raw);
                  updateSetting(
                    'rake_cap',
                    isNaN(val) ? RAKE_INHERIT : Math.min(MAX_RAKE_CAP_BB, Math.max(0, val))
                  );
                }}",id=club-rake-cap; type=number,runtime-or-tooling-source,"Requires Interaction, Error, Authorization And Accessibility Verification",10;11
src/pages/ClubSettingsPage.tsx,1797,button,onClick={() => setShowStatsExport(true)},,runtime-or-tooling-source,"Requires Interaction, Error, Authorization And Accessibility Verification",10;11
src/pages/ClubSettingsPage.tsx,1816,button,"onClick={() => {
                  setHandoverTarget('');
                  setHandoverConfirm('');
                  setHandoverError(null);
                  setShowHandoverModal(true);
                  void loadHandoverCandidates();
                }}",,runtime-or-tooling-source,"Requires Interaction, Error, Authorization And Accessibility Verification",10;11
src/pages/ClubSettingsPage.tsx,1845,button,"onClick={() => {
                  setShowRetirementModal(true);
                  loadRetirementImpact();
                }}",,runtime-or-tooling-source,"Requires Interaction, Error, Authorization And Accessibility Verification",10;11
src/pages/ClubSettingsPage.tsx,1860,button,onClick={saveSettings},title={formError || (hasUnsavedChanges ? undefined : 'No Changes To Save')},runtime-or-tooling-source,"Requires Interaction, Error, Authorization And Accessibility Verification",10;11
src/pages/ClubSettingsPage.tsx,1883,div,onClick={() => !isHandingOver && setShowHandoverModal(false)},,runtime-or-tooling-source,"Requires Interaction, Error, Authorization And Accessibility Verification",10;11
src/pages/ClubSettingsPage.tsx,1888,div,onClick={(e) => e.stopPropagation()},,runtime-or-tooling-source,"Requires Interaction, Error, Authorization And Accessibility Verification",10;11
src/pages/ClubSettingsPage.tsx,1915,select,onChange={(e) => setHandoverTarget(e.target.value)},id=handover-target,runtime-or-tooling-source,"Requires Interaction, Error, Authorization And Accessibility Verification",10;11
src/pages/ClubSettingsPage.tsx,1936,input,onChange={(e) => setHandoverConfirm(e.target.value)},id=handover-confirm; type=text,runtime-or-tooling-source,"Requires Interaction, Error, Authorization And Accessibility Verification",10;11
src/pages/ClubSettingsPage.tsx,1955,button,onClick={() => setShowHandoverModal(false)},,runtime-or-tooling-source,"Requires Interaction, Error, Authorization And Accessibility Verification",10;11
src/pages/ClubSettingsPage.tsx,1962,button,onClick={handOverClub},"title={
                  !handoverTarget
                    ? 'Choose A Member First'
                    : handoverConfirm.trim() !== savedClubName.trim()
                      ? 'Type The Club Name To Confirm'
                      : undefined
                }",runtime-or-tooling-source,"Requires Interaction, Error, Authorization And Accessibility Verification",10;11
src/pages/ClubSettingsPage.tsx,1997,div,onClick={() => !isRetiring && setShowRetirementModal(false)},,runtime-or-tooling-source,"Requires Interaction, Error, Authorization And Accessibility Verification",10;11
src/pages/ClubSettingsPage.tsx,2002,div,onClick={(e) => e.stopPropagation()},,runtime-or-tooling-source,"Requires Interaction, Error, Authorization And Accessibility Verification",10;11
src/pages/ClubSettingsPage.tsx,2035,button,onClick={loadRetirementImpact},type=button,runtime-or-tooling-source,"Requires Interaction, Error, Authorization And Accessibility Verification",10;11
src/pages/ClubSettingsPage.tsx,2051,input,onChange={(e) => setConfirmText(e.target.value)},id=confirm-club-name; type=text,runtime-or-tooling-source,"Requires Interaction, Error, Authorization And Accessibility Verification",10;11
src/pages/ClubSettingsPage.tsx,2062,button,"onClick={() => {
                  setShowRetirementModal(false);
                  setConfirmText('');
                  setRetirementImpact(null);
                }}",,runtime-or-tooling-source,"Requires Interaction, Error, Authorization And Accessibility Verification",10;11
src/pages/ClubSettingsPage.tsx,2073,button,onClick={handleRetireClub},title={retirementBlockedReason || undefined},runtime-or-tooling-source,"Requires Interaction, Error, Authorization And Accessibility Verification",10;11
src/pages/ClubSettingsPage.tsx,2094,StatsExport,onClose={() => setShowStatsExport(false)},,runtime-or-tooling-source,"Requires Interaction, Error, Authorization And Accessibility Verification",10;11
src/pages/ClubSettingsPage.tsx,2113,button,"onClick={() => {
              setServerChanged(false);
              loadClubSettings(undefined, { force: true });
            }}",,runtime-or-tooling-source,"Requires Interaction, Error, Authorization And Accessibility Verification",10;11
src/pages/ClubSettingsPage.tsx,2134,button,"onClick={() => {
              if (originalSettings.current) setSettings({ ...originalSettings.current });
              clearPendingLogo();
              // Without this the ""These Settings Changed Elsewhere / Your Edits
              // Are Still Here"" banner kept warning about edits that had just
              // been thrown away. The save path already clears it.
              setServerChanged(false);
            }}",type=button,runtime-or-tooling-source,"Requires Interaction, Error, Authorization And Accessibility Verification",10;11
src/pages/ClubSettingsPage.tsx,2148,button,onClick={saveSettings},type=button; title={formError || undefined},runtime-or-tooling-source,"Requires Interaction, Error, Authorization And Accessibility Verification",10;11
src/pages/ClubsPage.tsx,294,IntroVideo,onComplete={handleIntroComplete},,runtime-or-tooling-source,"Requires Interaction, Error, Authorization And Accessibility Verification",10;11
src/pages/ClubsPage.tsx,309,button,"onClick={() => {
              haptic.selection();
              setActiveTab('discover');
            }}",,runtime-or-tooling-source,"Requires Interaction, Error, Authorization And Accessibility Verification",10;11
src/pages/ClubsPage.tsx,318,button,"onClick={() => {
              haptic.selection();
              setActiveTab('my-clubs');
            }}",,runtime-or-tooling-source,"Requires Interaction, Error, Authorization And Accessibility Verification",10;11
src/pages/ClubsPage.tsx,338,button,"onClick={() => {
                    haptic.selection();
                    setShowJoinModal(true);
                  }}",,runtime-or-tooling-source,"Requires Interaction, Error, Authorization And Accessibility Verification",10;11
src/pages/ClubsPage.tsx,347,button,"onClick={() => {
                    haptic.selection();
                    setShowCreateModal(true);
                  }}",,runtime-or-tooling-source,"Requires Interaction, Error, Authorization And Accessibility Verification",10;11
src/pages/ClubsPage.tsx,364,ClubDiscovery,"onJoinRequest={async (clubId) => {
                  try {
                    const joinResult = await ClubJoinService.join({ identifier: clubId });
                    if (!joinResult.success) {
                      throw new Error(joinResult.error || 'Failed to join club');
                    }
                    await loadMyClubs();
                    if (joinResult.status === 'pending') {
                      // Approval-gated club — not a member until approved.
                      toast.success('Request submitted - pending owner approval.');
                    } else {
                      setActiveTab('my-clubs');
                      toast.success('Successfully joined club!');
                    }
                  } catch (err: any) {
                    toast.error(err.message || 'Failed to join club');
                  }
                }}; onViewClub={(club) => navigate(`/clubs/${club.slug || club.id}`)}",,runtime-or-tooling-source,"Requires Interaction, Error, Authorization And Accessibility Verification",10;11
src/pages/ClubsPage.tsx,476,button,"onClick={() => {
                              haptic.success();
                              navigate(`/clubs/${membership.club.slug || membership.club.id}`);
                            }}",,runtime-or-tooling-source,"Requires Interaction, Error, Authorization And Accessibility Verification",10;11
src/pages/ClubsPage.tsx,491,NoClubsEmpty,onCreate={() => setShowCreateModal(true)},,runtime-or-tooling-source,"Requires Interaction, Error, Authorization And Accessibility Verification",10;11
src/pages/ClubsPage.tsx,553,button,"onClick={() => {
                            haptic.success();
                            navigate(`/unions/${union.slug || union.id}`);
                          }}",,runtime-or-tooling-source,"Requires Interaction, Error, Authorization And Accessibility Verification",10;11
src/pages/ClubsPage.tsx,572,CreateClubModal,onClose={() => setShowCreateModal(false)}; onSuccess={(id) => navigate(`/clubs/${id}`)},,runtime-or-tooling-source,"Requires Interaction, Error, Authorization And Accessibility Verification",10;11
src/pages/ClubsPage.tsx,577,JoinClubModal,onClose={() => setShowJoinModal(false)},,runtime-or-tooling-source,"Requires Interaction, Error, Authorization And Accessibility Verification",10;11
src/pages/CreateTablePage.tsx,175,button,onClick={handleBack},,runtime-or-tooling-source,"Requires Interaction, Error, Authorization And Accessibility Verification",11
src/pages/CreateTablePage.tsx,182,button,onClick={() => handleSelectGameType(gameType)},,runtime-or-tooling-source,"Requires Interaction, Error, Authorization And Accessibility Verification",11
src/pages/CreateUnionPage.tsx,115,button,onClick={() => navigate('/?create=club')},,runtime-or-tooling-source,"Requires Interaction, Error, Authorization And Accessibility Verification",10;11
src/pages/CreateUnionPage.tsx,244,input,onChange={(e) => updateForm({ name: e.target.value })},type=text,runtime-or-tooling-source,"Requires Interaction, Error, Authorization And Accessibility Verification",10;11
src/pages/CreateUnionPage.tsx,256,textarea,onChange={(e) => updateForm({ description: e.target.value })},,runtime-or-tooling-source,"Requires Interaction, Error, Authorization And Accessibility Verification",10;11
src/pages/CreateUnionPage.tsx,267,input,onChange={(e) => updateForm({ isPublic: e.target.checked })},type=checkbox,runtime-or-tooling-source,"Requires Interaction, Error, Authorization And Accessibility Verification",10;11
src/pages/CreateUnionPage.tsx,290,input,onChange={(e) => updateForm({ revenueSharePercent: Number(e.target.value) })},type=number,runtime-or-tooling-source,"Requires Interaction, Error, Authorization And Accessibility Verification",10;11
src/pages/CreateUnionPage.tsx,305,select,"onChange={(e) =>
                      updateForm({
                        settlementDay: e.target.value as UnionFormData['settlementDay'],
                      })
                    }",,runtime-or-tooling-source,"Requires Interaction, Error, Authorization And Accessibility Verification",10;11
src/pages/CreateUnionPage.tsx,323,input,onChange={(e) => updateForm({ gracePeriodDays: Number(e.target.value) })},type=number,runtime-or-tooling-source,"Requires Interaction, Error, Authorization And Accessibility Verification",10;11
src/pages/CreateUnionPage.tsx,338,input,onChange={(e) => updateForm({ sharedPlayerPool: e.target.checked })},type=checkbox,runtime-or-tooling-source,"Requires Interaction, Error, Authorization And Accessibility Verification",10;11
src/pages/CreateUnionPage.tsx,351,input,onChange={(e) => updateForm({ crossClubTournaments: e.target.checked })},type=checkbox,runtime-or-tooling-source,"Requires Interaction, Error, Authorization And Accessibility Verification",10;11
src/pages/CreateUnionPage.tsx,414,button,onClick={handleBack},,runtime-or-tooling-source,"Requires Interaction, Error, Authorization And Accessibility Verification",10;11
src/pages/CreateUnionPage.tsx,420,button,onClick={handleNext},,runtime-or-tooling-source,"Requires Interaction, Error, Authorization And Accessibility Verification",10;11
src/pages/CreateUnionPage.tsx,424,button,onClick={handleCreate},,runtime-or-tooling-source,"Requires Interaction, Error, Authorization And Accessibility Verification",10;11
src/pages/CreditAdminPanel.tsx,244,button,onClick={() => navigate(-1)},,runtime-or-tooling-source,"Requires Interaction, Error, Authorization And Accessibility Verification",4;11
src/pages/CreditAdminPanel.tsx,276,button,onClick={() => navigate(-1)},,runtime-or-tooling-source,"Requires Interaction, Error, Authorization And Accessibility Verification",4;11
src/pages/CreditAdminPanel.tsx,296,button,"onClick={() => {
                try {
                  exportToCSV(agents, 'credit_admin.csv', [
                    { key: 'displayName', label: 'Agent' },
                    { key: 'creditLimit', label: 'Credit Limit' },
                    { key: 'currentBalance', label: 'Balance' },
                    { key: 'debtOwed', label: 'Debt Owed' },
                    { key: 'status', label: 'Status' },
                  ]);
                } catch (e) {
                  reportError(e, 'CreditAdminPanel');
                  /* silent */
                }
              }}",,runtime-or-tooling-source,"Requires Interaction, Error, Authorization And Accessibility Verification",4;11
src/pages/CreditAdminPanel.tsx,490,input,onChange={(e) => setNewLimit(e.target.value)},type=number,runtime-or-tooling-source,"Requires Interaction, Error, Authorization And Accessibility Verification",4;11
src/pages/CreditAdminPanel.tsx,506,button,onClick={() => handleSaveLimit(agent.id)},,runtime-or-tooling-source,"Requires Interaction, Error, Authorization And Accessibility Verification",4;11
src/pages/CreditAdminPanel.tsx,525,button,"onClick={() => {
                          setEditingAgent(null);
                          setNewLimit('');
                        }}",,runtime-or-tooling-source,"Requires Interaction, Error, Authorization And Accessibility Verification",4;11
src/pages/CreditAdminPanel.tsx,559,button,"onClick={() => {
                          setEditingAgent(agent.id);
                          setNewLimit(agent.creditLimit.toString());
                        }}",,runtime-or-tooling-source,"Requires Interaction, Error, Authorization And Accessibility Verification",4;11
src/pages/DailyChallengesPage.tsx,412,button,onClick={handleClaim},type=button; aria-label={`Claim Reward For ${c.name}`},runtime-or-tooling-source,"Requires Interaction, Error, Authorization And Accessibility Verification",11
src/pages/DailyChallengesPage.tsx,429,button,onClick={() => onOpenMission(c.type)},type=button; aria-label={`${missionAction.label} To Advance ${c.name}`},runtime-or-tooling-source,"Requires Interaction, Error, Authorization And Accessibility Verification",11
src/pages/DailyChallengesPage.tsx,439,button,onClick={() => onRequestReroll(challenge)},"type=button; aria-label={
                  canAffordReroll
                    ? `Reroll ${DAILY_MISSION_REROLL_COST} Diamond For ${c.name}`
                    : `Need ${DAILY_MISSION_REROLL_COST} Diamond To Reroll ${c.name}`
                }",runtime-or-tooling-source,"Requires Interaction, Error, Authorization And Accessibility Verification",11
src/pages/DailyChallengesPage.tsx,471,div,"onKeyDown={(event) => {
                if (event.key === 'Escape') onCancelReroll();
              }}",aria-label={`Confirm Reroll For ${c.name}`},runtime-or-tooling-source,"Requires Interaction, Error, Authorization And Accessibility Verification",11
src/pages/DailyChallengesPage.tsx,484,button,onClick={onCancelReroll},type=button,runtime-or-tooling-source,"Requires Interaction, Error, Authorization And Accessibility Verification",11
src/pages/DailyChallengesPage.tsx,498,button,onClick={() => onConfirmReroll(challenge)},type=button,runtime-or-tooling-source,"Requires Interaction, Error, Authorization And Accessibility Verification",11
src/pages/DailyChallengesPage.tsx,598,button,onClick={onRetry},type=button,runtime-or-tooling-source,"Requires Interaction, Error, Authorization And Accessibility Verification",11
src/pages/DailyChallengesPage.tsx,829,button,onClick={enabled && deviceConnected ? disableAlerts : enableAlerts},type=button,runtime-or-tooling-source,"Requires Interaction, Error, Authorization And Accessibility Verification",11
src/pages/DailyChallengesPage.tsx,855,button,onClick={disableAlerts},type=button,runtime-or-tooling-source,"Requires Interaction, Error, Authorization And Accessibility Verification",11
src/pages/DailyChallengesPage.tsx,1892,button,"onClick={() => {
                  setIsLoading(true);
                  setAuthRetryNonce((value) => value + 1);
                }}",type=button,runtime-or-tooling-source,"Requires Interaction, Error, Authorization And Accessibility Verification",11
src/pages/DailyChallengesPage.tsx,1904,button,"onClick={() => {
                const returnUrl = `${window.location.pathname}${window.location.search}${window.location.hash}`;
                window.location.assign(signInUrl(returnUrl));
              }}",type=button,runtime-or-tooling-source,"Requires Interaction, Error, Authorization And Accessibility Verification",11
src/pages/DailyChallengesPage.tsx,1923,MissionUnavailableState,"onRetry={() => loadChallenges(userId, 'initial')}",,runtime-or-tooling-source,"Requires Interaction, Error, Authorization And Accessibility Verification",11
src/pages/DailyChallengesPage.tsx,1970,button,"onClick={() => {
                  document.getElementById('mission-board-title')?.scrollIntoView({
                    behavior: reduceMotion ? 'auto' : 'smooth',
                    block: 'start',
                  });
                  requestAnimationFrame(() =>
                    document.getElementById('mission-board-title')?.focus()
                  );
                }}",type=button,runtime-or-tooling-source,"Requires Interaction, Error, Authorization And Accessibility Verification",11
src/pages/DailyChallengesPage.tsx,1986,button,onClick={() => navigate('/')},type=button,runtime-or-tooling-source,"Requires Interaction, Error, Authorization And Accessibility Verification",11
src/pages/DailyChallengesPage.tsx,2011,button,"onClick={() => userId && loadChallenges(userId, 'refresh')}",type=button,runtime-or-tooling-source,"Requires Interaction, Error, Authorization And Accessibility Verification",11
src/pages/DailyChallengesPage.tsx,2105,button,"onClick={() => {
                      if (!economyGuardRef.current) setConfirmingFreeze(true);
                    }}",id=buy-streak-freeze; type=button,runtime-or-tooling-source,"Requires Interaction, Error, Authorization And Accessibility Verification",11
src/pages/DailyChallengesPage.tsx,2213,button,onClick={handleClaimAll},type=button,runtime-or-tooling-source,"Requires Interaction, Error, Authorization And Accessibility Verification",11
src/pages/DailyChallengesPage.tsx,2255,button,"onKeyDown={(event) => handleTierKeyDown(event, tier)}; onClick={() => {
                  openTier(tier);
                }}",id={`mission-tab-${tier}`}; type=button,runtime-or-tooling-source,"Requires Interaction, Error, Authorization And Accessibility Verification",11
src/pages/DailyChallengesPage.tsx,2300,button,"onClick={() => loadChallenges(userId, 'refresh')}",type=button,runtime-or-tooling-source,"Requires Interaction, Error, Authorization And Accessibility Verification",11
src/pages/DailyChallengesPage.tsx,2328,ChallengeCard,onClaim={handleClaim}; onRequestReroll={(challenge) => setConfirmingRerollId(challenge.id)}; onCancelReroll={() => setConfirmingRerollId(null)}; onConfirmReroll={handleReroll}; onOpenMission={handleOpenMission},,runtime-or-tooling-source,"Requires Interaction, Error, Authorization And Accessibility Verification",11
src/pages/DailyChallengesPage.tsx,2361,button,onClick={() => navigate('/')},type=button,runtime-or-tooling-source,"Requires Interaction, Error, Authorization And Accessibility Verification",11
src/pages/DailyChallengesPage.tsx,2370,div,onClick={dismissFreezePurchase},,runtime-or-tooling-source,"Requires Interaction, Error, Authorization And Accessibility Verification",11
src/pages/DailyChallengesPage.tsx,2378,div,onClick={(event) => event.stopPropagation()},,runtime-or-tooling-source,"Requires Interaction, Error, Authorization And Accessibility Verification",11
src/pages/DailyChallengesPage.tsx,2409,button,onClick={dismissFreezePurchase},type=button,runtime-or-tooling-source,"Requires Interaction, Error, Authorization And Accessibility Verification",11
src/pages/DailyChallengesPage.tsx,2417,button,onClick={handleBuyFreeze},type=button,runtime-or-tooling-source,"Requires Interaction, Error, Authorization And Accessibility Verification",11
src/pages/DailyChallengesPage.tsx,2430,div,onClick={dismissReward},,runtime-or-tooling-source,"Requires Interaction, Error, Authorization And Accessibility Verification",11
src/pages/DailyChallengesPage.tsx,2446,div,onClick={(event) => event.stopPropagation()},,runtime-or-tooling-source,"Requires Interaction, Error, Authorization And Accessibility Verification",11
src/pages/DailyChallengesPage.tsx,2506,button,onClick={dismissReward},type=button,runtime-or-tooling-source,"Requires Interaction, Error, Authorization And Accessibility Verification",11
src/pages/DisputeManagementPage.tsx,315,button,"onClick={() => setActiveTab(tab)}; onKeyDown={(event) => handleTabKeyDown(event, tab)}",id={`dispute-filter-${tab}`}; type=button,runtime-or-tooling-source,"Requires Interaction, Error, Authorization And Accessibility Verification",10;11
src/pages/DisputeManagementPage.tsx,336,input,onChange={(e) => setSearchQuery(e.target.value)},id=dispute-search; type=text,runtime-or-tooling-source,"Requires Interaction, Error, Authorization And Accessibility Verification",10;11
src/pages/DisputeManagementPage.tsx,360,button,onClick={() => void loadDisputes()},type=button,runtime-or-tooling-source,"Requires Interaction, Error, Authorization And Accessibility Verification",10;11
src/pages/DisputeManagementPage.tsx,378,button,"onClick={() => {
                      const newId = expandedId === dispute.id ? null : dispute.id;
                      setExpandedId(newId);
                      // Reset form state when switching cards to prevent stale data carry-over
                      if (newId !== expandedId) {
                        setResolutionText('');
                        setAdjustmentAmount('');
                        setAdjustmentType('none');
                      }
                    }}",type=button,runtime-or-tooling-source,"Requires Interaction, Error, Authorization And Accessibility Verification",10;11
src/pages/DisputeManagementPage.tsx,440,button,onClick={() => handleStartReview(dispute.id)},,runtime-or-tooling-source,"Requires Interaction, Error, Authorization And Accessibility Verification",10;11
src/pages/DisputeManagementPage.tsx,452,textarea,onChange={(e) => setResolutionText(e.target.value)},aria-label=Resolution Notes,runtime-or-tooling-source,"Requires Interaction, Error, Authorization And Accessibility Verification",10;11
src/pages/DisputeManagementPage.tsx,460,select,onChange={(e) => setAdjustmentType(e.target.value as any)},aria-label=Balance Adjustment Type,runtime-or-tooling-source,"Requires Interaction, Error, Authorization And Accessibility Verification",10;11
src/pages/DisputeManagementPage.tsx,470,input,onChange={(e) => setAdjustmentAmount(e.target.value)},aria-label=Balance Adjustment Amount; type=number,runtime-or-tooling-source,"Requires Interaction, Error, Authorization And Accessibility Verification",10;11
src/pages/DisputeManagementPage.tsx,480,button,onClick={() => handleResolve(dispute.id)},,runtime-or-tooling-source,"Requires Interaction, Error, Authorization And Accessibility Verification",10;11
src/pages/DisputeManagementPage.tsx,487,button,onClick={() => handleEscalate(dispute.id)},,runtime-or-tooling-source,"Requires Interaction, Error, Authorization And Accessibility Verification",10;11
src/pages/DriftGatePanel.tsx,179,select,onChange={(e) => setEntityType(e.target.value)},,runtime-or-tooling-source,"Requires Interaction, Error, Authorization And Accessibility Verification",11
src/pages/DriftGatePanel.tsx,186,input,onChange={(e) => setEntityId(e.target.value)},type=text,runtime-or-tooling-source,"Requires Interaction, Error, Authorization And Accessibility Verification",11
src/pages/DriftGatePanel.tsx,192,input,onChange={(e) => setAsOf(e.target.value)},type=datetime-local,runtime-or-tooling-source,"Requires Interaction, Error, Authorization And Accessibility Verification",11
src/pages/DriftGatePanel.tsx,193,button,onClick={runAsOf},,runtime-or-tooling-source,"Requires Interaction, Error, Authorization And Accessibility Verification",11
src/pages/DriftIncidentsPage.tsx,394,button,onClick={() => loadIncidents()},title=Refresh,runtime-or-tooling-source,"Requires Interaction, Error, Authorization And Accessibility Verification",11
src/pages/DriftIncidentsPage.tsx,421,button,onClick={() => changeFilter(tab.key)},,runtime-or-tooling-source,"Requires Interaction, Error, Authorization And Accessibility Verification",11
src/pages/DriftIncidentsPage.tsx,458,button,onClick={() => toggleExpanded(incident.id)},type=button,runtime-or-tooling-source,"Requires Interaction, Error, Authorization And Accessibility Verification",11
src/pages/DriftIncidentsPage.tsx,636,button,"onClick={() => handleAction(incident, btn.action)}",,runtime-or-tooling-source,"Requires Interaction, Error, Authorization And Accessibility Verification",11
src/pages/FinancialAdminHub.tsx,428,button,onClick={() => navigate(-1)},,runtime-or-tooling-source,"Requires Interaction, Error, Authorization And Accessibility Verification",11
src/pages/FinancialAlertsPage.tsx,231,button,onClick={() => loadAlerts()},title=Refresh,runtime-or-tooling-source,"Requires Interaction, Error, Authorization And Accessibility Verification",11
src/pages/FinancialAlertsPage.tsx,234,button,onClick={handleExport},title=Export CSV,runtime-or-tooling-source,"Requires Interaction, Error, Authorization And Accessibility Verification",11
src/pages/FinancialAlertsPage.tsx,248,button,onClick={() => setFilter('all')},,runtime-or-tooling-source,"Requires Interaction, Error, Authorization And Accessibility Verification",11
src/pages/FinancialAlertsPage.tsx,254,button,onClick={() => setFilter('critical')},,runtime-or-tooling-source,"Requires Interaction, Error, Authorization And Accessibility Verification",11
src/pages/FinancialAlertsPage.tsx,260,button,onClick={() => setFilter('warning')},,runtime-or-tooling-source,"Requires Interaction, Error, Authorization And Accessibility Verification",11
src/pages/FinancialAlertsPage.tsx,266,button,onClick={() => setFilter('info')},,runtime-or-tooling-source,"Requires Interaction, Error, Authorization And Accessibility Verification",11
src/pages/FinancialAlertsPage.tsx,286,button,onClick={handleBulkResolve},,runtime-or-tooling-source,"Requires Interaction, Error, Authorization And Accessibility Verification",11
src/pages/FinancialAlertsPage.tsx,336,button,onClick={() => alert.id && handleResolve(alert.id)},,runtime-or-tooling-source,"Requires Interaction, Error, Authorization And Accessibility Verification",11
src/pages/FinancialHealthPage.tsx,129,button,onClick={loadStatus},title=Refresh,runtime-or-tooling-source,"Requires Interaction, Error, Authorization And Accessibility Verification",11
src/pages/FinancialHealthPage.tsx,183,button,onClick={handleManualReconciliation},,runtime-or-tooling-source,"Requires Interaction, Error, Authorization And Accessibility Verification",11
src/pages/FinancialHealthPage.tsx,223,button,onClick={handleManualSuspensionCheck},,runtime-or-tooling-source,"Requires Interaction, Error, Authorization And Accessibility Verification",11
src/pages/FinancialHealthPage.tsx,255,button,onClick={() => navigate('/financial-alerts')},,runtime-or-tooling-source,"Requires Interaction, Error, Authorization And Accessibility Verification",11
src/pages/FinancialHealthPage.tsx,258,button,onClick={() => navigate('/disputes')},,runtime-or-tooling-source,"Requires Interaction, Error, Authorization And Accessibility Verification",11
src/pages/FlashPoolPage.tsx,266,button,onClick={() => navigate(-1)},,runtime-or-tooling-source,"Requires Interaction, Error, Authorization And Accessibility Verification",11
src/pages/FlashPoolPage.tsx,388,input,"onChange={(e) =>
                  setBuyInAmounts((prev) => ({
                    ...prev,
                    [pool.poolId]: e.target.value === '' ? 0 : Number(e.target.value),
                  }))
                }",type=number,runtime-or-tooling-source,"Requires Interaction, Error, Authorization And Accessibility Verification",11
src/pages/FlashPoolPage.tsx,414,button,onClick={() => handleJoinPool(pool)},,runtime-or-tooling-source,"Requires Interaction, Error, Authorization And Accessibility Verification",11
src/pages/FriendsPage.tsx,602,button,onClick={() => navigate('/search?type=players')},type=button,runtime-or-tooling-source,"Requires Interaction, Error, Authorization And Accessibility Verification",10;11
src/pages/FriendsPage.tsx,609,button,onClick={() => navigate('/messages')},type=button,runtime-or-tooling-source,"Requires Interaction, Error, Authorization And Accessibility Verification",10;11
src/pages/FriendsPage.tsx,642,button,onClick={() => selectTab(tab.id)},id={`friends-tab-${tab.id}`}; type=button,runtime-or-tooling-source,"Requires Interaction, Error, Authorization And Accessibility Verification",10;11
src/pages/FriendsPage.tsx,669,input,onChange={(event) => setSearchQuery(event.target.value)},id=friends-search; type=search,runtime-or-tooling-source,"Requires Interaction, Error, Authorization And Accessibility Verification",10;11
src/pages/FriendsPage.tsx,677,button,onClick={exportFriends},type=button,runtime-or-tooling-source,"Requires Interaction, Error, Authorization And Accessibility Verification",10;11
src/pages/FriendsPage.tsx,725,button,onClick={() => void loadFriends()},type=button,runtime-or-tooling-source,"Requires Interaction, Error, Authorization And Accessibility Verification",10;11
src/pages/FriendsPage.tsx,738,button,onClick={() => navigate('/search?type=players')},type=button,runtime-or-tooling-source,"Requires Interaction, Error, Authorization And Accessibility Verification",10;11
src/pages/FriendsPage.tsx,745,FriendGroup,"onMessage={(friend) => navigate(`/messages?compose=${friend.user_id}`)}; onChallenge={(friend) =>
                      setChallengeTarget({ id: friend.user_id, name: friend.username })
                    }; onRemove={setRemoveTarget}",,runtime-or-tooling-source,"Requires Interaction, Error, Authorization And Accessibility Verification",10;11
src/pages/FriendsPage.tsx,758,FriendGroup,"onMessage={(friend) => navigate(`/messages?compose=${friend.user_id}`)}; onChallenge={(friend) =>
                      setChallengeTarget({ id: friend.user_id, name: friend.username })
                    }; onRemove={setRemoveTarget}",,runtime-or-tooling-source,"Requires Interaction, Error, Authorization And Accessibility Verification",10;11
src/pages/FriendsPage.tsx,775,button,"onClick={() =>
                        setVisibleFriendCount((current) => current + FRIENDS_PAGE_SIZE)
                      }",type=button,runtime-or-tooling-source,"Requires Interaction, Error, Authorization And Accessibility Verification",10;11
src/pages/FriendsPage.tsx,804,button,onClick={() => navigate('/search?type=players')},type=button,runtime-or-tooling-source,"Requires Interaction, Error, Authorization And Accessibility Verification",10;11
src/pages/FriendsPage.tsx,812,button,"onClick={() =>
                        request.profile_available && navigate(`/profile/${request.user_id}`)
                      }",type=button,runtime-or-tooling-source,"Requires Interaction, Error, Authorization And Accessibility Verification",10;11
src/pages/FriendsPage.tsx,827,button,onClick={() => acceptRequest(request.id)},type=button,runtime-or-tooling-source,"Requires Interaction, Error, Authorization And Accessibility Verification",10;11
src/pages/FriendsPage.tsx,835,button,onClick={() => declineRequest(request.id)},type=button,runtime-or-tooling-source,"Requires Interaction, Error, Authorization And Accessibility Verification",10;11
src/pages/FriendsPage.tsx,858,button,onClick={() => navigate('/search?type=players')},type=button,runtime-or-tooling-source,"Requires Interaction, Error, Authorization And Accessibility Verification",10;11
src/pages/FriendsPage.tsx,886,FriendChallengeModal,onClose={() => setChallengeTarget(null)},,runtime-or-tooling-source,"Requires Interaction, Error, Authorization And Accessibility Verification",10;11
src/pages/FriendsPage.tsx,895,ConfirmModal,onConfirm={removeFriend}; onCancel={() => setRemoveTarget(null)},title=Remove Friend?,runtime-or-tooling-source,"Requires Interaction, Error, Authorization And Accessibility Verification",10;11
src/pages/FriendsPage.tsx,940,button,onClick={() => friend.profile_available && navigate(`/profile/${friend.user_id}`)},type=button,runtime-or-tooling-source,"Requires Interaction, Error, Authorization And Accessibility Verification",10;11
src/pages/FriendsPage.tsx,964,button,onClick={() => onMessage(friend)},type=button,runtime-or-tooling-source,"Requires Interaction, Error, Authorization And Accessibility Verification",10;11
src/pages/FriendsPage.tsx,967,button,onClick={() => onChallenge(friend)},type=button,runtime-or-tooling-source,"Requires Interaction, Error, Authorization And Accessibility Verification",10;11
src/pages/FriendsPage.tsx,972,button,onClick={() => onRemove(friend)},type=button,runtime-or-tooling-source,"Requires Interaction, Error, Authorization And Accessibility Verification",10;11
src/pages/FriendsPage.tsx,987,img,"onError={(event) => {
            event.currentTarget.onerror = null;
            event.currentTarget.src = generateAvatarSvg(
              friend.user_id || friend.username,
              friend.username
            );
          }}",,runtime-or-tooling-source,"Requires Interaction, Error, Authorization And Accessibility Verification",10;11
src/pages/GameManagementPage.tsx,207,form,"onSubmit={(event) => {
          event.preventDefault();
          onSchedule(new Date(executeAt).toISOString());
        }}",,runtime-or-tooling-source,"Requires Interaction, Error, Authorization And Accessibility Verification",11
src/pages/GameManagementPage.tsx,226,input,onChange={(event) => setExecuteAt(event.target.value)},type=datetime-local,runtime-or-tooling-source,"Requires Interaction, Error, Authorization And Accessibility Verification",11
src/pages/GameManagementPage.tsx,235,button,onClick={onClose},type=button,runtime-or-tooling-source,"Requires Interaction, Error, Authorization And Accessibility Verification",11
src/pages/GameManagementPage.tsx,238,button,,type=submit,runtime-or-tooling-source,"Requires Interaction, Error, Authorization And Accessibility Verification",11
src/pages/GameManagementPage.tsx,361,div,"onMouseDown={(e) => {
        if (e.currentTarget === e.target) requestClose();
      }}",,runtime-or-tooling-source,"Requires Interaction, Error, Authorization And Accessibility Verification",11
src/pages/GameManagementPage.tsx,368,form,"onSubmit={(e) => {
          e.preventDefault();
          const patch = buildPatch();
          if (patch) onSave(patch);
        }}",,runtime-or-tooling-source,"Requires Interaction, Error, Authorization And Accessibility Verification",11
src/pages/GameManagementPage.tsx,385,input,onChange={(e) => setName(e.target.value)},,runtime-or-tooling-source,"Requires Interaction, Error, Authorization And Accessibility Verification",11
src/pages/GameManagementPage.tsx,389,input,onChange={(e) => setMaxPlayers(e.target.value)},type=number,runtime-or-tooling-source,"Requires Interaction, Error, Authorization And Accessibility Verification",11
src/pages/GameManagementPage.tsx,403,input,onChange={(e) => setSmallBlind(e.target.value)},type=number,runtime-or-tooling-source,"Requires Interaction, Error, Authorization And Accessibility Verification",11
src/pages/GameManagementPage.tsx,415,input,onChange={(e) => setBigBlind(e.target.value)},type=number,runtime-or-tooling-source,"Requires Interaction, Error, Authorization And Accessibility Verification",11
src/pages/GameManagementPage.tsx,427,input,onChange={(e) => setMinBuyIn(e.target.value)},type=number,runtime-or-tooling-source,"Requires Interaction, Error, Authorization And Accessibility Verification",11
src/pages/GameManagementPage.tsx,439,input,onChange={(e) => setMaxBuyIn(e.target.value)},type=number,runtime-or-tooling-source,"Requires Interaction, Error, Authorization And Accessibility Verification",11
src/pages/GameManagementPage.tsx,453,input,onChange={(e) => setStartTime(e.target.value)},type=datetime-local,runtime-or-tooling-source,"Requires Interaction, Error, Authorization And Accessibility Verification",11
src/pages/GameManagementPage.tsx,471,button,onClick={requestClose},type=button,runtime-or-tooling-source,"Requires Interaction, Error, Authorization And Accessibility Verification",11
src/pages/GameManagementPage.tsx,474,button,,type=submit,runtime-or-tooling-source,"Requires Interaction, Error, Authorization And Accessibility Verification",11
src/pages/GameManagementPage.tsx,506,div,"onMouseDown={(event) => {
        if (event.currentTarget === event.target) onClose();
      }}",,runtime-or-tooling-source,"Requires Interaction, Error, Authorization And Accessibility Verification",11
src/pages/GameManagementPage.tsx,587,button,onClick={onClose},type=button,runtime-or-tooling-source,"Requires Interaction, Error, Authorization And Accessibility Verification",11
src/pages/GameManagementPage.tsx,1301,button,onClick={() => navigate(scope === 'club' ? `/clubs/${clubId}` : '/unions')},,runtime-or-tooling-source,"Requires Interaction, Error, Authorization And Accessibility Verification",11
src/pages/GameManagementPage.tsx,1380,GameCreationActions,onNavigate={(path) => void openCreationFromHeader(path)},,runtime-or-tooling-source,"Requires Interaction, Error, Authorization And Accessibility Verification",11
src/pages/GameManagementPage.tsx,1395,button,onClick={() => void changeSurface(key)},"type=button; title={
              surfaceDirty && surface !== key ? 'Unsaved Changes Will Need Confirmation' : undefined
            }",runtime-or-tooling-source,"Requires Interaction, Error, Authorization And Accessibility Verification",11
src/pages/GameManagementPage.tsx,1424,CreateTablePage,onBack={clearCreate}; onSelectGameType={openTableConfig},,runtime-or-tooling-source,"Requires Interaction, Error, Authorization And Accessibility Verification",11
src/pages/GameManagementPage.tsx,1433,button,onClick={openTableSelector},type=button; aria-label=Back To Game Types,runtime-or-tooling-source,"Requires Interaction, Error, Authorization And Accessibility Verification",11
src/pages/GameManagementPage.tsx,1441,TableConfigPage,"onExit={(exit) => {
              clearCreate();
              if (exit !== 'denied') void load();
            }}",,runtime-or-tooling-source,"Requires Interaction, Error, Authorization And Accessibility Verification",11
src/pages/GameManagementPage.tsx,1461,button,onClick={() => setView(item)},type=button,runtime-or-tooling-source,"Requires Interaction, Error, Authorization And Accessibility Verification",11
src/pages/GameManagementPage.tsx,1471,button,onClick={clearCreate},,runtime-or-tooling-source,"Requires Interaction, Error, Authorization And Accessibility Verification",11
src/pages/GameManagementPage.tsx,1482,button,onClick={() => void load()},,runtime-or-tooling-source,"Requires Interaction, Error, Authorization And Accessibility Verification",11
src/pages/GameManagementPage.tsx,1566,button,"onClick={async () => {
                            if (!beginGameWork(game)) return;
                            try {
                              await gameManagementService.cancelSchedule(
                                game.pendingSchedule!.scheduleId
                              );
                              toast.success('Scheduled close cancelled.');
                              await load(true);
                            } catch (error) {
                              toast.error(
                                error instanceof Error
                                  ? error.message
                                  : 'Could not cancel this schedule.'
                              );
                            } finally {
                              endGameWork(game);
                            }
                          }}",type=button,runtime-or-tooling-source,"Requires Interaction, Error, Authorization And Accessibility Verification",11
src/pages/GameManagementPage.tsx,1601,button,onClick={() => void openContractHistory(game)},title=View Published Contract History,runtime-or-tooling-source,"Requires Interaction, Error, Authorization And Accessibility Verification",11
src/pages/GameManagementPage.tsx,1616,button,"onClick={() => {
                          if (game.kind === 'tournament' && game.contract?.contractLocked) {
                            toast.error(
                              'This tournament cannot be modified after a player has registered.'
                            );
                            return;
                          }
                          setEditing(game);
                        }}","title={
                          game.kind === 'tournament' && game.contract?.contractLocked
                            ? 'Locked After The First Registration'
                            : 'Edit Game'
                        }",runtime-or-tooling-source,"Requires Interaction, Error, Authorization And Accessibility Verification",11
src/pages/GameManagementPage.tsx,1643,button,"onClick={async () => {
                          const paused = game.status.toLowerCase() === 'paused';
                          if (!beginGameWork(game)) return;
                          try {
                            if (paused) await gameManagementService.resume(game.id);
                            else await gameManagementService.pause(game.id);
                            toast.success(
                              paused ? 'Table resumed.' : 'Table will pause after this hand.'
                            );
                            await load(true);
                          } catch (error) {
                            toast.error(
                              error instanceof Error
                                ? error.message
                                : `Could not ${paused ? 'resume' : 'pause'} this table.`
                            );
                          } finally {
                            endGameWork(game);
                          }
                        }}","type=button; title={
                          game.status.toLowerCase() === 'paused'
                            ? 'Resume Dealing'
                            : 'Pause Safely After The Current Hand'
                        }",runtime-or-tooling-source,"Requires Interaction, Error, Authorization And Accessibility Verification",11
src/pages/GameManagementPage.tsx,1676,button,"onClick={() => {
                          if (game.players > 0 || game.contract?.contractLocked) {
                            toast.error(
                              game.kind === 'table'
                                ? 'Players must leave before a close can be scheduled.'
                                : 'A registered tournament cannot be scheduled for cancellation.'
                            );
                            return;
                          }
                          setScheduling(game);
                        }}","title={
                          game.players > 0 || game.contract?.contractLocked
                            ? 'Occupied Or Registered Games Stay Locked'
                            : 'Schedule A Guarded Future Close'
                        }",runtime-or-tooling-source,"Requires Interaction, Error, Authorization And Accessibility Verification",11
src/pages/GameManagementPage.tsx,1702,button,onClick={() => void closeGame(game)},"title={
                          game.players > 0 || game.contract?.contractLocked
                            ? game.kind === 'table'
                              ? 'Players Must Leave Before This Table Can Close'
                              : 'A Registered Tournament Cannot Be Cancelled'
                            : 'Close Game'
                        }",runtime-or-tooling-source,"Requires Interaction, Error, Authorization And Accessibility Verification",11
src/pages/GameManagementPage.tsx,1725,button,onClick={() => void loadMore()},type=button,runtime-or-tooling-source,"Requires Interaction, Error, Authorization And Accessibility Verification",11
src/pages/GameManagementPage.tsx,1738,TickerManagementPanel,onDirtyChange={setSurfaceDirty},,runtime-or-tooling-source,"Requires Interaction, Error, Authorization And Accessibility Verification",11
src/pages/GameManagementPage.tsx,1742,ClubMessageManagementPanel,onDirtyChange={setSurfaceDirty},,runtime-or-tooling-source,"Requires Interaction, Error, Authorization And Accessibility Verification",11
src/pages/GameManagementPage.tsx,1750,CreateTournamentModal,"onClose={clearCreate}; onSuccess={() => {
            clearCreate();
            void load();
          }}",,runtime-or-tooling-source,"Requires Interaction, Error, Authorization And Accessibility Verification",11
src/pages/GameManagementPage.tsx,1762,EditGameDialog,"onClose={() => setEditing(null)}; onSave={async (patch) => {
            if (!beginGameWork(editing)) return;
            try {
              await gameManagementService.update(
                editing.kind,
                editing.id,
                patch,
                editing.contract?.version
              );
              toast.success('Game updated.');
              setEditing(null);
              await load(true);
            } catch (error) {
              toast.error(error instanceof Error ? error.message : 'Could not update the game.');
            } finally {
              endGameWork(editing);
            }
          }}",,runtime-or-tooling-source,"Requires Interaction, Error, Authorization And Accessibility Verification",11
src/pages/GameManagementPage.tsx,1788,ScheduleCloseDialog,"onClose={() => setScheduling(null)}; onSchedule={async (executeAt) => {
            if (!scheduling.contract) return;
            if (!beginGameWork(scheduling)) return;
            try {
              await gameManagementService.scheduleClose(
                scheduling.kind,
                scheduling.id,
                scheduling.contract.version,
                executeAt
              );
              toast.success('Guarded close scheduled.');
              setScheduling(null);
              await load(true);
            } catch (error) {
              toast.error(
                error instanceof Error ? error.message : 'Could not schedule this command.'
              );
            } finally {
              endGameWork(scheduling);
            }
          }}",,runtime-or-tooling-source,"Requires Interaction, Error, Authorization And Accessibility Verification",11
src/pages/GameManagementPage.tsx,1817,ContractHistoryDialog,onClose={() => setContractGame(null)},,runtime-or-tooling-source,"Requires Interaction, Error, Authorization And Accessibility Verification",11
src/pages/HandHistoryPage.tsx,589,input,onChange={(e) => setSearch(e.target.value)},id=hh-search-input; type=search,runtime-or-tooling-source,"Requires Interaction, Error, Authorization And Accessibility Verification",9;11
src/pages/HandHistoryPage.tsx,598,select,onChange={(e) => setVariant(e.target.value)},aria-label=Game,runtime-or-tooling-source,"Requires Interaction, Error, Authorization And Accessibility Verification",9;11
src/pages/HandHistoryPage.tsx,612,input,onChange={(e) => setFrom(e.target.value)},type=date; aria-label=From This Date,runtime-or-tooling-source,"Requires Interaction, Error, Authorization And Accessibility Verification",9;11
src/pages/HandHistoryPage.tsx,620,input,onChange={(e) => setTo(e.target.value)},type=date; aria-label=To This Date,runtime-or-tooling-source,"Requires Interaction, Error, Authorization And Accessibility Verification",9;11
src/pages/HandHistoryPage.tsx,629,button,"onClick={() => {
              setSearch('');
              setVariant('');
              setFrom('');
              setTo('');
              setFilter('all');
            }}",type=button,runtime-or-tooling-source,"Requires Interaction, Error, Authorization And Accessibility Verification",9;11
src/pages/HandHistoryPage.tsx,643,button,onClick={exportForTracker},type=button; title=Export These Hands In The PokerStars Format,runtime-or-tooling-source,"Requires Interaction, Error, Authorization And Accessibility Verification",9;11
src/pages/HandHistoryPage.tsx,656,button,onClick={() => setFilter(f.id)},type=button,runtime-or-tooling-source,"Requires Interaction, Error, Authorization And Accessibility Verification",9;11
src/pages/HandHistoryPage.tsx,673,button,"onClick={() => navigate('/hand-history', { replace: true })}",type=button,runtime-or-tooling-source,"Requires Interaction, Error, Authorization And Accessibility Verification",9;11
src/pages/HandHistoryPage.tsx,687,button,"onClick={() => navigate('/hand-history', { replace: true })}",type=button,runtime-or-tooling-source,"Requires Interaction, Error, Authorization And Accessibility Verification",9;11
src/pages/HandHistoryPage.tsx,722,button,onClick={handleExport},type=button; aria-label=Export The Loaded Hands To CSV,runtime-or-tooling-source,"Requires Interaction, Error, Authorization And Accessibility Verification",9;11
src/pages/HandHistoryPage.tsx,746,button,onClick={() => void loadFirstPage()},type=button,runtime-or-tooling-source,"Requires Interaction, Error, Authorization And Accessibility Verification",9;11
src/pages/HandHistoryPage.tsx,795,button,onClick={() => setExpandedId(expanded ? null : hand.id)},type=button,runtime-or-tooling-source,"Requires Interaction, Error, Authorization And Accessibility Verification",9;11
src/pages/HandHistoryPage.tsx,845,HandFlagControl,"onFiled={(handId, filed) =>
                        setFlags((prev) => {
                          const next = new Map(prev);
                          if (filed) next.set(handId, filed);
                          else next.delete(handId);
                          return next;
                        })
                      }",,runtime-or-tooling-source,"Requires Interaction, Error, Authorization And Accessibility Verification",9;11
src/pages/HandHistoryPage.tsx,858,HandNoteEditor,"onSaved={(handId, saved) =>
                        setNotes((prev) => {
                          const next = new Map(prev);
                          if (saved) next.set(handId, saved);
                          else next.delete(handId);
                          return next;
                        })
                      }",,runtime-or-tooling-source,"Requires Interaction, Error, Authorization And Accessibility Verification",9;11
src/pages/HandHistoryPage.tsx,872,button,onClick={() => analyzeWithJarvis(hand)},type=button,runtime-or-tooling-source,"Requires Interaction, Error, Authorization And Accessibility Verification",9;11
src/pages/HandHistoryPage.tsx,879,button,"onClick={() =>
                          setShareHand(panelHandToShareable(hand, hand.tableName || 'Club Arena'))
                        }",type=button,runtime-or-tooling-source,"Requires Interaction, Error, Authorization And Accessibility Verification",9;11
src/pages/HandHistoryPage.tsx,888,button,onClick={() => setReplayId(hand.id)},type=button,runtime-or-tooling-source,"Requires Interaction, Error, Authorization And Accessibility Verification",9;11
src/pages/HandHistoryPage.tsx,905,button,onClick={() => void loadMore()},type=button,runtime-or-tooling-source,"Requires Interaction, Error, Authorization And Accessibility Verification",9;11
src/pages/HandHistoryPage.tsx,916,div,onClick={() => setReplayId(null)},,runtime-or-tooling-source,"Requires Interaction, Error, Authorization And Accessibility Verification",9;11
src/pages/HandHistoryPage.tsx,917,div,onClick={(e) => e.stopPropagation()},aria-label=Hand Replay,runtime-or-tooling-source,"Requires Interaction, Error, Authorization And Accessibility Verification",9;11
src/pages/HandHistoryPage.tsx,924,button,onClick={() => setReplayId(null)},type=button; aria-label=Close,runtime-or-tooling-source,"Requires Interaction, Error, Authorization And Accessibility Verification",9;11
src/pages/HandHistoryPage.tsx,932,HandReplay,onClose={() => setReplayId(null)},,runtime-or-tooling-source,"Requires Interaction, Error, Authorization And Accessibility Verification",9;11
src/pages/HandHistoryPage.tsx,938,ShareHand,onClose={() => setShareHand(null)},,runtime-or-tooling-source,"Requires Interaction, Error, Authorization And Accessibility Verification",9;11
src/pages/HelpPage.tsx,141,button,onClick={() => setShowFeedbackForm(true)},type=button,runtime-or-tooling-source,"Requires Interaction, Error, Authorization And Accessibility Verification",11
src/pages/HelpPage.tsx,144,a,,,runtime-or-tooling-source,"Requires Interaction, Error, Authorization And Accessibility Verification",11
src/pages/HelpPage.tsx,174,input,onChange={(event) => setSearchQuery(event.target.value)},type=search,runtime-or-tooling-source,"Requires Interaction, Error, Authorization And Accessibility Verification",11
src/pages/HelpPage.tsx,192,button,onClick={() => setExpandedQuestion(isExpanded ? null : item.question)},type=button,runtime-or-tooling-source,"Requires Interaction, Error, Authorization And Accessibility Verification",11
src/pages/HelpPage.tsx,231,FeedbackForm,onClose={closeFeedbackForm},,runtime-or-tooling-source,"Requires Interaction, Error, Authorization And Accessibility Verification",11
src/pages/HomePage.tsx,126,button,"onClick={() => this.setState({ hasError: false, errorMessage: '' })}",,runtime-or-tooling-source,"Requires Interaction, Error, Authorization And Accessibility Verification",11
src/pages/HomePage.tsx,1176,div,onClick={() => setShowShortcutHint(false)},,runtime-or-tooling-source,"Requires Interaction, Error, Authorization And Accessibility Verification",11
src/pages/HomePage.tsx,1177,div,onClick={(e) => e.stopPropagation()},,runtime-or-tooling-source,"Requires Interaction, Error, Authorization And Accessibility Verification",11
src/pages/HomePage.tsx,1206,ClubEntryActionBar,"onCreate={() => {
            haptic.light();
            ClubEntryTrustService.track('action_bar', 'opened', {
              outcome: 'viewed',
              metadata: { source: 'create' },
            });
            setShowCreateClubModal(true);
          }}; onFind={() => {
            haptic.medium();
            ClubEntryTrustService.track('action_bar', 'opened', {
              outcome: 'viewed',
              metadata: { source: 'find' },
            });
            setShowFindPlayerModal(true);
          }}; onJoin={() => {
            haptic.light();
            ClubEntryTrustService.track('action_bar', 'opened', {
              outcome: 'viewed',
              metadata: { source: 'join' },
            });
            setShowJoinModal(true);
          }}",,runtime-or-tooling-source,"Requires Interaction, Error, Authorization And Accessibility Verification",11
src/pages/HomePage.tsx,1239,CarouselSection,onOpenJoinModal={() => setShowJoinModal(true)}; onOpenCreateModal={() => setShowCreateClubModal(true)},,runtime-or-tooling-source,"Requires Interaction, Error, Authorization And Accessibility Verification",11
src/pages/HomePage.tsx,1267,button,"onClick={() => {
                  setLoadFailed(false);
                  fetchUserData(false, () => true);
                }}",,runtime-or-tooling-source,"Requires Interaction, Error, Authorization And Accessibility Verification",11
src/pages/HomePage.tsx,1289,button,"onClick={() => {
                  haptic.medium();
                  setShowJoinModal(true);
                }}",,runtime-or-tooling-source,"Requires Interaction, Error, Authorization And Accessibility Verification",11
src/pages/HomePage.tsx,1298,button,"onClick={() => {
                  haptic.light();
                  setShowCreateClubModal(true);
                }}",,runtime-or-tooling-source,"Requires Interaction, Error, Authorization And Accessibility Verification",11
src/pages/HomePage.tsx,1327,ClubQuickLinkTile,onSelect={tile.alt === 'Cashier' ? openClubCashier : openClubMarketplace}; onEmpty={tile.alt === 'Cashier' ? cashierEmpty : marketplaceEmpty},,runtime-or-tooling-source,"Requires Interaction, Error, Authorization And Accessibility Verification",11
src/pages/HomePage.tsx,1338,button,"onClick={() => {
                  if (tile.route) {
                    haptic.light();
                    navigate(tile.route);
                  }
                }}; onMouseEnter={() => tile.route && preloadRoute(tile.route)}; onTouchStart={() => tile.route && preloadRoute(tile.route)}; onFocus={() => tile.route && preloadRoute(tile.route)}",aria-label={`${tile.alt} (Press ${tile.shortcutKey})`},runtime-or-tooling-source,"Requires Interaction, Error, Authorization And Accessibility Verification",11
src/pages/HomePage.tsx,1377,ClubContextMenu,"onClose={closeContextMenu}; onLeave={() => {
            // #4: Show leave confirmation instead of immediate leave
            setLeaveConfirm({ visible: true, club: contextMenu.club });
            closeContextMenu();
          }}; onPin={togglePinClub}",,runtime-or-tooling-source,"Requires Interaction, Error, Authorization And Accessibility Verification",11
src/pages/HomePage.tsx,1394,div,onClick={() => setLeaveConfirm(null)},,runtime-or-tooling-source,"Requires Interaction, Error, Authorization And Accessibility Verification",11
src/pages/HomePage.tsx,1395,div,onClick={(e) => e.stopPropagation()},,runtime-or-tooling-source,"Requires Interaction, Error, Authorization And Accessibility Verification",11
src/pages/HomePage.tsx,1411,button,onClick={() => handleLeaveClub(leaveConfirm.club)},,runtime-or-tooling-source,"Requires Interaction, Error, Authorization And Accessibility Verification",11
src/pages/HomePage.tsx,1417,button,onClick={() => setLeaveConfirm(null)},,runtime-or-tooling-source,"Requires Interaction, Error, Authorization And Accessibility Verification",11
src/pages/HomePage.tsx,1427,JoinClubModal,"onClose={() => {
            setShowJoinModal(false);
            setJoinIntent(null);
          }}; onSuccess={(clubId) => {
            const watchTableId = joinIntent?.watchTableId;
            setShowJoinModal(false);
            setJoinIntent(null);
            navigate(watchTableId ? `/table/${watchTableId}?observer=1` : `/clubs/${clubId}`);
          }}",,runtime-or-tooling-source,"Requires Interaction, Error, Authorization And Accessibility Verification",11
src/pages/HomePage.tsx,1445,CreateClubModal,"onClose={() => setShowCreateClubModal(false)}; onSuccess={(clubId) => {
            setShowCreateClubModal(false);
            navigate(`/clubs/${clubId}`);
          }}",,runtime-or-tooling-source,"Requires Interaction, Error, Authorization And Accessibility Verification",11
src/pages/HomePage.tsx,1463,FindPlayerModal,"onClose={() => setShowFindPlayerModal(false)}; onMembershipRequired={({ code, watchTableId }) => {
            setShowFindPlayerModal(false);
            setJoinIntent({ code, watchTableId });
            setShowJoinModal(true);
          }}",,runtime-or-tooling-source,"Requires Interaction, Error, Authorization And Accessibility Verification",11
src/pages/InvitePage.tsx,359,button,onClick={() => navigate('/clubs-list')},,runtime-or-tooling-source,"Requires Interaction, Error, Authorization And Accessibility Verification",11
src/pages/InvitePage.tsx,438,button,onClick={() => navigate('/clubs-list')},,runtime-or-tooling-source,"Requires Interaction, Error, Authorization And Accessibility Verification",11
src/pages/InvitePage.tsx,446,button,onClick={handleJoin},,runtime-or-tooling-source,"Requires Interaction, Error, Authorization And Accessibility Verification",11
src/pages/LeaderboardPage.tsx,1033,div,onClick={() => navigate(`/profile/${entry.userId}`)}; onKeyDown={rowKeyActivate(entry.userId)},"aria-label={`${getRankLabel(entry.rank)}, ${entry.username}, ${formatValue(entry.value, metric)}`}",runtime-or-tooling-source,"Requires Interaction, Error, Authorization And Accessibility Verification",11
src/pages/LeaderboardPage.tsx,1195,button,onClick={() => setActiveTab('rankings')}; onKeyDown={handleTabKeyDown},id=leaderboard-rankings-tab,runtime-or-tooling-source,"Requires Interaction, Error, Authorization And Accessibility Verification",11
src/pages/LeaderboardPage.tsx,1208,button,onClick={() => setActiveTab('tournaments')}; onKeyDown={handleTabKeyDown},id=leaderboard-tournaments-tab,runtime-or-tooling-source,"Requires Interaction, Error, Authorization And Accessibility Verification",11
src/pages/LeaderboardPage.tsx,1224,button,onClick={() => void loadUserClubs(() => isMountedRef.current)},title={ownerToolsError},runtime-or-tooling-source,"Requires Interaction, Error, Authorization And Accessibility Verification",11
src/pages/LeaderboardPage.tsx,1233,button,onClick={() => setSettingsReloadKey((value) => value + 1)},title={settingsError},runtime-or-tooling-source,"Requires Interaction, Error, Authorization And Accessibility Verification",11
src/pages/LeaderboardPage.tsx,1242,button,"onClick={() => {
                  if (!settings) return;
                  setEditingSettings(settings);
                  setShowSettings(true);
                }}",title=Set Up Leaderboard Prizes,runtime-or-tooling-source,"Requires Interaction, Error, Authorization And Accessibility Verification",11
src/pages/LeaderboardPage.tsx,1260,button,onClick={exportLeaderboard},,runtime-or-tooling-source,"Requires Interaction, Error, Authorization And Accessibility Verification",11
src/pages/LeaderboardPage.tsx,1274,select,onChange={(e) => selectClub(e.target.value)},aria-label=Club,runtime-or-tooling-source,"Requires Interaction, Error, Authorization And Accessibility Verification",11
src/pages/LeaderboardPage.tsx,1294,button,onClick={() => setScope('my-clubs')},,runtime-or-tooling-source,"Requires Interaction, Error, Authorization And Accessibility Verification",11
src/pages/LeaderboardPage.tsx,1301,button,onClick={() => setScope('global')},,runtime-or-tooling-source,"Requires Interaction, Error, Authorization And Accessibility Verification",11
src/pages/LeaderboardPage.tsx,1317,button,"onClick={() => {
                    setPeriod(opt.value);
                    setPeriodOffset(0);
                  }}",,runtime-or-tooling-source,"Requires Interaction, Error, Authorization And Accessibility Verification",11
src/pages/LeaderboardPage.tsx,1331,button,onClick={() => setPeriodOffset((o) => o - 1)},title=Previous Period; aria-label=Previous Period,runtime-or-tooling-source,"Requires Interaction, Error, Authorization And Accessibility Verification",11
src/pages/LeaderboardPage.tsx,1346,button,"onClick={() => setPeriodOffset((o) => Math.min(0, o + 1))}",title=Next Period; aria-label=Next Period,runtime-or-tooling-source,"Requires Interaction, Error, Authorization And Accessibility Verification",11
src/pages/LeaderboardPage.tsx,1368,button,onClick={() => setMetric(opt.value)},title={opt.description},runtime-or-tooling-source,"Requires Interaction, Error, Authorization And Accessibility Verification",11
src/pages/LeaderboardPage.tsx,1426,button,"onClick={() => {
                setEditingSettings(settings);
                setShowSettings(true);
              }}",type=button,runtime-or-tooling-source,"Requires Interaction, Error, Authorization And Accessibility Verification",11
src/pages/LeaderboardPage.tsx,1446,LeaderboardSettlementCard,"onRetry={() => loadLeaderboardRef.current(false, () => isMountedRef.current)}; onReviewSetup={
            canManagePrizes && settings
              ? () => {
                  setEditingSettings(settings);
                  setShowSettings(true);
                }
              : undefined
          }",,runtime-or-tooling-source,"Requires Interaction, Error, Authorization And Accessibility Verification",11
src/pages/LeaderboardPage.tsx,1471,button,onClick={retryCurrentView},,runtime-or-tooling-source,"Requires Interaction, Error, Authorization And Accessibility Verification",11
src/pages/LeaderboardPage.tsx,1501,button,onClick={() => navigate('/clubs')},,runtime-or-tooling-source,"Requires Interaction, Error, Authorization And Accessibility Verification",11
src/pages/LeaderboardPage.tsx,1521,button,onClick={retryCurrentView},,runtime-or-tooling-source,"Requires Interaction, Error, Authorization And Accessibility Verification",11
src/pages/LeaderboardPage.tsx,1546,button,onClick={() => navigate('/')},,runtime-or-tooling-source,"Requires Interaction, Error, Authorization And Accessibility Verification",11
src/pages/LeaderboardPage.tsx,1561,button,onClick={retryCurrentView},,runtime-or-tooling-source,"Requires Interaction, Error, Authorization And Accessibility Verification",11
src/pages/LeaderboardPage.tsx,1585,div,onClick={() => navigate(`/profile/${entry.userId}`)}; onKeyDown={rowKeyActivate(entry.userId)},"aria-label={`${getRankLabel(entry.rank)} ${entry.username}, ${formatValue(entry.value, metric)}`}",runtime-or-tooling-source,"Requires Interaction, Error, Authorization And Accessibility Verification",11
src/pages/LeaderboardPage.tsx,1628,div,onClick={() => navigate(`/profile/${entry.userId}`)}; onKeyDown={rowKeyActivate(entry.userId)},"aria-label={`${getRankLabel(entry.rank)} ${entry.username}, ${formatValue(entry.value, metric)}`}",runtime-or-tooling-source,"Requires Interaction, Error, Authorization And Accessibility Verification",11
src/pages/LeaderboardPage.tsx,1667,button,onClick={loadMore},"aria-label={`Load More, Showing ${entries.length} Of ${totalRanked}`}",runtime-or-tooling-source,"Requires Interaction, Error, Authorization And Accessibility Verification",11
src/pages/LeaderboardPage.tsx,1686,div,onClick={() => user?.id && navigate(`/profile/${user.id}`)}; onKeyDown={user?.id ? rowKeyActivate(user.id) : undefined},"aria-label={`Your Position, ${getRankLabel(userRank.rank)}, ${formatValue(userRank.value, metric)}`}",runtime-or-tooling-source,"Requires Interaction, Error, Authorization And Accessibility Verification",11
src/pages/LeaderboardPage.tsx,1732,div,onClick={() => navigate(`/profile/${stat.userId}`)}; onKeyDown={rowKeyActivate(stat.userId)},"aria-label={`Rank ${index + 1}, ${stat.username}, ${stat.totalPrizes.toLocaleString()} Total Prizes`}",runtime-or-tooling-source,"Requires Interaction, Error, Authorization And Accessibility Verification",11
src/pages/LeaderboardPage.tsx,1773,LeaderboardPrizeWizard,"onClose={() => {
            setShowSettings(false);
            setEditingSettings(null);
          }}; onSaved={(savedSetup) => {
            setSettings(savedSetup);
            setShowSettings(false);
            setEditingSettings(null);
            toast.success(`Prize Program V${savedSetup.program_version} Published.`);
          }}",,runtime-or-tooling-source,"Requires Interaction, Error, Authorization And Accessibility Verification",11
src/pages/MarketplacePage.tsx,598,button,onClick={refreshAll},,runtime-or-tooling-source,"Requires Interaction, Error, Authorization And Accessibility Verification",11
src/pages/MarketplacePage.tsx,646,nav,"onKeyDown={(e) => {
          /* Same fix as the Stats tablist: selection was moving, focus was not.
             Each tab is `tabIndex={tab === t.key ? 0 : -1}`, so the previously
             selected button dropped out of the tab order with focus still on it.
             Note the key list is the ADMIN-FILTERED one, so End lands on the last
             tab this particular user can actually see. */
          const KEYS = ['ArrowRight', 'ArrowLeft', 'Home', 'End'];
          if (!KEYS.includes(e.key)) return;
          e.preventDefault();
          const keys = TABS.filter((t) => !t.adminOnly || isAdmin).map((t) => t.key);
          const i = keys.indexOf(tab);
          if (i < 0) return;
          const next =
            e.key === 'Home'
              ? keys[0]
              : e.key === 'End'
                ? keys[keys.length - 1]
                : e.key === 'ArrowRight'
                  ? keys[(i + 1) % keys.length]
                  : keys[(i - 1 + keys.length) % keys.length];
          switchTab(next);
          document.getElementById(`market-tab-${next}`)?.focus();
        }}",aria-label=Marketplace Sections,runtime-or-tooling-source,"Requires Interaction, Error, Authorization And Accessibility Verification",11
src/pages/MarketplacePage.tsx,675,button,onClick={() => switchTab(t.key)},"id={`market-tab-${t.key}`}; aria-label={t.badge ? `${t.label}, ${t.badge.toLocaleString()} Items` : undefined}",runtime-or-tooling-source,"Requires Interaction, Error, Authorization And Accessibility Verification",11
src/pages/MarketplacePage.tsx,703,button,onClick={refreshAll},,runtime-or-tooling-source,"Requires Interaction, Error, Authorization And Accessibility Verification",11
src/pages/MarketplacePage.tsx,711,button,onClick={() => loadWallet()},,runtime-or-tooling-source,"Requires Interaction, Error, Authorization And Accessibility Verification",11
src/pages/MarketplacePage.tsx,727,StoreTab,"onGoDiamonds={() => switchTab('diamonds')}; onGoManage={() => switchTab('manage')}; onPurchased={(newBalance) => {
              // The BALANCE_UPDATED bus subscription reloads the shop + wallet;
              // only the optimistic diamond balance and the inventory are
              // needed here. Both balance mirrors must move together or the
              // header pill and the buy modal disagree until the reload lands.
              if (typeof newBalance === 'number') {
                setBalance(newBalance);
                setWallet((prev) => (prev.loaded ? { ...prev, diamonds: newBalance } : prev));
              }
              loadInventory(clubId);
              loadEnt();
            }}",,runtime-or-tooling-source,"Requires Interaction, Error, Authorization And Accessibility Verification",11
src/pages/MarketplacePage.tsx,765,MembershipTab,onWalletChanged={loadWallet},,runtime-or-tooling-source,"Requires Interaction, Error, Authorization And Accessibility Verification",11
src/pages/MarketplacePage.tsx,774,MyItemsTab,"onGoStore={() => switchTab('store')}; onRedeemed={() => {
              loadInventory(clubId || undefined);
              // Redeeming may re-enable Buy for that item in the Store tab
              loadShop(clubId || undefined, true);
              loadEnt();
            }}",,runtime-or-tooling-source,"Requires Interaction, Error, Authorization And Accessibility Verification",11
src/pages/MarketplacePage.tsx,790,ManageTab,"onShopChanged={() => loadShop(clubId, true)}",,runtime-or-tooling-source,"Requires Interaction, Error, Authorization And Accessibility Verification",11
src/pages/MarketplacePage.tsx,803,button,onClick={() => switchTab('store')},,runtime-or-tooling-source,"Requires Interaction, Error, Authorization And Accessibility Verification",11
src/pages/MemberManagementPage.tsx,279,PageHeader,onBack={() => navigate(-1)},,runtime-or-tooling-source,"Requires Interaction, Error, Authorization And Accessibility Verification",10;11
src/pages/MemberManagementPage.tsx,288,PageHeader,onBack={() => navigate(-1)},,runtime-or-tooling-source,"Requires Interaction, Error, Authorization And Accessibility Verification",10;11
src/pages/MemberManagementPage.tsx,297,button,onClick={reload},type=button,runtime-or-tooling-source,"Requires Interaction, Error, Authorization And Accessibility Verification",10;11
src/pages/MemberManagementPage.tsx,308,PageHeader,onBack={() => navigate(-1)},,runtime-or-tooling-source,"Requires Interaction, Error, Authorization And Accessibility Verification",10;11
src/pages/MemberManagementPage.tsx,330,PageHeader,onBack={() => navigate(-1)},,runtime-or-tooling-source,"Requires Interaction, Error, Authorization And Accessibility Verification",10;11
src/pages/MemberManagementPage.tsx,352,img,"onError={(e) => {
                    e.currentTarget.onerror = null;
                    e.currentTarget.src = generateAvatarSvg(
                      userId || 'member',
                      identity!.alias || '?'
                    );
                  }}",,runtime-or-tooling-source,"Requires Interaction, Error, Authorization And Accessibility Verification",10;11
src/pages/MemberManagementPage.tsx,457,button,onClick={() => chooseRange(mode)},type=button,runtime-or-tooling-source,"Requires Interaction, Error, Authorization And Accessibility Verification",10;11
src/pages/MemberManagementPage.tsx,473,input,onChange={(e) => setCustomFrom(e.target.value)},type=date,runtime-or-tooling-source,"Requires Interaction, Error, Authorization And Accessibility Verification",10;11
src/pages/MemberManagementPage.tsx,482,input,onChange={(e) => setCustomTo(e.target.value)},type=date,runtime-or-tooling-source,"Requires Interaction, Error, Authorization And Accessibility Verification",10;11
src/pages/MemberManagementPage.tsx,489,button,onClick={confirmCustomRange},type=button,runtime-or-tooling-source,"Requires Interaction, Error, Authorization And Accessibility Verification",10;11
src/pages/MemberManagementPage.tsx,562,button,onClick={() => navigate(`/clubs/${clubId}/members/${d.user_id}`)},"type=button; aria-label={`Open ${d.alias}, ${roleLabel(d.role)}`}",runtime-or-tooling-source,"Requires Interaction, Error, Authorization And Accessibility Verification",10;11
src/pages/MemberManagementPage.tsx,588,button,onClick={() => setDownlineShown((n) => n + DOWNLINE_RENDER_CAP)},type=button,runtime-or-tooling-source,"Requires Interaction, Error, Authorization And Accessibility Verification",10;11
src/pages/MemberManagementPage.tsx,607,RoleSection,onRoleChanged={reload},,runtime-or-tooling-source,"Requires Interaction, Error, Authorization And Accessibility Verification",10;11
src/pages/MemberManagementPage.tsx,621,button,onClick={() => navigate(`/clubs/${clubId}/promo-vault?player=${identity!.user_id}`)},type=button,runtime-or-tooling-source,"Requires Interaction, Error, Authorization And Accessibility Verification",10;11
src/pages/MemberManagementPage.tsx,636,button,onClick={() => navigate(`/clubs/${clubId}/members/${identity!.user_id}/statistics`)},type=button,runtime-or-tooling-source,"Requires Interaction, Error, Authorization And Accessibility Verification",10;11
src/pages/MemberManagementPage.tsx,663,button,onClick={onBack},type=button; aria-label=Go Back,runtime-or-tooling-source,"Requires Interaction, Error, Authorization And Accessibility Verification",10;11
src/pages/MemberManagementPage.tsx,825,input,"onChange={(e) => {
            setNickname(e.target.value);
            draftRef.current.nickname = e.target.value;
            setNicknameUnsaved(savedRef.current.nickname !== e.target.value);
          }}; onBlur={() => void save()}",type=text,runtime-or-tooling-source,"Requires Interaction, Error, Authorization And Accessibility Verification",10;11
src/pages/MemberManagementPage.tsx,842,input,"onChange={(e) => {
            setRemark(e.target.value);
            draftRef.current.remark = e.target.value;
            setRemarkUnsaved(savedRef.current.remark !== e.target.value);
          }}; onBlur={() => void save()}",type=text,runtime-or-tooling-source,"Requires Interaction, Error, Authorization And Accessibility Verification",10;11
src/pages/MemberManagementPage.tsx,865,button,onClick={discardDraft},type=button,runtime-or-tooling-source,"Requires Interaction, Error, Authorization And Accessibility Verification",10;11
src/pages/MemberManagementPage.tsx,873,button,onClick={() => void save()},type=button,runtime-or-tooling-source,"Requires Interaction, Error, Authorization And Accessibility Verification",10;11
src/pages/MemberManagementPage.tsx,1178,button,onClick={() => setShowFundModal(true)},type=button,runtime-or-tooling-source,"Requires Interaction, Error, Authorization And Accessibility Verification",10;11
src/pages/MemberManagementPage.tsx,1185,button,"onClick={() => {
                setFundPrompt(null);
                onRoleChanged();
              }}",type=button,runtime-or-tooling-source,"Requires Interaction, Error, Authorization And Accessibility Verification",10;11
src/pages/MemberManagementPage.tsx,1215,input,onChange={(e) => setCommissionPct(e.target.value)},type=number,runtime-or-tooling-source,"Requires Interaction, Error, Authorization And Accessibility Verification",10;11
src/pages/MemberManagementPage.tsx,1229,input,onChange={(e) => setRakebackPct(e.target.value)},type=number,runtime-or-tooling-source,"Requires Interaction, Error, Authorization And Accessibility Verification",10;11
src/pages/MemberManagementPage.tsx,1244,button,"onClick={() => {
                      setFunding('prepaid');
                      setCreditLimit('');
                    }}",type=button,runtime-or-tooling-source,"Requires Interaction, Error, Authorization And Accessibility Verification",10;11
src/pages/MemberManagementPage.tsx,1258,button,onClick={() => setFunding('credit')},type=button,runtime-or-tooling-source,"Requires Interaction, Error, Authorization And Accessibility Verification",10;11
src/pages/MemberManagementPage.tsx,1281,input,onChange={(e) => setCreditLimit(e.target.value)},type=number,runtime-or-tooling-source,"Requires Interaction, Error, Authorization And Accessibility Verification",10;11
src/pages/MemberManagementPage.tsx,1309,button,onClick={() => void handlePromote(confirmRole)},type=button,runtime-or-tooling-source,"Requires Interaction, Error, Authorization And Accessibility Verification",10;11
src/pages/MemberManagementPage.tsx,1317,button,onClick={() => setConfirmRole(null)},type=button,runtime-or-tooling-source,"Requires Interaction, Error, Authorization And Accessibility Verification",10;11
src/pages/MemberManagementPage.tsx,1330,button,"onClick={() => {
                setError('');
                setCommissionPct('');
                setRakebackPct('');
                setFunding('');
                setCreditLimit('');
                setConfirmRole(role);
              }}",type=button,runtime-or-tooling-source,"Requires Interaction, Error, Authorization And Accessibility Verification",10;11
src/pages/MemberManagementPage.tsx,1363,ChipTransferModal,"onClose={() => {
            setShowFundModal(false);
            setFundPrompt(null);
            onRoleChanged();
          }}; onTransferComplete={() => {
            toast.success(`${targetName} Has Been Funded.`);
            masterBus.emit('AGENT_UPDATED', { clubId: resolvedClubId, agentId: targetUserId });
          }}",,runtime-or-tooling-source,"Requires Interaction, Error, Authorization And Accessibility Verification",10;11
src/pages/MultiTablePage.tsx,3284,button,"onClick={() => {
            const idx = tables.findIndex((t) => t.id === target.id);
            if (idx !== -1) setActiveIndex(idx);
          }}",type=button,runtime-or-tooling-source,"Requires Interaction, Error, Authorization And Accessibility Verification",8;11
src/pages/MultiTablePage.tsx,3324,button,onClick={() => window.location.reload()},type=button,runtime-or-tooling-source,"Requires Interaction, Error, Authorization And Accessibility Verification",8;11
src/pages/MultiTablePage.tsx,3383,div,onClickCapture={handleLobbyLinkCapture},,runtime-or-tooling-source,"Requires Interaction, Error, Authorization And Accessibility Verification",8;11
src/pages/MultiTablePage.tsx,3389,button,onClick={() => popLobbyTournamentTab(table.id)},"aria-label={
                stack.length > 1 ? 'Back To The Previous Tournament' : 'Back To The Lobby'
              }",runtime-or-tooling-source,"Requires Interaction, Error, Authorization And Accessibility Verification",8;11
src/pages/MultiTablePage.tsx,3411,div,onClickCapture={handleLobbyLinkCapture},,runtime-or-tooling-source,"Requires Interaction, Error, Authorization And Accessibility Verification",8;11
src/pages/MultiTablePage.tsx,3975,button,onClick={goToLobby},,runtime-or-tooling-source,"Requires Interaction, Error, Authorization And Accessibility Verification",8;11
src/pages/MultiTablePage.tsx,4040,TableTabBar,onTabSelect={handleTabSelect}; onAddTable={handleAddTable}; onOpenLobby={handleOpenLobbyTab}; onOpenHub={handleOpenHubTab}; onReorder={handleReorder}; onQuickAction={handleQuickAction}; onSitOutAll={handleSitOutAll}; onBackAll={handleBackAll}; onToggleProfitTracking={toggleProfitTracking},,runtime-or-tooling-source,"Requires Interaction, Error, Authorization And Accessibility Verification",8;11
src/pages/MultiTablePage.tsx,4074,LiveTablesBar,onReturn={handleDockReturn},,runtime-or-tooling-source,"Requires Interaction, Error, Authorization And Accessibility Verification",8;11
src/pages/MultiTablePage.tsx,4093,TableTabBar,"onTabSelect={handleTabSelect}; onAddTable={handleAddTable}; onOpenLobby={handleOpenLobbyTab}; onOpenHub={handleOpenHubTab}; onReorder={handleReorder}; onQuickAction={handleQuickAction}; onSitOutAll={handleSitOutAll}; onBackAll={handleBackAll}; onToggleProfitTracking={toggleProfitTracking}; onToggleTileView={() => {
                if (tables.length > 1) setIsTileView((prev) => !prev);
              }}",,runtime-or-tooling-source,"Requires Interaction, Error, Authorization And Accessibility Verification",8;11
src/pages/MultiTablePage.tsx,4124,button,"onClick={() => setShowSessionAgg((v) => !v)}; onContextMenu={(e) => {
                  e.preventDefault();
                  toggleProfitTracking();
                }}; onTouchStart={() => {
                  pnlPressTimerRef.current = setTimeout(() => {
                    pnlPressTimerRef.current = null;
                    toggleProfitTracking();
                  }, 600);
                }}; onTouchEnd={() => {
                  if (pnlPressTimerRef.current) {
                    clearTimeout(pnlPressTimerRef.current);
                    pnlPressTimerRef.current = null;
                  }
                }}; onTouchMove={() => {
                  if (pnlPressTimerRef.current) {
                    clearTimeout(pnlPressTimerRef.current);
                    pnlPressTimerRef.current = null;
                  }
                }}",type=button; title=Session Across Cash Tables (Right-Click Or Hold To Turn Off); aria-label=Session Across Cash Tables,runtime-or-tooling-source,"Requires Interaction, Error, Authorization And Accessibility Verification",8;11
src/pages/MultiTablePage.tsx,4222,button,"onClick={() => masterBus.emit('OPEN_MUST_MOVE_LOBBY', { tableId: activeTableId })}",type=button; aria-label=Open Must Move Lobby; title=Must Move Lobby,runtime-or-tooling-source,"Requires Interaction, Error, Authorization And Accessibility Verification",8;11
src/pages/MultiTablePage.tsx,4238,div,onClick={() => setShowSessionAgg(false)},,runtime-or-tooling-source,"Requires Interaction, Error, Authorization And Accessibility Verification",8;11
src/pages/MultiTablePage.tsx,4291,div,onClick={closeQuickJoin},,runtime-or-tooling-source,"Requires Interaction, Error, Authorization And Accessibility Verification",8;11
src/pages/MultiTablePage.tsx,4300,button,onClick={() => handleQuickJoinPick(row)},type=button,runtime-or-tooling-source,"Requires Interaction, Error, Authorization And Accessibility Verification",8;11
src/pages/MultiTablePage.tsx,4329,button,onClick={handleQuickJoinLobby},type=button,runtime-or-tooling-source,"Requires Interaction, Error, Authorization And Accessibility Verification",8;11
src/pages/MultiTablePage.tsx,4351,div,"onClick={() => {
                  setActiveIndex(idx);
                  setIsTileView(false);
                }}",,runtime-or-tooling-source,"Requires Interaction, Error, Authorization And Accessibility Verification",8;11
src/pages/MultiTablePage.tsx,4386,TablePage,onTableInfoUpdate={getTableInfoCb(table.id)},,runtime-or-tooling-source,"Requires Interaction, Error, Authorization And Accessibility Verification",8;11
src/pages/MultiTablePage.tsx,4426,div,onClick={(e) => e.stopPropagation()},,runtime-or-tooling-source,"Requires Interaction, Error, Authorization And Accessibility Verification",8;11
src/pages/MultiTablePage.tsx,4429,input,"onChange={(e) =>
                                setTileRaiseDraft((p) => ({
                                  ...p,
                                  [table.id]: Math.min(
                                    maxTo,
                                    Math.max(minTo, Number(e.target.value))
                                  ),
                                }))
                              }",type=range; aria-label=Raise Amount,runtime-or-tooling-source,"Requires Interaction, Error, Authorization And Accessibility Verification",8;11
src/pages/MultiTablePage.tsx,4450,button,"onClick={() => handleTileAction(table.id, 'raise', draft)}",type=button,runtime-or-tooling-source,"Requires Interaction, Error, Authorization And Accessibility Verification",8;11
src/pages/MultiTablePage.tsx,4475,button,"onClick={() => handleTileAction(table.id, 'raise', capped)}",type=button,runtime-or-tooling-source,"Requires Interaction, Error, Authorization And Accessibility Verification",8;11
src/pages/MultiTablePage.tsx,4487,button,"onClick={() =>
                                sliderOpen
                                  ? closeTileRaise(table.id)
                                  : setTileRaiseDraft((p) => ({ ...p, [table.id]: minTo }))
                              }",type=button,runtime-or-tooling-source,"Requires Interaction, Error, Authorization And Accessibility Verification",8;11
src/pages/MultiTablePage.tsx,4501,button,"onClick={() => handleTileAction(table.id, 'raise', table.heroStack)}",type=button,runtime-or-tooling-source,"Requires Interaction, Error, Authorization And Accessibility Verification",8;11
src/pages/MultiTablePage.tsx,4514,button,"onClick={() => handleTileAction(table.id, 'fold')}",type=button,runtime-or-tooling-source,"Requires Interaction, Error, Authorization And Accessibility Verification",8;11
src/pages/MultiTablePage.tsx,4522,button,"onClick={() => handleTileAction(table.id, 'call')}",type=button,runtime-or-tooling-source,"Requires Interaction, Error, Authorization And Accessibility Verification",8;11
src/pages/MultiTablePage.tsx,4532,button,"onClick={() => handleTileAction(table.id, 'check')}",type=button,runtime-or-tooling-source,"Requires Interaction, Error, Authorization And Accessibility Verification",8;11
src/pages/MultiTablePage.tsx,4554,div,onTouchStart={handleTouchStart}; onTouchMove={handleTouchMove}; onTouchEnd={handleTouchEnd},,runtime-or-tooling-source,"Requires Interaction, Error, Authorization And Accessibility Verification",8;11
src/pages/MultiTablePage.tsx,4633,HubFrame,onLocationChange={handleHubLocationChange}; onClubArenaTarget={handleHubClubArenaTarget},title={table.name},runtime-or-tooling-source,"Requires Interaction, Error, Authorization And Accessibility Verification",8;11
src/pages/MultiTablePage.tsx,4651,TablePage,onTableInfoUpdate={getTableInfoCb(table.id)},,runtime-or-tooling-source,"Requires Interaction, Error, Authorization And Accessibility Verification",8;11
src/pages/NotificationsPage.tsx,557,button,onClick={() => setFilter('all')},type=button,runtime-or-tooling-source,"Requires Interaction, Error, Authorization And Accessibility Verification",10;11
src/pages/NotificationsPage.tsx,560,button,onClick={() => setFilter('unread')},type=button,runtime-or-tooling-source,"Requires Interaction, Error, Authorization And Accessibility Verification",10;11
src/pages/NotificationsPage.tsx,569,button,onClick={() => navigate('/settings?tab=notifications')},type=button,runtime-or-tooling-source,"Requires Interaction, Error, Authorization And Accessibility Verification",10;11
src/pages/NotificationsPage.tsx,573,button,onClick={markAllAsRead},type=button,runtime-or-tooling-source,"Requires Interaction, Error, Authorization And Accessibility Verification",10;11
src/pages/NotificationsPage.tsx,610,button,onClick={() => setFilter('all')},type=button,runtime-or-tooling-source,"Requires Interaction, Error, Authorization And Accessibility Verification",10;11
src/pages/NotificationsPage.tsx,639,button,onClick={clickable ? () => handleTap(n) : undefined},"type=button; aria-label={
                      clickable
                        ? `${n.actor_name || n.title || 'Notification'} ${n.message || ''}. ${timeAgo(n.created_at)}`
                        : undefined
                    }",runtime-or-tooling-source,"Requires Interaction, Error, Authorization And Accessibility Verification",10;11
src/pages/NotificationsPage.tsx,653,img,"onError={(e) => {
                              const img = e.currentTarget;
                              if (img.src !== DEFAULT_AVATAR) img.src = DEFAULT_AVATAR;
                            }}",,runtime-or-tooling-source,"Requires Interaction, Error, Authorization And Accessibility Verification",10;11
src/pages/NotificationsPage.tsx,694,button,onClick={() => handleDelete(n.id)},type=button; title=Dismiss; aria-label={`Dismiss ${n.title || n.message || 'Notification'}`},runtime-or-tooling-source,"Requires Interaction, Error, Authorization And Accessibility Verification",10;11
src/pages/PlayerSessionsPage.tsx,720,div,onClick={() => setWbTarget(null)},,runtime-or-tooling-source,"Requires Interaction, Error, Authorization And Accessibility Verification",11
src/pages/PlayerSessionsPage.tsx,721,div,onClick={(e) => e.stopPropagation()},,runtime-or-tooling-source,"Requires Interaction, Error, Authorization And Accessibility Verification",11
src/pages/PlayerSessionsPage.tsx,735,input,onChange={(e) => setWbAmount(e.target.value)},type=number,runtime-or-tooling-source,"Requires Interaction, Error, Authorization And Accessibility Verification",11
src/pages/PlayerSessionsPage.tsx,744,button,onClick={() => setWbTarget(null)},,runtime-or-tooling-source,"Requires Interaction, Error, Authorization And Accessibility Verification",11
src/pages/PlayerSessionsPage.tsx,747,button,onClick={sendWelcomeBack},,runtime-or-tooling-source,"Requires Interaction, Error, Authorization And Accessibility Verification",11
src/pages/PlayerSessionsPage.tsx,761,div,onClick={() => !savingNote && setNoteTarget(null)},,runtime-or-tooling-source,"Requires Interaction, Error, Authorization And Accessibility Verification",11
src/pages/PlayerSessionsPage.tsx,762,div,onClick={(e) => e.stopPropagation()},,runtime-or-tooling-source,"Requires Interaction, Error, Authorization And Accessibility Verification",11
src/pages/PlayerSessionsPage.tsx,772,select,"onChange={(e) => setNoteData((d) => ({ ...d, player_type: e.target.value }))}",,runtime-or-tooling-source,"Requires Interaction, Error, Authorization And Accessibility Verification",11
src/pages/PlayerSessionsPage.tsx,796,button,"onClick={() => setNoteData((d) => ({ ...d, color_label: c }))}",,runtime-or-tooling-source,"Requires Interaction, Error, Authorization And Accessibility Verification",11
src/pages/PlayerSessionsPage.tsx,814,textarea,"onChange={(e) => setNoteData((d) => ({ ...d, notes: e.target.value }))}",,runtime-or-tooling-source,"Requires Interaction, Error, Authorization And Accessibility Verification",11
src/pages/PlayerSessionsPage.tsx,823,button,onClick={() => setNoteTarget(null)},,runtime-or-tooling-source,"Requires Interaction, Error, Authorization And Accessibility Verification",11
src/pages/PlayerSessionsPage.tsx,830,button,onClick={saveNote},,runtime-or-tooling-source,"Requires Interaction, Error, Authorization And Accessibility Verification",11
src/pages/PlayerSessionsPage.tsx,860,button,onClick={() => navigate('/')},,runtime-or-tooling-source,"Requires Interaction, Error, Authorization And Accessibility Verification",11
src/pages/PlayerSessionsPage.tsx,863,button,onClick={() => loadSessions(clubId)},,runtime-or-tooling-source,"Requires Interaction, Error, Authorization And Accessibility Verification",11
src/pages/PlayerSessionsPage.tsx,873,div,onClick={() => setTab('retention')},,runtime-or-tooling-source,"Requires Interaction, Error, Authorization And Accessibility Verification",11
src/pages/PlayerSessionsPage.tsx,898,button,onClick={() => setTab(t.id)},,runtime-or-tooling-source,"Requires Interaction, Error, Authorization And Accessibility Verification",11
src/pages/PlayerSessionsPage.tsx,960,input,onChange={(e) => setSearchQuery(e.target.value)},,runtime-or-tooling-source,"Requires Interaction, Error, Authorization And Accessibility Verification",11
src/pages/PlayerSessionsPage.tsx,967,select,onChange={(e) => setStatusFilter(e.target.value)},,runtime-or-tooling-source,"Requires Interaction, Error, Authorization And Accessibility Verification",11
src/pages/PlayerSessionsPage.tsx,979,select,onChange={(e) => setRoleFilter(e.target.value)},,runtime-or-tooling-source,"Requires Interaction, Error, Authorization And Accessibility Verification",11
src/pages/PlayerSessionsPage.tsx,993,button,"onClick={() => {
                    try {
                      exportToCSV(filtered, 'player_sessions.csv', [
                        { key: 'displayName', label: 'Name' },
                        { key: 'userId', label: 'User ID' },
                        { key: 'role', label: 'Role' },
                        { key: 'status', label: 'Status' },
                        { key: 'chipBalance', label: 'Chip Balance' },
                        { key: 'txCount24h', label: 'Txns (24h)' },
                        { key: 'volume24h', label: 'Volume (24h)' },
                        { key: 'lastActive', label: 'Last Active' },
                      ]);
                    } catch (e) {
                      reportError(e, 'PlayerSessionsPage');
                      /* silent */
                    }
                  }}",,runtime-or-tooling-source,"Requires Interaction, Error, Authorization And Accessibility Verification",11
src/pages/PlayerSessionsPage.tsx,1115,button,"onClick={(e) => {
                          e.stopPropagation();
                          const existing = notes[p.userId];
                          setNoteData(
                            existing || { player_type: 'unknown', color_label: 'none', notes: '' }
                          );
                          setNoteTarget(p);
                        }}",title={notes[p.userId] ? 'Edit Note' : 'Add Note'},runtime-or-tooling-source,"Requires Interaction, Error, Authorization And Accessibility Verification",11
src/pages/PlayerSessionsPage.tsx,1289,button,"onClick={() => {
                                    setWbTarget(p);
                                    setWbAmount('500');
                                  }}",,runtime-or-tooling-source,"Requires Interaction, Error, Authorization And Accessibility Verification",11
src/pages/PlayerSessionsPage.tsx,1336,button,"onClick={() => {
                                    setWbTarget(p);
                                    setWbAmount('1000');
                                  }}",,runtime-or-tooling-source,"Requires Interaction, Error, Authorization And Accessibility Verification",11
src/pages/PlayerStatisticsPage.tsx,253,button,onClick={() => navigate(-1)},type=button; aria-label=Go Back,runtime-or-tooling-source,"Requires Interaction, Error, Authorization And Accessibility Verification",9;11
src/pages/PlayerStatisticsPage.tsx,291,select,onChange={(e) => setVariant(e.target.value === '' ? null : e.target.value)},,runtime-or-tooling-source,"Requires Interaction, Error, Authorization And Accessibility Verification",9;11
src/pages/PlayerStatisticsPage.tsx,306,button,onClick={() => chooseRange(mode)},type=button,runtime-or-tooling-source,"Requires Interaction, Error, Authorization And Accessibility Verification",9;11
src/pages/PlayerStatisticsPage.tsx,322,input,onChange={(e) => setCustomFrom(e.target.value)},type=date,runtime-or-tooling-source,"Requires Interaction, Error, Authorization And Accessibility Verification",9;11
src/pages/PlayerStatisticsPage.tsx,331,input,onChange={(e) => setCustomTo(e.target.value)},type=date,runtime-or-tooling-source,"Requires Interaction, Error, Authorization And Accessibility Verification",9;11
src/pages/PlayerStatisticsPage.tsx,338,button,onClick={confirmCustomRange},type=button,runtime-or-tooling-source,"Requires Interaction, Error, Authorization And Accessibility Verification",9;11
src/pages/PlayerStatisticsPage.tsx,366,button,onClick={() => setReloadKey((n) => n + 1)},type=button,runtime-or-tooling-source,"Requires Interaction, Error, Authorization And Accessibility Verification",9;11
src/pages/PlayerStatsPage.tsx,1450,button,onClick={() => navigate('/')},,runtime-or-tooling-source,"Requires Interaction, Error, Authorization And Accessibility Verification",9;11
src/pages/PlayerStatsPage.tsx,1500,button,"onClick={() => {
              setLoadError(false);
              setLoading(true);
              void loadAllData({ fresh: true });
            }}",,runtime-or-tooling-source,"Requires Interaction, Error, Authorization And Accessibility Verification",9;11
src/pages/PlayerStatsPage.tsx,1524,button,onClick={() => navigate('/')},,runtime-or-tooling-source,"Requires Interaction, Error, Authorization And Accessibility Verification",9;11
src/pages/PlayerStatsPage.tsx,1569,button,onClick={() => changeRange(r.key)},,runtime-or-tooling-source,"Requires Interaction, Error, Authorization And Accessibility Verification",9;11
src/pages/PlayerStatsPage.tsx,1734,button,"onClick={() => selectSection('analysis', true)}",type=button,runtime-or-tooling-source,"Requires Interaction, Error, Authorization And Accessibility Verification",9;11
src/pages/PlayerStatsPage.tsx,1737,button,"onClick={() => selectSection(isOwnProfile ? 'hands' : 'positions', true)}",type=button,runtime-or-tooling-source,"Requires Interaction, Error, Authorization And Accessibility Verification",9;11
src/pages/PlayerStatsPage.tsx,1752,div,"onKeyDown={(e) => {
          /* A ROVING TABINDEX MUST ACTUALLY MOVE FOCUS.
             Each tab is `tabIndex={category === cat ? 0 : -1}`, so selecting a
             new one drops the OLD button to -1. Without the focus() below, focus
             stayed on that old button - now removed from the tab order - so a
             keyboard user got no announcement of the new tab, and their next Tab
             press jumped somewhere unrelated. The ARIA tablist pattern requires
             focus to follow selection; selection alone is only half of it.

             focus() is safe to call before React re-renders: programmatic focus
             works on a tabIndex={-1} element, and the attribute updates to 0 in
             the same commit. */
          const KEYS = ['ArrowRight', 'ArrowLeft', 'Home', 'End'];
          if (!KEYS.includes(e.key)) return;
          e.preventDefault();
          const i = TABS.indexOf(category);
          const next =
            e.key === 'Home'
              ? TABS[0]
              : e.key === 'End'
                ? TABS[TABS.length - 1]
                : e.key === 'ArrowRight'
                  ? TABS[(i + 1) % TABS.length]
                  : TABS[(i - 1 + TABS.length) % TABS.length];
          setCategory(next);
          document.getElementById(`stats-tab-${next}`)?.focus();
        }}",aria-label=Statistics Sections,runtime-or-tooling-source,"Requires Interaction, Error, Authorization And Accessibility Verification",9;11
src/pages/PlayerStatsPage.tsx,1785,button,onClick={() => setCategory(cat)},id={`stats-tab-${cat}`},runtime-or-tooling-source,"Requires Interaction, Error, Authorization And Accessibility Verification",9;11
src/pages/PlayerWalletPage.tsx,286,button,onClick={onBuy},type=button,runtime-or-tooling-source,"Requires Interaction, Error, Authorization And Accessibility Verification",4;11
src/pages/PlayerWalletPage.tsx,951,button,onClick={goAddChips},type=button,runtime-or-tooling-source,"Requires Interaction, Error, Authorization And Accessibility Verification",4;11
src/pages/PlayerWalletPage.tsx,954,button,onClick={goCashOut},type=button,runtime-or-tooling-source,"Requires Interaction, Error, Authorization And Accessibility Verification",4;11
src/pages/PlayerWalletPage.tsx,957,button,onClick={() => setActiveTab('send')},type=button,runtime-or-tooling-source,"Requires Interaction, Error, Authorization And Accessibility Verification",4;11
src/pages/PlayerWalletPage.tsx,960,button,onClick={() => setActiveTab('receive')},type=button,runtime-or-tooling-source,"Requires Interaction, Error, Authorization And Accessibility Verification",4;11
src/pages/PlayerWalletPage.tsx,963,button,onClick={() => setActiveTab('earn')},type=button,runtime-or-tooling-source,"Requires Interaction, Error, Authorization And Accessibility Verification",4;11
src/pages/PlayerWalletPage.tsx,966,button,onClick={() => navigate('/transactions')},type=button,runtime-or-tooling-source,"Requires Interaction, Error, Authorization And Accessibility Verification",4;11
src/pages/PlayerWalletPage.tsx,973,button,onClick={() => setShowDisputeModal(true)},"type=button; title={
                currentClubId ? 'Raise A Dispute' : 'Enter A Club First To Raise A Dispute There'
              }",runtime-or-tooling-source,"Requires Interaction, Error, Authorization And Accessibility Verification",4;11
src/pages/PlayerWalletPage.tsx,989,div,onKeyDown={handleTabKeyDown},aria-label=Wallet Sections,runtime-or-tooling-source,"Requires Interaction, Error, Authorization And Accessibility Verification",4;11
src/pages/PlayerWalletPage.tsx,996,button,onClick={() => setActiveTab(tab)},type=button; id={`wallet-tab-${tab}`},runtime-or-tooling-source,"Requires Interaction, Error, Authorization And Accessibility Verification",4;11
src/pages/PlayerWalletPage.tsx,1026,DiamondPlate,onBuy={goBuyDiamonds},,runtime-or-tooling-source,"Requires Interaction, Error, Authorization And Accessibility Verification",4;11
src/pages/PlayerWalletPage.tsx,1054,select,onChange={(e) => setRecipientId(e.target.value)},,runtime-or-tooling-source,"Requires Interaction, Error, Authorization And Accessibility Verification",4;11
src/pages/PlayerWalletPage.tsx,1078,input,onChange={(e) => setSendAmount(e.target.value)},type=number,runtime-or-tooling-source,"Requires Interaction, Error, Authorization And Accessibility Verification",4;11
src/pages/PlayerWalletPage.tsx,1091,button,onClick={handleSendDiamonds},type=button,runtime-or-tooling-source,"Requires Interaction, Error, Authorization And Accessibility Verification",4;11
src/pages/PlayerWalletPage.tsx,1103,button,onClick={() => navigate('/friends')},type=button,runtime-or-tooling-source,"Requires Interaction, Error, Authorization And Accessibility Verification",4;11
src/pages/PlayerWalletPage.tsx,1116,button,onClick={() => void loadFriends()},type=button,runtime-or-tooling-source,"Requires Interaction, Error, Authorization And Accessibility Verification",4;11
src/pages/PlayerWalletPage.tsx,1134,select,onChange={(e) => setTransferFrom(e.target.value as WalletType)},aria-label=Transfer From Wallet,runtime-or-tooling-source,"Requires Interaction, Error, Authorization And Accessibility Verification",4;11
src/pages/PlayerWalletPage.tsx,1150,select,onChange={(e) => setTransferTo(e.target.value as WalletType)},aria-label=Transfer To Wallet,runtime-or-tooling-source,"Requires Interaction, Error, Authorization And Accessibility Verification",4;11
src/pages/PlayerWalletPage.tsx,1165,input,onChange={(e) => setTransferAmount(e.target.value)},type=number; aria-label=Transfer Amount,runtime-or-tooling-source,"Requires Interaction, Error, Authorization And Accessibility Verification",4;11
src/pages/PlayerWalletPage.tsx,1189,button,onClick={handleTransfer},type=button,runtime-or-tooling-source,"Requires Interaction, Error, Authorization And Accessibility Verification",4;11
src/pages/PlayerWalletPage.tsx,1227,button,"onClick={() => void copyText(user.id, 'id')}",type=button; aria-label=Copy Player ID,runtime-or-tooling-source,"Requires Interaction, Error, Authorization And Accessibility Verification",4;11
src/pages/PlayerWalletPage.tsx,1241,button,"onClick={() => void copyText(profileLink, 'link')}",type=button; aria-label=Copy Profile Link,runtime-or-tooling-source,"Requires Interaction, Error, Authorization And Accessibility Verification",4;11
src/pages/PlayerWalletPage.tsx,1256,button,onClick={() => navigate('/friends')},type=button,runtime-or-tooling-source,"Requires Interaction, Error, Authorization And Accessibility Verification",4;11
src/pages/PlayerWalletPage.tsx,1273,button,onClick={() => void loadIncoming()},type=button,runtime-or-tooling-source,"Requires Interaction, Error, Authorization And Accessibility Verification",4;11
src/pages/PlayerWalletPage.tsx,1374,button,"onClick={() => {
                          setProgressError(false);
                          void loadProgress();
                        }}",type=button,runtime-or-tooling-source,"Requires Interaction, Error, Authorization And Accessibility Verification",4;11
src/pages/PlayerWalletPage.tsx,1389,button,onClick={handleClaimDaily},type=button,runtime-or-tooling-source,"Requires Interaction, Error, Authorization And Accessibility Verification",4;11
src/pages/PlayerWalletPage.tsx,1434,button,onClick={() => navigate('/rakeback')},type=button,runtime-or-tooling-source,"Requires Interaction, Error, Authorization And Accessibility Verification",4;11
src/pages/PlayerWalletPage.tsx,1438,button,onClick={() => navigate('/challenges')},type=button,runtime-or-tooling-source,"Requires Interaction, Error, Authorization And Accessibility Verification",4;11
src/pages/PlayerWalletPage.tsx,1442,button,onClick={() => navigate('/bonuses')},type=button,runtime-or-tooling-source,"Requires Interaction, Error, Authorization And Accessibility Verification",4;11
src/pages/PlayerWalletPage.tsx,1448,button,onClick={() => navigate('/promotions')},type=button,runtime-or-tooling-source,"Requires Interaction, Error, Authorization And Accessibility Verification",4;11
src/pages/PlayerWalletPage.tsx,1452,button,onClick={() => navigate('/achievements')},type=button,runtime-or-tooling-source,"Requires Interaction, Error, Authorization And Accessibility Verification",4;11
src/pages/PlayerWalletPage.tsx,1460,button,onClick={() => navigate('/vip')},type=button,runtime-or-tooling-source,"Requires Interaction, Error, Authorization And Accessibility Verification",4;11
src/pages/PlayerWalletPage.tsx,1496,DepositWithdrawModal,"onClose={() => setShowDepositModal(false)}; onComplete={() => user?.id && loadBalances(user.id, { force: true })}",,runtime-or-tooling-source,"Requires Interaction, Error, Authorization And Accessibility Verification",4;11
src/pages/PlayerWalletPage.tsx,1504,DepositWithdrawModal,"onClose={() => setShowWithdrawModal(false)}; onComplete={() => user?.id && loadBalances(user.id, { force: true })}",,runtime-or-tooling-source,"Requires Interaction, Error, Authorization And Accessibility Verification",4;11
src/pages/PlayerWalletPage.tsx,1512,DisputeSubmitModal,onClose={() => setShowDisputeModal(false)},,runtime-or-tooling-source,"Requires Interaction, Error, Authorization And Accessibility Verification",4;11
src/pages/ProfilePage.tsx,833,img,"onError={(e) => {
                (e.target as HTMLImageElement).src = generateDefaultAvatar();
              }}",,runtime-or-tooling-source,"Requires Interaction, Error, Authorization And Accessibility Verification",11
src/pages/ProfilePage.tsx,886,button,onClick={() => setShowAvatarGallery(true)},type=button,runtime-or-tooling-source,"Requires Interaction, Error, Authorization And Accessibility Verification",11
src/pages/ProfilePage.tsx,893,button,onClick={() => setShowProfileEdit(true)},type=button,runtime-or-tooling-source,"Requires Interaction, Error, Authorization And Accessibility Verification",11
src/pages/ProfilePage.tsx,900,button,onClick={() => navigate('/vip')},type=button; aria-label={`${diamonds.toLocaleString()} Diamonds. Open VIP Status`},runtime-or-tooling-source,"Requires Interaction, Error, Authorization And Accessibility Verification",11
src/pages/ProfilePage.tsx,1004,button,onClick={() => navigate('/vip')},type=button,runtime-or-tooling-source,"Requires Interaction, Error, Authorization And Accessibility Verification",11
src/pages/ProfilePage.tsx,1030,button,onClick={() => navigate(destination.path)},type=button,runtime-or-tooling-source,"Requires Interaction, Error, Authorization And Accessibility Verification",11
src/pages/ProfilePage.tsx,1048,button,onClick={() => selectTab('achievements')},type=button,runtime-or-tooling-source,"Requires Interaction, Error, Authorization And Accessibility Verification",11
src/pages/ProfilePage.tsx,1073,button,"onClick={() => selectTab(tab)}; onKeyDown={(event) => handleTabKeyDown(event, index)}",type=button; id={`profile-tab-${tab}`},runtime-or-tooling-source,"Requires Interaction, Error, Authorization And Accessibility Verification",11
src/pages/ProfilePage.tsx,1311,button,onClick={() => navigate('/stats')},type=button,runtime-or-tooling-source,"Requires Interaction, Error, Authorization And Accessibility Verification",11
src/pages/ProfilePage.tsx,1341,button,onClick={() => navigate('/achievements')},type=button,runtime-or-tooling-source,"Requires Interaction, Error, Authorization And Accessibility Verification",11
src/pages/ProfilePage.tsx,1431,button,onClick={() => navigate('/transactions')},type=button,runtime-or-tooling-source,"Requires Interaction, Error, Authorization And Accessibility Verification",11
src/pages/ProfilePage.tsx,1443,button,onClick={() => navigate('/')},type=button,runtime-or-tooling-source,"Requires Interaction, Error, Authorization And Accessibility Verification",11
src/pages/ProfilePage.tsx,1461,DiamondRainEffect,onComplete={() => setShowDiamondRain(false)},,runtime-or-tooling-source,"Requires Interaction, Error, Authorization And Accessibility Verification",11
src/pages/ProfilePage.tsx,1466,AvatarGallery,"onClose={() => setShowAvatarGallery(false)}; onAvatarChanged={(newUrl) => {
          // The gallery also emits PLAYER_APPEARANCE_CHANGED, which the
          // header store consumes; this keeps the credential in step.
          setUser((prev) => (prev ? { ...prev, arenaAvatarUrl: newUrl } : prev));
        }}",,runtime-or-tooling-source,"Requires Interaction, Error, Authorization And Accessibility Verification",11
src/pages/ProfilePage.tsx,1480,UserProfileEdit,"onClose={() => setShowProfileEdit(false)}; onChangeAvatar={() => {
            setShowProfileEdit(false);
            setShowAvatarGallery(true);
          }}; onSave={async (data: UserProfileData) => {
            try {
              /* The field is labelled Poker Alias, and playerDisplayName
                 resolves alias -> username. Writing only `username` (as this
                 did until 2026-09-04) left every player with an `alias` row
                 value seeing their old handle after a ""successful"" save. Both
                 columns now carry the handle, so the resolver, the table and
                 the header all agree. */
              const { error } = await supabase
                .from('profiles')
                .update({
                  username: data.username,
                  alias: data.username,
                  bio: data.bio,
                  player_tags: data.tags,
                })
                .eq('id', user.id);

              if (error) {
                if (error.code === '23505') {
                  throw new Error('That Poker Alias is already taken. Choose another.');
                }
                throw error;
              }

              /* Legacy mirror. `users` still exists (id, username, email,
                 avatar_url) and AuthPage upserts it on sign-up; a stale copy
                 there is a rendering bug for anything that still reads it,
                 but it is not the record of truth, so a refused write is
 ",,runtime-or-tooling-source,"Requires Interaction, Error, Authorization And Accessibility Verification",11
src/pages/PromoVaultPage.tsx,464,button,onClick={() => navigate(clubId ? `/clubs/${clubId}` : '/clubs')},type=button; aria-label=Go Back,runtime-or-tooling-source,"Requires Interaction, Error, Authorization And Accessibility Verification",5;11
src/pages/PromoVaultPage.tsx,483,button,onClick={() => setHelpOpen(true)},type=button; aria-label=How The Promo Vault Works,runtime-or-tooling-source,"Requires Interaction, Error, Authorization And Accessibility Verification",5;11
src/pages/PromoVaultPage.tsx,495,button,onClick={() => setTab('items')},type=button,runtime-or-tooling-source,"Requires Interaction, Error, Authorization And Accessibility Verification",5;11
src/pages/PromoVaultPage.tsx,504,button,onClick={() => setTab('records')},type=button,runtime-or-tooling-source,"Requires Interaction, Error, Authorization And Accessibility Verification",5;11
src/pages/PromoVaultPage.tsx,518,ErrorState,onRetry={() => void loadVault()},,runtime-or-tooling-source,"Requires Interaction, Error, Authorization And Accessibility Verification",5;11
src/pages/PromoVaultPage.tsx,529,ItemSection,onOpen={openTile}; onBuy={setBuyTarget},,runtime-or-tooling-source,"Requires Interaction, Error, Authorization And Accessibility Verification",5;11
src/pages/PromoVaultPage.tsx,536,ItemSection,onOpen={openTile}; onBuy={setBuyTarget},,runtime-or-tooling-source,"Requires Interaction, Error, Authorization And Accessibility Verification",5;11
src/pages/PromoVaultPage.tsx,548,HelpDialog,onClose={() => setHelpOpen(false)},,runtime-or-tooling-source,"Requires Interaction, Error, Authorization And Accessibility Verification",5;11
src/pages/PromoVaultPage.tsx,551,BuyDialog,onCancel={() => setBuyTarget(null)}; onConfirm={handleBuy},,runtime-or-tooling-source,"Requires Interaction, Error, Authorization And Accessibility Verification",5;11
src/pages/PromoVaultPage.tsx,560,GrantDialog,onCancel={() => setGrantTarget(null)}; onConfirm={handleGrant},,runtime-or-tooling-source,"Requires Interaction, Error, Authorization And Accessibility Verification",5;11
src/pages/PromoVaultPage.tsx,597,ItemTile,onOpen={onOpen}; onBuy={onBuy},,runtime-or-tooling-source,"Requires Interaction, Error, Authorization And Accessibility Verification",5;11
src/pages/PromoVaultPage.tsx,629,button,onClick={() => onOpen(item)},"type=button; aria-label={`Grant ${item.label}${meta ? `, ${meta}` : ''}`}",runtime-or-tooling-source,"Requires Interaction, Error, Authorization And Accessibility Verification",5;11
src/pages/PromoVaultPage.tsx,651,button,onClick={() => onBuy(item)},type=button; aria-label={`Buy More ${item.label}`},runtime-or-tooling-source,"Requires Interaction, Error, Authorization And Accessibility Verification",5;11
src/pages/PromoVaultPage.tsx,689,Overlay,onClose={onCancel},,runtime-or-tooling-source,"Requires Interaction, Error, Authorization And Accessibility Verification",5;11
src/pages/PromoVaultPage.tsx,696,button,onClick={() => step(-1)},type=button; aria-label=Fewer,runtime-or-tooling-source,"Requires Interaction, Error, Authorization And Accessibility Verification",5;11
src/pages/PromoVaultPage.tsx,699,input,"onChange={(e) => {
            const next = Number(e.target.value);
            setQuantity(Number.isFinite(next) ? Math.min(999, Math.max(1, Math.floor(next))) : 1);
          }}",type=number; aria-label=Quantity To Buy,runtime-or-tooling-source,"Requires Interaction, Error, Authorization And Accessibility Verification",5;11
src/pages/PromoVaultPage.tsx,711,button,onClick={() => step(1)},type=button; aria-label=More,runtime-or-tooling-source,"Requires Interaction, Error, Authorization And Accessibility Verification",5;11
src/pages/PromoVaultPage.tsx,732,button,onClick={onCancel},type=button,runtime-or-tooling-source,"Requires Interaction, Error, Authorization And Accessibility Verification",5;11
src/pages/PromoVaultPage.tsx,735,button,"onClick={async () => {
            setBusy(true);
            await onConfirm(item, quantity);
            setBusy(false);
          }}",type=button,runtime-or-tooling-source,"Requires Interaction, Error, Authorization And Accessibility Verification",5;11
src/pages/PromoVaultPage.tsx,802,Overlay,onClose={onCancel},,runtime-or-tooling-source,"Requires Interaction, Error, Authorization And Accessibility Verification",5;11
src/pages/PromoVaultPage.tsx,808,button,onClick={onCancel},type=button,runtime-or-tooling-source,"Requires Interaction, Error, Authorization And Accessibility Verification",5;11
src/pages/PromoVaultPage.tsx,817,Overlay,onClose={onCancel},,runtime-or-tooling-source,"Requires Interaction, Error, Authorization And Accessibility Verification",5;11
src/pages/PromoVaultPage.tsx,828,input,onChange={(e) => setSearch(e.target.value)},type=text; aria-label=Search Players,runtime-or-tooling-source,"Requires Interaction, Error, Authorization And Accessibility Verification",5;11
src/pages/PromoVaultPage.tsx,841,button,onClick={() => setRecipient(m)},type=button,runtime-or-tooling-source,"Requires Interaction, Error, Authorization And Accessibility Verification",5;11
src/pages/PromoVaultPage.tsx,862,button,onClick={onCancel},type=button,runtime-or-tooling-source,"Requires Interaction, Error, Authorization And Accessibility Verification",5;11
src/pages/PromoVaultPage.tsx,875,button,onClick={() => setRecipient(null)},type=button,runtime-or-tooling-source,"Requires Interaction, Error, Authorization And Accessibility Verification",5;11
src/pages/PromoVaultPage.tsx,881,button,onClick={() => step(-1)},type=button; aria-label=Fewer,runtime-or-tooling-source,"Requires Interaction, Error, Authorization And Accessibility Verification",5;11
src/pages/PromoVaultPage.tsx,889,input,"onChange={(e) => {
                const next = Number(e.target.value);
                setQuantity(
                  Number.isFinite(next) ? Math.min(maxQuantity, Math.max(1, Math.floor(next))) : 1
                );
              }}",type=number; aria-label=Quantity To Send,runtime-or-tooling-source,"Requires Interaction, Error, Authorization And Accessibility Verification",5;11
src/pages/PromoVaultPage.tsx,903,button,onClick={() => step(1)},type=button; aria-label=More,runtime-or-tooling-source,"Requires Interaction, Error, Authorization And Accessibility Verification",5;11
src/pages/PromoVaultPage.tsx,914,button,onClick={onCancel},type=button,runtime-or-tooling-source,"Requires Interaction, Error, Authorization And Accessibility Verification",5;11
src/pages/PromoVaultPage.tsx,917,button,"onClick={async () => {
                setBusy(true);
                await onConfirm(item, recipient, quantity);
                setBusy(false);
              }}",type=button,runtime-or-tooling-source,"Requires Interaction, Error, Authorization And Accessibility Verification",5;11
src/pages/PromoVaultPage.tsx,1011,Overlay,onClose={onClose},,runtime-or-tooling-source,"Requires Interaction, Error, Authorization And Accessibility Verification",5;11
src/pages/PromoVaultPage.tsx,1039,button,onClick={onClose},type=button,runtime-or-tooling-source,"Requires Interaction, Error, Authorization And Accessibility Verification",5;11
src/pages/PromoVaultPage.tsx,1071,div,onClick={onClose},,runtime-or-tooling-source,"Requires Interaction, Error, Authorization And Accessibility Verification",5;11
src/pages/PromoVaultPage.tsx,1072,div,onClick={(e) => e.stopPropagation()},,runtime-or-tooling-source,"Requires Interaction, Error, Authorization And Accessibility Verification",5;11
src/pages/PromotionsPage.tsx,351,ArenaActionButton,onClick={() => navigate('/bonuses')},,runtime-or-tooling-source,"Requires Interaction, Error, Authorization And Accessibility Verification",5;11
src/pages/PromotionsPage.tsx,361,div,onClick={() => setShowReferral(true)},,runtime-or-tooling-source,"Requires Interaction, Error, Authorization And Accessibility Verification",5;11
src/pages/PromotionsPage.tsx,369,button,onClick={() => setFilter(f)},,runtime-or-tooling-source,"Requires Interaction, Error, Authorization And Accessibility Verification",5;11
src/pages/PromotionsPage.tsx,390,ErrorState,onRetry={() => void loadPromotions()},,runtime-or-tooling-source,"Requires Interaction, Error, Authorization And Accessibility Verification",5;11
src/pages/PromotionsPage.tsx,477,button,onClick={() => handleClaimPromo(promo.id)},,runtime-or-tooling-source,"Requires Interaction, Error, Authorization And Accessibility Verification",5;11
src/pages/PromotionsPage.tsx,511,ReferralModal,onClose={() => setShowReferral(false)},,runtime-or-tooling-source,"Requires Interaction, Error, Authorization And Accessibility Verification",5;11
src/pages/PublicProfilePage.tsx,360,button,onClick={() => navigate('/search')},type=button,runtime-or-tooling-source,"Requires Interaction, Error, Authorization And Accessibility Verification",11
src/pages/PublicProfilePage.tsx,448,button,onClick={() => navigate(`/table/${playerStatus.playingAtTableId}`)},type=button,runtime-or-tooling-source,"Requires Interaction, Error, Authorization And Accessibility Verification",11
src/pages/PublicProfilePage.tsx,471,button,onClick={handleUnblock},type=button,runtime-or-tooling-source,"Requires Interaction, Error, Authorization And Accessibility Verification",11
src/pages/PublicProfilePage.tsx,482,button,onClick={handleAddFriend},type=button,runtime-or-tooling-source,"Requires Interaction, Error, Authorization And Accessibility Verification",11
src/pages/PublicProfilePage.tsx,492,button,,type=button,runtime-or-tooling-source,"Requires Interaction, Error, Authorization And Accessibility Verification",11
src/pages/PublicProfilePage.tsx,497,button,onClick={handleAcceptFriend},type=button,runtime-or-tooling-source,"Requires Interaction, Error, Authorization And Accessibility Verification",11
src/pages/PublicProfilePage.tsx,507,button,,type=button,runtime-or-tooling-source,"Requires Interaction, Error, Authorization And Accessibility Verification",11
src/pages/PublicProfilePage.tsx,511,button,onClick={handleMessage},type=button,runtime-or-tooling-source,"Requires Interaction, Error, Authorization And Accessibility Verification",11
src/pages/PublicProfilePage.tsx,519,button,onClick={() => setShowBlockModal(true)},type=button; aria-label={`Block ${arenaName}`},runtime-or-tooling-source,"Requires Interaction, Error, Authorization And Accessibility Verification",11
src/pages/PublicProfilePage.tsx,538,button,onClick={() => navigate(`/report/${userId}`)},type=button; aria-label={`Report ${arenaName}`},runtime-or-tooling-source,"Requires Interaction, Error, Authorization And Accessibility Verification",11
src/pages/PublicProfilePage.tsx,550,button,onClick={handleShare},type=button,runtime-or-tooling-source,"Requires Interaction, Error, Authorization And Accessibility Verification",11
src/pages/PublicProfilePage.tsx,563,button,onClick={() => navigate(`/profile/${friend.id}`)},type=button,runtime-or-tooling-source,"Requires Interaction, Error, Authorization And Accessibility Verification",11
src/pages/PublicProfilePage.tsx,569,img,"onError={(e) => {
                    (e.target as HTMLImageElement).src = generateDefaultAvatar();
                  }}",,runtime-or-tooling-source,"Requires Interaction, Error, Authorization And Accessibility Verification",11
src/pages/PublicProfilePage.tsx,598,PlayerBlockModal,onConfirm={handleBlockConfirm}; onCancel={() => setShowBlockModal(false)},,runtime-or-tooling-source,"Requires Interaction, Error, Authorization And Accessibility Verification",11
src/pages/RakebackDashboard.tsx,222,button,onClick={() => navigate(-1)},,runtime-or-tooling-source,"Requires Interaction, Error, Authorization And Accessibility Verification",5;11
src/pages/RakebackPage.tsx,292,button,onClick={() => handleClaimRakeback()},,runtime-or-tooling-source,"Requires Interaction, Error, Authorization And Accessibility Verification",5;11
src/pages/RakebackPage.tsx,383,ErrorState,onRetry={() => void loadRakebackData()},,runtime-or-tooling-source,"Requires Interaction, Error, Authorization And Accessibility Verification",5;11
src/pages/RateAuditPage.tsx,225,button,onClick={() => navigate(-1)},,runtime-or-tooling-source,"Requires Interaction, Error, Authorization And Accessibility Verification",11
src/pages/RateAuditPage.tsx,264,button,onClick={() => setFilter(f)},,runtime-or-tooling-source,"Requires Interaction, Error, Authorization And Accessibility Verification",11
src/pages/ReportPlayerPage.tsx,94,button,onClick={() => navigate(-1)},,runtime-or-tooling-source,"Requires Interaction, Error, Authorization And Accessibility Verification",9;11
src/pages/ReportPlayerPage.tsx,118,button,"onClick={() => setForm((prev) => ({ ...prev, reason: opt.value }))}",,runtime-or-tooling-source,"Requires Interaction, Error, Authorization And Accessibility Verification",9;11
src/pages/ReportPlayerPage.tsx,132,textarea,"onChange={(e) => setForm((prev) => ({ ...prev, description: e.target.value }))}",,runtime-or-tooling-source,"Requires Interaction, Error, Authorization And Accessibility Verification",9;11
src/pages/ReportPlayerPage.tsx,142,input,"onChange={(e) => setForm((prev) => ({ ...prev, hand_id: e.target.value }))}",type=text,runtime-or-tooling-source,"Requires Interaction, Error, Authorization And Accessibility Verification",9;11
src/pages/ReportPlayerPage.tsx,152,input,"onChange={(e) =>
                setForm((prev) => ({ ...prev, include_chat_logs: e.target.checked }))
              }",type=checkbox; id=include-chat,runtime-or-tooling-source,"Requires Interaction, Error, Authorization And Accessibility Verification",9;11
src/pages/ReportPlayerPage.tsx,164,button,onClick={handleSubmit},,runtime-or-tooling-source,"Requires Interaction, Error, Authorization And Accessibility Verification",9;11
src/pages/ReportReviewPage.tsx,251,button,"onClick={() => setFilter(item)}; onKeyDown={(event) => handleFilterKeyDown(event, item)}",id={`report-filter-${item}`}; type=button,runtime-or-tooling-source,"Requires Interaction, Error, Authorization And Accessibility Verification",9;11
src/pages/ReportReviewPage.tsx,278,button,onClick={() => void loadReports()},type=button,runtime-or-tooling-source,"Requires Interaction, Error, Authorization And Accessibility Verification",9;11
src/pages/ReportReviewPage.tsx,300,button,onClick={() => openReport(report)},type=button,runtime-or-tooling-source,"Requires Interaction, Error, Authorization And Accessibility Verification",9;11
src/pages/ReportReviewPage.tsx,333,div,"onMouseDown={(event) => {
            if (event.currentTarget === event.target) setSelectedReport(null);
          }}",,runtime-or-tooling-source,"Requires Interaction, Error, Authorization And Accessibility Verification",9;11
src/pages/ReportReviewPage.tsx,350,button,onClick={() => setSelectedReport(null)},type=button; aria-label=Close Report Details,runtime-or-tooling-source,"Requires Interaction, Error, Authorization And Accessibility Verification",9;11
src/pages/ReportReviewPage.tsx,382,textarea,onChange={(event) => setAdminNotes(event.target.value)},id=report-admin-notes,runtime-or-tooling-source,"Requires Interaction, Error, Authorization And Accessibility Verification",9;11
src/pages/ReportReviewPage.tsx,391,button,"onClick={() => handleAction(selectedReport.id, 'actioned')}",type=button,runtime-or-tooling-source,"Requires Interaction, Error, Authorization And Accessibility Verification",9;11
src/pages/ReportReviewPage.tsx,399,button,"onClick={() => handleAction(selectedReport.id, 'dismissed')}",type=button,runtime-or-tooling-source,"Requires Interaction, Error, Authorization And Accessibility Verification",9;11
src/pages/SearchPage.tsx,754,form,onSubmit={submitSearch},,runtime-or-tooling-source,"Requires Interaction, Error, Authorization And Accessibility Verification",11
src/pages/SearchPage.tsx,760,input,onChange={(event) => setQuery(event.target.value)},id=community-search; type=search,runtime-or-tooling-source,"Requires Interaction, Error, Authorization And Accessibility Verification",11
src/pages/SearchPage.tsx,773,button,onClick={clearQuery},type=button; aria-label=Clear Search,runtime-or-tooling-source,"Requires Interaction, Error, Authorization And Accessibility Verification",11
src/pages/SearchPage.tsx,782,button,,type=submit,runtime-or-tooling-source,"Requires Interaction, Error, Authorization And Accessibility Verification",11
src/pages/SearchPage.tsx,793,button,onClick={() => setScope(category === index.scope ? 'all' : index.scope)},"type=button; title={
                  state === 'failed'
                    ? `${index.label} Index Unreachable`
                    : `${index.label}: ${formatCount(health)} Indexed`
                }",runtime-or-tooling-source,"Requires Interaction, Error, Authorization And Accessibility Verification",11
src/pages/SearchPage.tsx,817,button,onClick={() => setScope(item.id)},id={`search-tab-${item.id}`}; type=button,runtime-or-tooling-source,"Requires Interaction, Error, Authorization And Accessibility Verification",11
src/pages/SearchPage.tsx,851,button,onClick={() => search(query)},type=button,runtime-or-tooling-source,"Requires Interaction, Error, Authorization And Accessibility Verification",11
src/pages/SearchPage.tsx,877,button,onClick={clearHistory},type=button,runtime-or-tooling-source,"Requires Interaction, Error, Authorization And Accessibility Verification",11
src/pages/SearchPage.tsx,890,button,onClick={() => setQuery(recent)},type=button,runtime-or-tooling-source,"Requires Interaction, Error, Authorization And Accessibility Verification",11
src/pages/SearchPage.tsx,939,button,onClick={() => setScope(section.key)},type=button,runtime-or-tooling-source,"Requires Interaction, Error, Authorization And Accessibility Verification",11
src/pages/SearchPage.tsx,955,button,"onClick={() => {
                              rememberSearch(query);
                              navigate(clubDestination(club));
                            }}",type=button; aria-label={`Open ${club.name}`},runtime-or-tooling-source,"Requires Interaction, Error, Authorization And Accessibility Verification",11
src/pages/SearchPage.tsx,1014,button,onClick={() => navigate(`/unions/${club.id}`)},type=button,runtime-or-tooling-source,"Requires Interaction, Error, Authorization And Accessibility Verification",11
src/pages/SearchPage.tsx,1018,button,"onClick={() => {
                                rememberSearch(query);
                                navigate(clubDestination(club));
                              }}",type=button,runtime-or-tooling-source,"Requires Interaction, Error, Authorization And Accessibility Verification",11
src/pages/SearchPage.tsx,1043,button,"onClick={() => {
                              rememberSearch(query);
                              navigate(`/profile/${player.id}`);
                            }}",type=button; aria-label={`Open ${name}`},runtime-or-tooling-source,"Requires Interaction, Error, Authorization And Accessibility Verification",11
src/pages/SearchPage.tsx,1097,button,onClick={() => handleAddFriend(player.id)},type=button,runtime-or-tooling-source,"Requires Interaction, Error, Authorization And Accessibility Verification",11
src/pages/SearchPage.tsx,1105,button,onClick={() => navigate(`/messages?compose=${player.id}`)},type=button,runtime-or-tooling-source,"Requires Interaction, Error, Authorization And Accessibility Verification",11
src/pages/SearchPage.tsx,1121,button,"onClick={() => {
                            rememberSearch(query);
                            void openTable(table);
                          }}",type=button; aria-label={`Open ${table.name}`},runtime-or-tooling-source,"Requires Interaction, Error, Authorization And Accessibility Verification",11
src/pages/SearchPage.tsx,1184,button,"onClick={() =>
                                navigate(
                                  clubDestination({
                                    id: table.club_id || '',
                                    slug: table.club_slug,
                                  })
                                )
                              }",type=button,runtime-or-tooling-source,"Requires Interaction, Error, Authorization And Accessibility Verification",11
src/pages/SearchPage.tsx,1198,button,"onClick={() => {
                              rememberSearch(query);
                              void openTable(table);
                            }}",type=button,runtime-or-tooling-source,"Requires Interaction, Error, Authorization And Accessibility Verification",11
src/pages/SearchPage.tsx,1220,button,"onClick={() => {
                            rememberSearch(query);
                            navigate(`/tournaments/${tournament.id}`);
                          }}",type=button; aria-label={`Open ${tournament.name}`},runtime-or-tooling-source,"Requires Interaction, Error, Authorization And Accessibility Verification",11
src/pages/SearchPage.tsx,1298,button,"onClick={() =>
                                navigate(
                                  clubDestination({
                                    id: tournament.club_id || '',
                                    slug: tournament.club_slug,
                                  })
                                )
                              }",type=button,runtime-or-tooling-source,"Requires Interaction, Error, Authorization And Accessibility Verification",11
src/pages/SearchPage.tsx,1312,button,"onClick={() => {
                              rememberSearch(query);
                              navigate(`/tournaments/${tournament.id}`);
                            }}",type=button,runtime-or-tooling-source,"Requires Interaction, Error, Authorization And Accessibility Verification",11
src/pages/SessionHistoryPage.tsx,302,button,onClick={() => setTimeFilter(f)},,runtime-or-tooling-source,"Requires Interaction, Error, Authorization And Accessibility Verification",9;11
src/pages/SessionHistoryPage.tsx,311,button,"onClick={() => {
              try {
                exportToCSV(sessions, `session_history_${timeFilter}.csv`, [
                  { key: 'session_start', label: 'Start' },
                  { key: 'session_end', label: 'End' },
                  { key: 'hands_played', label: 'Hands' },
                  { key: 'initial_stack', label: 'Buy-In' },
                  { key: 'final_stack', label: 'Cash-Out' },
                  { key: 'profit_loss', label: 'P/L' },
                  { key: 'bb_won', label: 'BB Won' },
                  { key: 'vpip_percent', label: 'VPIP %' },
                  { key: 'pfr_percent', label: 'PFR %' },
                  { key: 'biggest_pot', label: 'Biggest Pot' },
                  { key: 'rebuys', label: 'Rebuys' },
                ]);
                toast.success('Sessions exported!');
              } catch (e) {
                reportError(e, 'SessionHistoryPage');
                toast.error('Failed to export sessions.');
              }
            }}",,runtime-or-tooling-source,"Requires Interaction, Error, Authorization And Accessibility Verification",9;11
src/pages/SettingsPage.tsx,103,input,onChange={(e) => onChange(e.target.checked)},type=checkbox; aria-label={label},runtime-or-tooling-source,"Requires Interaction, Error, Authorization And Accessibility Verification",11
src/pages/SettingsPage.tsx,129,input,onChange={(e) => onChange(Number(e.target.value))},type=range; aria-label={label},runtime-or-tooling-source,"Requires Interaction, Error, Authorization And Accessibility Verification",11
src/pages/SettingsPage.tsx,1030,button,"onClick={() => jumpToSection(item.id, item.ref)}",type=button,runtime-or-tooling-source,"Requires Interaction, Error, Authorization And Accessibility Verification",11
src/pages/SettingsPage.tsx,1047,button,onClick={saveSettings},,runtime-or-tooling-source,"Requires Interaction, Error, Authorization And Accessibility Verification",11
src/pages/SettingsPage.tsx,1051,button,onClick={resetSettings},,runtime-or-tooling-source,"Requires Interaction, Error, Authorization And Accessibility Verification",11
src/pages/SettingsPage.tsx,1067,Toggle,"onChange={(v) => updateSetting('soundEnabled', v)}",,runtime-or-tooling-source,"Requires Interaction, Error, Authorization And Accessibility Verification",11
src/pages/SettingsPage.tsx,1078,Slider,"onChange={(v) => updateSetting('soundVolume', v)}",,runtime-or-tooling-source,"Requires Interaction, Error, Authorization And Accessibility Verification",11
src/pages/SettingsPage.tsx,1099,select,"onChange={(e) => updateSetting('theme', e.target.value as UserSettings['theme'])}",aria-label=Theme,runtime-or-tooling-source,"Requires Interaction, Error, Authorization And Accessibility Verification",11
src/pages/SettingsPage.tsx,1119,button,onClick={() => setShowThemeSettings(true)},type=button,runtime-or-tooling-source,"Requires Interaction, Error, Authorization And Accessibility Verification",11
src/pages/SettingsPage.tsx,1135,Toggle,"onChange={(v) => updateSetting('fourColorDeck', v)}",,runtime-or-tooling-source,"Requires Interaction, Error, Authorization And Accessibility Verification",11
src/pages/SettingsPage.tsx,1152,Toggle,"onChange={(v) => updateSetting('showTicker', v)}",,runtime-or-tooling-source,"Requires Interaction, Error, Authorization And Accessibility Verification",11
src/pages/SettingsPage.tsx,1163,select,"onChange={(e) =>
                updateSetting('animationSpeed', e.target.value as UserSettings['animationSpeed'])
              }",aria-label=Animation Speed,runtime-or-tooling-source,"Requires Interaction, Error, Authorization And Accessibility Verification",11
src/pages/SettingsPage.tsx,1182,Toggle,"onChange={(v) => updateSetting('showPotOdds', v)}",,runtime-or-tooling-source,"Requires Interaction, Error, Authorization And Accessibility Verification",11
src/pages/SettingsPage.tsx,1203,Toggle,"onChange={(v) => updateSetting('tournamentReminders', v)}",,runtime-or-tooling-source,"Requires Interaction, Error, Authorization And Accessibility Verification",11
src/pages/SettingsPage.tsx,1215,Toggle,"onChange={(v) => updateSetting('clubActivity', v)}",,runtime-or-tooling-source,"Requires Interaction, Error, Authorization And Accessibility Verification",11
src/pages/SettingsPage.tsx,1226,Toggle,"onChange={(v) => updateSetting('achievementNotifications', v)}",,runtime-or-tooling-source,"Requires Interaction, Error, Authorization And Accessibility Verification",11
src/pages/SettingsPage.tsx,1238,Toggle,"onChange={(v) => updateSetting('friendAlerts', v)}",,runtime-or-tooling-source,"Requires Interaction, Error, Authorization And Accessibility Verification",11
src/pages/SettingsPage.tsx,1250,Toggle,"onChange={(v) => updateSetting('settlementAlerts', v)}",,runtime-or-tooling-source,"Requires Interaction, Error, Authorization And Accessibility Verification",11
src/pages/SettingsPage.tsx,1280,button,onClick={handleDisablePush},,runtime-or-tooling-source,"Requires Interaction, Error, Authorization And Accessibility Verification",11
src/pages/SettingsPage.tsx,1288,button,onClick={handleEnablePush},,runtime-or-tooling-source,"Requires Interaction, Error, Authorization And Accessibility Verification",11
src/pages/SettingsPage.tsx,1310,button,onClick={handleTestPush},,runtime-or-tooling-source,"Requires Interaction, Error, Authorization And Accessibility Verification",11
src/pages/SettingsPage.tsx,1334,button,onClick={() => setShowEmailModal(true)},,runtime-or-tooling-source,"Requires Interaction, Error, Authorization And Accessibility Verification",11
src/pages/SettingsPage.tsx,1343,button,onClick={() => setShowPasswordModal(true)},,runtime-or-tooling-source,"Requires Interaction, Error, Authorization And Accessibility Verification",11
src/pages/SettingsPage.tsx,1358,button,onClick={handleDisable2FA},,runtime-or-tooling-source,"Requires Interaction, Error, Authorization And Accessibility Verification",11
src/pages/SettingsPage.tsx,1366,button,onClick={handleEnable2FA},,runtime-or-tooling-source,"Requires Interaction, Error, Authorization And Accessibility Verification",11
src/pages/SettingsPage.tsx,1383,button,onClick={handleSignOut},type=button,runtime-or-tooling-source,"Requires Interaction, Error, Authorization And Accessibility Verification",11
src/pages/SettingsPage.tsx,1408,Toggle,"onChange={(v) => {
                  setAnalyticsConsent(v ? 'granted' : 'denied');
                  setAnalyticsConsentState(v ? 'granted' : 'denied');
                }}",,runtime-or-tooling-source,"Requires Interaction, Error, Authorization And Accessibility Verification",11
src/pages/SettingsPage.tsx,1424,button,onClick={handleExportData},,runtime-or-tooling-source,"Requires Interaction, Error, Authorization And Accessibility Verification",11
src/pages/SettingsPage.tsx,1440,button,onClick={handleDeleteAccount},,runtime-or-tooling-source,"Requires Interaction, Error, Authorization And Accessibility Verification",11
src/pages/SettingsPage.tsx,1453,div,onClick={(e) => e.target === e.currentTarget && setShowEmailModal(false)},,runtime-or-tooling-source,"Requires Interaction, Error, Authorization And Accessibility Verification",11
src/pages/SettingsPage.tsx,1468,input,onChange={(e) => setNewEmail(e.target.value)},id=settings-new-email; type=email,runtime-or-tooling-source,"Requires Interaction, Error, Authorization And Accessibility Verification",11
src/pages/SettingsPage.tsx,1479,button,onClick={() => setShowEmailModal(false)},,runtime-or-tooling-source,"Requires Interaction, Error, Authorization And Accessibility Verification",11
src/pages/SettingsPage.tsx,1482,button,onClick={handleChangeEmail},,runtime-or-tooling-source,"Requires Interaction, Error, Authorization And Accessibility Verification",11
src/pages/SettingsPage.tsx,1496,div,onClick={(e) => e.target === e.currentTarget && setShowPasswordModal(false)},,runtime-or-tooling-source,"Requires Interaction, Error, Authorization And Accessibility Verification",11
src/pages/SettingsPage.tsx,1511,input,onChange={(e) => setNewPassword(e.target.value)},id=settings-new-password; type=password,runtime-or-tooling-source,"Requires Interaction, Error, Authorization And Accessibility Verification",11
src/pages/SettingsPage.tsx,1524,input,onChange={(e) => setConfirmPassword(e.target.value)},id=settings-confirm-password; type=password,runtime-or-tooling-source,"Requires Interaction, Error, Authorization And Accessibility Verification",11
src/pages/SettingsPage.tsx,1537,button,onClick={() => setShowPasswordModal(false)},,runtime-or-tooling-source,"Requires Interaction, Error, Authorization And Accessibility Verification",11
src/pages/SettingsPage.tsx,1540,button,onClick={handleChangePassword},,runtime-or-tooling-source,"Requires Interaction, Error, Authorization And Accessibility Verification",11
src/pages/SettingsPage.tsx,1559,div,onClick={(e) => e.target === e.currentTarget && setShow2FAModal(false)},,runtime-or-tooling-source,"Requires Interaction, Error, Authorization And Accessibility Verification",11
src/pages/SettingsPage.tsx,1591,input,"onChange={(e) => setVerificationCode(e.target.value.replace(/\D/g, '').slice(0, 6))}",aria-label=Six-Digit Authenticator Code; type=text,runtime-or-tooling-source,"Requires Interaction, Error, Authorization And Accessibility Verification",11
src/pages/SettingsPage.tsx,1606,button,onClick={() => setShow2FAModal(false)},,runtime-or-tooling-source,"Requires Interaction, Error, Authorization And Accessibility Verification",11
src/pages/SettingsPage.tsx,1609,button,onClick={handleVerify2FA},,runtime-or-tooling-source,"Requires Interaction, Error, Authorization And Accessibility Verification",11
src/pages/SettingsPage.tsx,1622,ThemeSettingsModal,onClose={() => setShowThemeSettings(false)},,runtime-or-tooling-source,"Requires Interaction, Error, Authorization And Accessibility Verification",11
src/pages/SettingsPage.tsx,1629,ConfirmModal,onConfirm={handleConfirmAction}; onCancel={() => setConfirmAction(null)},title={confirmAction?.title || 'Confirm'},runtime-or-tooling-source,"Requires Interaction, Error, Authorization And Accessibility Verification",11
src/pages/SettlementDashboardPage.tsx,605,button,onClick={loadData},,runtime-or-tooling-source,"Requires Interaction, Error, Authorization And Accessibility Verification",5;11
src/pages/SettlementDashboardPage.tsx,652,button,onClick={() => navigate(-1)},,runtime-or-tooling-source,"Requires Interaction, Error, Authorization And Accessibility Verification",5;11
src/pages/SettlementDashboardPage.tsx,873,button,onClick={handleRunCanary},,runtime-or-tooling-source,"Requires Interaction, Error, Authorization And Accessibility Verification",5;11
src/pages/SettlementDashboardPage.tsx,893,button,onClick={handleTriggerSettlement},"title={
            rakebackStatus
              ? `${rakebackStatus.pendingPeriods} Pending Period(s), ~${rakebackStatus.estimatedOwed.toLocaleString()} Chips Owed`
              : 'Player Rakeback Settles Automatically; Click To Force It Now'
          }",runtime-or-tooling-source,"Requires Interaction, Error, Authorization And Accessibility Verification",5;11
src/pages/SettlementDashboardPage.tsx,922,button,onClick={() => loadData()},,runtime-or-tooling-source,"Requires Interaction, Error, Authorization And Accessibility Verification",5;11
src/pages/SettlementDashboardPage.tsx,1171,div,"onClick={() =>
                  setExpandedPeriodId(expandedPeriodId === period.id ? null : period.id)
                }",,runtime-or-tooling-source,"Requires Interaction, Error, Authorization And Accessibility Verification",5;11
src/pages/SettlementHistoryPage.tsx,176,button,onClick={() => navigate(-1)},,runtime-or-tooling-source,"Requires Interaction, Error, Authorization And Accessibility Verification",5;9;11
src/pages/SettlementPage.tsx,874,ErrorState,onRetry={() => void loadSettlementData()},,runtime-or-tooling-source,"Requires Interaction, Error, Authorization And Accessibility Verification",5;11
src/pages/SettlementPage.tsx,891,button,onClick={() => navigate(-1)},,runtime-or-tooling-source,"Requires Interaction, Error, Authorization And Accessibility Verification",5;11
src/pages/SettlementPage.tsx,909,button,onClick={handleExportSettlement},,runtime-or-tooling-source,"Requires Interaction, Error, Authorization And Accessibility Verification",5;11
src/pages/SettlementPage.tsx,923,button,onClick={handleToggleAutoSettlement},,runtime-or-tooling-source,"Requires Interaction, Error, Authorization And Accessibility Verification",5;11
src/pages/SettlementPage.tsx,1010,button,onClick={() => setActiveTab(tab)},,runtime-or-tooling-source,"Requires Interaction, Error, Authorization And Accessibility Verification",5;11
src/pages/SettlementPage.tsx,1078,button,onClick={handleExecutePayouts},,runtime-or-tooling-source,"Requires Interaction, Error, Authorization And Accessibility Verification",5;11
src/pages/SettlementPage.tsx,1225,div,onClick={() => setSelectedPeriod(period)},,runtime-or-tooling-source,"Requires Interaction, Error, Authorization And Accessibility Verification",5;11
src/pages/SettlementPage.tsx,1281,SettlementTimeline,"onSelect={(id) => {
              const period = periods.find((p) => p.id === id);
              if (period) setSelectedPeriod(period);
            }}",,runtime-or-tooling-source,"Requires Interaction, Error, Authorization And Accessibility Verification",5;11
src/pages/SimPage.tsx,122,select,onChange={onPickScenario},,runtime-or-tooling-source,"Requires Interaction, Error, Authorization And Accessibility Verification",11
src/pages/SimPage.tsx,132,button,onClick={goPrev},type=button,runtime-or-tooling-source,"Requires Interaction, Error, Authorization And Accessibility Verification",11
src/pages/SimPage.tsx,143,button,onClick={goNext},type=button,runtime-or-tooling-source,"Requires Interaction, Error, Authorization And Accessibility Verification",11
src/pages/SimPage.tsx,151,button,onClick={goReset},type=button,runtime-or-tooling-source,"Requires Interaction, Error, Authorization And Accessibility Verification",11
src/pages/SimPage.tsx,258,li,onClick={() => setStepIdx(i)},,runtime-or-tooling-source,"Requires Interaction, Error, Authorization And Accessibility Verification",11
src/pages/SuperAgentDashboard.tsx,302,button,onClick={() => navigate(-1)},,runtime-or-tooling-source,"Requires Interaction, Error, Authorization And Accessibility Verification",10;11
src/pages/SuperAgentDashboard.tsx,384,button,onClick={() => setActiveTab(tab)},,runtime-or-tooling-source,"Requires Interaction, Error, Authorization And Accessibility Verification",10;11
src/pages/SuperAgentDashboard.tsx,538,select,onChange={(e) => setTransferPlayerId(e.target.value)},,runtime-or-tooling-source,"Requires Interaction, Error, Authorization And Accessibility Verification",10;11
src/pages/SuperAgentDashboard.tsx,552,input,onChange={(e) => setTransferAmount(e.target.value)},type=number,runtime-or-tooling-source,"Requires Interaction, Error, Authorization And Accessibility Verification",10;11
src/pages/SuperAgentDashboard.tsx,559,button,onClick={handleTransfer},,runtime-or-tooling-source,"Requires Interaction, Error, Authorization And Accessibility Verification",10;11
src/pages/TableConfigPage.tsx,1044,button,"onClick={() => updateConfig('gameMode', 'regular')}",,runtime-or-tooling-source,"Requires Interaction, Error, Authorization And Accessibility Verification",9;11
src/pages/TableConfigPage.tsx,1052,button,"onClick={() => updateConfig('gameMode', 'sng')}",,runtime-or-tooling-source,"Requires Interaction, Error, Authorization And Accessibility Verification",9;11
src/pages/TableConfigPage.tsx,1058,button,"onClick={() => updateConfig('gameMode', 'mtt')}",,runtime-or-tooling-source,"Requires Interaction, Error, Authorization And Accessibility Verification",9;11
src/pages/TableConfigPage.tsx,1073,select,onChange={(e) => loadTemplate(e.target.value)},,runtime-or-tooling-source,"Requires Interaction, Error, Authorization And Accessibility Verification",9;11
src/pages/TableConfigPage.tsx,1099,input,"onChange={(e) => updateConfig('name', e.target.value.slice(0, 30))}",type=text,runtime-or-tooling-source,"Requires Interaction, Error, Authorization And Accessibility Verification",9;11
src/pages/TableConfigPage.tsx,1126,CashGameCreateFlow,onSaved={onExit ? () => onExit('saved') : undefined},,runtime-or-tooling-source,"Requires Interaction, Error, Authorization And Accessibility Verification",9;11
src/pages/TableConfigPage.tsx,1145,select,onChange={(e) => handleSngPlayerChange(Number(e.target.value))},,runtime-or-tooling-source,"Requires Interaction, Error, Authorization And Accessibility Verification",9;11
src/pages/TableConfigPage.tsx,1163,Toggle,"onChange={(v) => updateConfig('isPrivate', v)}",,runtime-or-tooling-source,"Requires Interaction, Error, Authorization And Accessibility Verification",9;11
src/pages/TableConfigPage.tsx,1169,Toggle,"onChange={(v) => updateConfig('isVipOnly', v)}",,runtime-or-tooling-source,"Requires Interaction, Error, Authorization And Accessibility Verification",9;11
src/pages/TableConfigPage.tsx,1176,textarea,"onChange={(e) => updateConfig('shortDescription', e.target.value)}",,runtime-or-tooling-source,"Requires Interaction, Error, Authorization And Accessibility Verification",9;11
src/pages/TableConfigPage.tsx,1184,Toggle,"onChange={(v) => updateConfig('banChat', v)}",,runtime-or-tooling-source,"Requires Interaction, Error, Authorization And Accessibility Verification",9;11
src/pages/TableConfigPage.tsx,1190,Toggle,"onChange={(v) => updateConfig('allInOrFold', v)}",,runtime-or-tooling-source,"Requires Interaction, Error, Authorization And Accessibility Verification",9;11
src/pages/TableConfigPage.tsx,1196,Toggle,"onChange={(v) => updateConfig('labelAsNew', v)}",,runtime-or-tooling-source,"Requires Interaction, Error, Authorization And Accessibility Verification",9;11
src/pages/TableConfigPage.tsx,1202,Toggle,"onChange={(v) => updateConfig('featuredTournament', v)}",,runtime-or-tooling-source,"Requires Interaction, Error, Authorization And Accessibility Verification",9;11
src/pages/TableConfigPage.tsx,1208,Toggle,"onChange={(v) => updateConfig('hideClubName', v)}",,runtime-or-tooling-source,"Requires Interaction, Error, Authorization And Accessibility Verification",9;11
src/pages/TableConfigPage.tsx,1213,Slider,"onChange={(v) => updateConfig('tableSize', v)}",,runtime-or-tooling-source,"Requires Interaction, Error, Authorization And Accessibility Verification",9;11
src/pages/TableConfigPage.tsx,1221,Slider,"onChange={(v) => updateConfig('actionTimeSeconds', v)}",,runtime-or-tooling-source,"Requires Interaction, Error, Authorization And Accessibility Verification",9;11
src/pages/TableConfigPage.tsx,1254,Toggle,"onChange={(v) => updateConfig('customBuyIn', v)}",,runtime-or-tooling-source,"Requires Interaction, Error, Authorization And Accessibility Verification",9;11
src/pages/TableConfigPage.tsx,1261,NumberField,"onChange={(v) => updateConfig('buyIn', v)}",,runtime-or-tooling-source,"Requires Interaction, Error, Authorization And Accessibility Verification",9;11
src/pages/TableConfigPage.tsx,1269,Slider,"onChange={(v) => updateConfig('buyIn', v)}",,runtime-or-tooling-source,"Requires Interaction, Error, Authorization And Accessibility Verification",9;11
src/pages/TableConfigPage.tsx,1290,input,"onChange={() => updateConfig('blindStructure', 'slow')}",type=radio; name=blindStructure,runtime-or-tooling-source,"Requires Interaction, Error, Authorization And Accessibility Verification",9;11
src/pages/TableConfigPage.tsx,1299,input,"onChange={() => updateConfig('blindStructure', 'standard')}",type=radio; name=blindStructure,runtime-or-tooling-source,"Requires Interaction, Error, Authorization And Accessibility Verification",9;11
src/pages/TableConfigPage.tsx,1308,input,"onChange={() => updateConfig('blindStructure', 'turbo')}",type=radio; name=blindStructure,runtime-or-tooling-source,"Requires Interaction, Error, Authorization And Accessibility Verification",9;11
src/pages/TableConfigPage.tsx,1317,input,"onChange={() => updateConfig('blindStructure', 'hyper_turbo')}",type=radio; name=blindStructure,runtime-or-tooling-source,"Requires Interaction, Error, Authorization And Accessibility Verification",9;11
src/pages/TableConfigPage.tsx,1334,select,"onChange={(e) => updateConfig('payoutStructure', e.target.value as PayoutStructure)}",,runtime-or-tooling-source,"Requires Interaction, Error, Authorization And Accessibility Verification",9;11
src/pages/TableConfigPage.tsx,1348,Slider,"onChange={(v) => updateConfig('startingChips', v)}",,runtime-or-tooling-source,"Requires Interaction, Error, Authorization And Accessibility Verification",9;11
src/pages/TableConfigPage.tsx,1357,Slider,"onChange={(v) => updateConfig('blindsUpMinutes', v)}",,runtime-or-tooling-source,"Requires Interaction, Error, Authorization And Accessibility Verification",9;11
src/pages/TableConfigPage.tsx,1366,Toggle,"onChange={(v) => updateConfig('bigBlindAnte', v)}",,runtime-or-tooling-source,"Requires Interaction, Error, Authorization And Accessibility Verification",9;11
src/pages/TableConfigPage.tsx,1372,Toggle,"onChange={(v) => updateConfig('authorizedToRegister', v)}",,runtime-or-tooling-source,"Requires Interaction, Error, Authorization And Accessibility Verification",9;11
src/pages/TableConfigPage.tsx,1378,Toggle,"onChange={(v) => updateConfig('synchronizedBreaks', v)}",,runtime-or-tooling-source,"Requires Interaction, Error, Authorization And Accessibility Verification",9;11
src/pages/TableConfigPage.tsx,1390,Toggle,"onChange={(v) => updateConfig('acceleratedMtt', v)}",,runtime-or-tooling-source,"Requires Interaction, Error, Authorization And Accessibility Verification",9;11
src/pages/TableConfigPage.tsx,1404,Toggle,onChange={() => {}},,runtime-or-tooling-source,"Requires Interaction, Error, Authorization And Accessibility Verification",9;11
src/pages/TableConfigPage.tsx,1405,NumberField,onChange={() => {}},,runtime-or-tooling-source,"Requires Interaction, Error, Authorization And Accessibility Verification",9;11
src/pages/TableConfigPage.tsx,1411,Toggle,onChange={() => {}},,runtime-or-tooling-source,"Requires Interaction, Error, Authorization And Accessibility Verification",9;11
src/pages/TableConfigPage.tsx,1412,NumberField,onChange={() => {}},,runtime-or-tooling-source,"Requires Interaction, Error, Authorization And Accessibility Verification",9;11
src/pages/TableConfigPage.tsx,1419,Slider,"onChange={(v) => updateConfig('addOnBreakLengthMinutes', v)}",,runtime-or-tooling-source,"Requires Interaction, Error, Authorization And Accessibility Verification",9;11
src/pages/TableConfigPage.tsx,1430,Slider,"onChange={(v) => updateConfig('numberOfRebuysReentries', v)}",,runtime-or-tooling-source,"Requires Interaction, Error, Authorization And Accessibility Verification",9;11
src/pages/TableConfigPage.tsx,1439,Toggle,"onChange={(v) => updateConfig('customRebuyReentryCost', v)}",,runtime-or-tooling-source,"Requires Interaction, Error, Authorization And Accessibility Verification",9;11
src/pages/TableConfigPage.tsx,1446,NumberField,"onChange={(v) => updateConfig('rebuyReentryCost', v)}",,runtime-or-tooling-source,"Requires Interaction, Error, Authorization And Accessibility Verification",9;11
src/pages/TableConfigPage.tsx,1458,Slider,"onChange={(v) => updateConfig('addOnMultiplier', v)}",,runtime-or-tooling-source,"Requires Interaction, Error, Authorization And Accessibility Verification",9;11
src/pages/TableConfigPage.tsx,1470,Toggle,"onChange={(v) => updateConfig('customAddOn', v)}",,runtime-or-tooling-source,"Requires Interaction, Error, Authorization And Accessibility Verification",9;11
src/pages/TableConfigPage.tsx,1477,NumberField,"onChange={(v) => updateConfig('customAddOnCost', v)}",,runtime-or-tooling-source,"Requires Interaction, Error, Authorization And Accessibility Verification",9;11
src/pages/TableConfigPage.tsx,1485,Slider,"onChange={(v) => updateConfig('addOnBreakLengthMinutes', v)}",,runtime-or-tooling-source,"Requires Interaction, Error, Authorization And Accessibility Verification",9;11
src/pages/TableConfigPage.tsx,1499,Toggle,"onChange={(v) => updateConfig('koBounty', v)}",,runtime-or-tooling-source,"Requires Interaction, Error, Authorization And Accessibility Verification",9;11
src/pages/TableConfigPage.tsx,1504,Toggle,"onChange={(v) => updateConfig('gtdPrizePool', v)}",,runtime-or-tooling-source,"Requires Interaction, Error, Authorization And Accessibility Verification",9;11
src/pages/TableConfigPage.tsx,1511,NumberField,"onChange={(v) => updateConfig('gtdPrizeAmount', v)}",,runtime-or-tooling-source,"Requires Interaction, Error, Authorization And Accessibility Verification",9;11
src/pages/TableConfigPage.tsx,1519,Toggle,"onChange={(v) => updateConfig('finalTableDeal', v)}",,runtime-or-tooling-source,"Requires Interaction, Error, Authorization And Accessibility Verification",9;11
src/pages/TableConfigPage.tsx,1525,Toggle,"onChange={(v) => updateConfig('bubbleProtection', v)}",,runtime-or-tooling-source,"Requires Interaction, Error, Authorization And Accessibility Verification",9;11
src/pages/TableConfigPage.tsx,1533,Slider,"onChange={(v) => updateConfig('lateRegistrationLevel', v)}",,runtime-or-tooling-source,"Requires Interaction, Error, Authorization And Accessibility Verification",9;11
src/pages/TableConfigPage.tsx,1541,Toggle,"onChange={(v) => updateConfig('earlyBirdRegistration', v)}",,runtime-or-tooling-source,"Requires Interaction, Error, Authorization And Accessibility Verification",9;11
src/pages/TableConfigPage.tsx,1548,NumberField,"onChange={(v) => updateConfig('earlyBirdChips', v)}",,runtime-or-tooling-source,"Requires Interaction, Error, Authorization And Accessibility Verification",9;11
src/pages/TableConfigPage.tsx,1556,Toggle,"onChange={(v) => updateConfig('nextStepSatellite', v)}",,runtime-or-tooling-source,"Requires Interaction, Error, Authorization And Accessibility Verification",9;11
src/pages/TableConfigPage.tsx,1566,select,"onChange={(e) => updateConfig('satelliteTargetId', e.target.value)}",,runtime-or-tooling-source,"Requires Interaction, Error, Authorization And Accessibility Verification",9;11
src/pages/TableConfigPage.tsx,1579,NumberField,"onChange={(v) => updateConfig('satelliteSeats', v)}",,runtime-or-tooling-source,"Requires Interaction, Error, Authorization And Accessibility Verification",9;11
src/pages/TableConfigPage.tsx,1620,input,"onChange={(e) => updateConfig('minPlayers', Number(e.target.value))}",type=range,runtime-or-tooling-source,"Requires Interaction, Error, Authorization And Accessibility Verification",9;11
src/pages/TableConfigPage.tsx,1628,input,"onChange={(e) => updateConfig('maxPlayersRange', Number(e.target.value))}",type=range,runtime-or-tooling-source,"Requires Interaction, Error, Authorization And Accessibility Verification",9;11
src/pages/TableConfigPage.tsx,1642,input,"onChange={(e) => updateConfig('startTime', e.target.value)}",type=datetime-local,runtime-or-tooling-source,"Requires Interaction, Error, Authorization And Accessibility Verification",9;11
src/pages/TableConfigPage.tsx,1654,Toggle,"onChange={(v) => updateConfig('saveStartTime', v)}",,runtime-or-tooling-source,"Requires Interaction, Error, Authorization And Accessibility Verification",9;11
src/pages/TableConfigPage.tsx,1661,Toggle,"onChange={(v) => updateConfig('restartTournamentEvery', v)}",,runtime-or-tooling-source,"Requires Interaction, Error, Authorization And Accessibility Verification",9;11
src/pages/TableConfigPage.tsx,1668,Slider,"onChange={(v) => updateConfig('restartEveryMinutes', v)}",,runtime-or-tooling-source,"Requires Interaction, Error, Authorization And Accessibility Verification",9;11
src/pages/TableConfigPage.tsx,1683,Toggle,"onChange={(v) => updateConfig('tournamentSchedule', v)}",,runtime-or-tooling-source,"Requires Interaction, Error, Authorization And Accessibility Verification",9;11
src/pages/TableConfigPage.tsx,1690,WeeklyScheduleEditor,"onChange={(next) =>
                  setConfig((prev) => ({
                    ...prev,
                    scheduleDays: next.daysOfWeek,
                    scheduleTimes: next.startTimesUtc,
                    scheduleMode: next.mode,
                    scheduleIntervalMinutes: next.intervalMinutes,
                  }))
                }",,runtime-or-tooling-source,"Requires Interaction, Error, Authorization And Accessibility Verification",9;11
src/pages/TableConfigPage.tsx,1715,button,onClick={handleSaveAsTemplate},,runtime-or-tooling-source,"Requires Interaction, Error, Authorization And Accessibility Verification",9;11
src/pages/TableConfigPage.tsx,1718,button,onClick={handleSave},,runtime-or-tooling-source,"Requires Interaction, Error, Authorization And Accessibility Verification",9;11
src/pages/TableConfigPage.tsx,1721,button,onClick={handleStart},,runtime-or-tooling-source,"Requires Interaction, Error, Authorization And Accessibility Verification",9;11
src/pages/TablePage.tsx,21563,MysteryBountyChest,"onBroadcastOpen={broadcastChestOpen}; onRequestReveal={
          mysteryChest?.awardId ? () => void revealMysteryBounty(mysteryChest.awardId!) : undefined
        }; onDone={() => {
          chestQueue.complete();
          setChestRemoteOpened(false);
        }}",,runtime-or-tooling-source,"Requires Interaction, Error, Authorization And Accessibility Verification",11
src/pages/TablePage.tsx,21590,BombPotWheel,onDone={() => setBombWheelHands(null)},,runtime-or-tooling-source,"Requires Interaction, Error, Authorization And Accessibility Verification",11
src/pages/TablePage.tsx,21595,SpinWheel,"onDone={() => {
          /* D1: the shared sessionStorage key is stamped HERE, at completion,
             never on arrival. A tab that reloads mid-sequence finds no stamp
             and replays from wherever the engine's clock says everyone else
             is; a tab that saw the whole thing does not see it twice. */
          markSpinRevealPlayed(spinRevealTournamentRef.current);
          setSpinDraw(null);
        }}",,runtime-or-tooling-source,"Requires Interaction, Error, Authorization And Accessibility Verification",11
src/pages/TablePage.tsx,21622,TimeBankStoreModal,onClose={() => setShowTimeBankStore(false)}; onPurchase={handleBuyTimeBanks},,runtime-or-tooling-source,"Requires Interaction, Error, Authorization And Accessibility Verification",11
src/pages/TablePage.tsx,21648,ActionErrorToast,"onClear={() => setActionErrorData(null)}; onApplyHint={(action, amount) => {
          // Map server hint actions to handleActionPanelAction's signature.
          if (action === 'fold' || action === 'check' || action === 'call') {
            handleActionPanelAction(action);
          } else if (action === 'raise' || action === 'bet') {
            handleActionPanelAction('raise', amount);
          } else if (action === 'allin' || action === 'all-in' || action === 'all_in') {
            handleActionPanelAction('allin');
          }
        }}",,runtime-or-tooling-source,"Requires Interaction, Error, Authorization And Accessibility Verification",11
src/pages/TablePage.tsx,21667,button,"onClick={() => {
              soundService.playButtonClick();
              if (tableState.heroSeat > 0) {
                setShowLeaveConfirm(true);
              } else {
                navigate(-1);
              }
            }}",title=Back,runtime-or-tooling-source,"Requires Interaction, Error, Authorization And Accessibility Verification",11
src/pages/TablePage.tsx,21689,button,"onClick={() => {
              soundService.playButtonClick();
              if (tableState.heroSeat > 0) setShowCashier(true);
            }}",title=Add Chips,runtime-or-tooling-source,"Requires Interaction, Error, Authorization And Accessibility Verification",11
src/pages/TablePage.tsx,21738,TableMenu,onClose={() => setShowTableMenu(false)}; onToggle={() => setShowTableMenu((prev) => !prev)},,runtime-or-tooling-source,"Requires Interaction, Error, Authorization And Accessibility Verification",11
src/pages/TablePage.tsx,21916,button,"onClick={() => {
                  soundService.playButtonClick();
                  masterBus.emit('OPEN_LOBBY_TAB', { requestedBy: userId });
                }}",title=Open The Lobby In A New Tab; aria-label=Open The Lobby In A New Tab,runtime-or-tooling-source,"Requires Interaction, Error, Authorization And Accessibility Verification",11
src/pages/TablePage.tsx,21951,TournamentHUD,onOpen={() => setShowTournamentLobby(true)},,runtime-or-tooling-source,"Requires Interaction, Error, Authorization And Accessibility Verification",11
src/pages/TablePage.tsx,21963,CashClusterHUD,"onOpenLobby={() => setShowMustMoveLobby(true)}; onSeatChange={() => setShowMustMoveLobby(true)}; onGoToTable={(dest) => {
                  if (dest === tableId) return;
                  if (embeddedTableId) {
                    onTableInfoUpdate?.({ movedToTableId: dest });
                    return;
                  }
                  navigate(`/table/${dest}`);
                }}",,runtime-or-tooling-source,"Requires Interaction, Error, Authorization And Accessibility Verification",11
src/pages/TablePage.tsx,22058,TimebankCounter,onClick={() => setShowTimeBankStore(true)},,runtime-or-tooling-source,"Requires Interaction, Error, Authorization And Accessibility Verification",11
src/pages/TablePage.tsx,22091,RabbitHunt,onReveal={handleRabbitReveal},,runtime-or-tooling-source,"Requires Interaction, Error, Authorization And Accessibility Verification",11
src/pages/TablePage.tsx,22100,PreviousHandCard,"onTap={() => setShowHandDetail(true)}; onShareHand={() => {
                // The modal renders only when a hand has been captured. Say so
                // instead of no-opping — tapping a menu item and getting
                // nothing at all is how this looked before today.
                if (!sharedHandData) {
                  toast?.info?.('Play a hand to the end, then share it.');
                  return;
                }
                setShowShareHand(true);
              }}",,runtime-or-tooling-source,"Requires Interaction, Error, Authorization And Accessibility Verification",11
src/pages/TablePage.tsx,22300,MastheadNextInfo,onBreak={!!tournamentBreak?.active},,runtime-or-tooling-source,"Requires Interaction, Error, Authorization And Accessibility Verification",11
src/pages/TablePage.tsx,22570,CommunityCards,onSqueezeHold={setSqueezeHolding},,runtime-or-tooling-source,"Requires Interaction, Error, Authorization And Accessibility Verification",11
src/pages/TablePage.tsx,22826,ThrowAnimationContainer,onEventComplete={handleThrowComplete},,runtime-or-tooling-source,"Requires Interaction, Error, Authorization And Accessibility Verification",11
src/pages/TablePage.tsx,22847,SeatKnockoutLayer,onDone={handleSeatKnockoutDone},,runtime-or-tooling-source,"Requires Interaction, Error, Authorization And Accessibility Verification",11
src/pages/TablePage.tsx,22862,DealAnimation,"onComplete={() => {
                setDealAnimationKey(0);
                endDealHold();
              }}",,runtime-or-tooling-source,"Requires Interaction, Error, Authorization And Accessibility Verification",11
src/pages/TablePage.tsx,22945,PotDisplay,onToggleDisplayMode={() => toggleV8Setting('show_stack_in_bb')},,runtime-or-tooling-source,"Requires Interaction, Error, Authorization And Accessibility Verification",11
src/pages/TablePage.tsx,23314,SeatSlot,"onToggleShowCard={displayPlayer?.isHero ? handleToggleShowCard : undefined}; onSit={() => handleSeatClick(seatNumber)}; onAvatarClick={() => {
                    /* Dan 2026-08-29: the hero/villain decision is the pure
                       rule in src/lib/heroSeatTap.ts, pinned by
                       tests/hero-avatar-opens-hero-hub.law.test.ts. It MUST
                       read displayPlayer, not the raw snapshot player — the
                       seat renders displayPlayer, whose synthesized
                       placeholder window is exactly where reading the raw
                       player's isHero flag used to send the hero's own tap
                       down the villain branch (throwable-only selector, no
                       Stats/Profile/Table tabs). Your own avatar opens YOUR
                       hub, always, on every page and variant. */
                    if (seatTapTarget(displayPlayer, userId) === 'hero-hub') {
                      /* Dan 2026-08-28: the hero's avatar opens the tabbed
                         HERO HUB — Throwables / Stats / Profile / Table
                         Settings. (It used to open the read-only profile
                         modal, still reachable from the hub's Profile tab.)
                         The throw target defaults to the hero's own seat so
                         a throwable picked from the hub lands somewhere. */
                      setThrowTargetSeat(seatNumber);
                      setShowHeroHu",,runtime-or-tooling-source,"Requires Interaction, Error, Authorization And Accessibility Verification",11
src/pages/TablePage.tsx,23724,ChipAnimationManager,onAnimationComplete={handleAnimationComplete},,runtime-or-tooling-source,"Requires Interaction, Error, Authorization And Accessibility Verification",11
src/pages/TablePage.tsx,23745,div,onClick={() => !seatFirstPending && setSeatFirstConfirm(null)},,runtime-or-tooling-source,"Requires Interaction, Error, Authorization And Accessibility Verification",11
src/pages/TablePage.tsx,23803,button,onClick={() => setSeatFirstConfirm(null)},type=button,runtime-or-tooling-source,"Requires Interaction, Error, Authorization And Accessibility Verification",11
src/pages/TablePage.tsx,23811,button,onClick={() => void commitSeatFirstBuyIn(seatFirstConfirm)},type=button,runtime-or-tooling-source,"Requires Interaction, Error, Authorization And Accessibility Verification",11
src/pages/TablePage.tsx,23900,button,onClick={handleOpenWaitlist},type=button,runtime-or-tooling-source,"Requires Interaction, Error, Authorization And Accessibility Verification",11
src/pages/TablePage.tsx,24028,button,"onClick={() => {
                if (!tableId || seatFirstPending) return;
                setSeatFirstPending(true);
                void (async () => {
                  try {
                    const { data, error } = await supabase.rpc('fn_leave_seat_and_refund', {
                      p_table_id: tableId,
                    });
                    const res = (data ?? {}) as {
                      ok?: boolean;
                      reason?: string;
                      refunded?: number;
                    };
                    if (error || !res.ok) {
                      const reason = error?.message || res.reason || '';
                      /* OUTAGE VISIBILITY, the refund half (2026-08-28). The
                         BUY-IN path was hardened for exactly this on
                         2026-08-25 — ""the next unknown refusal is a
                         searchable event instead of a dead end"" — and the
                         refund path never got the same treatment. This is a
                         MONEY path: `not_seated`, `table_not_found`, an RLS
                         denial and a 500 all collapsed into one generic
                         toast and vanished, which is how a seat that cannot
                         be released runs for a day with nobody able to name
                         it. `already_started` is the one expected refusal
                         and stays quiet. */
                      if (!/already_started/.test(reason)) {
  ",type=button,runtime-or-tooling-source,"Requires Interaction, Error, Authorization And Accessibility Verification",11
src/pages/TablePage.tsx,24165,button,onClick={() => void handleSitBackIn()},type=button,runtime-or-tooling-source,"Requires Interaction, Error, Authorization And Accessibility Verification",11
src/pages/TablePage.tsx,24188,button,onClick={handleActivateTimeBank},title=Time Bank,runtime-or-tooling-source,"Requires Interaction, Error, Authorization And Accessibility Verification",11
src/pages/TablePage.tsx,24336,ActionPanel,onAction={handleActionPanelAction},,runtime-or-tooling-source,"Requires Interaction, Error, Authorization And Accessibility Verification",11
src/pages/TablePage.tsx,24423,button,"onClick={async () => {
                      const result = await serverShowHand(tableId);
                      if (!result.success) {
                        reportError(result.error, 'TablePage.Failed');
                      }
                    }}",,runtime-or-tooling-source,"Requires Interaction, Error, Authorization And Accessibility Verification",11
src/pages/TablePage.tsx,24488,PreActionBar,"onPreActionChange={(next) => {
                    // Snapshot whether checking was free at arm time so the
                    // effect above can send auto_check_fold vs auto_fold.
                    preActionCanCheckRef.current =
                      (tableStateRef.current.currentBet || 0) <=
                      (tableStateRef.current.lastBetAmounts?.[tableStateRef.current.heroSeat - 1] ||
                        0);
                    /* Dan 2026-08-28 (CRITICAL): snapshot the PRICE at arm
                       time too. This is the number printed on the ""Call N""
                       button the player pressed, and it rides to the engine
                       as auto_call's cap — a raise past it invalidates
                       instead of calling. */
                    preActionCallAmountRef.current = Math.max(
                      0,
                      (tableStateRef.current.currentBet || 0) -
                        (tableStateRef.current.lastBetAmounts?.[
                          tableStateRef.current.heroSeat - 1
                        ] || 0)
                    );
                    setPreAction(next);
                  }}",,runtime-or-tooling-source,"Requires Interaction, Error, Authorization And Accessibility Verification",11
src/pages/TablePage.tsx,24556,button,"onClick={async () => {
                  if (isPostingBB || !tableId) return;
                  setIsPostingBB(true);
                  try {
                    /* POST-TO-ENTER RACE FIX 2026-08-27 (Dan: ""the post to
                       get dealt in feature isn't working... you also get a
                       pop up that says you're being dealt in for free...
                       that must be removed. all players must post or wait
                       for BB. period."")

                       The server now QUEUES a post tapped before the dealing
                       loop has registered the joiner and applies it at the
                       next hand - so the 2s retry dance is gone, and with it
                       the ""dealt in for free"" message, which was a lie twice
                       over: nobody is ever dealt in free, and the failed
                       post left the player waiting. One call, three honest
                       outcomes. */
                    const res = await serverPostBBToEnter(tableId);
                    if (res?.deferred) {
                      /* Dan 2026-08-29: HELD, NOT REFUSED. They are in
                         between the blinds. The agreement is kept by the
                         engine and posted for them the moment the button is
                         past, so this says what happens next and never asks
                         again. */
                      setBBPostAgreed(true);
                      toast.in",type=button,runtime-or-tooling-source,"Requires Interaction, Error, Authorization And Accessibility Verification",11
src/pages/TablePage.tsx,24611,button,onClick={() => setPostOrWaitOpen(false)},type=button,runtime-or-tooling-source,"Requires Interaction, Error, Authorization And Accessibility Verification",11
src/pages/TablePage.tsx,24648,button,"onClick={async () => {
              if (isPostingBB || !tableId) return;
              setIsPostingBB(true);
              try {
                const res = await serverPostBBToEnter(tableId);
                if (res?.deferred) {
                  // Dan 2026-08-29 — see the identical branch on the
                  // post-or-wait modal above. Held, not refused.
                  setBBPostAgreed(true);
                  toast.info(
                    res?.error ||
                      'You Are In Between The Blinds, And Will Be Dealt In When The Button Passes.'
                  );
                } else if (res?.success) {
                  toast.success('Posting The Big Blind. You Are Dealt Into The Next Hand.');
                } else if (res?.error === 'Player is not waiting for BB') {
                  toast.info('You Are Already In The Hand Rotation.');
                } else {
                  toast.error(res?.error || 'Could Not Post The Big Blind.');
                }
              } catch (e) {
                reportError(e, 'TablePage.postBBToEnter');
                toast.error('Could Not Post The Big Blind.');
              } finally {
                setIsPostingBB(false);
              }
            }}",type=button,runtime-or-tooling-source,"Requires Interaction, Error, Authorization And Accessibility Verification",11
src/pages/TablePage.tsx,24694,div,onClick={toggleSideMenu},,runtime-or-tooling-source,"Requires Interaction, Error, Authorization And Accessibility Verification",11
src/pages/TablePage.tsx,24696,button,"onClick={() => navigate(withClubContext('/cashier', lobbyClubIdRef.current))}",,runtime-or-tooling-source,"Requires Interaction, Error, Authorization And Accessibility Verification",11
src/pages/TablePage.tsx,24704,button,"onClick={() => {
                if (tableState.heroSeat > 0) setShowCashier(true);
                setIsSideMenuOpen(false);
              }}",,runtime-or-tooling-source,"Requires Interaction, Error, Authorization And Accessibility Verification",11
src/pages/TablePage.tsx,24721,button,"onClick={() => {
                setShowDiamondWallet(true);
                setIsSideMenuOpen(false);
              }}",,runtime-or-tooling-source,"Requires Interaction, Error, Authorization And Accessibility Verification",11
src/pages/TablePage.tsx,24740,button,"onClick={() => {
                  if (tableState.heroSeat <= 0) return;
                  setIsReactionPickerOpen(true);
                  setIsSideMenuOpen(false);
                }}",,runtime-or-tooling-source,"Requires Interaction, Error, Authorization And Accessibility Verification",11
src/pages/TablePage.tsx,24754,button,"onClick={() => {
                setShowGameRules(true);
                setIsSideMenuOpen(false);
              }}",,runtime-or-tooling-source,"Requires Interaction, Error, Authorization And Accessibility Verification",11
src/pages/TablePage.tsx,24765,button,onClick={() => setIsSoundEnabled(!isSoundEnabled)},,runtime-or-tooling-source,"Requires Interaction, Error, Authorization And Accessibility Verification",11
src/pages/TablePage.tsx,24780,button,onClick={() => setIsVibrationEnabled(!isVibrationEnabled)},,runtime-or-tooling-source,"Requires Interaction, Error, Authorization And Accessibility Verification",11
src/pages/TablePage.tsx,24792,button,onClick={() => setIsChatMuted(!isChatMuted)},,runtime-or-tooling-source,"Requires Interaction, Error, Authorization And Accessibility Verification",11
src/pages/TablePage.tsx,24799,button,"onClick={() => {
                const shareUrl = `${publicOrigin()}/hub/club-arena/table/${tableId}`;
                navigator.clipboard
                  ?.writeText(shareUrl)
                  .then(() => {
                    toast.success('Table link copied to clipboard!');
                  })
                  .catch((e) => {
                    console.warn('[TablePage] Failed to copy share URL to clipboard:', e);
                    toast.info('Share: ' + shareUrl);
                  });
                setIsSideMenuOpen(false);
              }}",,runtime-or-tooling-source,"Requires Interaction, Error, Authorization And Accessibility Verification",11
src/pages/TablePage.tsx,24819,button,"onClick={() => {
                setIsSideMenuOpen(false);
                navigate(withClubContext('/vip', lobbyClubIdRef.current));
              }}",,runtime-or-tooling-source,"Requires Interaction, Error, Authorization And Accessibility Verification",11
src/pages/TablePage.tsx,24837,StraddleToggle,onToggle={(enabled) => void handleToggleStraddle(enabled)},,runtime-or-tooling-source,"Requires Interaction, Error, Authorization And Accessibility Verification",11
src/pages/TablePage.tsx,24847,button,"onClick={() => {
                setShowPlayerNotes(true);
                setIsSideMenuOpen(false);
              }}",,runtime-or-tooling-source,"Requires Interaction, Error, Authorization And Accessibility Verification",11
src/pages/TablePage.tsx,24858,button,"onClick={() => {
                setShowHandHistory(true);
                setIsSideMenuOpen(false);
              }}",,runtime-or-tooling-source,"Requires Interaction, Error, Authorization And Accessibility Verification",11
src/pages/TablePage.tsx,24869,button,"onClick={() => {
                setShowSessionHUD(true);
                setIsSideMenuOpen(false);
              }}",,runtime-or-tooling-source,"Requires Interaction, Error, Authorization And Accessibility Verification",11
src/pages/TablePage.tsx,24880,button,"onClick={() => {
                void handleSitOut();
                setIsSideMenuOpen(false);
              }}",,runtime-or-tooling-source,"Requires Interaction, Error, Authorization And Accessibility Verification",11
src/pages/TablePage.tsx,24891,button,"onClick={() => {
                handleOpenWaitlist();
                setIsSideMenuOpen(false);
              }}",,runtime-or-tooling-source,"Requires Interaction, Error, Authorization And Accessibility Verification",11
src/pages/TablePage.tsx,24903,button,"onClick={() => {
                setShowSettings(true);
                setIsSideMenuOpen(false);
              }}",,runtime-or-tooling-source,"Requires Interaction, Error, Authorization And Accessibility Verification",11
src/pages/TablePage.tsx,24914,button,"onClick={() => {
                setIsSideMenuOpen(false);
                setShowLeaveConfirm(true);
              }}",,runtime-or-tooling-source,"Requires Interaction, Error, Authorization And Accessibility Verification",11
src/pages/TablePage.tsx,24962,TableChat,onSendMessage={handleSendChatMessage}; onToggleCollapse={() => setIsChatCollapsed(!isChatCollapsed)},,runtime-or-tooling-source,"Requires Interaction, Error, Authorization And Accessibility Verification",11
src/pages/TablePage.tsx,24984,TableReactions,onClose={() => setIsReactionPickerOpen(false)},,runtime-or-tooling-source,"Requires Interaction, Error, Authorization And Accessibility Verification",11
src/pages/TablePage.tsx,25001,PineappleDiscard,onTimeBank={handleActivateTimeBank}; onDiscard={handlePineappleDiscard},,runtime-or-tooling-source,"Requires Interaction, Error, Authorization And Accessibility Verification",11
src/pages/TablePage.tsx,25021,HandDetailModal,"onClose={() => {
          setShowHandDetail(false);
          setHandDetailFocusId(null);
        }}; onRabbitHunt={handleRabbitReveal}; onReplay={(hand) => {
          setLastHandId(hand.id);
          setShowHandDetail(false);
          setShowHandReplay(true);
        }}; onShare={(hand) => {
          try {
            setSharedHandData(panelHandToShareable(hand, tableState.tableName || 'Club Arena'));
            setShowHandDetail(false);
            setShowShareHand(true);
          } catch (e) {
            reportError(e, 'TablePage.shareHandFromDetail');
            toast?.error?.('Could Not Build A Share Link For That Hand');
          }
        }}",,runtime-or-tooling-source,"Requires Interaction, Error, Authorization And Accessibility Verification",11
src/pages/TablePage.tsx,25085,TableModalsLayer,"onClosePlayerNotes={() => setShowPlayerNotes(false)}; onCloseHandReplay={() => setShowHandReplay(false)}; onManualBombPot={handleManualBombPot}; onEditBombSettings={handleEditBombSettings}; onCloseGameRules={() => setShowGameRules(false)}; onAnimationComplete={handleAnimationComplete}; onCloseSitOut={() => setShowSitOut(false)}; onCloseWaitList={() => setShowWaitList(false)}; onWaitListError={(m) => toast?.error?.(m)}; onTopUpAccount={() => navigate(withClubContext('/cashier', lobbyClubIdRef.current))}; onInsuranceAccept={handleInsuranceAccept}; onInsuranceDecline={handleInsuranceDecline}; onInsuranceDeclineForHand={handleInsuranceDeclineForHand}; onInsuranceEvCashout={handleInsuranceEvCashout}; onHandRevealShow={() => setShowHandRevealModal(false)}; onHandRevealMuck={() => setShowHandRevealModal(false)}; onHandRevealClose={() => setShowHandRevealModal(false)}; onRITChooserDecide={handleRITChooserDecide}; onRITAccept={handleRITAccept}; onRITDecline={handleRITDecline}; onRitResultClose={() => {
          if (ritResultTimerRef.current) clearTimeout(ritResultTimerRef.current);
          setRitResult(null);
        }}; onBBJCelebrationComplete={() => {
          setShowBBJCelebration(false);
          setBbjCelebrationData(null);
          setShowBBJ(false);
        }}; onThrowableSelect={handleThrowableSelect}; onThrowableClose={() => setShowThrowableSelector(false)}; onThrowComplete={handleThrowComplete}; onConfettiComplete={() => setShowConfetti(false)}; onParticleComplete={()",,runtime-or-tooling-source,"Requires Interaction, Error, Authorization And Accessibility Verification",11
src/pages/TablePage.tsx,25769,TournamentInfoPanel,onClose={() => setShowTournamentInfo(false)},,runtime-or-tooling-source,"Requires Interaction, Error, Authorization And Accessibility Verification",11
src/pages/TablePage.tsx,25781,MustMoveLobbyModal,"onClose={() => setShowMustMoveLobby(false)}; onGoToTable={(dest) => {
          if (dest === tableId) return;
          if (embeddedTableId) {
            onTableInfoUpdate?.({ movedToTableId: dest });
            return;
          }
          navigate(`/table/${dest}`);
        }}",,runtime-or-tooling-source,"Requires Interaction, Error, Authorization And Accessibility Verification",11
src/pages/TablePage.tsx,25795,TournamentLobbyModal,onClose={() => setShowTournamentLobby(false)},,runtime-or-tooling-source,"Requires Interaction, Error, Authorization And Accessibility Verification",11
src/pages/TablePage.tsx,25805,HeroHubPanel,"onClose={() => setShowHeroHub(false)}; onThrowableSelect={handleThrowableSelect}; onOpenStats={() => setShowSessionStats(true)}; onOpenTournamentInfo={() => setShowTournamentInfo(true)}; onOpenProfileView={() => setShowProfileModal(true)}; onOpenAvatarPicker={() => avatarService.openAvatarSelector()}; onOpenIdentity={() => setShowIdentityModal(true)}; onOpenTableSettings={() => setShowSettings(true)}; onToggleQuickSetting={(key) => {
            void toggleV8Setting(key as keyof typeof v8Settings);
          }}",,runtime-or-tooling-source,"Requires Interaction, Error, Authorization And Accessibility Verification",11
src/pages/TablePage.tsx,25850,IdentityModal,"onClose={() => setShowIdentityModal(false)}; onToggleAlias={() => {
            void toggleV8Setting('use_alias');
          }}; onSetAlias={(alias) => {
            void setV8TableAlias(alias.trim());
          }}",,runtime-or-tooling-source,"Requires Interaction, Error, Authorization And Accessibility Verification",11
src/pages/TournamentPage.tsx,1156,button,onClick={() => setShowCreateModal(true)},,runtime-or-tooling-source,"Requires Interaction, Error, Authorization And Accessibility Verification",3;11
src/pages/TournamentPage.tsx,1181,button,onClick={() => setFilter(f.value as TournFilter)},,runtime-or-tooling-source,"Requires Interaction, Error, Authorization And Accessibility Verification",3;11
src/pages/TournamentPage.tsx,1197,div,"onClick={() => {
                  setSelectedTournament(tourn);
                  // On mobile, navigate to full detail page
                  if (window.innerWidth <= 768) {
                    navigate(`/tournaments/${tourn.id}`);
                  }
                }}",,runtime-or-tooling-source,"Requires Interaction, Error, Authorization And Accessibility Verification",3;11
src/pages/TournamentPage.tsx,1445,RankingTab,onWatchPlayer={watchPlayerTable},,runtime-or-tooling-source,"Requires Interaction, Error, Authorization And Accessibility Verification",3;11
src/pages/TournamentPage.tsx,1590,button,onClick={handleUnregister},,runtime-or-tooling-source,"Requires Interaction, Error, Authorization And Accessibility Verification",3;11
src/pages/TournamentPage.tsx,1594,button,onClick={handleRegister},,runtime-or-tooling-source,"Requires Interaction, Error, Authorization And Accessibility Verification",3;11
src/pages/TournamentPage.tsx,1611,button,onClick={handleJoinTable},,runtime-or-tooling-source,"Requires Interaction, Error, Authorization And Accessibility Verification",3;11
src/pages/TournamentPage.tsx,1617,button,onClick={handleRebuy},,runtime-or-tooling-source,"Requires Interaction, Error, Authorization And Accessibility Verification",3;11
src/pages/TournamentPage.tsx,1636,button,onClick={handleAddOn},,runtime-or-tooling-source,"Requires Interaction, Error, Authorization And Accessibility Verification",3;11
src/pages/TournamentPage.tsx,1658,button,onClick={handleStart},,runtime-or-tooling-source,"Requires Interaction, Error, Authorization And Accessibility Verification",3;11
src/pages/TournamentPage.tsx,1717,CreateTournamentModal,"onClose={() => setShowCreateModal(false)}; onSuccess={() => {
            setShowCreateModal(false);
            tournamentService
              .getTournaments(clubId)
              .then(setTournaments)
              .catch((e) => console.warn('[TournamentPage] Refresh after create failed:', e));
          }}",,runtime-or-tooling-source,"Requires Interaction, Error, Authorization And Accessibility Verification",3;11
src/pages/TournamentPage.tsx,1736,MysteryBountyChest,onDone={lobbyChestQueue.complete},,runtime-or-tooling-source,"Requires Interaction, Error, Authorization And Accessibility Verification",3;11
src/pages/TransactionHistoryPage.tsx,422,button,onClick={handleExportCSV},,runtime-or-tooling-source,"Requires Interaction, Error, Authorization And Accessibility Verification",9;11
src/pages/TransactionHistoryPage.tsx,437,input,onChange={(e) => setSearchQuery(e.target.value)},type=text,runtime-or-tooling-source,"Requires Interaction, Error, Authorization And Accessibility Verification",9;11
src/pages/TransactionHistoryPage.tsx,453,input,onChange={(e) => setDateFrom(e.target.value)},type=date,runtime-or-tooling-source,"Requires Interaction, Error, Authorization And Accessibility Verification",9;11
src/pages/TransactionHistoryPage.tsx,467,input,onChange={(e) => setDateTo(e.target.value)},type=date,runtime-or-tooling-source,"Requires Interaction, Error, Authorization And Accessibility Verification",9;11
src/pages/TransactionHistoryPage.tsx,481,button,"onClick={() => {
              setDateFrom('');
              setDateTo('');
              setSearchQuery('');
            }}",,runtime-or-tooling-source,"Requires Interaction, Error, Authorization And Accessibility Verification",9;11
src/pages/TransactionHistoryPage.tsx,505,button,onClick={() => setFilter(f)},,runtime-or-tooling-source,"Requires Interaction, Error, Authorization And Accessibility Verification",9;11
src/pages/TransactionHistoryPage.tsx,596,button,onClick={loadMore},,runtime-or-tooling-source,"Requires Interaction, Error, Authorization And Accessibility Verification",9;11
src/pages/UnionDashboardPage.tsx,999,ErrorState,onRetry={() => void loadDashboard(unionId)},,runtime-or-tooling-source,"Requires Interaction, Error, Authorization And Accessibility Verification",10;11
src/pages/UnionDashboardPage.tsx,1028,div,"onClick={() => setEditCommClub(null)}; onKeyDown={(e) => {
              if (e.key === 'Escape') setEditCommClub(null);
            }}",,runtime-or-tooling-source,"Requires Interaction, Error, Authorization And Accessibility Verification",10;11
src/pages/UnionDashboardPage.tsx,1035,div,onClick={(e) => e.stopPropagation()},,runtime-or-tooling-source,"Requires Interaction, Error, Authorization And Accessibility Verification",10;11
src/pages/UnionDashboardPage.tsx,1043,input,onChange={(e) => setEditCommRate(e.target.value)},type=number,runtime-or-tooling-source,"Requires Interaction, Error, Authorization And Accessibility Verification",10;11
src/pages/UnionDashboardPage.tsx,1053,button,"onClick={async () => {
                    const rate = parseFloat(editCommRate) / 100;
                    if (isNaN(rate) || rate < 0.01 || rate > 1) {
                      setError('Rate must be 1-100%');
                      return;
                    }
                    setProcessing(true);
                    setError(null);
                    try {
                      // UNION AUDIT FIX 2026-07-21: direct update targeted a
                      // non-existent column AND was RLS-blocked. Route through
                      // manage-union update_club_commission (service-role;
                      // syncs union_clubs + clubs).
                      await unionApi.updateClubCommission(unionId!, editCommClub.id, rate);
                      masterBus.emit('CLUB_UPDATED', { clubId: editCommClub.id });
                      setSuccess('Commission updated');
                      setEditCommClub(null);
                      loadDashboard(unionId);
                    } catch (err: any) {
                      setError(safeErrorMessage(err));
                    } finally {
                      setProcessing(false);
                    }
                  }}",,runtime-or-tooling-source,"Requires Interaction, Error, Authorization And Accessibility Verification",10;11
src/pages/UnionDashboardPage.tsx,1083,button,onClick={() => setEditCommClub(null)},,runtime-or-tooling-source,"Requires Interaction, Error, Authorization And Accessibility Verification",10;11
src/pages/UnionDashboardPage.tsx,1133,button,onClick={() => unionId && navigate(`/unions/${unionRef || unionId}/games`)},,runtime-or-tooling-source,"Requires Interaction, Error, Authorization And Accessibility Verification",10;11
src/pages/UnionDashboardPage.tsx,1140,button,onClick={() => navigate('/')},,runtime-or-tooling-source,"Requires Interaction, Error, Authorization And Accessibility Verification",10;11
src/pages/UnionDashboardPage.tsx,1143,button,onClick={() => loadDashboard(unionId)},,runtime-or-tooling-source,"Requires Interaction, Error, Authorization And Accessibility Verification",10;11
src/pages/UnionDashboardPage.tsx,1154,div,"onKeyDown={(event) => {
            if (!['ArrowLeft', 'ArrowRight', 'Home', 'End'].includes(event.key)) return;
            const tabs = Array.from(
              event.currentTarget.querySelectorAll<HTMLButtonElement>('[role=""tab""]')
            );
            const index = Math.max(0, tabs.indexOf(event.target as HTMLButtonElement));
            const next =
              event.key === 'Home'
                ? tabs[0]
                : event.key === 'End'
                  ? tabs[tabs.length - 1]
                  : event.key === 'ArrowRight'
                    ? tabs[(index + 1) % tabs.length]
                    : tabs[(index - 1 + tabs.length) % tabs.length];
            event.preventDefault();
            next?.click();
            next?.focus();
          }}",aria-label=Union Operations,runtime-or-tooling-source,"Requires Interaction, Error, Authorization And Accessibility Verification",10;11
src/pages/UnionDashboardPage.tsx,1195,button,onClick={() => setTab(t.id)},id={`union-tab-${t.id}`},runtime-or-tooling-source,"Requires Interaction, Error, Authorization And Accessibility Verification",10;11
src/pages/UnionDashboardPage.tsx,1299,button,"onClick={() =>
                        w.detail
                          ? setTreasuryModal(w.detail)
                          : setWalletModal({ key: w.key, label: w.label, balance: w.value || 0 })
                      }",aria-label={`Open ${w.label}`},runtime-or-tooling-source,"Requires Interaction, Error, Authorization And Accessibility Verification",10;11
src/pages/UnionDashboardPage.tsx,1322,button,onClick={() => setTreasuryModal('backup')},aria-label=Open Backup Jackpot,runtime-or-tooling-source,"Requires Interaction, Error, Authorization And Accessibility Verification",10;11
src/pages/UnionDashboardPage.tsx,1347,button,onClick={() => setTab('settings')},aria-label=Open Spins Wallet,runtime-or-tooling-source,"Requires Interaction, Error, Authorization And Accessibility Verification",10;11
src/pages/UnionDashboardPage.tsx,1358,button,"onClick={() =>
                      setWalletModal({
                        key: 'spin_reserve',
                        label: 'Spin Reserve',
                        balance: wallets.spin_reserve_wallet || 0,
                      })
                    }",aria-label=Open Spin Reserve,runtime-or-tooling-source,"Requires Interaction, Error, Authorization And Accessibility Verification",10;11
src/pages/UnionDashboardPage.tsx,1383,button,"onClick={() =>
                      setWalletModal({
                        key: 'spin_reserve',
                        label: 'Spin Reserve',
                        balance: wallets.spin_reserve_wallet || 0,
                      })
                    }",aria-label=Open Spins Treasury,runtime-or-tooling-source,"Requires Interaction, Error, Authorization And Accessibility Verification",10;11
src/pages/UnionDashboardPage.tsx,1409,textarea,onChange={(e) => setAnnMsg(e.target.value)},,runtime-or-tooling-source,"Requires Interaction, Error, Authorization And Accessibility Verification",10;11
src/pages/UnionDashboardPage.tsx,1421,select,onChange={(e) => setAnnClub(e.target.value)},,runtime-or-tooling-source,"Requires Interaction, Error, Authorization And Accessibility Verification",10;11
src/pages/UnionDashboardPage.tsx,1434,button,"onClick={async () => {
                        setProcessing(true);
                        setError(null);
                        try {
                          // UNION AUDIT FIX 2026-07-21: union_announcements was a
                          // write-only dead table (nothing reads it). The
                          // manage-union API posts into club_announcements — the
                          // feed members actually see — for every club in the
                          // union (or one targeted club).
                          await unionApi.announce(unionId!, annMsg, annClub || undefined);
                          masterBus.emit('ANNOUNCEMENT_CHANGED', {
                            clubId: annClub || unionId || '',
                            action: 'created',
                          });
                          setSuccess('Announcement sent');
                          setAnnMsg('');
                          loadDashboard(unionId);
                        } catch (err: any) {
                          setError(safeErrorMessage(err));
                        } finally {
                          setProcessing(false);
                        }
                      }}",,runtime-or-tooling-source,"Requires Interaction, Error, Authorization And Accessibility Verification",10;11
src/pages/UnionDashboardPage.tsx,1472,input,onChange={(e) => setClubSearch(e.target.value)},,runtime-or-tooling-source,"Requires Interaction, Error, Authorization And Accessibility Verification",10;11
src/pages/UnionDashboardPage.tsx,1517,button,"onClick={() => {
                            setEditCommClub(club);
                            setEditCommRate(String((club.club_commission_rate || 0.9) * 100));
                          }}",,runtime-or-tooling-source,"Requires Interaction, Error, Authorization And Accessibility Verification",10;11
src/pages/UnionDashboardPage.tsx,1532,UnionClubGovernance,"onExpelled={(id) => {
                              masterBus.emit('CLUB_UPDATED', { clubId: id });
                              loadDashboard(unionId);
                            }}",,runtime-or-tooling-source,"Requires Interaction, Error, Authorization And Accessibility Verification",10;11
src/pages/UnionDashboardPage.tsx,1581,input,onChange={(e) => setAgentSearch(e.target.value)},,runtime-or-tooling-source,"Requires Interaction, Error, Authorization And Accessibility Verification",10;11
src/pages/UnionDashboardPage.tsx,1588,button,onClick={exportAgents},,runtime-or-tooling-source,"Requires Interaction, Error, Authorization And Accessibility Verification",10;11
src/pages/UnionDashboardPage.tsx,1648,input,onChange={(e) => setRosterSearch(e.target.value)},,runtime-or-tooling-source,"Requires Interaction, Error, Authorization And Accessibility Verification",10;11
src/pages/UnionDashboardPage.tsx,1658,button,onClick={exportRoster},,runtime-or-tooling-source,"Requires Interaction, Error, Authorization And Accessibility Verification",10;11
src/pages/UnionDashboardPage.tsx,1756,button,"onClick={() =>
                        setWalletModal({ key: w.key, label: w.label, balance: w.value || 0 })
                      }",aria-label={`Open ${w.label}`},runtime-or-tooling-source,"Requires Interaction, Error, Authorization And Accessibility Verification",10;11
src/pages/UnionDashboardPage.tsx,1785,button,onClick={() => setTab('settings')},aria-label=Open Spins Wallet,runtime-or-tooling-source,"Requires Interaction, Error, Authorization And Accessibility Verification",10;11
src/pages/UnionDashboardPage.tsx,1796,button,"onClick={() =>
                      setWalletModal({
                        key: 'spin_reserve',
                        label: 'Spin Reserve',
                        balance: wallets.spin_reserve_wallet || 0,
                      })
                    }",aria-label=Open Spin Reserve,runtime-or-tooling-source,"Requires Interaction, Error, Authorization And Accessibility Verification",10;11
src/pages/UnionDashboardPage.tsx,1829,input,"onChange={(e) => setDepositForm((f) => ({ ...f, amount: e.target.value }))}",type=number,runtime-or-tooling-source,"Requires Interaction, Error, Authorization And Accessibility Verification",10;11
src/pages/UnionDashboardPage.tsx,1838,input,"onChange={(e) => setDepositForm((f) => ({ ...f, notes: e.target.value }))}",,runtime-or-tooling-source,"Requires Interaction, Error, Authorization And Accessibility Verification",10;11
src/pages/UnionDashboardPage.tsx,1845,button,"onClick={async () => {
                        setProcessing(true);
                        setError(null);
                        try {
                          const amt = parseInt(depositForm.amount || '0', 10);
                          if (isNaN(amt) || amt <= 0) {
                            setError('Enter a valid amount');
                            setProcessing(false);
                            return;
                          }

                          // UNION AUDIT FIX 2026-07-21: was a two-step client-side
                          // chain (wallet debit succeeded, union credit RLS-blocked)
                          // that could strand the owner's chips. Now one atomic
                          // SECURITY DEFINER RPC — debit + credit + ledger in a
                          // single transaction, union-lead check inside.
                          const { data: depRes, error: depErr } = await supabase.rpc(
                            'fn_union_deposit_from_wallet',
                            {
                              p_union_id: unionId,
                              p_amount: amt,
                              p_notes: depositForm.notes || 'Union funding',
                            }
                          );
                          if (depErr) throw new Error(depErr.message || 'Deposit failed');
                          if (depRes && (depRes as any).success === false) {
                            throw new Error((depRes as any).error ||",,runtime-or-tooling-source,"Requires Interaction, Error, Authorization And Accessibility Verification",10;11
src/pages/UnionDashboardPage.tsx,1916,select,"onChange={(e) => setSpinReserveForm((f) => ({ ...f, from: e.target.value }))}",,runtime-or-tooling-source,"Requires Interaction, Error, Authorization And Accessibility Verification",10;11
src/pages/UnionDashboardPage.tsx,1926,input,"onChange={(e) =>
                        setSpinReserveForm((f) => ({ ...f, amount: e.target.value }))
                      }",type=number,runtime-or-tooling-source,"Requires Interaction, Error, Authorization And Accessibility Verification",10;11
src/pages/UnionDashboardPage.tsx,1937,button,"onClick={async () => {
                        setProcessing(true);
                        setError(null);
                        try {
                          const amt = parseInt(spinReserveForm.amount || '0', 10);
                          if (isNaN(amt) || amt <= 0) {
                            setError('Enter a valid amount');
                            setProcessing(false);
                            return;
                          }
                          await unionApi.fundSpinReserve(
                            unionId!,
                            amt,
                            spinReserveForm.from as 'promo_wallet' | 'rake_wallet' | 'chip_balance'
                          );
                          setSuccess(`${amt.toLocaleString()} chips moved to the Spin reserve`);
                          setSpinReserveForm((f) => ({ ...f, amount: '' }));
                          masterBus.emit('BALANCE_UPDATED', { source: 'spin_reserve_fund' });
                          loadDashboard(unionId);
                        } catch (err: any) {
                          setError(safeErrorMessage(err, 'Spin reserve funding failed'));
                        } finally {
                          setProcessing(false);
                        }
                      }}",,runtime-or-tooling-source,"Requires Interaction, Error, Authorization And Accessibility Verification",10;11
src/pages/UnionDashboardPage.tsx,1990,input,onChange={(e) => setBbjFundAmount(e.target.value)},type=number,runtime-or-tooling-source,"Requires Interaction, Error, Authorization And Accessibility Verification",10;11
src/pages/UnionDashboardPage.tsx,1999,button,"onClick={async () => {
                        setProcessing(true);
                        setError(null);
                        try {
                          const amt = parseInt(bbjFundAmount || '0', 10);
                          if (isNaN(amt) || amt <= 0) {
                            setError('Enter a valid amount');
                            setProcessing(false);
                            return;
                          }
                          await unionApi.fundBbjPool(unionId!, amt);
                          setSuccess(`${amt.toLocaleString()} chips moved to the BBJ pool`);
                          setBbjFundAmount('');
                          masterBus.emit('BALANCE_UPDATED', { source: 'bbj_fund' });
                          loadDashboard(unionId);
                        } catch (err: any) {
                          setError(safeErrorMessage(err, 'BBJ funding failed'));
                        } finally {
                          setProcessing(false);
                        }
                      }}",,runtime-or-tooling-source,"Requires Interaction, Error, Authorization And Accessibility Verification",10;11
src/pages/UnionDashboardPage.tsx,2045,select,"onChange={(e) => setClawbackForm((f) => ({ ...f, target: e.target.value }))}",,runtime-or-tooling-source,"Requires Interaction, Error, Authorization And Accessibility Verification",10;11
src/pages/UnionDashboardPage.tsx,2060,input,"onChange={(e) => setClawbackForm((f) => ({ ...f, amount: e.target.value }))}",type=number,runtime-or-tooling-source,"Requires Interaction, Error, Authorization And Accessibility Verification",10;11
src/pages/UnionDashboardPage.tsx,2069,input,"onChange={(e) => setClawbackForm((f) => ({ ...f, reason: e.target.value }))}",,runtime-or-tooling-source,"Requires Interaction, Error, Authorization And Accessibility Verification",10;11
src/pages/UnionDashboardPage.tsx,2076,button,"onClick={async () => {
                        setProcessing(true);
                        setError(null);
                        try {
                          const target = clawbackForm.target;
                          const amt = parseInt(clawbackForm.amount || '0', 10);
                          const reason = clawbackForm.reason || 'Union clawback';

                          if (!target) {
                            setError('Select a target');
                            setProcessing(false);
                            return;
                          }
                          if (isNaN(amt) || amt <= 0) {
                            setError('Enter a valid amount');
                            setProcessing(false);
                            return;
                          }

                          const [targetType, targetId] = target.split(':');

                          if (targetType === 'club') {
                            // UNION AUDIT FIX 2026-07-21: was a two-step chain
                            // (treasury debit + separate union credit) that could
                            // strand chips if the second call failed. Now one
                            // atomic SECURITY DEFINER RPC with the union-lead
                            // check and both ledger rows inside.
                            const { data: clubName } = await supabase
                              .from('clubs')
                              .select('name')
            ",,runtime-or-tooling-source,"Requires Interaction, Error, Authorization And Accessibility Verification",10;11
src/pages/UnionDashboardPage.tsx,2159,select,"onChange={(e) => setTransferForm((f) => ({ ...f, clubId: e.target.value }))}",,runtime-or-tooling-source,"Requires Interaction, Error, Authorization And Accessibility Verification",10;11
src/pages/UnionDashboardPage.tsx,2172,input,"onChange={(e) => setTransferForm((f) => ({ ...f, amount: e.target.value }))}",type=number,runtime-or-tooling-source,"Requires Interaction, Error, Authorization And Accessibility Verification",10;11
src/pages/UnionDashboardPage.tsx,2181,input,"onChange={(e) => setTransferForm((f) => ({ ...f, notes: e.target.value }))}",,runtime-or-tooling-source,"Requires Interaction, Error, Authorization And Accessibility Verification",10;11
src/pages/UnionDashboardPage.tsx,2188,button,"onClick={async () => {
                        setProcessing(true);
                        setError(null);
                        try {
                          const chipAmount = parseInt(transferForm.amount, 10);
                          if (isNaN(chipAmount) || chipAmount <= 0) {
                            setError('Enter a valid chip amount');
                            setProcessing(false);
                            return;
                          }
                          // UNION AUDIT FIX 2026-07-21: fn_union_send_chips_to_club
                          // is not SECURITY DEFINER, so calling it as a browser
                          // user was RLS-blocked (silent no-op). Route through the
                          // hardened union-wallet API (service role, idempotency
                          // key, debit->credit with rollback).
                          await unionApi.sendToClub(
                            unionId!,
                            transferForm.clubId,
                            chipAmount,
                            transferForm.notes || undefined
                          );
                          setSuccess(`Sent ${chipAmount.toLocaleString()} chips to club`);
                          masterBus.emit('BALANCE_UPDATED', { source: 'union_transfer' });
                          setTransferForm({ clubId: '', amount: '', notes: '' });
                          loadDashboard(unionId);
                        } catch (err: any) {
       ",,runtime-or-tooling-source,"Requires Interaction, Error, Authorization And Accessibility Verification",10;11
src/pages/UnionDashboardPage.tsx,2361,button,onClick={runUnionRakeback},,runtime-or-tooling-source,"Requires Interaction, Error, Authorization And Accessibility Verification",10;11
src/pages/UnionDashboardPage.tsx,2521,select,"onChange={(e) => {
                    setAppsFilter(e.target.value);
                    setAppsLoaded(false);
                  }}",,runtime-or-tooling-source,"Requires Interaction, Error, Authorization And Accessibility Verification",10;11
src/pages/UnionDashboardPage.tsx,2535,button,"onClick={() => {
                    setAppsLoaded(false);
                    loadApps();
                  }}",,runtime-or-tooling-source,"Requires Interaction, Error, Authorization And Accessibility Verification",10;11
src/pages/UnionDashboardPage.tsx,2583,button,"onClick={async () => {
                              setProcessing(true);
                              setError(null);
                              try {
                                // UNION AUDIT FIX 2026-07-21: the direct upsert
                                // wrote a non-existent column (commission_rate)
                                // and was RLS-blocked anyway. The union-application
                                // API approves + integrates the club server-side
                                // (union_clubs upsert with the correct
                                // club_commission_rate, clubs.union_id link,
                                // application status) after a union-lead check.
                                const defaultCommRate =
                                  Number(union?.settings?.default_club_commission_rate) || 0.9;
                                await unionApi.approveApplication(
                                  unionId!,
                                  app.id,
                                  defaultCommRate
                                );
                                if (app.club_id) {
                                  masterBus.emit('CLUB_UPDATED', { clubId: app.club_id });
                                }

                                setSuccess(`${app.club_name} approved and joined the union`);
                                setAppsLoaded(false);
                                loadApps();
                         ",,runtime-or-tooling-source,"Requires Interaction, Error, Authorization And Accessibility Verification",10;11
src/pages/UnionDashboardPage.tsx,2621,button,"onClick={async () => {
                              if (
                                !(await confirmDialog({
                                  message: `Reject ${app.club_name}?`,
                                  variant: 'danger',
                                }))
                              )
                                return;
                              setProcessing(true);
                              setError(null);
                              try {
                                // UNION AUDIT FIX 2026-07-21: routed through the
                                // union-application API (RLS blocked the direct
                                // update for union leads).
                                await unionApi.rejectApplication(unionId!, app.id);
                                setSuccess(`${app.club_name} rejected`);
                                setAppsLoaded(false);
                                loadApps();
                              } catch (err: any) {
                                setError(safeErrorMessage(err));
                              } finally {
                                setProcessing(false);
                              }
                            }}",,runtime-or-tooling-source,"Requires Interaction, Error, Authorization And Accessibility Verification",10;11
src/pages/UnionDashboardPage.tsx,2689,button,"onClick={async () => {
                              if (
                                !(await confirmDialog({
                                  message: `Approve ${lr.club_name}'s exit from the union?`,
                                  variant: 'danger',
                                }))
                              )
                                return;
                              setProcessing(true);
                              setError(null);
                              try {
                                await unionApi.approveLeave(unionId!, lr.id);
                                setSuccess(`${lr.club_name} has left the union`);
                                loadLeaveReqs();
                                loadDashboard(unionId);
                              } catch (err: any) {
                                setError(safeErrorMessage(err));
                              } finally {
                                setProcessing(false);
                              }
                            }}",,runtime-or-tooling-source,"Requires Interaction, Error, Authorization And Accessibility Verification",10;11
src/pages/UnionDashboardPage.tsx,2716,button,"onClick={async () => {
                              setProcessing(true);
                              setError(null);
                              try {
                                await unionApi.denyLeave(unionId!, lr.id);
                                setSuccess(`${lr.club_name}'s leave request denied`);
                                loadLeaveReqs();
                              } catch (err: any) {
                                setError(safeErrorMessage(err));
                              } finally {
                                setProcessing(false);
                              }
                            }}",,runtime-or-tooling-source,"Requires Interaction, Error, Authorization And Accessibility Verification",10;11
src/pages/UnionDashboardPage.tsx,2788,input,"onChange={(e) => setSettingsForm((f) => ({ ...f, name: e.target.value }))}",,runtime-or-tooling-source,"Requires Interaction, Error, Authorization And Accessibility Verification",10;11
src/pages/UnionDashboardPage.tsx,2796,input,"onChange={(e) =>
                          setSettingsForm((f) => ({ ...f, union_rake_hold: e.target.value }))
                        }",type=number,runtime-or-tooling-source,"Requires Interaction, Error, Authorization And Accessibility Verification",10;11
src/pages/UnionDashboardPage.tsx,2813,input,"onChange={(e) =>
                          setSettingsForm((f) => ({
                            ...f,
                            default_agent_commission: e.target.value,
                          }))
                        }",type=number,runtime-or-tooling-source,"Requires Interaction, Error, Authorization And Accessibility Verification",10;11
src/pages/UnionDashboardPage.tsx,2833,input,"onChange={(e) =>
                          setSettingsForm((f) => ({
                            ...f,
                            default_club_commission_rate: e.target.value,
                          }))
                        }",type=number,runtime-or-tooling-source,"Requires Interaction, Error, Authorization And Accessibility Verification",10;11
src/pages/UnionDashboardPage.tsx,2852,textarea,"onChange={(e) =>
                      setSettingsForm((f) => ({ ...f, description: e.target.value }))
                    }",,runtime-or-tooling-source,"Requires Interaction, Error, Authorization And Accessibility Verification",10;11
src/pages/UnionDashboardPage.tsx,2862,button,"onClick={async () => {
                      setProcessing(true);
                      setError(null);
                      try {
                        const updates: Record<
                          string,
                          string | Record<string, number | string | boolean>
                        > = {};
                        if (settingsForm.name) updates.name = settingsForm.name;
                        if (settingsForm.description !== undefined)
                          updates.description = settingsForm.description;
                        const settings: Record<string, number | string | boolean> = {};
                        if (settingsForm.union_rake_hold) {
                          const v = parseFloat(settingsForm.union_rake_hold) / 100;
                          if (isNaN(v)) {
                            setError('Invalid rake hold value');
                            setProcessing(false);
                            return;
                          }
                          settings.union_rake_hold = v;
                        }
                        if (settingsForm.default_agent_commission) {
                          const v = parseFloat(settingsForm.default_agent_commission) / 100;
                          if (isNaN(v)) {
                            setError('Invalid agent commission value');
                            setProcessing(false);
                            return;
                          }
                          sett",,runtime-or-tooling-source,"Requires Interaction, Error, Authorization And Accessibility Verification",10;11
src/pages/UnionDashboardPage.tsx,2989,button,"onClick={async () => {
                                    if (
                                      !(await confirmDialog({
                                        title: 'Remove Admin',
                                        message: 'Remove this admin?',
                                        confirmText: 'Remove',
                                        variant: 'danger',
                                      }))
                                    )
                                      return;
                                    setProcessing(true);
                                    setError(null);
                                    try {
                                      // UNION AUDIT FIX 2026-07-21: RLS-blocked
                                      // direct delete -> manage-union remove_admin.
                                      await unionApi.removeAdmin(unionId!, admin.user_id);
                                      masterBus.emit('CLUB_UPDATED', { clubId: unionId || '' });
                                      setSuccess('Admin removed');
                                      loadDashboard(unionId);
                                    } catch (err: any) {
                                      setError(safeErrorMessage(err));
                                    } finally {
                                      setProcessing(false);
                                    }
                                  }}",,runtime-or-tooling-source,"Requires Interaction, Error, Authorization And Accessibility Verification",10;11
src/pages/UnionDashboardPage.tsx,3034,input,onChange={(e) => setAdminSearch(e.target.value)},,runtime-or-tooling-source,"Requires Interaction, Error, Authorization And Accessibility Verification",10;11
src/pages/UnionDashboardPage.tsx,3040,button,"onClick={async () => {
                          setProcessing(true);
                          setError(null);
                          try {
                            const { data: users } = await supabase
                              .from('profiles')
                              .select(`id, ${PLAYER_NAME_COLUMNS}`)
                              .ilike('username', `%${adminSearch}%`)
                              .limit(5);
                            setAdminResults(users || []);
                          } catch (err: any) {
                            setError(safeErrorMessage(err));
                          } finally {
                            setProcessing(false);
                          }
                        }}",,runtime-or-tooling-source,"Requires Interaction, Error, Authorization And Accessibility Verification",10;11
src/pages/UnionDashboardPage.tsx,3085,button,"onClick={async () => {
                                setProcessing(true);
                                setError(null);
                                try {
                                  // UNION AUDIT FIX 2026-07-21: RLS-blocked direct
                                  // insert -> manage-union add_admin.
                                  await unionApi.addAdmin(unionId!, u.id);
                                  masterBus.emit('CLUB_UPDATED', { clubId: unionId || '' });
                                  setSuccess(`${playerDisplayName(u)} added as admin`);
                                  setAdminResults([]);
                                  setAdminSearch('');
                                  loadDashboard(unionId);
                                } catch (err: any) {
                                  setError(safeErrorMessage(err));
                                } finally {
                                  setProcessing(false);
                                }
                              }}",,runtime-or-tooling-source,"Requires Interaction, Error, Authorization And Accessibility Verification",10;11
src/pages/UnionDashboardPage.tsx,3122,UnionWalletModal,onClose={() => setWalletModal(null)}; onSent={() => void loadDashboard(unionId)},,runtime-or-tooling-source,"Requires Interaction, Error, Authorization And Accessibility Verification",10;11
src/pages/UnionDashboardPage.tsx,3134,UnionTreasuryDetailModal,"onClose={() => setTreasuryModal(null)}; onMoved={() => void loadDashboard(unionId)}; onSendFrom={
            treasuryModal === 'backup'
              ? undefined
              : () => {
                  const isRake = treasuryModal === 'rake';
                  setTreasuryModal(null);
                  setWalletModal({
                    key: isRake ? 'rake' : 'bbj',
                    label: isRake ? 'Rake Treasury' : 'BBJ Pool',
                    balance: isRake ? wallets?.rake_wallet || 0 : (bbjPool?.main_balance ?? 0),
                  });
                }
          }",,runtime-or-tooling-source,"Requires Interaction, Error, Authorization And Accessibility Verification",10;11
src/pages/UnionDataPage.tsx,104,button,onClick={() => navigate(`/unions/${unionRef}`)},type=button,runtime-or-tooling-source,"Requires Interaction, Error, Authorization And Accessibility Verification",9;10;11
src/pages/UnionDataPage.tsx,111,button,onClick={() => navigate(`/unions/${unionRef}/statements`)},type=button,runtime-or-tooling-source,"Requires Interaction, Error, Authorization And Accessibility Verification",9;10;11
src/pages/UnionDetailPage.tsx,704,ErrorState,onRetry={() => setLoadRevision((value) => value + 1)},,runtime-or-tooling-source,"Requires Interaction, Error, Authorization And Accessibility Verification",10;11
src/pages/UnionDetailPage.tsx,766,button,onClick={handleApplyClick},,runtime-or-tooling-source,"Requires Interaction, Error, Authorization And Accessibility Verification",10;11
src/pages/UnionDetailPage.tsx,775,div,onClick={(e) => e.target === e.currentTarget && setShowClubSelector(false)},,runtime-or-tooling-source,"Requires Interaction, Error, Authorization And Accessibility Verification",10;11
src/pages/UnionDetailPage.tsx,784,button,onClick={() => applyWithClub(c.id)},,runtime-or-tooling-source,"Requires Interaction, Error, Authorization And Accessibility Verification",10;11
src/pages/UnionDetailPage.tsx,794,button,onClick={() => setShowClubSelector(false)},,runtime-or-tooling-source,"Requires Interaction, Error, Authorization And Accessibility Verification",10;11
src/pages/UnionDetailPage.tsx,893,button,onClick={() => setActiveTab('overview')},,runtime-or-tooling-source,"Requires Interaction, Error, Authorization And Accessibility Verification",10;11
src/pages/UnionDetailPage.tsx,899,button,onClick={() => setActiveTab('clubs')},,runtime-or-tooling-source,"Requires Interaction, Error, Authorization And Accessibility Verification",10;11
src/pages/UnionDetailPage.tsx,905,button,onClick={() => setActiveTab('tables')},,runtime-or-tooling-source,"Requires Interaction, Error, Authorization And Accessibility Verification",10;11
src/pages/UnionDetailPage.tsx,911,button,onClick={() => setActiveTab('financials')},,runtime-or-tooling-source,"Requires Interaction, Error, Authorization And Accessibility Verification",10;11
src/pages/UnionDetailPage.tsx,918,button,onClick={() => setActiveTab('tournaments')},,runtime-or-tooling-source,"Requires Interaction, Error, Authorization And Accessibility Verification",10;11
src/pages/UnionDetailPage.tsx,926,button,"onClick={() => {
              setActiveTab('settings');
              // Load current settings
              if (union?.settings) {
                setSettingsForm({
                  revenueSharePercent: union.settings.revenueSharePercent,
                  sharedPlayerPool: union.settings.sharedPlayerPool,
                  crossClubTournaments: union.settings.crossClubTournaments,
                });
              }
            }}",,runtime-or-tooling-source,"Requires Interaction, Error, Authorization And Accessibility Verification",10;11
src/pages/UnionDetailPage.tsx,1050,button,onClick={() => setActiveTab('tables')},,runtime-or-tooling-source,"Requires Interaction, Error, Authorization And Accessibility Verification",10;11
src/pages/UnionDetailPage.tsx,1230,span,"onClick={(e) => {
                          e.preventDefault();
                          e.stopPropagation();
                        }}",,runtime-or-tooling-source,"Requires Interaction, Error, Authorization And Accessibility Verification",10;11
src/pages/UnionDetailPage.tsx,1236,UnionClubGovernance,"onExpelled={(id) =>
                            setClubs((prev) => prev.filter((c) => c.clubId !== id))
                          }",,runtime-or-tooling-source,"Requires Interaction, Error, Authorization And Accessibility Verification",10;11
src/pages/UnionDetailPage.tsx,1345,button,onClick={() => setShowXmttModal(true)},,runtime-or-tooling-source,"Requires Interaction, Error, Authorization And Accessibility Verification",10;11
src/pages/UnionDetailPage.tsx,1362,button,onClick={() => setShowXmttModal(true)},,runtime-or-tooling-source,"Requires Interaction, Error, Authorization And Accessibility Verification",10;11
src/pages/UnionDetailPage.tsx,1438,button,"onClick={() => handleScheduleActiveToggle(s, !s.active)}",,runtime-or-tooling-source,"Requires Interaction, Error, Authorization And Accessibility Verification",10;11
src/pages/UnionDetailPage.tsx,1467,button,onClick={() => navigate(`/unions/${unionRef}/statements`)},type=button,runtime-or-tooling-source,"Requires Interaction, Error, Authorization And Accessibility Verification",10;11
src/pages/UnionDetailPage.tsx,1483,button,onClick={() => navigate(`/unions/${unionRef}/data`)},type=button,runtime-or-tooling-source,"Requires Interaction, Error, Authorization And Accessibility Verification",10;11
src/pages/UnionDetailPage.tsx,1604,input,"onChange={(e) =>
                      setSettingsForm((prev) => ({
                        ...prev,
                        revenueSharePercent: Number(e.target.value),
                      }))
                    }",type=range,runtime-or-tooling-source,"Requires Interaction, Error, Authorization And Accessibility Verification",10;11
src/pages/UnionDetailPage.tsx,1624,input,"onChange={(e) =>
                      setSettingsForm((prev) => ({ ...prev, sharedPlayerPool: e.target.checked }))
                    }",type=checkbox,runtime-or-tooling-source,"Requires Interaction, Error, Authorization And Accessibility Verification",10;11
src/pages/UnionDetailPage.tsx,1638,input,"onChange={(e) =>
                      setSettingsForm((prev) => ({
                        ...prev,
                        crossClubTournaments: e.target.checked,
                      }))
                    }",type=checkbox,runtime-or-tooling-source,"Requires Interaction, Error, Authorization And Accessibility Verification",10;11
src/pages/UnionDetailPage.tsx,1653,button,"onClick={async () => {
                  if (!unionId || isUpdatingSettings) return;
                  setIsUpdatingSettings(true);
                  const updated = await unionService.updateUnion(unionId, {
                    settings: settingsForm,
                  });
                  if (updated) {
                    setUnion(updated);
                    toast.success('Settings saved successfully!');
                  }
                  setIsUpdatingSettings(false);
                }}",,runtime-or-tooling-source,"Requires Interaction, Error, Authorization And Accessibility Verification",10;11
src/pages/UnionDetailPage.tsx,1678,CreateTournamentModal,"onClose={() => setShowXmttModal(false)}; onSuccess={() => {
            setShowXmttModal(false);
            // Reload union tournaments (club-hosted + XMTT, same as initial load)
            if (union?.settings?.crossClubTournaments && clubs.length > 0) {
              const clubIds = clubs.map((c) => c.clubId);
              Promise.all([
                // PRIVACY + COMPLETENESS FIX 2026-08-19 — see note above.
                supabase
                  .from('tournaments')
                  .select('*, clubs(name)')
                  .eq('union_id', unionId)
                  .order('start_time', { ascending: true }),
                supabase
                  .from('tournaments')
                  .select('*, clubs(name)')
                  .eq('union_id', unionId)
                  .eq('is_xmtt', true)
                  .limit(0),
              ]).then(([{ data: clubT }, { data: xmttT }]) => {
                const allT = [...(clubT || []), ...(xmttT || [])];
                const seen = new Set<string>();
                const deduped = allT.filter((t) => {
                  if (seen.has(t.id)) return false;
                  seen.add(t.id);
                  return true;
                });
                const statusOrder: Record<string, number> = {
                  REGISTERING: 0,
                  ANNOUNCED: 1,
                  RUNNING: 2,
                  COMPLETED: 3,
                  CANCELLED: 4,
                };
                deduped.sort((a: any, b: ",,runtime-or-tooling-source,"Requires Interaction, Error, Authorization And Accessibility Verification",10;11
src/pages/UnionDetailPage.tsx,1729,ConfirmModal,"onConfirm={async () => {
          if (confirmJoin.club) {
            await applyWithClub(confirmJoin.club.id);
          }
          setConfirmJoin({ show: false, club: null });
        }}; onCancel={() => setConfirmJoin({ show: false, club: null })}",title=Join Union,runtime-or-tooling-source,"Requires Interaction, Error, Authorization And Accessibility Verification",10;11
src/pages/UnionGamesPage.tsx,414,button,onClick={() => loadUnionData(unionId || undefined)},,runtime-or-tooling-source,"Requires Interaction, Error, Authorization And Accessibility Verification",10;11
src/pages/UnionGamesPage.tsx,453,button,onClick={() => setTab('tournaments')},,runtime-or-tooling-source,"Requires Interaction, Error, Authorization And Accessibility Verification",10;11
src/pages/UnionGamesPage.tsx,459,button,onClick={() => setTab('tables')},,runtime-or-tooling-source,"Requires Interaction, Error, Authorization And Accessibility Verification",10;11
src/pages/UnionGamesPage.tsx,465,button,onClick={() => setTab('bbj')},,runtime-or-tooling-source,"Requires Interaction, Error, Authorization And Accessibility Verification",10;11
src/pages/UnionGamesPage.tsx,479,button,onClick={() => setTournFilter(f)},,runtime-or-tooling-source,"Requires Interaction, Error, Authorization And Accessibility Verification",10;11
src/pages/UnionGamesPage.tsx,523,button,onClick={() => handleRegister(t.id)},,runtime-or-tooling-source,"Requires Interaction, Error, Authorization And Accessibility Verification",10;11
src/pages/UnionGamesPage.tsx,526,button,onClick={() => handleUnregister(t.id)},,runtime-or-tooling-source,"Requires Interaction, Error, Authorization And Accessibility Verification",10;11
src/pages/UnionStatementsPage.tsx,438,button,onClick={() => navigate(-1)},type=button; aria-label=Go Back,runtime-or-tooling-source,"Requires Interaction, Error, Authorization And Accessibility Verification",9;10;11
src/pages/UnionStatementsPage.tsx,446,button,onClick={exportCsv},type=button; aria-label=Export As CSV,runtime-or-tooling-source,"Requires Interaction, Error, Authorization And Accessibility Verification",9;10;11
src/pages/UnionStatementsPage.tsx,467,button,onClick={() => setPeriod(h.period_end)},type=button,runtime-or-tooling-source,"Requires Interaction, Error, Authorization And Accessibility Verification",9;10;11
src/pages/UnionStatementsPage.tsx,541,button,"onClick={() => {
                void issue();
              }}",type=button,runtime-or-tooling-source,"Requires Interaction, Error, Authorization And Accessibility Verification",9;10;11
src/pages/UnionStatementsPage.tsx,551,button,onClick={() => setConfirmIssue(false)},type=button,runtime-or-tooling-source,"Requires Interaction, Error, Authorization And Accessibility Verification",9;10;11
src/pages/UnionStatementsPage.tsx,561,button,onClick={() => setConfirmIssue(true)},type=button,runtime-or-tooling-source,"Requires Interaction, Error, Authorization And Accessibility Verification",9;10;11
src/pages/UnionStatementsPage.tsx,604,button,onClick={() => setExpanded(open ? null : c.club_id)},type=button,runtime-or-tooling-source,"Requires Interaction, Error, Authorization And Accessibility Verification",9;10;11
src/pages/UnionStatementsPage.tsx,672,input,onChange={(e) => setPayAmount(e.target.value)},type=number; aria-label={`Payment Received From ${c.club_name}`},runtime-or-tooling-source,"Requires Interaction, Error, Authorization And Accessibility Verification",9;10;11
src/pages/UnionStatementsPage.tsx,683,button,"onClick={() => {
                            void recordPayment(c.club_id);
                          }}",type=button,runtime-or-tooling-source,"Requires Interaction, Error, Authorization And Accessibility Verification",9;10;11
src/pages/UnionStatementsPage.tsx,697,button,onClick={() => navigate(`/clubs/${c.club_id}/data`)},type=button,runtime-or-tooling-source,"Requires Interaction, Error, Authorization And Accessibility Verification",9;10;11
src/pages/UnionStatementsPage.tsx,704,button,"onClick={() =>
                          setPayingClub((cur) => (cur === c.club_id ? null : c.club_id))
                        }",type=button,runtime-or-tooling-source,"Requires Interaction, Error, Authorization And Accessibility Verification",9;10;11
src/pages/UnionStatementsPage.tsx,714,button,"onClick={() => {
                            void setPaid(c.invoice_id as string, c.status !== 'paid');
                          }}",type=button,runtime-or-tooling-source,"Requires Interaction, Error, Authorization And Accessibility Verification",9;10;11
src/pages/UnionsPage.tsx,205,button,onClick={() => setIsCreating(true)},type=button,runtime-or-tooling-source,"Requires Interaction, Error, Authorization And Accessibility Verification",10;11
src/pages/UnionsPage.tsx,218,ErrorState,onRetry={loadUnions},,runtime-or-tooling-source,"Requires Interaction, Error, Authorization And Accessibility Verification",10;11
src/pages/UnionsPage.tsx,246,button,onClick={() => setIsCreating(true)},type=button,runtime-or-tooling-source,"Requires Interaction, Error, Authorization And Accessibility Verification",10;11
src/pages/UnionsPage.tsx,257,CreateUnionModal,"onClose={() => setIsCreating(false)}; onSuccess={() => {
            setIsCreating(false);
            loadUnions();
          }}",,runtime-or-tooling-source,"Requires Interaction, Error, Authorization And Accessibility Verification",10;11
src/pages/VIPPage.tsx,340,RewardsMarketplace,"onRedeem={async (reward: Reward) => {
            if (!user?.id) {
              toast.error('Please Sign In To Redeem Rewards.');
              return;
            }
            // Real spend AND a real grant. `p_reward_id` is what makes this
            // honest: without it the RPC charged whatever `p_cost` the browser
            // sent (so a 5,000-point pass cost one point) and granted nothing
            // at all. With it, vip_reward_catalog prices the reward and the
            // cosmetic lands in the live entitlement ledgers. p_cost is still
            // sent for the audit trail; the server ignores it for catalog
            // rewards. Migration 20260825_vip_reward_catalog.
            const { data, error } = await supabase.rpc('fn_redeem_vip_points', {
              p_cost: reward.pointsCost,
              p_reason: `Reward: ${reward.name}`,
              p_reward_id: reward.id,
            });
            // Refusals come back as `{ success: false, error }` with NO
            // postgres error, so both halves must be checked.
            if (error || !data?.success) {
              toast.error(
                data?.error === 'insufficient_points'
                  ? 'Not Enough VIP Points For This Reward.'
                  : data?.error === 'already_owned'
                    ? 'You Already Own This Reward.'
                    : data?.error === 'sold_out'
                      ? 'That Reward Is Sold Out.'
                      : 'Redemption Failed. Please ",,runtime-or-tooling-source,"Requires Interaction, Error, Authorization And Accessibility Verification",11
src/pages/VIPPage.tsx,474,button,onClick={() => setShowInfoModal(true)},,runtime-or-tooling-source,"Requires Interaction, Error, Authorization And Accessibility Verification",11
src/pages/VIPPage.tsx,565,button,onClick={() => setShowTopUpModal(true)},,runtime-or-tooling-source,"Requires Interaction, Error, Authorization And Accessibility Verification",11
src/pages/VIPPage.tsx,568,button,onClick={() => setShowDiamondHistory(true)},,runtime-or-tooling-source,"Requires Interaction, Error, Authorization And Accessibility Verification",11
src/pages/VIPPage.tsx,601,button,onClick={() => handlePurchase(feature as VIPFeature)},,runtime-or-tooling-source,"Requires Interaction, Error, Authorization And Accessibility Verification",11
src/pages/VIPPage.tsx,616,VIPCardsModal,onClose={() => setShowInfoModal(false)},,runtime-or-tooling-source,"Requires Interaction, Error, Authorization And Accessibility Verification",11
src/pages/VIPPage.tsx,619,DiamondTopUpModal,onClose={() => setShowTopUpModal(false)}; onPurchaseComplete={(newBal) => setDiamonds(newBal)},,runtime-or-tooling-source,"Requires Interaction, Error, Authorization And Accessibility Verification",11
src/pages/VIPPage.tsx,626,DiamondWalletModal,"onClose={() => setShowDiamondHistory(false)}; onBuyClick={() => {
          setShowDiamondHistory(false);
          setShowTopUpModal(true);
        }}",,runtime-or-tooling-source,"Requires Interaction, Error, Authorization And Accessibility Verification",11
src/pages/WaitlistPage.tsx,249,ErrorState,onRetry={() => void loadWaitlist()},,runtime-or-tooling-source,"Requires Interaction, Error, Authorization And Accessibility Verification",8;11
src/pages/WaitlistPage.tsx,283,button,"onClick={() => {
                      haptic.medium();
                      leaveWaitlist(entry.table_id, entry.id);
                    }}",type=button,runtime-or-tooling-source,"Requires Interaction, Error, Authorization And Accessibility Verification",8;11
src/pages/XMTTPage.tsx,385,button,onClick={() => setFilter(f)},,runtime-or-tooling-source,"Requires Interaction, Error, Authorization And Accessibility Verification",3;11
src/pages/XMTTPage.tsx,400,button,onClick={() => setActionError(null)},,runtime-or-tooling-source,"Requires Interaction, Error, Authorization And Accessibility Verification",3;11
src/pages/XMTTPage.tsx,419,div,"onClick={() => {
                  setSelectedTournament(t.id);
                  loadDetail(t.id);
                }}",,runtime-or-tooling-source,"Requires Interaction, Error, Authorization And Accessibility Verification",3;11
src/pages/XMTTPage.tsx,446,button,"onClick={(e) => {
                            e.stopPropagation();
                            handleRegister(t.id);
                          }}",,runtime-or-tooling-source,"Requires Interaction, Error, Authorization And Accessibility Verification",3;11
src/pages/XMTTPage.tsx,455,button,"onClick={(e) => {
                            e.stopPropagation();
                            handleUnregister(t.id);
                          }}",,runtime-or-tooling-source,"Requires Interaction, Error, Authorization And Accessibility Verification",3;11
src/pages/XMTTPage.tsx,476,button,"onClick={(e) => {
                                e.stopPropagation();
                                handleLeaveWaitlist(t.id);
                              }}",,runtime-or-tooling-source,"Requires Interaction, Error, Authorization And Accessibility Verification",3;11
src/pages/XMTTPage.tsx,488,button,"onClick={(e) => {
                              e.stopPropagation();
                              handleJoinWaitlist(t.id);
                            }}",,runtime-or-tooling-source,"Requires Interaction, Error, Authorization And Accessibility Verification",3;11
src/pages/admin/AnalyticsDashboard.tsx,380,button,onClick={() => setTimeRange(opt.value)},,runtime-or-tooling-source,"Requires Interaction, Error, Authorization And Accessibility Verification",9;11
src/pages/admin/AnalyticsDashboard.tsx,391,button,onClick={handleExportCSV},,runtime-or-tooling-source,"Requires Interaction, Error, Authorization And Accessibility Verification",9;11
src/pages/admin/EngineDashboard.tsx,187,button,onClick={handleToggleOrchestrator},,runtime-or-tooling-source,"Requires Interaction, Error, Authorization And Accessibility Verification",11
src/pages/admin/EngineDashboard.tsx,226,button,,,runtime-or-tooling-source,"Requires Interaction, Error, Authorization And Accessibility Verification",11
src/pages/admin/EngineDashboard.tsx,252,button,onClick={handleToggleTournament},,runtime-or-tooling-source,"Requires Interaction, Error, Authorization And Accessibility Verification",11
src/pages/admin/HouseAdsPage.tsx,703,input,"onChange={(e) => setForm((f) => ({ ...f, ad_key: e.target.value }))}",id=ad-key,runtime-or-tooling-source,"Requires Interaction, Error, Authorization And Accessibility Verification",11
src/pages/admin/HouseAdsPage.tsx,720,input,"onChange={(e) => setForm((f) => ({ ...f, headline: e.target.value }))}",id=ad-headline,runtime-or-tooling-source,"Requires Interaction, Error, Authorization And Accessibility Verification",11
src/pages/admin/HouseAdsPage.tsx,734,textarea,"onChange={(e) => setForm((f) => ({ ...f, body: e.target.value }))}",id=ad-body,runtime-or-tooling-source,"Requires Interaction, Error, Authorization And Accessibility Verification",11
src/pages/admin/HouseAdsPage.tsx,756,select,"onChange={(e) => setForm((f) => ({ ...f, category: e.target.value }))}",id=ad-category,runtime-or-tooling-source,"Requires Interaction, Error, Authorization And Accessibility Verification",11
src/pages/admin/HouseAdsPage.tsx,774,input,"onChange={(e) => setForm((f) => ({ ...f, glyph: e.target.value }))}",id=ad-glyph,runtime-or-tooling-source,"Requires Interaction, Error, Authorization And Accessibility Verification",11
src/pages/admin/HouseAdsPage.tsx,791,input,"onChange={(e) => setForm((f) => ({ ...f, weight: e.target.value }))}",id=ad-weight; type=number,runtime-or-tooling-source,"Requires Interaction, Error, Authorization And Accessibility Verification",11
src/pages/admin/HouseAdsPage.tsx,821,input,"onChange={(e) => setForm((f) => ({ ...f, target_url: e.target.value }))}",id=ad-target,runtime-or-tooling-source,"Requires Interaction, Error, Authorization And Accessibility Verification",11
src/pages/admin/HouseAdsPage.tsx,833,input,"onChange={(e) => setForm((f) => ({ ...f, cta_label: e.target.value }))}",id=ad-cta,runtime-or-tooling-source,"Requires Interaction, Error, Authorization And Accessibility Verification",11
src/pages/admin/HouseAdsPage.tsx,861,input,"onChange={(e) => setForm((f) => ({ ...f, image_url: e.target.value }))}",id=ad-image,runtime-or-tooling-source,"Requires Interaction, Error, Authorization And Accessibility Verification",11
src/pages/admin/HouseAdsPage.tsx,877,input,"onChange={(e) => setForm((f) => ({ ...f, experiment_key: e.target.value }))}",id=ad-experiment,runtime-or-tooling-source,"Requires Interaction, Error, Authorization And Accessibility Verification",11
src/pages/admin/HouseAdsPage.tsx,903,select,"onChange={(e) => setForm((f) => ({ ...f, slot: e.target.value }))}",id=ad-slot,runtime-or-tooling-source,"Requires Interaction, Error, Authorization And Accessibility Verification",11
src/pages/admin/HouseAdsPage.tsx,920,select,"onChange={(e) => setForm((f) => ({ ...f, audience: e.target.value }))}",id=ad-audience,runtime-or-tooling-source,"Requires Interaction, Error, Authorization And Accessibility Verification",11
src/pages/admin/HouseAdsPage.tsx,937,input,"onChange={(e) => setForm((f) => ({ ...f, daily_cap: e.target.value }))}",id=ad-cap; type=number,runtime-or-tooling-source,"Requires Interaction, Error, Authorization And Accessibility Verification",11
src/pages/admin/HouseAdsPage.tsx,961,input,"onChange={(e) => setForm((f) => ({ ...f, starts_at: e.target.value }))}",id=ad-start; type=datetime-local,runtime-or-tooling-source,"Requires Interaction, Error, Authorization And Accessibility Verification",11
src/pages/admin/HouseAdsPage.tsx,973,input,"onChange={(e) => setForm((f) => ({ ...f, ends_at: e.target.value }))}",id=ad-end; type=datetime-local,runtime-or-tooling-source,"Requires Interaction, Error, Authorization And Accessibility Verification",11
src/pages/admin/HouseAdsPage.tsx,984,button,onClick={handleSave},type=button,runtime-or-tooling-source,"Requires Interaction, Error, Authorization And Accessibility Verification",11
src/pages/admin/HouseAdsPage.tsx,993,button,onClick={resetForm},type=button,runtime-or-tooling-source,"Requires Interaction, Error, Authorization And Accessibility Verification",11
src/pages/admin/HouseAdsPage.tsx,1067,button,onClick={() => void pruneEvents()},type=button,runtime-or-tooling-source,"Requires Interaction, Error, Authorization And Accessibility Verification",11
src/pages/admin/HouseAdsPage.tsx,1077,button,onClick={() => setPruneArmed(false)},type=button,runtime-or-tooling-source,"Requires Interaction, Error, Authorization And Accessibility Verification",11
src/pages/admin/HouseAdsPage.tsx,1087,button,onClick={() => setPruneArmed(true)},type=button,runtime-or-tooling-source,"Requires Interaction, Error, Authorization And Accessibility Verification",11
src/pages/admin/HouseAdsPage.tsx,1264,button,onClick={() => handleEdit(ad)},type=button,runtime-or-tooling-source,"Requires Interaction, Error, Authorization And Accessibility Verification",11
src/pages/admin/HouseAdsPage.tsx,1271,button,onClick={() => openPlacements(ad.id)},type=button,runtime-or-tooling-source,"Requires Interaction, Error, Authorization And Accessibility Verification",11
src/pages/admin/HouseAdsPage.tsx,1279,button,onClick={() => handleToggle(ad)},type=button,runtime-or-tooling-source,"Requires Interaction, Error, Authorization And Accessibility Verification",11
src/pages/admin/HouseAdsPage.tsx,1286,button,onClick={() => handleDelete(ad)},type=button,runtime-or-tooling-source,"Requires Interaction, Error, Authorization And Accessibility Verification",11
src/pages/admin/HouseAdsPage.tsx,1383,button,onClick={() => editPlacement(p)},type=button,runtime-or-tooling-source,"Requires Interaction, Error, Authorization And Accessibility Verification",11
src/pages/admin/HouseAdsPage.tsx,1391,button,onClick={() => togglePlacement(p)},type=button,runtime-or-tooling-source,"Requires Interaction, Error, Authorization And Accessibility Verification",11
src/pages/admin/HouseAdsPage.tsx,1399,button,"onClick={() => removePlacement(p, ad.headline)}",type=button,runtime-or-tooling-source,"Requires Interaction, Error, Authorization And Accessibility Verification",11
src/pages/admin/HouseAdsPage.tsx,1427,select,"onChange={(e) =>
                                        setPlacementDraft((d) => ({ ...d, slot: e.target.value }))
                                      }",id={`pl-slot-${ad.id}`},runtime-or-tooling-source,"Requires Interaction, Error, Authorization And Accessibility Verification",11
src/pages/admin/HouseAdsPage.tsx,1446,select,"onChange={(e) =>
                                        setPlacementDraft((d) => ({
                                          ...d,
                                          audience: e.target.value,
                                        }))
                                      }",id={`pl-aud-${ad.id}`},runtime-or-tooling-source,"Requires Interaction, Error, Authorization And Accessibility Verification",11
src/pages/admin/HouseAdsPage.tsx,1468,input,"onChange={(e) =>
                                        setPlacementDraft((d) => ({
                                          ...d,
                                          daily_cap: e.target.value,
                                        }))
                                      }",id={`pl-cap-${ad.id}`}; type=number,runtime-or-tooling-source,"Requires Interaction, Error, Authorization And Accessibility Verification",11
src/pages/admin/HouseAdsPage.tsx,1493,input,"onChange={(e) =>
                                        setPlacementDraft((d) => ({
                                          ...d,
                                          target_url: e.target.value,
                                        }))
                                      }",id={`pl-target-${ad.id}`}; type=text,runtime-or-tooling-source,"Requires Interaction, Error, Authorization And Accessibility Verification",11
src/pages/admin/HouseAdsPage.tsx,1507,button,onClick={() => savePlacement(ad.id)},type=button,runtime-or-tooling-source,"Requires Interaction, Error, Authorization And Accessibility Verification",11
src/pages/admin/HouseAdsPage.tsx,1520,button,onClick={() => resetPlacementDraft()},type=button,runtime-or-tooling-source,"Requires Interaction, Error, Authorization And Accessibility Verification",11
src/pages/club/ClubBombPotReportPage.tsx,191,button,onClick={() => navigate('/clubs')},,runtime-or-tooling-source,"Requires Interaction, Error, Authorization And Accessibility Verification",2;9;10;11
src/pages/club/ClubBombPotReportPage.tsx,205,button,onClick={() => navigate(`/clubs/${clubId}`)},,runtime-or-tooling-source,"Requires Interaction, Error, Authorization And Accessibility Verification",2;9;10;11
src/pages/club/ClubBombPotReportPage.tsx,216,button,onClick={() => navigate(`/clubs/${clubId}`)},,runtime-or-tooling-source,"Requires Interaction, Error, Authorization And Accessibility Verification",2;9;10;11
src/pages/club/ClubBombPotReportPage.tsx,222,button,onClick={() => setDays(w)},,runtime-or-tooling-source,"Requires Interaction, Error, Authorization And Accessibility Verification",2;9;10;11
src/pages/club/ClubBombPotReportPage.tsx,285,button,onClick={exportCsv},,runtime-or-tooling-source,"Requires Interaction, Error, Authorization And Accessibility Verification",2;9;10;11
src/pages/club/ClubDashboard.tsx,987,button,onClick={() => loadDashboardData()},,runtime-or-tooling-source,"Requires Interaction, Error, Authorization And Accessibility Verification",10;11
src/pages/club/ClubDashboard.tsx,1085,button,onClick={handleRecalculateLevel},,runtime-or-tooling-source,"Requires Interaction, Error, Authorization And Accessibility Verification",10;11
src/pages/club/ClubDashboard.tsx,1107,button,onClick={() => setDateRange(range)},,runtime-or-tooling-source,"Requires Interaction, Error, Authorization And Accessibility Verification",10;11
src/pages/club/ClubDashboard.tsx,1140,button,"onClick={() => switchTab(tab.id)}; onKeyDown={(e) => {
              if (e.key !== 'ArrowRight' && e.key !== 'ArrowLeft') return;
              e.preventDefault();
              const next = arr[(i + (e.key === 'ArrowRight' ? 1 : arr.length - 1)) % arr.length];
              switchTab(next.id);
              document.getElementById(`ca-tab-${next.id}`)?.focus();
            }}",id={`ca-tab-${tab.id}`},runtime-or-tooling-source,"Requires Interaction, Error, Authorization And Accessibility Verification",10;11
src/pages/club/ClubDashboard.tsx,1182,button,onClick={() => loadDashboardData()},aria-label=Refresh Dashboard Data,runtime-or-tooling-source,"Requires Interaction, Error, Authorization And Accessibility Verification",10;11
src/pages/club/ClubDashboard.tsx,1252,select,onChange={(e) => setSortBy(e.target.value as SortId)},aria-label=Sort Leaderboard,runtime-or-tooling-source,"Requires Interaction, Error, Authorization And Accessibility Verification",10;11
src/pages/club/ClubDashboard.tsx,1280,input,onChange={(e) => setHideHorses(e.target.checked)},type=checkbox,runtime-or-tooling-source,"Requires Interaction, Error, Authorization And Accessibility Verification",10;11
src/pages/club/ClubDashboard.tsx,1289,button,onClick={exportLeaderboardCsv},,runtime-or-tooling-source,"Requires Interaction, Error, Authorization And Accessibility Verification",10;11
src/pages/club/ClubDashboard.tsx,1398,button,onClick={() => switchTab('players')},,runtime-or-tooling-source,"Requires Interaction, Error, Authorization And Accessibility Verification",10;11
src/pages/club/ClubDashboard.tsx,1436,button,onClick={() => switchTab('activity')},,runtime-or-tooling-source,"Requires Interaction, Error, Authorization And Accessibility Verification",10;11
src/pages/club/ClubDashboard.tsx,1472,input,onChange={(e) => setMemberSearch(e.target.value)},aria-label=Search Members,runtime-or-tooling-source,"Requires Interaction, Error, Authorization And Accessibility Verification",10;11
src/pages/club/ClubDashboard.tsx,1502,select,onChange={(e) => setMemberSort(e.target.value as MemberSortId)},aria-label=Sort Members,runtime-or-tooling-source,"Requires Interaction, Error, Authorization And Accessibility Verification",10;11
src/pages/club/ClubDashboard.tsx,1514,select,onChange={(e) => setMemberRole(e.target.value)},aria-label=Filter Members By Role,runtime-or-tooling-source,"Requires Interaction, Error, Authorization And Accessibility Verification",10;11
src/pages/club/ClubDashboard.tsx,1528,button,onClick={exportMembersCsv},,runtime-or-tooling-source,"Requires Interaction, Error, Authorization And Accessibility Verification",10;11
src/pages/club/ClubDashboard.tsx,1638,button,"onClick={() => setMemberPage((p) => Math.max(0, p - 1))}",,runtime-or-tooling-source,"Requires Interaction, Error, Authorization And Accessibility Verification",10;11
src/pages/club/ClubDashboard.tsx,1648,button,"onClick={() =>
                    setMemberPage((p) => ((p + 1) * MEMBER_PAGE_SIZE < memberTotal ? p + 1 : p))
                  }",,runtime-or-tooling-source,"Requires Interaction, Error, Authorization And Accessibility Verification",10;11
src/pages/club/ClubDataPage.tsx,2043,PermissionState,onBack={() => navigate('/')},title=Sign In To View Club Data,runtime-or-tooling-source,"Requires Interaction, Error, Authorization And Accessibility Verification",9;10;11
src/pages/club/ClubDataPage.tsx,2073,button,onClick={() => navigate(-1)},type=button; aria-label=Go Back,runtime-or-tooling-source,"Requires Interaction, Error, Authorization And Accessibility Verification",9;10;11
src/pages/club/ClubDataPage.tsx,2084,button,onClick={() => void refreshAll()},type=button; aria-label=Refresh Club Ledger,runtime-or-tooling-source,"Requires Interaction, Error, Authorization And Accessibility Verification",9;10;11
src/pages/club/ClubDataPage.tsx,2093,button,"onClick={() => {
              if (exporting) cancelExport();
              else void exportCsv();
            }}",type=button; aria-label={exporting ? 'Cancel CSV Export' : 'Export As CSV'}; title={exporting ? 'Cancel CSV Export' : 'Export As CSV'},runtime-or-tooling-source,"Requires Interaction, Error, Authorization And Accessibility Verification",9;10;11
src/pages/club/ClubDataPage.tsx,2232,button,onClick={() => shiftRange(-1)},type=button; aria-label=Previous Period,runtime-or-tooling-source,"Requires Interaction, Error, Authorization And Accessibility Verification",9;10;11
src/pages/club/ClubDataPage.tsx,2246,button,onClick={() => shiftRange(1)},type=button; aria-label=Next Period,runtime-or-tooling-source,"Requires Interaction, Error, Authorization And Accessibility Verification",9;10;11
src/pages/club/ClubDataPage.tsx,2263,button,onClick={() => setPreset(p)},type=button,runtime-or-tooling-source,"Requires Interaction, Error, Authorization And Accessibility Verification",9;10;11
src/pages/club/ClubDataPage.tsx,2285,button,onClick={() => setTab('games')}; onKeyDown={onTabKeyDown},type=button; id=club-data-tab-games,runtime-or-tooling-source,"Requires Interaction, Error, Authorization And Accessibility Verification",9;10;11
src/pages/club/ClubDataPage.tsx,2299,button,onClick={() => setTab('players')}; onKeyDown={onTabKeyDown},type=button; id=club-data-tab-players,runtime-or-tooling-source,"Requires Interaction, Error, Authorization And Accessibility Verification",9;10;11
src/pages/club/ClubDataPage.tsx,2382,button,onClick={() => void loadInvoices()},type=button,runtime-or-tooling-source,"Requires Interaction, Error, Authorization And Accessibility Verification",9;10;11
src/pages/club/ClubDataPage.tsx,2395,button,onClick={() => setShowInvoiceHistory((v) => !v)},type=button,runtime-or-tooling-source,"Requires Interaction, Error, Authorization And Accessibility Verification",9;10;11
src/pages/club/ClubDataPage.tsx,2524,button,onClick={() => setShowInvoiceDetail((v) => !v)},type=button; title={latestInvoice.breakdown ? undefined : 'No Line Detail On This Statement'},runtime-or-tooling-source,"Requires Interaction, Error, Authorization And Accessibility Verification",9;10;11
src/pages/club/ClubDataPage.tsx,2553,input,onChange={(e) => setSearchInput(e.target.value)},id=club-data-search,runtime-or-tooling-source,"Requires Interaction, Error, Authorization And Accessibility Verification",9;10;11
src/pages/club/ClubDataPage.tsx,2564,button,onClick={() => setGame(f.id)},type=button,runtime-or-tooling-source,"Requires Interaction, Error, Authorization And Accessibility Verification",9;10;11
src/pages/club/ClubDataPage.tsx,2582,button,onClick={() => setStakes((cur) => (cur === f.id ? 'ALL' : f.id))},type=button,runtime-or-tooling-source,"Requires Interaction, Error, Authorization And Accessibility Verification",9;10;11
src/pages/club/ClubDataPage.tsx,2596,button,onClick={() => setGameSort(option.id)},type=button,runtime-or-tooling-source,"Requires Interaction, Error, Authorization And Accessibility Verification",9;10;11
src/pages/club/ClubDataPage.tsx,2614,button,"onClick={() => {
                  setGame('ALL');
                  setStakes('ALL');
                  setSearchInput('');
                  setSearch('');
                }}",type=button,runtime-or-tooling-source,"Requires Interaction, Error, Authorization And Accessibility Verification",9;10;11
src/pages/club/ClubDataPage.tsx,2650,button,"onClick={() => void load(true, true)}",type=button,runtime-or-tooling-source,"Requires Interaction, Error, Authorization And Accessibility Verification",9;10;11
src/pages/club/ClubDataPage.tsx,2713,img,"onError={(e) => {
                            e.currentTarget.onerror = null;
                            e.currentTarget.src = generateAvatarSvg(
                              row.creator_id || row.id,
                              row.creator_name || row.name || '?'
                            );
                          }}",,runtime-or-tooling-source,"Requires Interaction, Error, Authorization And Accessibility Verification",9;10;11
src/pages/club/ClubDataPage.tsx,2775,button,onClick={() => void loadMoreGames()},type=button,runtime-or-tooling-source,"Requires Interaction, Error, Authorization And Accessibility Verification",9;10;11
src/pages/club/ClubDataPage.tsx,2787,button,onClick={() => void loadMoreGames()},type=button,runtime-or-tooling-source,"Requires Interaction, Error, Authorization And Accessibility Verification",9;10;11
src/pages/club/ClubDataPage.tsx,2812,button,onClick={() => setPlayerSort(o.id)},type=button,runtime-or-tooling-source,"Requires Interaction, Error, Authorization And Accessibility Verification",9;10;11
src/pages/club/ClubDataPage.tsx,2827,button,onClick={() => setHideHorses((v) => !v)},type=button; title={`${compactInt(horsesLoaded)} Of The Loaded Rows Are House Horses`},runtime-or-tooling-source,"Requires Interaction, Error, Authorization And Accessibility Verification",9;10;11
src/pages/club/ClubDataPage.tsx,2878,button,onClick={() => void loadPlayers(true)},type=button,runtime-or-tooling-source,"Requires Interaction, Error, Authorization And Accessibility Verification",9;10;11
src/pages/club/ClubDataPage.tsx,2909,img,"onError={(e) => {
                          e.currentTarget.onerror = null;
                          e.currentTarget.src = generateAvatarSvg(pl.user_id, pl.username || '?');
                        }}",,runtime-or-tooling-source,"Requires Interaction, Error, Authorization And Accessibility Verification",9;10;11
src/pages/club/ClubDataPage.tsx,2958,button,onClick={() => void loadMorePlayers()},type=button,runtime-or-tooling-source,"Requires Interaction, Error, Authorization And Accessibility Verification",9;10;11
src/pages/club/ClubDataPage.tsx,2970,button,onClick={() => void loadMorePlayers()},type=button,runtime-or-tooling-source,"Requires Interaction, Error, Authorization And Accessibility Verification",9;10;11
src/pages/club/ClubInsuranceReportPage.tsx,161,button,onClick={() => navigate('/clubs')},,runtime-or-tooling-source,"Requires Interaction, Error, Authorization And Accessibility Verification",9;10;11
src/pages/club/ClubInsuranceReportPage.tsx,175,button,onClick={() => navigate(`/clubs/${clubId}`)},,runtime-or-tooling-source,"Requires Interaction, Error, Authorization And Accessibility Verification",9;10;11
src/pages/club/ClubInsuranceReportPage.tsx,196,button,onClick={() => navigate(`/clubs/${clubId}`)},,runtime-or-tooling-source,"Requires Interaction, Error, Authorization And Accessibility Verification",9;10;11
src/pages/club/ClubInsuranceReportPage.tsx,202,button,onClick={() => setDays(w)},,runtime-or-tooling-source,"Requires Interaction, Error, Authorization And Accessibility Verification",9;10;11
src/pages/club/ClubInsuranceReportPage.tsx,216,ErrorState,onRetry={() => void load()},,runtime-or-tooling-source,"Requires Interaction, Error, Authorization And Accessibility Verification",9;10;11
src/pages/club/ClubInsuranceReportPage.tsx,291,button,onClick={exportCsv},,runtime-or-tooling-source,"Requires Interaction, Error, Authorization And Accessibility Verification",9;10;11
src/pages/club/ClubOperationsPage.tsx,180,ErrorState,onRetry={access.reload},,runtime-or-tooling-source,"Requires Interaction, Error, Authorization And Accessibility Verification",10;11
src/pages/club/ClubOperationsPage.tsx,185,PermissionState,onBack={() => navigate(`/clubs/${clubId}`)},title=Club Operations Is Restricted,runtime-or-tooling-source,"Requires Interaction, Error, Authorization And Accessibility Verification",10;11
src/pages/club/ClubOperationsPage.tsx,221,button,onClick={refresh},type=button,runtime-or-tooling-source,"Requires Interaction, Error, Authorization And Accessibility Verification",10;11
src/pages/club/TableBombSettingsPage.tsx,206,button,onClick={() => navigate(`/clubs/${clubId}`)},,runtime-or-tooling-source,"Requires Interaction, Error, Authorization And Accessibility Verification",2;10;11
src/pages/club/TableBombSettingsPage.tsx,219,input,"onChange={(e) => set('enabled', e.target.checked)}",type=checkbox,runtime-or-tooling-source,"Requires Interaction, Error, Authorization And Accessibility Verification",2;10;11
src/pages/club/TableBombSettingsPage.tsx,232,button,"onClick={() => set('mode', m.value)}",type=button,runtime-or-tooling-source,"Requires Interaction, Error, Authorization And Accessibility Verification",2;10;11
src/pages/club/TableBombSettingsPage.tsx,248,input,"onChange={(e) => set('frequency', Math.max(1, Number(e.target.value) || 1))}",type=number,runtime-or-tooling-source,"Requires Interaction, Error, Authorization And Accessibility Verification",2;10;11
src/pages/club/TableBombSettingsPage.tsx,263,input,"onChange={(e) => set('intervalMinutes', Math.max(1, Number(e.target.value) || 1))}",type=number,runtime-or-tooling-source,"Requires Interaction, Error, Authorization And Accessibility Verification",2;10;11
src/pages/club/TableBombSettingsPage.tsx,274,input,"onChange={(e) => set('announceMinutes', Math.max(0, Number(e.target.value) || 0))}",type=number,runtime-or-tooling-source,"Requires Interaction, Error, Authorization And Accessibility Verification",2;10;11
src/pages/club/TableBombSettingsPage.tsx,288,select,"onChange={(e) => set('boards', Number(e.target.value))}",,runtime-or-tooling-source,"Requires Interaction, Error, Authorization And Accessibility Verification",2;10;11
src/pages/club/TableBombSettingsPage.tsx,303,input,"onChange={(e) => set('anteBB', Math.max(0, Math.round(Number(e.target.value) || 0)))}",type=number,runtime-or-tooling-source,"Requires Interaction, Error, Authorization And Accessibility Verification",2;10;11
src/pages/club/TableBombSettingsPage.tsx,315,input,"onChange={(e) => set('anteFixed', Math.max(0, Number(e.target.value) || 0))}",type=number,runtime-or-tooling-source,"Requires Interaction, Error, Authorization And Accessibility Verification",2;10;11
src/pages/club/TableBombSettingsPage.tsx,326,input,"onChange={(e) => set('minPlayers', Math.max(2, Number(e.target.value) || 2))}",type=number,runtime-or-tooling-source,"Requires Interaction, Error, Authorization And Accessibility Verification",2;10;11
src/pages/club/TableBombSettingsPage.tsx,338,select,"onChange={(e) => set('variant', e.target.value)}",,runtime-or-tooling-source,"Requires Interaction, Error, Authorization And Accessibility Verification",2;10;11
src/pages/club/TableBombSettingsPage.tsx,349,input,"onChange={(e) => set('separateButton', e.target.checked)}",type=checkbox,runtime-or-tooling-source,"Requires Interaction, Error, Authorization And Accessibility Verification",2;10;11
src/pages/club/TableBombSettingsPage.tsx,358,button,onClick={save},,runtime-or-tooling-source,"Requires Interaction, Error, Authorization And Accessibility Verification",2;10;11
src/pages/dev/ArenaGameCardsShowcasePage.tsx,93,button,,type=button; aria-label=Open Table Menu,development-or-preview,"Requires Interaction, Error, Authorization And Accessibility Verification",11
src/pages/dev/ArenaGameCardsShowcasePage.tsx,102,button,,type=button; aria-label=Open Another Table,development-or-preview,"Requires Interaction, Error, Authorization And Accessibility Verification",11
src/pages/dev/ArenaGameCardsShowcasePage.tsx,139,button,,"type=button; aria-label=Bad Beat Jackpot: 93,293.98",development-or-preview,"Requires Interaction, Error, Authorization And Accessibility Verification",11
src/pages/dev/ArenaGameCardsShowcasePage.tsx,146,button,onClick={() => setWalletsOpen((open) => !open)},type=button,development-or-preview,"Requires Interaction, Error, Authorization And Accessibility Verification",11
src/pages/dev/ArenaGameCardsShowcasePage.tsx,168,button,,type=button,development-or-preview,"Requires Interaction, Error, Authorization And Accessibility Verification",11
src/pages/dev/ArenaGameCardsShowcasePage.tsx,195,button,,type=button,development-or-preview,"Requires Interaction, Error, Authorization And Accessibility Verification",11
src/pages/dev/ArenaGameCardsShowcasePage.tsx,206,button,,type=button; aria-label=Filters And Sort,development-or-preview,"Requires Interaction, Error, Authorization And Accessibility Verification",11
src/pages/dev/ArenaGameCardsShowcasePage.tsx,218,button,,type=button,development-or-preview,"Requires Interaction, Error, Authorization And Accessibility Verification",11
src/pages/dev/ArenaGameCardsShowcasePage.tsx,232,button,,type=button,development-or-preview,"Requires Interaction, Error, Authorization And Accessibility Verification",11
src/pages/dev/ClubButtonsShowcasePage.tsx,72,select,onChange={(event) => setMode(event.target.value as ClubButtonsMode)},,development-or-preview,"Requires Interaction, Error, Authorization And Accessibility Verification",10;11
src/pages/dev/ClubButtonsShowcasePage.tsx,97,button,onClick={nextJackpot},type=button,development-or-preview,"Requires Interaction, Error, Authorization And Accessibility Verification",10;11
src/pages/dev/ClubButtonsShowcasePage.tsx,103,button,onClick={() => setJackpotState(state)},type=button,development-or-preview,"Requires Interaction, Error, Authorization And Accessibility Verification",10;11
src/pages/dev/ClubButtonsShowcasePage.tsx,210,ArenaIconButton,onClick={() => setSelectedUtility(control.label)},,development-or-preview,"Requires Interaction, Error, Authorization And Accessibility Verification",10;11
src/pages/dev/ClubButtonsShowcasePage.tsx,220,ArenaTabs,onChange={setTab},,development-or-preview,"Requires Interaction, Error, Authorization And Accessibility Verification",10;11
src/pages/dev/ClubButtonsShowcasePage.tsx,259,form,onSubmit={(event) => event.preventDefault()},,development-or-preview,"Requires Interaction, Error, Authorization And Accessibility Verification",10;11
src/pages/dev/ClubButtonsShowcasePage.tsx,266,ArenaToggle,onChange={setToggle},,development-or-preview,"Requires Interaction, Error, Authorization And Accessibility Verification",10;11
src/pages/dev/ClubButtonsShowcasePage.tsx,267,ArenaActionButton,onClick={() => setModalOpen(true)},,development-or-preview,"Requires Interaction, Error, Authorization And Accessibility Verification",10;11
src/pages/dev/ClubButtonsShowcasePage.tsx,295,div,onMouseDown={(event) => event.target === event.currentTarget && setModalOpen(false)},,development-or-preview,"Requires Interaction, Error, Authorization And Accessibility Verification",10;11
src/pages/dev/ClubButtonsShowcasePage.tsx,299,ArenaModalFrame,onClose={() => setModalOpen(false)},title=Tournament Registration,development-or-preview,"Requires Interaction, Error, Authorization And Accessibility Verification",10;11
src/pages/dev/ClubButtonsShowcasePage.tsx,306,ArenaActionButton,onClick={() => setModalOpen(false)},,development-or-preview,"Requires Interaction, Error, Authorization And Accessibility Verification",10;11
src/pages/dev/ClubButtonsShowcasePage.tsx,312,ArenaActionButton,onClick={() => setModalOpen(false)},,development-or-preview,"Requires Interaction, Error, Authorization And Accessibility Verification",10;11
src/pages/dev/CustomizationStudioShowcasePage.tsx,51,button,onClick={() => setOpen(true)},type=button,development-or-preview,"Requires Interaction, Error, Authorization And Accessibility Verification",11
src/pages/dev/CustomizationStudioShowcasePage.tsx,70,ThemeSettingsModal,onClose={() => setOpen(false)},,development-or-preview,"Requires Interaction, Error, Authorization And Accessibility Verification",11
src/pages/dev/FinancialDecisionShowcasePage.tsx,98,button,onClick={offerWaitlistSeat},type=button,development-or-preview,"Requires Interaction, Error, Authorization And Accessibility Verification",11
src/pages/dev/FinancialDecisionShowcasePage.tsx,101,InsuranceModal,onClose={declineInsurance}; onAccept={rejectInsurance}; onDecline={declineInsurance}; onDeclineForHand={declineInsurance},,development-or-preview,"Requires Interaction, Error, Authorization And Accessibility Verification",11
src/pages/dev/FinancialDecisionShowcasePage.tsx,110,RabbitHunt,onReveal={revealRabbit},,development-or-preview,"Requires Interaction, Error, Authorization And Accessibility Verification",11
src/pages/legal/FairGamingPage.tsx,114,a,,,runtime-or-tooling-source,"Requires Interaction, Error, Authorization And Accessibility Verification",11
src/pages/legal/PrivacyPolicyPage.tsx,183,a,,,runtime-or-tooling-source,"Requires Interaction, Error, Authorization And Accessibility Verification",6;11
src/pages/legal/PrivacyPolicyPage.tsx,260,a,,,runtime-or-tooling-source,"Requires Interaction, Error, Authorization And Accessibility Verification",6;11
src/pages/legal/PrivacyPolicyPage.tsx,263,a,,,runtime-or-tooling-source,"Requires Interaction, Error, Authorization And Accessibility Verification",6;11
src/pages/legal/PromotionsPage.tsx,125,a,,,runtime-or-tooling-source,"Requires Interaction, Error, Authorization And Accessibility Verification",5;11
src/pages/legal/TermsOfServicePage.tsx,122,a,,,runtime-or-tooling-source,"Requires Interaction, Error, Authorization And Accessibility Verification",11
src/pages/marketplace/DiamondsTab.tsx,135,a,,,runtime-or-tooling-source,"Requires Interaction, Error, Authorization And Accessibility Verification",4;11
src/pages/marketplace/DiamondsTab.tsx,178,button,onClick={() => handleBuy(pkg)},aria-label={`Buy ${totalDiamonds.toLocaleString()} Diamonds For $${pkg.priceUsd.toFixed(2)}`},runtime-or-tooling-source,"Requires Interaction, Error, Authorization And Accessibility Verification",4;11
src/pages/marketplace/ManageTab.tsx,428,input,onChange={(e) => setName(e.target.value)},aria-label=Item Name,runtime-or-tooling-source,"Requires Interaction, Error, Authorization And Accessibility Verification",11
src/pages/marketplace/ManageTab.tsx,436,input,onChange={(e) => setPrice(e.target.value)},type=number; aria-label=Item Price In Diamonds,runtime-or-tooling-source,"Requires Interaction, Error, Authorization And Accessibility Verification",11
src/pages/marketplace/ManageTab.tsx,447,input,onChange={(e) => setDesc(e.target.value)},,runtime-or-tooling-source,"Requires Interaction, Error, Authorization And Accessibility Verification",11
src/pages/marketplace/ManageTab.tsx,455,select,onChange={(e) => setCategory(e.target.value)},aria-label=Item Category,runtime-or-tooling-source,"Requires Interaction, Error, Authorization And Accessibility Verification",11
src/pages/marketplace/ManageTab.tsx,467,input,onChange={(e) => setImageUrl(e.target.value)},aria-label=Item Image URL,runtime-or-tooling-source,"Requires Interaction, Error, Authorization And Accessibility Verification",11
src/pages/marketplace/ManageTab.tsx,476,input,onChange={(e) => setStock(e.target.value)},"type=number; aria-label=Stock Quantity, Blank For Unlimited",runtime-or-tooling-source,"Requires Interaction, Error, Authorization And Accessibility Verification",11
src/pages/marketplace/ManageTab.tsx,486,input,onChange={(e) => setPerUserLimit(e.target.value)},type=number; aria-label=Maximum Purchases Per Member,runtime-or-tooling-source,"Requires Interaction, Error, Authorization And Accessibility Verification",11
src/pages/marketplace/ManageTab.tsx,498,input,onChange={(e) => setSalePrice(e.target.value)},type=number; aria-label=Discounted Sale Price,runtime-or-tooling-source,"Requires Interaction, Error, Authorization And Accessibility Verification",11
src/pages/marketplace/ManageTab.tsx,508,input,onChange={(e) => setAvailableUntil(e.target.value)},type=datetime-local; aria-label=Available Until,runtime-or-tooling-source,"Requires Interaction, Error, Authorization And Accessibility Verification",11
src/pages/marketplace/ManageTab.tsx,517,input,onChange={(e) => setAvailableFrom(e.target.value)},type=datetime-local; aria-label=Available From,runtime-or-tooling-source,"Requires Interaction, Error, Authorization And Accessibility Verification",11
src/pages/marketplace/ManageTab.tsx,524,input,onChange={(e) => setSortOrder(e.target.value)},type=number; aria-label=Storefront Sort Order,runtime-or-tooling-source,"Requires Interaction, Error, Authorization And Accessibility Verification",11
src/pages/marketplace/ManageTab.tsx,540,input,onChange={(e) => setGrantQty(e.target.value)},type=number; aria-label={`Number Of ${grantInfo.grantUnit} Granted`},runtime-or-tooling-source,"Requires Interaction, Error, Authorization And Accessibility Verification",11
src/pages/marketplace/ManageTab.tsx,560,select,onChange={(event) => setGrantRef(event.target.value)},aria-label=Table Studio Theme,runtime-or-tooling-source,"Requires Interaction, Error, Authorization And Accessibility Verification",11
src/pages/marketplace/ManageTab.tsx,574,select,onChange={(event) => setGrantRef(event.target.value)},aria-label=Avatar Library Selection,runtime-or-tooling-source,"Requires Interaction, Error, Authorization And Accessibility Verification",11
src/pages/marketplace/ManageTab.tsx,599,button,onClick={() => setAvatarCatalogState('idle')},type=button,runtime-or-tooling-source,"Requires Interaction, Error, Authorization And Accessibility Verification",11
src/pages/marketplace/ManageTab.tsx,616,button,onClick={handleCreate},,runtime-or-tooling-source,"Requires Interaction, Error, Authorization And Accessibility Verification",11
src/pages/marketplace/ManageTab.tsx,634,button,onClick={loadItems},,runtime-or-tooling-source,"Requires Interaction, Error, Authorization And Accessibility Verification",11
src/pages/marketplace/ManageTab.tsx,680,button,"onClick={() => {
                      if (editingId === item.id) {
                        setEditingId(null);
                        setDraft(null);
                      } else {
                        startEdit(item);
                      }
                    }}",,runtime-or-tooling-source,"Requires Interaction, Error, Authorization And Accessibility Verification",11
src/pages/marketplace/ManageTab.tsx,694,button,onClick={() => handleToggle(item)},,runtime-or-tooling-source,"Requires Interaction, Error, Authorization And Accessibility Verification",11
src/pages/marketplace/ManageTab.tsx,701,button,onClick={() => handleDelete(item)},"title={
                      (item.purchase_count || 0) > 0
                        ? 'Items With Sales Cannot Be Deleted - Hide Them Instead'
                        : 'Delete This Item'
                    }",runtime-or-tooling-source,"Requires Interaction, Error, Authorization And Accessibility Verification",11
src/pages/marketplace/ManageTab.tsx,720,input,"onChange={(e) => setDraft({ ...draft, name: e.target.value })}",,runtime-or-tooling-source,"Requires Interaction, Error, Authorization And Accessibility Verification",11
src/pages/marketplace/ManageTab.tsx,727,input,"onChange={(e) => setDraft({ ...draft, price: e.target.value })}",type=number,runtime-or-tooling-source,"Requires Interaction, Error, Authorization And Accessibility Verification",11
src/pages/marketplace/ManageTab.tsx,736,input,"onChange={(e) => setDraft({ ...draft, description: e.target.value })}",aria-label=Item Description,runtime-or-tooling-source,"Requires Interaction, Error, Authorization And Accessibility Verification",11
src/pages/marketplace/ManageTab.tsx,745,select,"onChange={(e) => setDraft({ ...draft, category: e.target.value })}",aria-label=Item Category,runtime-or-tooling-source,"Requires Interaction, Error, Authorization And Accessibility Verification",11
src/pages/marketplace/ManageTab.tsx,760,input,"onChange={(e) => setDraft({ ...draft, imageUrl: e.target.value })}",,runtime-or-tooling-source,"Requires Interaction, Error, Authorization And Accessibility Verification",11
src/pages/marketplace/ManageTab.tsx,768,input,"onChange={(e) => setDraft({ ...draft, stock: e.target.value })}","type=number; aria-label=Stock Quantity, Blank For Unlimited",runtime-or-tooling-source,"Requires Interaction, Error, Authorization And Accessibility Verification",11
src/pages/marketplace/ManageTab.tsx,778,input,"onChange={(e) => setDraft({ ...draft, salePrice: e.target.value })}","type=number; aria-label=Sale Price, Blank To End The Sale",runtime-or-tooling-source,"Requires Interaction, Error, Authorization And Accessibility Verification",11
src/pages/marketplace/ManageTab.tsx,793,input,"onChange={(e) => setDraft({ ...draft, perUserLimit: e.target.value })}",type=number; aria-label=Maximum Purchases Per Member,runtime-or-tooling-source,"Requires Interaction, Error, Authorization And Accessibility Verification",11
src/pages/marketplace/ManageTab.tsx,803,input,"onChange={(e) => setDraft({ ...draft, sortOrder: e.target.value })}",type=number; aria-label=Storefront Sort Order,runtime-or-tooling-source,"Requires Interaction, Error, Authorization And Accessibility Verification",11
src/pages/marketplace/ManageTab.tsx,814,input,"onChange={(e) => setDraft({ ...draft, availableFrom: e.target.value })}",type=datetime-local; aria-label=Available From,runtime-or-tooling-source,"Requires Interaction, Error, Authorization And Accessibility Verification",11
src/pages/marketplace/ManageTab.tsx,821,input,"onChange={(e) => setDraft({ ...draft, availableUntil: e.target.value })}",type=datetime-local; aria-label=Available Until,runtime-or-tooling-source,"Requires Interaction, Error, Authorization And Accessibility Verification",11
src/pages/marketplace/ManageTab.tsx,831,input,"onChange={(e) => setDraft({ ...draft, stackable: e.target.checked })}",type=checkbox,runtime-or-tooling-source,"Requires Interaction, Error, Authorization And Accessibility Verification",11
src/pages/marketplace/ManageTab.tsx,846,input,"onChange={(e) => setDraft({ ...draft, grantQty: e.target.value })}",type=number; aria-label={`Number Of ${g.grantUnit} Granted`},runtime-or-tooling-source,"Requires Interaction, Error, Authorization And Accessibility Verification",11
src/pages/marketplace/ManageTab.tsx,858,select,"onChange={(event) =>
                              setDraft({ ...draft, grantRef: event.target.value })
                            }",aria-label=Table Studio Theme,runtime-or-tooling-source,"Requires Interaction, Error, Authorization And Accessibility Verification",11
src/pages/marketplace/ManageTab.tsx,879,select,"onChange={(e) => setDraft({ ...draft, grantRef: e.target.value })}",aria-label=Avatar Library Selection,runtime-or-tooling-source,"Requires Interaction, Error, Authorization And Accessibility Verification",11
src/pages/marketplace/ManageTab.tsx,905,button,onClick={() => setAvatarCatalogState('idle')},type=button,runtime-or-tooling-source,"Requires Interaction, Error, Authorization And Accessibility Verification",11
src/pages/marketplace/ManageTab.tsx,919,button,onClick={() => handleSaveEdit(item)},,runtime-or-tooling-source,"Requires Interaction, Error, Authorization And Accessibility Verification",11
src/pages/marketplace/ManageTab.tsx,926,button,"onClick={() => {
                        setEditingId(null);
                        setDraft(null);
                      }}",,runtime-or-tooling-source,"Requires Interaction, Error, Authorization And Accessibility Verification",11
src/pages/marketplace/MembershipTab.tsx,261,button,,,runtime-or-tooling-source,"Requires Interaction, Error, Authorization And Accessibility Verification",10;11
src/pages/marketplace/MembershipTab.tsx,274,button,onClick={() => buyWithCard(plan.checkoutPlan as string)},,runtime-or-tooling-source,"Requires Interaction, Error, Authorization And Accessibility Verification",10;11
src/pages/marketplace/MembershipTab.tsx,290,button,"onClick={() => plan.planKey && buyWithDiamonds(plan.planKey, plan.priceDiamonds)}",,runtime-or-tooling-source,"Requires Interaction, Error, Authorization And Accessibility Verification",10;11
src/pages/marketplace/MembershipTab.tsx,309,button,onClick={manageSubscription},type=button,runtime-or-tooling-source,"Requires Interaction, Error, Authorization And Accessibility Verification",10;11
src/pages/marketplace/MembershipTab.tsx,313,button,onClick={restorePurchases},type=button,runtime-or-tooling-source,"Requires Interaction, Error, Authorization And Accessibility Verification",10;11
src/pages/marketplace/MembershipTab.tsx,326,a,,,runtime-or-tooling-source,"Requires Interaction, Error, Authorization And Accessibility Verification",10;11
src/pages/marketplace/MyItemsTab.tsx,255,button,onClick={onGoStore},,runtime-or-tooling-source,"Requires Interaction, Error, Authorization And Accessibility Verification",11
src/pages/marketplace/MyItemsTab.tsx,344,button,onClick={() => handleRedeem(it.id)},,runtime-or-tooling-source,"Requires Interaction, Error, Authorization And Accessibility Verification",11
src/pages/marketplace/MyItemsTab.tsx,363,button,onClick={onGoStore},,runtime-or-tooling-source,"Requires Interaction, Error, Authorization And Accessibility Verification",11
src/pages/marketplace/MyItemsTab.tsx,372,button,onClick={() => setShowHistory((v) => !v)},,runtime-or-tooling-source,"Requires Interaction, Error, Authorization And Accessibility Verification",11
src/pages/marketplace/MyItemsTab.tsx,430,button,"onClick={() =>
                                handleRefund(p.id, p.item_name || 'This Item', p.currency)
                              }",,runtime-or-tooling-source,"Requires Interaction, Error, Authorization And Accessibility Verification",11
src/pages/marketplace/PurchaseLedger.tsx,118,button,onClick={() => setOpen(true)},,runtime-or-tooling-source,"Requires Interaction, Error, Authorization And Accessibility Verification",11
src/pages/marketplace/PurchaseLedger.tsx,129,button,onClick={() => setOpen(false)},,runtime-or-tooling-source,"Requires Interaction, Error, Authorization And Accessibility Verification",11
src/pages/marketplace/PurchaseLedger.tsx,135,input,"onChange={(e) => {
            setOffset(0);
            setQuery(e.target.value);
          }}",aria-label=Search Purchases By Item Or Member,runtime-or-tooling-source,"Requires Interaction, Error, Authorization And Accessibility Verification",11
src/pages/marketplace/PurchaseLedger.tsx,154,button,onClick={load},,runtime-or-tooling-source,"Requires Interaction, Error, Authorization And Accessibility Verification",11
src/pages/marketplace/PurchaseLedger.tsx,202,button,onClick={() => handleRefund(r)},,runtime-or-tooling-source,"Requires Interaction, Error, Authorization And Accessibility Verification",11
src/pages/marketplace/PurchaseLedger.tsx,231,button,"onClick={() => setOffset(Math.max(0, offset - PAGE))}",,runtime-or-tooling-source,"Requires Interaction, Error, Authorization And Accessibility Verification",11
src/pages/marketplace/PurchaseLedger.tsx,241,button,onClick={() => setOffset(offset + PAGE)},,runtime-or-tooling-source,"Requires Interaction, Error, Authorization And Accessibility Verification",11
src/pages/marketplace/ShopAnalytics.tsx,97,button,onClick={() => setDays(d)},,runtime-or-tooling-source,"Requires Interaction, Error, Authorization And Accessibility Verification",9;11
src/pages/marketplace/ShopAnalytics.tsx,116,button,onClick={load},,runtime-or-tooling-source,"Requires Interaction, Error, Authorization And Accessibility Verification",9;11
src/pages/marketplace/StoreTab.tsx,319,button,onClick={onGoManage},,runtime-or-tooling-source,"Requires Interaction, Error, Authorization And Accessibility Verification",11
src/pages/marketplace/StoreTab.tsx,331,div,onClick={() => !processing && closeBuy()},,runtime-or-tooling-source,"Requires Interaction, Error, Authorization And Accessibility Verification",11
src/pages/marketplace/StoreTab.tsx,332,div,onClick={(e) => e.stopPropagation()},,runtime-or-tooling-source,"Requires Interaction, Error, Authorization And Accessibility Verification",11
src/pages/marketplace/StoreTab.tsx,342,button,onClick={closeBuy},type=button; aria-label=Close Purchase,runtime-or-tooling-source,"Requires Interaction, Error, Authorization And Accessibility Verification",11
src/pages/marketplace/StoreTab.tsx,401,button,"onClick={() => {
                    closeBuy();
                    onGoDiamonds();
                  }}",,runtime-or-tooling-source,"Requires Interaction, Error, Authorization And Accessibility Verification",11
src/pages/marketplace/StoreTab.tsx,413,button,onClick={closeBuy},,runtime-or-tooling-source,"Requires Interaction, Error, Authorization And Accessibility Verification",11
src/pages/marketplace/StoreTab.tsx,416,button,onClick={handlePurchase},,runtime-or-tooling-source,"Requires Interaction, Error, Authorization And Accessibility Verification",11
src/pages/marketplace/StoreTab.tsx,449,button,onClick={() => setCategoryFilter(cat)},type=button,runtime-or-tooling-source,"Requires Interaction, Error, Authorization And Accessibility Verification",11
src/pages/marketplace/StoreTab.tsx,465,input,onChange={(e) => setSearchFilter(e.target.value)},type=search; aria-label=Search Shop Items,runtime-or-tooling-source,"Requires Interaction, Error, Authorization And Accessibility Verification",11
src/pages/marketplace/StoreTab.tsx,474,select,onChange={(e) => setSortMode(e.target.value as SortMode)},aria-label=Sort Shop Items,runtime-or-tooling-source,"Requires Interaction, Error, Authorization And Accessibility Verification",11
src/pages/marketplace/StoreTab.tsx,493,button,"onClick={() => {
              setCategoryFilter('All');
              setSearchFilter('');
            }}",type=button,runtime-or-tooling-source,"Requires Interaction, Error, Authorization And Accessibility Verification",11
src/pages/marketplace/StoreTab.tsx,510,button,"onClick={() => {
              setCategoryFilter('All');
              setSearchFilter('');
            }}",,runtime-or-tooling-source,"Requires Interaction, Error, Authorization And Accessibility Verification",11
src/pages/marketplace/StoreTab.tsx,552,img,"onError={(e) => {
                        (e.currentTarget as HTMLImageElement).style.display = 'none';
                      }}",,runtime-or-tooling-source,"Requires Interaction, Error, Authorization And Accessibility Verification",11
src/pages/marketplace/StoreTab.tsx,599,button,onClick={() => openBuy(item)},"title={
                        blocked === 'not_yet' && item.available_from
                          ? `Available From ${new Date(item.available_from).toLocaleString()}`
                          : undefined
                      }",runtime-or-tooling-source,"Requires Interaction, Error, Authorization And Accessibility Verification",11
src/pages/stats/AnalysisTab.tsx,122,StatsCharts,onExportSessions={exportSessionsCSV}; onExportOverview={exportOverviewCSV},,runtime-or-tooling-source,"Requires Interaction, Error, Authorization And Accessibility Verification",9;11
src/pages/stats/AnalysisTab.tsx,156,button,onClick={() => setHandMode(mode)},,runtime-or-tooling-source,"Requires Interaction, Error, Authorization And Accessibility Verification",9;11
src/pages/stats/AnalysisTab.tsx,170,button,onClick={() => setHandsReload((n) => n + 1)},,runtime-or-tooling-source,"Requires Interaction, Error, Authorization And Accessibility Verification",9;11
src/pages/stats/AnalysisTab.tsx,213,button,onClick={() => openHandEvidence()},,runtime-or-tooling-source,"Requires Interaction, Error, Authorization And Accessibility Verification",9;11
src/pages/stats/OverviewTab.tsx,102,button,onClick={() => openHandEvidence({ variant: v.variant })},type=button; aria-label={`Review ${String(v.variant).toUpperCase()} Hands`},runtime-or-tooling-source,"Requires Interaction, Error, Authorization And Accessibility Verification",9;11
src/pages/stats/OverviewTab.tsx,135,button,onClick={() => openHandEvidence({ bigBlind: st.big_blind })},type=button; aria-label={`Review Hands At ${st.big_blind} Big Blind`},runtime-or-tooling-source,"Requires Interaction, Error, Authorization And Accessibility Verification",9;11
src/pages/stats/OverviewTab.tsx,216,button,onClick={() => openHandEvidence()},,runtime-or-tooling-source,"Requires Interaction, Error, Authorization And Accessibility Verification",9;11
src/pages/stats/OverviewTab.tsx,219,button,onClick={printDossier},,runtime-or-tooling-source,"Requires Interaction, Error, Authorization And Accessibility Verification",9;11
src/pages/stats/PositionsTab.tsx,37,button,onClick={() => openHandEvidence({ position: position.position })},type=button,runtime-or-tooling-source,"Requires Interaction, Error, Authorization And Accessibility Verification",9;11
src/pages/stats/TrophiesTab.tsx,45,button,onClick={() => setAllTimeReload((n) => n + 1)},,runtime-or-tooling-source,"Requires Interaction, Error, Authorization And Accessibility Verification",9;11
src/pages/tournament/TournamentDetails.tsx,1430,button,"onClick={() => setActiveTab(tab.id)}; onKeyDown={(e) => {
                const last = visibleTabs.length - 1;
                let next = -1;
                if (e.key === 'ArrowRight') next = i === last ? 0 : i + 1;
                else if (e.key === 'ArrowLeft') next = i === 0 ? last : i - 1;
                else if (e.key === 'Home') next = 0;
                else if (e.key === 'End') next = last;
                if (next === -1) return;
                e.preventDefault();
                setActiveTab(visibleTabs[next].id);
                tabRefs.current[next]?.focus();
              }}",id={`tl-tab-${tab.id}`}; type=button,runtime-or-tooling-source,"Requires Interaction, Error, Authorization And Accessibility Verification",3;11
src/pages/tournament/TournamentDetails.tsx,1476,button,onClick={() => void shareTournament()},type=button; aria-label=Share This Tournament,runtime-or-tooling-source,"Requires Interaction, Error, Authorization And Accessibility Verification",3;11
src/pages/tournament/TournamentDetails.tsx,1527,button,onClick={() => void shareTournament()},type=button,runtime-or-tooling-source,"Requires Interaction, Error, Authorization And Accessibility Verification",3;11
src/pages/tournament/TournamentDetails.tsx,1592,button,onClick={() => watchTable(featuredTableId)},type=button; title=Watch The Featured Table,runtime-or-tooling-source,"Requires Interaction, Error, Authorization And Accessibility Verification",3;11
src/pages/tournament/TournamentDetails.tsx,1621,button,onClick={() => handleRegister(true)},type=button,runtime-or-tooling-source,"Requires Interaction, Error, Authorization And Accessibility Verification",3;11
src/pages/tournament/TournamentDetails.tsx,1650,button,onClick={handleUnregister},type=button,runtime-or-tooling-source,"Requires Interaction, Error, Authorization And Accessibility Verification",3;11
src/pages/tournament/TournamentDetails.tsx,1662,button,onClick={() => handleRegister(false)},type=button,runtime-or-tooling-source,"Requires Interaction, Error, Authorization And Accessibility Verification",3;11
src/pages/tournament/TournamentLobbyPage.tsx,751,input,onChange={(e) => setSearchQuery(e.target.value)},type=text,runtime-or-tooling-source,"Requires Interaction, Error, Authorization And Accessibility Verification",3;8;11
src/pages/tournament/TournamentLobbyPage.tsx,765,button,onClick={() => setStatusFilter(status as TournamentStatus)},,runtime-or-tooling-source,"Requires Interaction, Error, Authorization And Accessibility Verification",3;8;11
src/pages/tournament/TournamentLobbyPage.tsx,791,button,onClick={() => setTypeFilter(tf as TournamentTypeFilter)},,runtime-or-tooling-source,"Requires Interaction, Error, Authorization And Accessibility Verification",3;8;11
src/pages/tournament/TournamentLobbyPage.tsx,848,TournamentLobbyCard,onRegister={() => handleRegister(tournament.id)},,runtime-or-tooling-source,"Requires Interaction, Error, Authorization And Accessibility Verification",3;8;11
src/pages/tournament/TournamentResultsPage.tsx,692,button,onClick={() => navigate(-1)},,runtime-or-tooling-source,"Requires Interaction, Error, Authorization And Accessibility Verification",3;11
src/pages/tournament/TournamentResultsPage.tsx,712,button,onClick={() => setFilter('all')},,runtime-or-tooling-source,"Requires Interaction, Error, Authorization And Accessibility Verification",3;11
src/pages/tournament/TournamentResultsPage.tsx,728,button,onClick={() => setFilter('mine')},,runtime-or-tooling-source,"Requires Interaction, Error, Authorization And Accessibility Verification",3;11
src/pages/tournament/TournamentResultsPage.tsx,750,button,onClick={() => setTypeFilter(t)},,runtime-or-tooling-source,"Requires Interaction, Error, Authorization And Accessibility Verification",3;11
src/pages/tournament/TournamentResultsPage.tsx,793,div,"onClick={() => {
                  const t = tournaments.find((x) => x.id === h.tournamentId);
                  if (t) {
                    setSelectedTournament(t);
                    return;
                  }
                  /* A hit older than the list's top 100 is not in
                     `tournaments` - load its row directly, the same shape
                     as the ?id= deep link. Error-bound per the ratchet. */
                  void (async () => {
                    const { data, error: hitRowErr } = await supabase
                      .from('tournaments')
                      .select(
                        'id, name, variant, tournament_type, game_type, buy_in_amount, buy_in_fee, prize_pool, current_players, max_players, status, started_at, ended_at, is_xmtt, is_bounty, is_pko, is_mystery_bounty, spin_multiplier'
                      )
                      .eq('id', h.tournamentId)
                      .maybeSingle();
                    if (hitRowErr) {
                      reportError(hitRowErr, 'TournamentResultsPage.biggest_hit_open_failed', {
                        tournamentId: h.tournamentId,
                      });
                      return;
                    }
                    if (data && isMounted.current) {
                      setSelectedTournament(data as CompletedTournament);
                    }
                  })();
                }}",,runtime-or-tooling-source,"Requires Interaction, Error, Authorization And Accessibility Verification",3;11
src/pages/tournament/TournamentResultsPage.tsx,884,button,onClick={() => setSpinBoardTab(tab)},,runtime-or-tooling-source,"Requires Interaction, Error, Authorization And Accessibility Verification",3;11
src/pages/tournament/TournamentResultsPage.tsx,948,div,onClick={() => setSelectedTournament(selectedTournament?.id === t.id ? null : t)},,runtime-or-tooling-source,"Requires Interaction, Error, Authorization And Accessibility Verification",3;11
src/pages/tournament/TournamentResultsPage.tsx,1037,button,onClick={() => setActiveTab('standings')},,runtime-or-tooling-source,"Requires Interaction, Error, Authorization And Accessibility Verification",3;11
src/pages/tournament/TournamentResultsPage.tsx,1052,button,onClick={() => setActiveTab('hands')},,runtime-or-tooling-source,"Requires Interaction, Error, Authorization And Accessibility Verification",3;11
src/pages/tournament/TournamentResultsPage.tsx,1089,button,onClick={() => setResultSort(s)},,runtime-or-tooling-source,"Requires Interaction, Error, Authorization And Accessibility Verification",3;11
tests/actionpanel-allin-label-truth.test.tsx,42,ActionPanel,onAction={vi.fn()},,test-or-fixture,"Requires Interaction, Error, Authorization And Accessibility Verification",12
tests/actionpanel-allin-label-truth.test.tsx,50,ActionPanel,onAction={onAction},,test-or-fixture,"Requires Interaction, Error, Authorization And Accessibility Verification",12
tests/actionpanel-allin-label-truth.test.tsx,58,ActionPanel,onAction={onAction},,test-or-fixture,"Requires Interaction, Error, Authorization And Accessibility Verification",12
tests/actionpanel-allin-label-truth.test.tsx,74,ActionPanel,onAction={vi.fn()},,test-or-fixture,"Requires Interaction, Error, Authorization And Accessibility Verification",12
tests/actionpanel-allin-label-truth.test.tsx,82,ActionPanel,onAction={vi.fn()},,test-or-fixture,"Requires Interaction, Error, Authorization And Accessibility Verification",12
tests/actionpanel-allin-label-truth.test.tsx,96,ActionPanel,onAction={vi.fn()},,test-or-fixture,"Requires Interaction, Error, Authorization And Accessibility Verification",12
tests/actionpanel-bet-granularity.test.tsx,118,ActionPanel,onAction={vi.fn()},,test-or-fixture,"Requires Interaction, Error, Authorization And Accessibility Verification",2;12
tests/actionpanel-bet-granularity.test.tsx,127,ActionPanel,onAction={vi.fn()},,test-or-fixture,"Requires Interaction, Error, Authorization And Accessibility Verification",2;12
tests/actionpanel-bet-granularity.test.tsx,135,ActionPanel,onAction={onAction},,test-or-fixture,"Requires Interaction, Error, Authorization And Accessibility Verification",2;12
tests/actionpanel-bet-granularity.test.tsx,146,ActionPanel,onAction={onAction},,test-or-fixture,"Requires Interaction, Error, Authorization And Accessibility Verification",2;12
tests/actionpanel-bet-granularity.test.tsx,158,ActionPanel,onAction={vi.fn()},,test-or-fixture,"Requires Interaction, Error, Authorization And Accessibility Verification",2;12
tests/actionpanel-bet-granularity.test.tsx,166,ActionPanel,onAction={vi.fn()},,test-or-fixture,"Requires Interaction, Error, Authorization And Accessibility Verification",2;12
tests/actionpanel-bet-granularity.test.tsx,184,ActionPanel,onAction={vi.fn()},,test-or-fixture,"Requires Interaction, Error, Authorization And Accessibility Verification",2;12
tests/actionpanel-bet-granularity.test.tsx,247,ActionPanel,onAction={vi.fn()},,test-or-fixture,"Requires Interaction, Error, Authorization And Accessibility Verification",2;12
tests/actionpanel-bet-granularity.test.tsx,259,ActionPanel,onAction={onAction},,test-or-fixture,"Requires Interaction, Error, Authorization And Accessibility Verification",2;12
tests/actionpanel-bet-granularity.test.tsx,268,ActionPanel,onAction={onAction},,test-or-fixture,"Requires Interaction, Error, Authorization And Accessibility Verification",2;12
tests/actionpanel-bet-granularity.test.tsx,277,ActionPanel,onAction={onAction},,test-or-fixture,"Requires Interaction, Error, Authorization And Accessibility Verification",2;12
tests/actionpanel-bet-granularity.test.tsx,285,ActionPanel,onAction={vi.fn()},,test-or-fixture,"Requires Interaction, Error, Authorization And Accessibility Verification",2;12
tests/actionpanel-bet-granularity.test.tsx,293,ActionPanel,onAction={vi.fn()},,test-or-fixture,"Requires Interaction, Error, Authorization And Accessibility Verification",2;12
tests/actionpanel-bet-granularity.test.tsx,304,ActionPanel,onAction={vi.fn()},,test-or-fixture,"Requires Interaction, Error, Authorization And Accessibility Verification",2;12
tests/actionpanel-bet-granularity.test.tsx,319,ActionPanel,onAction={onAction},,test-or-fixture,"Requires Interaction, Error, Authorization And Accessibility Verification",2;12
tests/actionpanel-bet-vs-raise.test.tsx,50,ActionPanel,onAction={vi.fn()},,test-or-fixture,"Requires Interaction, Error, Authorization And Accessibility Verification",12
tests/actionpanel-bet-vs-raise.test.tsx,56,ActionPanel,onAction={vi.fn()},,test-or-fixture,"Requires Interaction, Error, Authorization And Accessibility Verification",12
tests/actionpanel-bet-vs-raise.test.tsx,65,ActionPanel,onAction={vi.fn()},,test-or-fixture,"Requires Interaction, Error, Authorization And Accessibility Verification",12
tests/actionpanel-bet-vs-raise.test.tsx,72,ActionPanel,onAction={vi.fn()},,test-or-fixture,"Requires Interaction, Error, Authorization And Accessibility Verification",12
tests/actionpanel-bet-vs-raise.test.tsx,80,ActionPanel,onAction={onAction},,test-or-fixture,"Requires Interaction, Error, Authorization And Accessibility Verification",12
tests/actionpanel-no-allin-confirm.test.tsx,42,ActionPanel,onAction={onAction},,test-or-fixture,"Requires Interaction, Error, Authorization And Accessibility Verification",12
tests/actionpanel-no-allin-confirm.test.tsx,50,ActionPanel,onAction={onAction},,test-or-fixture,"Requires Interaction, Error, Authorization And Accessibility Verification",12
tests/actionpanel-no-allin-confirm.test.tsx,61,ActionPanel,onAction={onAction},,test-or-fixture,"Requires Interaction, Error, Authorization And Accessibility Verification",12
tests/actionpanel-no-allin-confirm.test.tsx,78,ActionPanel,onAction={onAction},,test-or-fixture,"Requires Interaction, Error, Authorization And Accessibility Verification",12
tests/actionpanel-raise-hotkey.test.tsx,46,ActionPanel,onAction={vi.fn()},,test-or-fixture,"Requires Interaction, Error, Authorization And Accessibility Verification",12
tests/actionpanel-raise-hotkey.test.tsx,52,ActionPanel,onAction={vi.fn()},,test-or-fixture,"Requires Interaction, Error, Authorization And Accessibility Verification",12
tests/actionpanel-raise-hotkey.test.tsx,56,ActionPanel,onAction={vi.fn()},,test-or-fixture,"Requires Interaction, Error, Authorization And Accessibility Verification",12
tests/actionpanel-raise-hotkey.test.tsx,63,ActionPanel,onAction={vi.fn()},,test-or-fixture,"Requires Interaction, Error, Authorization And Accessibility Verification",12
tests/actionpanel-raise-hotkey.test.tsx,68,ActionPanel,onAction={vi.fn()},,test-or-fixture,"Requires Interaction, Error, Authorization And Accessibility Verification",12
tests/actionpanel-raise-hotkey.test.tsx,79,ActionPanel,onAction={vi.fn()},,test-or-fixture,"Requires Interaction, Error, Authorization And Accessibility Verification",12
tests/actionpanel-raise-hotkey.test.tsx,82,ActionPanel,onAction={vi.fn()},,test-or-fixture,"Requires Interaction, Error, Authorization And Accessibility Verification",12
tests/actionpanel-raise-hotkey.test.tsx,93,ActionPanel,onAction={vi.fn()},,test-or-fixture,"Requires Interaction, Error, Authorization And Accessibility Verification",12
tests/actionpanel-raise-hotkey.test.tsx,95,ActionPanel,onAction={vi.fn()},,test-or-fixture,"Requires Interaction, Error, Authorization And Accessibility Verification",12
tests/actionpanel-raise-hotkey.test.tsx,98,ActionPanel,onAction={vi.fn()},,test-or-fixture,"Requires Interaction, Error, Authorization And Accessibility Verification",12
tests/actionpanel-raise-hotkey.test.tsx,104,ActionPanel,onAction={vi.fn()},,test-or-fixture,"Requires Interaction, Error, Authorization And Accessibility Verification",12
tests/actionpanel-raise-hotkey.test.tsx,112,ActionPanel,onAction={vi.fn()},,test-or-fixture,"Requires Interaction, Error, Authorization And Accessibility Verification",12
tests/actionpanel-raise-hotkey.test.tsx,125,ActionPanel,onAction={vi.fn()},,test-or-fixture,"Requires Interaction, Error, Authorization And Accessibility Verification",12
tests/actionpanel-raise-hotkey.test.tsx,128,ActionPanel,onAction={vi.fn()},,test-or-fixture,"Requires Interaction, Error, Authorization And Accessibility Verification",12
tests/cashier-honest-outcomes.test.tsx,39,CashierModal,onClose={onClose}; onAddChips={vi.fn().mockResolvedValue(false)},,test-or-fixture,"Requires Interaction, Error, Authorization And Accessibility Verification",4;12
tests/cashier-honest-outcomes.test.tsx,63,CashierModal,onClose={onClose}; onAddChips={vi.fn().mockResolvedValue(true)},,test-or-fixture,"Requires Interaction, Error, Authorization And Accessibility Verification",4;12
tests/cashier-honest-outcomes.test.tsx,81,CashierModal,onClose={onClose}; onAddChips={vi.fn().mockResolvedValue(undefined as unknown as boolean)},,test-or-fixture,"Requires Interaction, Error, Authorization And Accessibility Verification",4;12
tests/cashier-honest-outcomes.test.tsx,98,CashierModal,onClose={vi.fn()}; onAddChips={onAddChips},,test-or-fixture,"Requires Interaction, Error, Authorization And Accessibility Verification",4;12
tests/cashier-honest-outcomes.test.tsx,116,CashierModal,onClose={onClose}; onAddChips={vi.fn().mockRejectedValue(new Error('wallet locked'))},,test-or-fixture,"Requires Interaction, Error, Authorization And Accessibility Verification",4;12
tests/cashier-honest-outcomes.test.tsx,133,CashierModal,onClose={vi.fn()}; onAddChips={vi.fn()},,test-or-fixture,"Requires Interaction, Error, Authorization And Accessibility Verification",4;12
tests/cashier-honest-outcomes.test.tsx,145,CashierModal,onClose={vi.fn()}; onAddChips={vi.fn()},,test-or-fixture,"Requires Interaction, Error, Authorization And Accessibility Verification",4;12
tests/cashier-honest-outcomes.test.tsx,154,CashierModal,onClose={vi.fn()}; onAddChips={vi.fn()},,test-or-fixture,"Requires Interaction, Error, Authorization And Accessibility Verification",4;12
tests/club-buttons.test.tsx,13,ArenaActionButton,onClick={onClick},,test-or-fixture,"Requires Interaction, Error, Authorization And Accessibility Verification",10;12
tests/club-buttons.test.tsx,38,ArenaTabs,onChange={onChange},,test-or-fixture,"Requires Interaction, Error, Authorization And Accessibility Verification",10;12
tests/club-buttons.test.tsx,50,ArenaModalFrame,onClose={onClose},title=Tournament Registration,test-or-fixture,"Requires Interaction, Error, Authorization And Accessibility Verification",10;12
tests/components/BountyAnimations.test.tsx,94,SeatKnockoutLayer,onDone={() => {}},,test-or-fixture,"Requires Interaction, Error, Authorization And Accessibility Verification",3;12
tests/components/BountyAnimations.test.tsx,196,SeatKnockoutLayer,onDone={() => {}},,test-or-fixture,"Requires Interaction, Error, Authorization And Accessibility Verification",3;12
tests/components/BountyAnimations.test.tsx,222,SeatKnockoutLayer,onDone={onDone},,test-or-fixture,"Requires Interaction, Error, Authorization And Accessibility Verification",3;12
tests/components/BountyAnimations.test.tsx,240,SeatKnockoutLayer,onDone={onDone},,test-or-fixture,"Requires Interaction, Error, Authorization And Accessibility Verification",3;12
tests/components/BountyAnimations.test.tsx,262,MysteryBountyChest,onDone={() => {}},,test-or-fixture,"Requires Interaction, Error, Authorization And Accessibility Verification",3;12
tests/components/BountyAnimations.test.tsx,274,MysteryBountyChest,onDone={() => {}},,test-or-fixture,"Requires Interaction, Error, Authorization And Accessibility Verification",3;12
tests/components/BountyAnimations.test.tsx,298,MysteryBountyChest,onDone={() => {}},,test-or-fixture,"Requires Interaction, Error, Authorization And Accessibility Verification",3;12
tests/components/BountyAnimations.test.tsx,307,MysteryBountyChest,onDone={() => {}},,test-or-fixture,"Requires Interaction, Error, Authorization And Accessibility Verification",3;12
tests/components/BountyAnimations.test.tsx,330,MysteryBountyChest,onDone={() => {}},,test-or-fixture,"Requires Interaction, Error, Authorization And Accessibility Verification",3;12
tests/components/BountyAnimations.test.tsx,346,MysteryBountyChest,onDone={() => {}},,test-or-fixture,"Requires Interaction, Error, Authorization And Accessibility Verification",3;12
tests/components/BountyAnimations.test.tsx,362,MysteryBountyChest,onDone={() => {}}; onBroadcastOpen={onBroadcastOpen},,test-or-fixture,"Requires Interaction, Error, Authorization And Accessibility Verification",3;12
tests/components/BountyAnimations.test.tsx,378,MysteryBountyChest,onDone={() => {}},,test-or-fixture,"Requires Interaction, Error, Authorization And Accessibility Verification",3;12
tests/components/BountyAnimations.test.tsx,391,MysteryBountyChest,onDone={() => {}},,test-or-fixture,"Requires Interaction, Error, Authorization And Accessibility Verification",3;12
tests/components/BountyAnimations.test.tsx,406,MysteryBountyChest,onDone={() => {}}; onBroadcastOpen={onBroadcastOpen},,test-or-fixture,"Requires Interaction, Error, Authorization And Accessibility Verification",3;12
tests/components/BountyAnimations.test.tsx,421,MysteryBountyChest,onDone={() => {}},,test-or-fixture,"Requires Interaction, Error, Authorization And Accessibility Verification",3;12
tests/components/BountyAnimations.test.tsx,433,MysteryBountyChest,onDone={() => {}},,test-or-fixture,"Requires Interaction, Error, Authorization And Accessibility Verification",3;12
tests/components/BountyAnimations.test.tsx,452,MysteryBountyChest,onDone={() => {}}; onBroadcastOpen={onBroadcastOpen},,test-or-fixture,"Requires Interaction, Error, Authorization And Accessibility Verification",3;12
tests/components/BountyAnimations.test.tsx,470,MysteryBountyChest,onDone={() => {}},,test-or-fixture,"Requires Interaction, Error, Authorization And Accessibility Verification",3;12
tests/components/BountyAnimations.test.tsx,487,MysteryBountyChest,onDone={() => {}},,test-or-fixture,"Requires Interaction, Error, Authorization And Accessibility Verification",3;12
tests/components/BountyAnimations.test.tsx,500,MysteryBountyChest,onDone={() => {}},,test-or-fixture,"Requires Interaction, Error, Authorization And Accessibility Verification",3;12
tests/components/BountyAnimations.test.tsx,510,MysteryBountyChest,onDone={() => {}},,test-or-fixture,"Requires Interaction, Error, Authorization And Accessibility Verification",3;12
tests/components/BountyAnimations.test.tsx,517,MysteryBountyChest,onDone={() => {}},,test-or-fixture,"Requires Interaction, Error, Authorization And Accessibility Verification",3;12
tests/components/BountyAnimations.test.tsx,529,MysteryBountyChest,onDone={() => {}},,test-or-fixture,"Requires Interaction, Error, Authorization And Accessibility Verification",3;12
tests/components/BountyAnimations.test.tsx,556,MysteryBountyChest,onDone={() => {}},,test-or-fixture,"Requires Interaction, Error, Authorization And Accessibility Verification",3;12
tests/components/BountyAnimations.test.tsx,575,MysteryBountyChest,onDone={() => {}},,test-or-fixture,"Requires Interaction, Error, Authorization And Accessibility Verification",3;12
tests/components/BountyAnimations.test.tsx,594,MysteryBountyChest,onDone={() => {}},,test-or-fixture,"Requires Interaction, Error, Authorization And Accessibility Verification",3;12
tests/components/Button.test.tsx,15,Button,onClick={handleClick},,test-or-fixture,"Requires Interaction, Error, Authorization And Accessibility Verification",12
tests/components/Button.test.tsx,23,Button,onClick={handleClick},,test-or-fixture,"Requires Interaction, Error, Authorization And Accessibility Verification",12
tests/components/Button.test.tsx,28,Button,onClick={handleClick},,test-or-fixture,"Requires Interaction, Error, Authorization And Accessibility Verification",12
tests/components/Button.test.tsx,41,Button,onClick={handleClick},,test-or-fixture,"Requires Interaction, Error, Authorization And Accessibility Verification",12
tests/components/Button.test.tsx,116,IconButton,onClick={handleClick},,test-or-fixture,"Requires Interaction, Error, Authorization And Accessibility Verification",12
tests/components/Button.test.tsx,125,IconButton,onClick={handleClick},,test-or-fixture,"Requires Interaction, Error, Authorization And Accessibility Verification",12
tests/components/Button.test.tsx,179,PokerActionButton,onClick={vi.fn()},,test-or-fixture,"Requires Interaction, Error, Authorization And Accessibility Verification",12
tests/components/Button.test.tsx,184,PokerActionButton,onClick={vi.fn()},,test-or-fixture,"Requires Interaction, Error, Authorization And Accessibility Verification",12
tests/components/Button.test.tsx,189,PokerActionButton,onClick={vi.fn()},,test-or-fixture,"Requires Interaction, Error, Authorization And Accessibility Verification",12
tests/components/Button.test.tsx,194,PokerActionButton,onClick={vi.fn()},,test-or-fixture,"Requires Interaction, Error, Authorization And Accessibility Verification",12
tests/components/Button.test.tsx,199,PokerActionButton,onClick={vi.fn()},,test-or-fixture,"Requires Interaction, Error, Authorization And Accessibility Verification",12
tests/components/Button.test.tsx,204,PokerActionButton,onClick={vi.fn()},,test-or-fixture,"Requires Interaction, Error, Authorization And Accessibility Verification",12
tests/components/Button.test.tsx,209,PokerActionButton,onClick={vi.fn()},,test-or-fixture,"Requires Interaction, Error, Authorization And Accessibility Verification",12
tests/components/Button.test.tsx,214,PokerActionButton,onClick={vi.fn()},,test-or-fixture,"Requires Interaction, Error, Authorization And Accessibility Verification",12
tests/components/Button.test.tsx,221,PokerActionButton,onClick={handleClick},,test-or-fixture,"Requires Interaction, Error, Authorization And Accessibility Verification",12
tests/components/Button.test.tsx,230,PokerActionButton,onClick={handleClick},,test-or-fixture,"Requires Interaction, Error, Authorization And Accessibility Verification",12
tests/components/Button.test.tsx,247,PokerActionButton,onClick={vi.fn()},,test-or-fixture,"Requires Interaction, Error, Authorization And Accessibility Verification",12
tests/components/ClubEntryActionBar.test.tsx,13,ClubEntryActionBar,onCreate={onCreate}; onFind={onFind}; onJoin={onJoin},,test-or-fixture,"Requires Interaction, Error, Authorization And Accessibility Verification",10;12
tests/components/ClubEntryActionBar.test.tsx,33,ClubEntryActionBar,onCreate={onCreate}; onFind={() => undefined}; onJoin={() => undefined},,test-or-fixture,"Requires Interaction, Error, Authorization And Accessibility Verification",10;12
tests/components/ClubEntryDialogs.test.tsx,22,CreateClubModal,onClose={onClose},,test-or-fixture,"Requires Interaction, Error, Authorization And Accessibility Verification",10;12
tests/components/ClubEntryDialogs.test.tsx,31,FindPlayerModal,onClose={onClose},,test-or-fixture,"Requires Interaction, Error, Authorization And Accessibility Verification",10;12
tests/components/ClubEntryDialogs.test.tsx,44,JoinClubModal,onClose={onClose},,test-or-fixture,"Requires Interaction, Error, Authorization And Accessibility Verification",10;12
tests/components/ClubEntryWatchFlow.test.tsx,22,JoinClubModal,onClose={() => undefined}; onSuccess={() => navigate('/table/live-table-1?observer=1')},,test-or-fixture,"Requires Interaction, Error, Authorization And Accessibility Verification",10;12
tests/components/ClubEntryWatchFlow.test.tsx,161,FindPlayerModal,onClose={() => undefined}; onMembershipRequired={onMembershipRequired},,test-or-fixture,"Requires Interaction, Error, Authorization And Accessibility Verification",10;12
tests/components/DealAnimation.determinism.test.tsx,84,DealAnimation,onComplete={onComplete},,test-or-fixture,"Requires Interaction, Error, Authorization And Accessibility Verification",12
tests/components/DealAnimation.determinism.test.tsx,100,DealAnimation,onComplete={onComplete},,test-or-fixture,"Requires Interaction, Error, Authorization And Accessibility Verification",12
tests/components/DealAnimation.determinism.test.tsx,142,DealAnimation,onComplete={onComplete},,test-or-fixture,"Requires Interaction, Error, Authorization And Accessibility Verification",12
tests/components/DealAnimation.determinism.test.tsx,155,DealAnimation,onComplete={onComplete},,test-or-fixture,"Requires Interaction, Error, Authorization And Accessibility Verification",12
tests/components/DealAnimation.determinism.test.tsx,186,DealAnimation,onComplete={onComplete},,test-or-fixture,"Requires Interaction, Error, Authorization And Accessibility Verification",12
tests/components/DealAnimation.determinism.test.tsx,240,DealAnimation,onComplete={onComplete},,test-or-fixture,"Requires Interaction, Error, Authorization And Accessibility Verification",12
tests/components/DealAnimation.determinism.test.tsx,274,DealAnimation,onComplete={onComplete},,test-or-fixture,"Requires Interaction, Error, Authorization And Accessibility Verification",12
tests/components/DealAnimation.determinism.test.tsx,291,DealAnimation,onComplete={onComplete},,test-or-fixture,"Requires Interaction, Error, Authorization And Accessibility Verification",12
tests/components/FindPlayerLocator.test.tsx,96,FindPlayerModal,onClose={onClose}; onMembershipRequired={onMembershipRequired},,test-or-fixture,"Requires Interaction, Error, Authorization And Accessibility Verification",12
tests/components/GameLobbyPanelObserver.test.tsx,29,GameLobbyPanel,onClose={vi.fn()}; onJoinTable={vi.fn()}; onWaitlistToggle={vi.fn()}; onRegister={onRegister}; onUnregister={vi.fn()}; onSpinJoin={onSpinJoin},,test-or-fixture,"Requires Interaction, Error, Authorization And Accessibility Verification",8;12
tests/components/Input.test.tsx,214,Checkbox,onChange={vi.fn()},,test-or-fixture,"Requires Interaction, Error, Authorization And Accessibility Verification",12
tests/components/Input.test.tsx,223,Checkbox,onChange={handleChange},,test-or-fixture,"Requires Interaction, Error, Authorization And Accessibility Verification",12
tests/components/Input.test.tsx,235,Checkbox,onChange={handleChange},,test-or-fixture,"Requires Interaction, Error, Authorization And Accessibility Verification",12
tests/components/Input.test.tsx,245,Checkbox,onChange={vi.fn()},,test-or-fixture,"Requires Interaction, Error, Authorization And Accessibility Verification",12
tests/components/Input.test.tsx,254,Toggle,onChange={vi.fn()},,test-or-fixture,"Requires Interaction, Error, Authorization And Accessibility Verification",12
tests/components/Input.test.tsx,263,Toggle,onChange={handleChange},,test-or-fixture,"Requires Interaction, Error, Authorization And Accessibility Verification",12
tests/components/Input.test.tsx,275,Toggle,onChange={handleChange},,test-or-fixture,"Requires Interaction, Error, Authorization And Accessibility Verification",12
tests/components/Input.test.tsx,289,Toggle,onChange={vi.fn()},,test-or-fixture,"Requires Interaction, Error, Authorization And Accessibility Verification",12
tests/components/Input.test.tsx,299,Toggle,onChange={vi.fn()},,test-or-fixture,"Requires Interaction, Error, Authorization And Accessibility Verification",12
tests/components/Input.test.tsx,308,ChipInput,onChange={vi.fn()},,test-or-fixture,"Requires Interaction, Error, Authorization And Accessibility Verification",12
tests/components/Input.test.tsx,321,ChipInput,"onChange={(v: number) => {
            setVal(v);
            handleChange(v);
          }}",,test-or-fixture,"Requires Interaction, Error, Authorization And Accessibility Verification",12
tests/components/Input.test.tsx,344,ChipInput,onChange={handleChange},,test-or-fixture,"Requires Interaction, Error, Authorization And Accessibility Verification",12
tests/components/Input.test.tsx,358,ChipInput,onChange={handleChange},,test-or-fixture,"Requires Interaction, Error, Authorization And Accessibility Verification",12
tests/components/Input.test.tsx,373,ChipInput,onChange={handleChange},,test-or-fixture,"Requires Interaction, Error, Authorization And Accessibility Verification",12
tests/components/Input.test.tsx,394,ChipInput,onChange={handleChange},,test-or-fixture,"Requires Interaction, Error, Authorization And Accessibility Verification",12
tests/components/Input.test.tsx,415,ChipInput,onChange={handleChange},,test-or-fixture,"Requires Interaction, Error, Authorization And Accessibility Verification",12
tests/components/Input.test.tsx,435,ChipInput,onChange={handleChange},,test-or-fixture,"Requires Interaction, Error, Authorization And Accessibility Verification",12
tests/components/LeaderboardPrizeWizard.test.tsx,67,LeaderboardPrizeWizard,onClose={vi.fn()}; onSaved={vi.fn()},,test-or-fixture,"Requires Interaction, Error, Authorization And Accessibility Verification",12
tests/components/LeaderboardPrizeWizard.test.tsx,81,LeaderboardPrizeWizard,onClose={vi.fn()}; onSaved={onSaved},,test-or-fixture,"Requires Interaction, Error, Authorization And Accessibility Verification",12
tests/components/LeaderboardPrizeWizard.test.tsx,121,LeaderboardPrizeWizard,onClose={vi.fn()}; onSaved={vi.fn()},,test-or-fixture,"Requires Interaction, Error, Authorization And Accessibility Verification",12
tests/components/LeaderboardPrizeWizard.test.tsx,151,LeaderboardPrizeWizard,onClose={vi.fn()}; onSaved={vi.fn()},,test-or-fixture,"Requires Interaction, Error, Authorization And Accessibility Verification",12
tests/components/LeaderboardPrizeWizard.test.tsx,190,LeaderboardPrizeWizard,onClose={vi.fn()}; onSaved={vi.fn()},,test-or-fixture,"Requires Interaction, Error, Authorization And Accessibility Verification",12
tests/components/LeaderboardSettlementCard.test.tsx,36,LeaderboardSettlementCard,onRetry={vi.fn()},,test-or-fixture,"Requires Interaction, Error, Authorization And Accessibility Verification",5;12
tests/components/LeaderboardSettlementCard.test.tsx,48,LeaderboardSettlementCard,onRetry={vi.fn()}; onReviewSetup={onReviewSetup},,test-or-fixture,"Requires Interaction, Error, Authorization And Accessibility Verification",5;12
tests/components/LeaderboardSettlementCard.test.tsx,79,LeaderboardSettlementCard,onRetry={vi.fn()},,test-or-fixture,"Requires Interaction, Error, Authorization And Accessibility Verification",5;12
tests/components/LeaderboardSettlementCard.test.tsx,126,LeaderboardSettlementCard,onRetry={onRetry},,test-or-fixture,"Requires Interaction, Error, Authorization And Accessibility Verification",5;12
tests/components/Modal.test.tsx,18,Modal,onClose={vi.fn()},,test-or-fixture,"Requires Interaction, Error, Authorization And Accessibility Verification",12
tests/components/Modal.test.tsx,27,Modal,onClose={vi.fn()},,test-or-fixture,"Requires Interaction, Error, Authorization And Accessibility Verification",12
tests/components/Modal.test.tsx,38,Modal,onClose={handleClose},,test-or-fixture,"Requires Interaction, Error, Authorization And Accessibility Verification",12
tests/components/Modal.test.tsx,55,Modal,onClose={handleClose},,test-or-fixture,"Requires Interaction, Error, Authorization And Accessibility Verification",12
tests/components/Modal.test.tsx,70,Modal,onClose={handleClose},,test-or-fixture,"Requires Interaction, Error, Authorization And Accessibility Verification",12
tests/components/Modal.test.tsx,83,Modal,onClose={handleClose},,test-or-fixture,"Requires Interaction, Error, Authorization And Accessibility Verification",12
tests/components/Modal.test.tsx,94,Modal,onClose={vi.fn()},,test-or-fixture,"Requires Interaction, Error, Authorization And Accessibility Verification",12
tests/components/Modal.test.tsx,103,Modal,onClose={vi.fn()},title=Test Title,test-or-fixture,"Requires Interaction, Error, Authorization And Accessibility Verification",12
tests/components/Modal.test.tsx,114,Modal,onClose={handleClose},,test-or-fixture,"Requires Interaction, Error, Authorization And Accessibility Verification",12
tests/components/Modal.test.tsx,129,Modal,onClose={vi.fn()},,test-or-fixture,"Requires Interaction, Error, Authorization And Accessibility Verification",12
tests/components/Modal.test.tsx,138,Modal,onClose={vi.fn()},,test-or-fixture,"Requires Interaction, Error, Authorization And Accessibility Verification",12
tests/components/Modal.test.tsx,152,Modal,onClose={vi.fn()},,test-or-fixture,"Requires Interaction, Error, Authorization And Accessibility Verification",12
tests/components/Modal.test.tsx,165,Modal,onClose={vi.fn()},,test-or-fixture,"Requires Interaction, Error, Authorization And Accessibility Verification",12
tests/components/Modal.test.tsx,180,button,,,test-or-fixture,"Requires Interaction, Error, Authorization And Accessibility Verification",12
tests/components/Modal.test.tsx,181,button,,,test-or-fixture,"Requires Interaction, Error, Authorization And Accessibility Verification",12
tests/components/Modal.test.tsx,195,button,,,test-or-fixture,"Requires Interaction, Error, Authorization And Accessibility Verification",12
tests/components/Modal.test.tsx,209,AlertDialog,onClose={vi.fn()}; onConfirm={vi.fn()},title=Confirm Action,test-or-fixture,"Requires Interaction, Error, Authorization And Accessibility Verification",12
tests/components/Modal.test.tsx,223,AlertDialog,onClose={vi.fn()}; onConfirm={vi.fn()},title=Confirm,test-or-fixture,"Requires Interaction, Error, Authorization And Accessibility Verification",12
tests/components/Modal.test.tsx,240,AlertDialog,onClose={handleClose}; onConfirm={handleConfirm},title=Confirm,test-or-fixture,"Requires Interaction, Error, Authorization And Accessibility Verification",12
tests/components/Modal.test.tsx,264,AlertDialog,onClose={handleClose}; onConfirm={handleConfirm},title=Confirm,test-or-fixture,"Requires Interaction, Error, Authorization And Accessibility Verification",12
tests/components/Modal.test.tsx,284,AlertDialog,onClose={vi.fn()}; onConfirm={vi.fn()},title=Remove Item,test-or-fixture,"Requires Interaction, Error, Authorization And Accessibility Verification",12
tests/components/Modal.test.tsx,301,AlertDialog,onClose={vi.fn()}; onConfirm={vi.fn()},title=Delete Item,test-or-fixture,"Requires Interaction, Error, Authorization And Accessibility Verification",12
tests/components/Modal.test.tsx,320,Drawer,onClose={vi.fn()},,test-or-fixture,"Requires Interaction, Error, Authorization And Accessibility Verification",12
tests/components/Modal.test.tsx,329,Drawer,onClose={vi.fn()},,test-or-fixture,"Requires Interaction, Error, Authorization And Accessibility Verification",12
tests/components/Modal.test.tsx,340,Drawer,onClose={handleClose},,test-or-fixture,"Requires Interaction, Error, Authorization And Accessibility Verification",12
tests/components/Modal.test.tsx,353,Drawer,onClose={vi.fn()},title=Drawer Title,test-or-fixture,"Requires Interaction, Error, Authorization And Accessibility Verification",12
tests/components/Modal.test.tsx,364,Drawer,onClose={handleClose},,test-or-fixture,"Requires Interaction, Error, Authorization And Accessibility Verification",12
tests/components/Modal.test.tsx,381,Drawer,onClose={vi.fn()},,test-or-fixture,"Requires Interaction, Error, Authorization And Accessibility Verification",12
tests/components/Modal.test.tsx,394,Drawer,onClose={vi.fn()},,test-or-fixture,"Requires Interaction, Error, Authorization And Accessibility Verification",12
tests/components/MysteryBountyChest.amount.test.tsx,48,MysteryBountyChest,onDone={onDone},,test-or-fixture,"Requires Interaction, Error, Authorization And Accessibility Verification",3;12
tests/components/SpinWheel.test.tsx,163,SpinWheel,onDone={() => {}},,test-or-fixture,"Requires Interaction, Error, Authorization And Accessibility Verification",3;12
tests/components/SpinWheel.test.tsx,182,SpinWheel,onDone={() => {}},,test-or-fixture,"Requires Interaction, Error, Authorization And Accessibility Verification",3;12
tests/components/SpinWheel.test.tsx,208,SpinWheel,onDone={() => {}},,test-or-fixture,"Requires Interaction, Error, Authorization And Accessibility Verification",3;12
tests/components/SpinWheel.test.tsx,217,SpinWheel,onDone={() => {}},,test-or-fixture,"Requires Interaction, Error, Authorization And Accessibility Verification",3;12
tests/components/SpinWheel.test.tsx,238,SpinWheel,onDone={() => {}},,test-or-fixture,"Requires Interaction, Error, Authorization And Accessibility Verification",3;12
tests/components/SpinWheel.test.tsx,243,SpinWheel,onDone={() => {}},,test-or-fixture,"Requires Interaction, Error, Authorization And Accessibility Verification",3;12
tests/components/SpinWheel.test.tsx,268,SpinWheel,onDone={() => {}},,test-or-fixture,"Requires Interaction, Error, Authorization And Accessibility Verification",3;12
tests/components/SpinWheel.test.tsx,289,SpinWheel,onDone={() => {}},,test-or-fixture,"Requires Interaction, Error, Authorization And Accessibility Verification",3;12
tests/components/SpinWheel.test.tsx,314,SpinWheel,onDone={onDone},,test-or-fixture,"Requires Interaction, Error, Authorization And Accessibility Verification",3;12
tests/components/SpinWheel.test.tsx,324,SpinWheel,onDone={() => {}},,test-or-fixture,"Requires Interaction, Error, Authorization And Accessibility Verification",3;12
tests/components/SpinWheel.test.tsx,332,SpinWheel,onDone={() => {}},,test-or-fixture,"Requires Interaction, Error, Authorization And Accessibility Verification",3;12
tests/components/SpinWheel.test.tsx,338,SpinWheel,onDone={() => {}},,test-or-fixture,"Requires Interaction, Error, Authorization And Accessibility Verification",3;12
tests/components/SpinWheel.test.tsx,354,SpinWheel,onDone={() => {}},,test-or-fixture,"Requires Interaction, Error, Authorization And Accessibility Verification",3;12
tests/components/SpinWheel.test.tsx,368,SpinWheel,onDone={() => {}},,test-or-fixture,"Requires Interaction, Error, Authorization And Accessibility Verification",3;12
tests/components/SpinWheel.test.tsx,381,SpinWheel,onDone={() => {}},,test-or-fixture,"Requires Interaction, Error, Authorization And Accessibility Verification",3;12
tests/components/SpinWheel.test.tsx,393,SpinWheel,onDone={() => {}},,test-or-fixture,"Requires Interaction, Error, Authorization And Accessibility Verification",3;12
tests/components/SpinWheel.test.tsx,422,SpinWheel,onDone={() => {}},,test-or-fixture,"Requires Interaction, Error, Authorization And Accessibility Verification",3;12
tests/components/SpinWheel.test.tsx,431,SpinWheel,onDone={() => {}},,test-or-fixture,"Requires Interaction, Error, Authorization And Accessibility Verification",3;12
tests/components/SpinWheel.test.tsx,439,SpinWheel,onDone={() => {}},,test-or-fixture,"Requires Interaction, Error, Authorization And Accessibility Verification",3;12
tests/components/SpinWheel.test.tsx,456,SpinWheel,onDone={() => {}},,test-or-fixture,"Requires Interaction, Error, Authorization And Accessibility Verification",3;12
tests/components/SpinWheel.test.tsx,476,SpinWheel,onDone={() => {}},,test-or-fixture,"Requires Interaction, Error, Authorization And Accessibility Verification",3;12
tests/components/SpinWheel.test.tsx,499,SpinWheel,onDone={() => {}},,test-or-fixture,"Requires Interaction, Error, Authorization And Accessibility Verification",3;12
tests/components/SpinWheel.test.tsx,506,SpinWheel,onDone={() => {}},,test-or-fixture,"Requires Interaction, Error, Authorization And Accessibility Verification",3;12
tests/components/SpinWheel.test.tsx,514,SpinWheel,onDone={() => {}},,test-or-fixture,"Requires Interaction, Error, Authorization And Accessibility Verification",3;12
tests/components/SpinWheel.test.tsx,552,SpinWheel,onDone={() => {}},,test-or-fixture,"Requires Interaction, Error, Authorization And Accessibility Verification",3;12
tests/components/SpinWheel.test.tsx,560,SpinWheel,onDone={() => {}},,test-or-fixture,"Requires Interaction, Error, Authorization And Accessibility Verification",3;12
tests/components/SpinWheel.test.tsx,581,SpinWheel,onDone={done},,test-or-fixture,"Requires Interaction, Error, Authorization And Accessibility Verification",3;12
tests/components/SpinWheel.test.tsx,597,SpinWheel,onDone={() => {}},,test-or-fixture,"Requires Interaction, Error, Authorization And Accessibility Verification",3;12
tests/components/TournamentRankingCardMysteryBounty.test.tsx,73,TournamentRankingCard,onDismiss={vi.fn()},,test-or-fixture,"Requires Interaction, Error, Authorization And Accessibility Verification",3;12
tests/components/carouselReachAndDots.test.tsx,43,Carousel,onSelect={onSelect},,test-or-fixture,"Requires Interaction, Error, Authorization And Accessibility Verification",12
tests/components/carouselReachAndDots.test.tsx,140,Carousel,onIndexChange={onIndexChange},,test-or-fixture,"Requires Interaction, Error, Authorization And Accessibility Verification",12
tests/components/carouselSwipe.test.tsx,24,Carousel,onSelect={onSelect}; onDragStart={onDragStart},,test-or-fixture,"Requires Interaction, Error, Authorization And Accessibility Verification",12
tests/components/chip-transfer-modal-knows-both-ends.test.tsx,135,ChipTransferModal,onClose={() => {}},,test-or-fixture,"Requires Interaction, Error, Authorization And Accessibility Verification",12
tests/components/chip-transfer-modal-knows-both-ends.test.tsx,154,ChipTransferModal,onClose={() => {}},,test-or-fixture,"Requires Interaction, Error, Authorization And Accessibility Verification",12
tests/components/chip-transfer-modal-knows-both-ends.test.tsx,169,ChipTransferModal,onClose={() => {}},,test-or-fixture,"Requires Interaction, Error, Authorization And Accessibility Verification",12
tests/components/chip-transfer-modal-knows-both-ends.test.tsx,182,ChipTransferModal,onClose={() => {}},,test-or-fixture,"Requires Interaction, Error, Authorization And Accessibility Verification",12
tests/components/chip-transfer-modal-knows-both-ends.test.tsx,200,ChipTransferModal,onClose={() => {}},,test-or-fixture,"Requires Interaction, Error, Authorization And Accessibility Verification",12
tests/components/chip-transfer-modal-knows-both-ends.test.tsx,223,ChipTransferModal,onClose={() => {}},,test-or-fixture,"Requires Interaction, Error, Authorization And Accessibility Verification",12
tests/components/chip-transfer-modal-knows-both-ends.test.tsx,240,ChipTransferModal,onClose={() => {}},,test-or-fixture,"Requires Interaction, Error, Authorization And Accessibility Verification",12
tests/components/chip-transfer-modal-knows-both-ends.test.tsx,246,ChipTransferModal,onClose={() => {}},,test-or-fixture,"Requires Interaction, Error, Authorization And Accessibility Verification",12
tests/components/chip-transfer-modal-knows-both-ends.test.tsx,258,ChipTransferModal,onClose={() => {}},,test-or-fixture,"Requires Interaction, Error, Authorization And Accessibility Verification",12
tests/components/chip-transfer-modal-knows-both-ends.test.tsx,267,ChipTransferModal,onClose={() => {}},,test-or-fixture,"Requires Interaction, Error, Authorization And Accessibility Verification",12
tests/components/chip-transfer-modal-knows-both-ends.test.tsx,284,ChipTransferModal,onClose={() => {}},,test-or-fixture,"Requires Interaction, Error, Authorization And Accessibility Verification",12
tests/components/chip-transfer-modal-knows-both-ends.test.tsx,302,ChipTransferModal,onClose={() => {}},,test-or-fixture,"Requires Interaction, Error, Authorization And Accessibility Verification",12
tests/components/club-dashboard.test.tsx,43,a,,,test-or-fixture,"Requires Interaction, Error, Authorization And Accessibility Verification",10;12
tests/components/player-stats-page-renders.test.tsx,123,a,,,test-or-fixture,"Requires Interaction, Error, Authorization And Accessibility Verification",9;12
tests/components/toastQuiet.test.tsx,28,Harness,onReady={(t) => (api = t)},,test-or-fixture,"Requires Interaction, Error, Authorization And Accessibility Verification",12
tests/components/tournamentFailedQueryIsNotEmpty.test.tsx,220,TournamentInfoPanel,onClose={() => {}},,test-or-fixture,"Requires Interaction, Error, Authorization And Accessibility Verification",3;12
tests/components/tournamentFailedQueryIsNotEmpty.test.tsx,235,TournamentInfoPanel,onClose={() => {}},,test-or-fixture,"Requires Interaction, Error, Authorization And Accessibility Verification",3;12
tests/components/tournamentFailedQueryIsNotEmpty.test.tsx,260,TournamentLobbyCard,onRegister={vi.fn()},,test-or-fixture,"Requires Interaction, Error, Authorization And Accessibility Verification",3;12
tests/components/tournamentFailedQueryIsNotEmpty.test.tsx,273,TournamentLobbyCard,onRegister={vi.fn()},,test-or-fixture,"Requires Interaction, Error, Authorization And Accessibility Verification",3;12
tests/components/tournamentFailedQueryIsNotEmpty.test.tsx,285,TournamentLobbyCard,onRegister={vi.fn()},,test-or-fixture,"Requires Interaction, Error, Authorization And Accessibility Verification",3;12
tests/must-move-lobby.test.tsx,287,CashClusterHUD,onOpenLobby={onOpen}; onSeatChange={onChange},,test-or-fixture,"Requires Interaction, Error, Authorization And Accessibility Verification",8;12
tests/must-move-lobby.test.tsx,380,CashClusterHUD,onOpenLobby={vi.fn()}; onSeatChange={vi.fn()},,test-or-fixture,"Requires Interaction, Error, Authorization And Accessibility Verification",8;12
tests/must-move-lobby.test.tsx,397,CashClusterHUD,onOpenLobby={vi.fn()}; onSeatChange={vi.fn()},,test-or-fixture,"Requires Interaction, Error, Authorization And Accessibility Verification",8;12
tests/must-move-lobby.test.tsx,405,MustMoveLobbyModal,onClose={vi.fn()},,test-or-fixture,"Requires Interaction, Error, Authorization And Accessibility Verification",8;12
tests/must-move-lobby.test.tsx,445,MustMoveLobbyModal,onClose={vi.fn()},,test-or-fixture,"Requires Interaction, Error, Authorization And Accessibility Verification",8;12
tests/must-move-lobby.test.tsx,478,MustMoveLobbyModal,onClose={vi.fn()},,test-or-fixture,"Requires Interaction, Error, Authorization And Accessibility Verification",8;12
tests/must-move-lobby.test.tsx,507,MustMoveLobbyModal,onClose={vi.fn()},,test-or-fixture,"Requires Interaction, Error, Authorization And Accessibility Verification",8;12
tests/must-move-lobby.test.tsx,536,MustMoveLobbyModal,onClose={vi.fn()},,test-or-fixture,"Requires Interaction, Error, Authorization And Accessibility Verification",8;12
tests/pineapple-discard.test.tsx,36,PineappleDiscard,onDiscard={vi.fn()},,test-or-fixture,"Requires Interaction, Error, Authorization And Accessibility Verification",2;12
tests/pineapple-discard.test.tsx,43,PineappleDiscard,onDiscard={vi.fn()},,test-or-fixture,"Requires Interaction, Error, Authorization And Accessibility Verification",2;12
tests/pineapple-discard.test.tsx,49,PineappleDiscard,onDiscard={vi.fn()},,test-or-fixture,"Requires Interaction, Error, Authorization And Accessibility Verification",2;12
tests/pineapple-discard.test.tsx,56,PineappleDiscard,onDiscard={onDiscard},,test-or-fixture,"Requires Interaction, Error, Authorization And Accessibility Verification",2;12
tests/pineapple-discard.test.tsx,72,PineappleDiscard,onDiscard={vi.fn()},,test-or-fixture,"Requires Interaction, Error, Authorization And Accessibility Verification",2;12
tests/pineapple-discard.test.tsx,86,PineappleDiscard,onDiscard={onDiscard},,test-or-fixture,"Requires Interaction, Error, Authorization And Accessibility Verification",2;12
tests/pineapple-discard.test.tsx,101,PineappleDiscard,onDiscard={vi.fn()},,test-or-fixture,"Requires Interaction, Error, Authorization And Accessibility Verification",2;12
tests/rebuy-addon-quote-the-real-price.test.tsx,30,RebuyModal,onConfirm={vi.fn()}; onClose={vi.fn()},,test-or-fixture,"Requires Interaction, Error, Authorization And Accessibility Verification",4;12
tests/rebuy-addon-quote-the-real-price.test.tsx,45,RebuyModal,onConfirm={vi.fn()}; onClose={vi.fn()},,test-or-fixture,"Requires Interaction, Error, Authorization And Accessibility Verification",4;12
tests/rebuy-addon-quote-the-real-price.test.tsx,64,RebuyModal,onConfirm={vi.fn()}; onClose={vi.fn()},,test-or-fixture,"Requires Interaction, Error, Authorization And Accessibility Verification",4;12
tests/rebuy-addon-quote-the-real-price.test.tsx,80,RebuyModal,onConfirm={onConfirm}; onClose={vi.fn()},,test-or-fixture,"Requires Interaction, Error, Authorization And Accessibility Verification",4;12
tests/rebuy-addon-quote-the-real-price.test.tsx,103,AddOnModal,onAccept={vi.fn()}; onDecline={vi.fn()},,test-or-fixture,"Requires Interaction, Error, Authorization And Accessibility Verification",4;12
tests/rebuy-addon-quote-the-real-price.test.tsx,111,AddOnModal,onAccept={vi.fn()}; onDecline={vi.fn()},,test-or-fixture,"Requires Interaction, Error, Authorization And Accessibility Verification",4;12
tests/rebuy-addon-quote-the-real-price.test.tsx,127,AddOnModal,onAccept={vi.fn().mockResolvedValue(false)}; onDecline={vi.fn()},,test-or-fixture,"Requires Interaction, Error, Authorization And Accessibility Verification",4;12
tests/rebuy-addon-quote-the-real-price.test.tsx,142,AddOnModal,onAccept={vi.fn().mockResolvedValue(true)}; onDecline={vi.fn()},,test-or-fixture,"Requires Interaction, Error, Authorization And Accessibility Verification",4;12
tests/rebuy-addon-quote-the-real-price.test.tsx,159,AddOnModal,onAccept={onAccept}; onDecline={vi.fn()},,test-or-fixture,"Requires Interaction, Error, Authorization And Accessibility Verification",4;12
tests/rebuy-addon-quote-the-real-price.test.tsx,174,AddOnModal,onAccept={vi.fn()}; onDecline={onDecline},,test-or-fixture,"Requires Interaction, Error, Authorization And Accessibility Verification",4;12
tests/rewards-marketplace-honest-redemption.test.tsx,91,RewardsMarketplace,onRedeem={onRedeem},,test-or-fixture,"Requires Interaction, Error, Authorization And Accessibility Verification",12
tests/rewards-marketplace-honest-redemption.test.tsx,105,RewardsMarketplace,onRedeem={onRedeem},,test-or-fixture,"Requires Interaction, Error, Authorization And Accessibility Verification",12
tests/rewards-marketplace-honest-redemption.test.tsx,119,RewardsMarketplace,onRedeem={onRedeem},,test-or-fixture,"Requires Interaction, Error, Authorization And Accessibility Verification",12
tests/rewards-marketplace-honest-redemption.test.tsx,133,RewardsMarketplace,onRedeem={onRedeem},,test-or-fixture,"Requires Interaction, Error, Authorization And Accessibility Verification",12
tests/rewards-marketplace-honest-redemption.test.tsx,166,RewardsMarketplace,onRedeem={vi.fn()},,test-or-fixture,"Requires Interaction, Error, Authorization And Accessibility Verification",12
tests/rewards-marketplace-honest-redemption.test.tsx,173,RewardsMarketplace,onRedeem={vi.fn()},,test-or-fixture,"Requires Interaction, Error, Authorization And Accessibility Verification",12
tests/rewards-marketplace-honest-redemption.test.tsx,182,RewardsMarketplace,onRedeem={onRedeem},,test-or-fixture,"Requires Interaction, Error, Authorization And Accessibility Verification",12
tests/tableBottomChromeAudit20260825.test.tsx,80,ActionPanel,onAction={vi.fn()},,test-or-fixture,"Requires Interaction, Error, Authorization And Accessibility Verification",12
tests/tableBottomChromeAudit20260825.test.tsx,104,ActionPanel,onAction={vi.fn()},,test-or-fixture,"Requires Interaction, Error, Authorization And Accessibility Verification",12
tests/tableBottomChromeAudit20260825.test.tsx,121,ActionPanel,onAction={onAction},,test-or-fixture,"Requires Interaction, Error, Authorization And Accessibility Verification",12
tests/tableBottomChromeAudit20260825.test.tsx,142,PreActionBar,onPreActionChange={onPreActionChange},,test-or-fixture,"Requires Interaction, Error, Authorization And Accessibility Verification",12
tests/tableBottomChromeAudit20260825.test.tsx,153,PreActionBar,onPreActionChange={onPreActionChange},,test-or-fixture,"Requires Interaction, Error, Authorization And Accessibility Verification",12
tests/tableBottomChromeAudit20260825.test.tsx,167,PreActionBar,onPreActionChange={onPreActionChange},,test-or-fixture,"Requires Interaction, Error, Authorization And Accessibility Verification",12
tests/tableBottomChromeAudit20260825.test.tsx,178,PreActionBar,onPreActionChange={onPreActionChange},,test-or-fixture,"Requires Interaction, Error, Authorization And Accessibility Verification",12
tests/tableBottomChromeAudit20260825.test.tsx,199,PreActionBar,onPreActionChange={onPreActionChange},,test-or-fixture,"Requires Interaction, Error, Authorization And Accessibility Verification",12
tests/tableBottomChromeAudit20260825.test.tsx,210,PreActionBar,onPreActionChange={onPreActionChange},,test-or-fixture,"Requires Interaction, Error, Authorization And Accessibility Verification",12
tests/tableBottomChromeAudit20260825.test.tsx,224,PreActionBar,onPreActionChange={onPreActionChange},,test-or-fixture,"Requires Interaction, Error, Authorization And Accessibility Verification",12
tests/tableBottomChromeAudit20260825.test.tsx,233,PreActionBar,onPreActionChange={onPreActionChange},,test-or-fixture,"Requires Interaction, Error, Authorization And Accessibility Verification",12
tests/tableBottomChromeAudit20260825.test.tsx,247,PreActionBar,onPreActionChange={onPreActionChange},,test-or-fixture,"Requires Interaction, Error, Authorization And Accessibility Verification",12
tests/tableBottomChromeAudit20260825.test.tsx,256,PreActionBar,onPreActionChange={onPreActionChange},,test-or-fixture,"Requires Interaction, Error, Authorization And Accessibility Verification",12
tests/tableBottomChromeAudit20260825.test.tsx,291,ActionErrorToast,onClear={() => onClear()},,test-or-fixture,"Requires Interaction, Error, Authorization And Accessibility Verification",12
tests/tableBottomChromeAudit20260825.test.tsx,298,ActionErrorToast,onClear={() => onClear()},,test-or-fixture,"Requires Interaction, Error, Authorization And Accessibility Verification",12
tests/tableBottomChromeAudit20260825.test.tsx,311,ActionErrorToast,onClear={vi.fn()},,test-or-fixture,"Requires Interaction, Error, Authorization And Accessibility Verification",12
tests/tableBottomChromeAudit20260825.test.tsx,323,ActionErrorToast,onClear={vi.fn()}; onApplyHint={vi.fn()},,test-or-fixture,"Requires Interaction, Error, Authorization And Accessibility Verification",12
tests/union-dashboard-route-race.test.tsx,124,button,onClick={() => navigate(`/unions/${UNION_B}/operations`)},type=button,test-or-fixture,"Requires Interaction, Error, Authorization And Accessibility Verification",10;12
tests/union-wallet-modal.test.tsx,536,UnionWalletModal,onSent={onSent},,test-or-fixture,"Requires Interaction, Error, Authorization And Accessibility Verification",4;10;12
tests/unit/AvatarGalleryAccessibility.test.tsx,54,AvatarGallery,onClose={mocks.close}; onAvatarChanged={mocks.changed},,test-or-fixture,"Requires Interaction, Error, Authorization And Accessibility Verification",12
tests/unit/CompleteProfileGate.test.tsx,81,button,onClick={onClose},,test-or-fixture,"Requires Interaction, Error, Authorization And Accessibility Verification",12
tests/unit/CompleteProfileGate.test.tsx,106,CompleteProfileModal,onComplete={vi.fn()},,test-or-fixture,"Requires Interaction, Error, Authorization And Accessibility Verification",12
tests/unit/CompleteProfileGate.test.tsx,125,CompleteProfileModal,onComplete={vi.fn()},,test-or-fixture,"Requires Interaction, Error, Authorization And Accessibility Verification",12
tests/unit/DailyBonusSheet.test.tsx,215,DailyBonusSheet,onClose={() => undefined},,test-or-fixture,"Requires Interaction, Error, Authorization And Accessibility Verification",12
tests/unit/DiamondTopUpModal.test.tsx,46,DiamondTopUpModal,onClose={mocks.close},,test-or-fixture,"Requires Interaction, Error, Authorization And Accessibility Verification",4;12
tests/unit/DiamondTopUpModal.test.tsx,61,DiamondTopUpModal,onClose={mocks.close},,test-or-fixture,"Requires Interaction, Error, Authorization And Accessibility Verification",4;12
tests/unit/DiamondTopUpModal.test.tsx,78,DiamondTopUpModal,onClose={mocks.close},,test-or-fixture,"Requires Interaction, Error, Authorization And Accessibility Verification",4;12
tests/unit/DiamondTopUpModal.test.tsx,95,DiamondTopUpModal,onClose={mocks.close},,test-or-fixture,"Requires Interaction, Error, Authorization And Accessibility Verification",4;12
tests/unit/RunItTwiceOnTable.test.tsx,29,TableModalsLayer,onRITChooserDecide={async () => {}}; onRITAccept={async () => {}}; onRITDecline={async () => {}}; onRitResultClose={() => {}}; onBBJCelebrationComplete={() => {}}; onCloseHandHistory={() => {}}; onUpdateSettings={() => {}}; onCloseSettings={() => {}}; onCloseGameRules={() => {}}; onCloseClubProfile={() => {}}; onSitOutOption={() => {}}; onCloseSitOut={() => {}}; onCloseWaitlist={() => {}}; onJoinWaitlist={() => {}}; onLeaveWaitlist={() => {}}; onInsuranceAccept={async () => {}}; onInsuranceDecline={() => {}}; onCloseThrowables={() => {}}; onSelectThrowable={() => {}}; onCloseDiamondWallet={() => {}}; onCloseCashier={() => {}}; onCloseBuyIn={() => {}}; onConfirmBuyIn={async () => {}}; onCloseRabbitHunt={() => {}}; onConfirmLeave={() => {}}; onCancelLeave={() => {}}; onCloseLeaderboard={() => {}}; onCloseTimeBankStore={() => {}}; onPurchaseTimeBanks={async () => {}},,test-or-fixture,"Requires Interaction, Error, Authorization And Accessibility Verification",12
tests/unit/StoreTabUi.test.tsx,25,StoreTab,onGoDiamonds={vi.fn()}; onGoManage={vi.fn()}; onPurchased={vi.fn()},,test-or-fixture,"Requires Interaction, Error, Authorization And Accessibility Verification",12
tests/unit/StoreTabUi.test.tsx,43,StoreTab,onGoDiamonds={vi.fn()}; onGoManage={vi.fn()}; onPurchased={vi.fn()},,test-or-fixture,"Requires Interaction, Error, Authorization And Accessibility Verification",12
tests/unit/ThemeSettingsModalHardening.test.tsx,123,button,onClick={onClose},,test-or-fixture,"Requires Interaction, Error, Authorization And Accessibility Verification",12
tests/unit/ThemeSettingsModalHardening.test.tsx,212,ThemeSettingsModal,onClose={vi.fn()},,test-or-fixture,"Requires Interaction, Error, Authorization And Accessibility Verification",12
tests/unit/ThrowablePlayerLifecycle.test.tsx,72,ThrowablePlayer,onComplete={done},,test-or-fixture,"Requires Interaction, Error, Authorization And Accessibility Verification",12
tests/unit/ThrowablePlayerLifecycle.test.tsx,86,ThrowablePlayer,onComplete={done},,test-or-fixture,"Requires Interaction, Error, Authorization And Accessibility Verification",12
tests/unit/ThrowablePlayerLifecycle.test.tsx,108,ThrowablePlayer,onComplete={done},,test-or-fixture,"Requires Interaction, Error, Authorization And Accessibility Verification",12
tests/unit/ThrowablePlayerLifecycle.test.tsx,124,ThrowablePlayer,onComplete={done},,test-or-fixture,"Requires Interaction, Error, Authorization And Accessibility Verification",12
tests/unit/ThrowablePlayerLifecycle.test.tsx,144,ThrowablePlayer,onComplete={vi.fn()},,test-or-fixture,"Requires Interaction, Error, Authorization And Accessibility Verification",12
tests/unit/ThrowablePlayerLifecycle.test.tsx,184,ThrowablePlayer,onComplete={done},,test-or-fixture,"Requires Interaction, Error, Authorization And Accessibility Verification",12
tests/unit/ThrowablePlayerLifecycle.test.tsx,217,ThrowablePlayer,onComplete={done},,test-or-fixture,"Requires Interaction, Error, Authorization And Accessibility Verification",12
tests/unit/ThrowablePlayerLifecycle.test.tsx,250,ThrowablePlayer,onComplete={done},,test-or-fixture,"Requires Interaction, Error, Authorization And Accessibility Verification",12
tests/unit/ThrowableSelectorArtwork.test.tsx,62,ThrowableSelector,onSelect={selected}; onClose={closed},,test-or-fixture,"Requires Interaction, Error, Authorization And Accessibility Verification",12
tests/unit/ThrowableSelectorArtwork.test.tsx,78,ThrowableSelector,onSelect={selected}; onClose={vi.fn()},,test-or-fixture,"Requires Interaction, Error, Authorization And Accessibility Verification",12
tests/unit/ThrowableSelectorArtwork.test.tsx,95,ThrowableSelector,onSelect={selected}; onClose={vi.fn()},,test-or-fixture,"Requires Interaction, Error, Authorization And Accessibility Verification",12
tests/unit/ThrowableSelectorArtwork.test.tsx,126,ThrowableSelector,onSelect={vi.fn()}; onClose={vi.fn()},,test-or-fixture,"Requires Interaction, Error, Authorization And Accessibility Verification",12
tests/unit/ThrowableSelectorArtwork.test.tsx,159,ThrowableSelector,onSelect={oldSelected}; onClose={closed},,test-or-fixture,"Requires Interaction, Error, Authorization And Accessibility Verification",12
tests/unit/ThrowableSelectorArtwork.test.tsx,163,ThrowableSelector,onSelect={newSelected}; onClose={closed},,test-or-fixture,"Requires Interaction, Error, Authorization And Accessibility Verification",12
tests/unit/actionBarSliderAndFooter.test.tsx,134,ActionPanel,onAction={vi.fn()},,test-or-fixture,"Requires Interaction, Error, Authorization And Accessibility Verification",12
tests/unit/actionBarSliderAndFooter.test.tsx,142,ActionPanel,onAction={vi.fn()},,test-or-fixture,"Requires Interaction, Error, Authorization And Accessibility Verification",12
tests/unit/actionBarSliderAndFooter.test.tsx,154,ActionPanel,onAction={vi.fn()},,test-or-fixture,"Requires Interaction, Error, Authorization And Accessibility Verification",12
tests/unit/actionBarSliderAndFooter.test.tsx,168,ActionPanel,onAction={vi.fn()},,test-or-fixture,"Requires Interaction, Error, Authorization And Accessibility Verification",12
tests/unit/actionBarSliderAndFooter.test.tsx,231,ActionPanel,onAction={vi.fn()},,test-or-fixture,"Requires Interaction, Error, Authorization And Accessibility Verification",12
tests/unit/actionBarSliderAndFooter.test.tsx,239,ActionPanel,onAction={vi.fn()},,test-or-fixture,"Requires Interaction, Error, Authorization And Accessibility Verification",12
tests/unit/actionBarSliderAndFooter.test.tsx,258,ActionPanel,onAction={vi.fn()},,test-or-fixture,"Requires Interaction, Error, Authorization And Accessibility Verification",12
tests/unit/actionBarSliderAndFooter.test.tsx,277,ActionPanel,onAction={vi.fn()},,test-or-fixture,"Requires Interaction, Error, Authorization And Accessibility Verification",12
tests/unit/actionBarSliderAndFooter.test.tsx,290,ActionPanel,onAction={vi.fn()},,test-or-fixture,"Requires Interaction, Error, Authorization And Accessibility Verification",12
tests/unit/actionBarSliderAndFooter.test.tsx,299,ActionPanel,onAction={onAction},,test-or-fixture,"Requires Interaction, Error, Authorization And Accessibility Verification",12
tests/unit/actionBarSliderAndFooter.test.tsx,351,ActionPanel,onAction={vi.fn()},,test-or-fixture,"Requires Interaction, Error, Authorization And Accessibility Verification",12
tests/unit/actionBarSliderAndFooter.test.tsx,363,ActionPanel,onAction={vi.fn()},,test-or-fixture,"Requires Interaction, Error, Authorization And Accessibility Verification",12
tests/unit/actionBarSliderAndFooter.test.tsx,417,ActionPanel,onAction={vi.fn()},,test-or-fixture,"Requires Interaction, Error, Authorization And Accessibility Verification",12
tests/unit/actionBarSliderAndFooter.test.tsx,440,ActionPanel,onAction={vi.fn()},,test-or-fixture,"Requires Interaction, Error, Authorization And Accessibility Verification",12
tests/unit/bombPotWheel.test.tsx,46,BombPotWheel,onDone={() => onDone()},,test-or-fixture,"Requires Interaction, Error, Authorization And Accessibility Verification",2;12
tests/unit/bombPotWheel.test.tsx,52,Host,onDone={onDone},,test-or-fixture,"Requires Interaction, Error, Authorization And Accessibility Verification",2;12
tests/unit/bombPotWheel.test.tsx,58,Host,onDone={onDone},,test-or-fixture,"Requires Interaction, Error, Authorization And Accessibility Verification",2;12
tests/unit/bombPotWheel.test.tsx,59,Host,onDone={onDone},,test-or-fixture,"Requires Interaction, Error, Authorization And Accessibility Verification",2;12
tests/unit/bombPotWheel.test.tsx,70,BombPotWheel,onDone={onDone},,test-or-fixture,"Requires Interaction, Error, Authorization And Accessibility Verification",2;12
tests/unit/bombPotWheel.test.tsx,78,BombPotWheel,onDone={() => {}},,test-or-fixture,"Requires Interaction, Error, Authorization And Accessibility Verification",2;12
tests/unit/bombPotWheel.test.tsx,86,BombPotWheel,onDone={() => {}},,test-or-fixture,"Requires Interaction, Error, Authorization And Accessibility Verification",2;12
tests/unit/bombPotWheel.test.tsx,94,BombPotWheel,onDone={() => {}},,test-or-fixture,"Requires Interaction, Error, Authorization And Accessibility Verification",2;12
tests/unit/bombPotWheel.test.tsx,105,BombPotWheel,onDone={() => {}},,test-or-fixture,"Requires Interaction, Error, Authorization And Accessibility Verification",2;12
tests/unit/bombPotWheel.test.tsx,122,BombPotWheel,onDone={onDone},,test-or-fixture,"Requires Interaction, Error, Authorization And Accessibility Verification",2;12
tests/unit/bombPotWheel.test.tsx,138,BombPotWheel,onDone={onDone},,test-or-fixture,"Requires Interaction, Error, Authorization And Accessibility Verification",2;12
tests/unit/bombPotWheel.test.tsx,142,BombPotWheel,onDone={onDone},,test-or-fixture,"Requires Interaction, Error, Authorization And Accessibility Verification",2;12
tests/unit/buyInModalConfirmationFailure.test.tsx,28,BuyInModal,onConfirm={onConfirm},,test-or-fixture,"Requires Interaction, Error, Authorization And Accessibility Verification",12
tests/unit/buyInModalConfirmationFailure.test.tsx,39,BuyInModal,onConfirm={onConfirm},,test-or-fixture,"Requires Interaction, Error, Authorization And Accessibility Verification",12
tests/unit/buyInModalUnknownBalance.test.tsx,24,BuyInModal,onRetryBalance={onRetry},,test-or-fixture,"Requires Interaction, Error, Authorization And Accessibility Verification",12
tests/unit/clubRosterResilience.test.tsx,108,RosterConnectionStatus,onRetry={retry},,test-or-fixture,"Requires Interaction, Error, Authorization And Accessibility Verification",10;12
tests/unit/clubRosterResilience.test.tsx,127,RosterConnectionStatus,onRetry={() => undefined},,test-or-fixture,"Requires Interaction, Error, Authorization And Accessibility Verification",10;12
tests/unit/clubRosterResilience.test.tsx,135,RosterConnectionStatus,onRetry={() => undefined},,test-or-fixture,"Requires Interaction, Error, Authorization And Accessibility Verification",10;12
tests/unit/clubRosterResilience.test.tsx,139,RosterConnectionStatus,onRetry={() => undefined},,test-or-fixture,"Requires Interaction, Error, Authorization And Accessibility Verification",10;12
tests/unit/clubRosterResilience.test.tsx,145,RosterConnectionStatus,onRetry={() => undefined},,test-or-fixture,"Requires Interaction, Error, Authorization And Accessibility Verification",10;12
tests/unit/gameManagementDialogs.accessibility.test.tsx,64,button,onClick={() => setOpen(true)},type=button,test-or-fixture,"Requires Interaction, Error, Authorization And Accessibility Verification",12
tests/unit/gameManagementDialogs.accessibility.test.tsx,68,EditGameDialog,onClose={() => setOpen(false)}; onSave={onSave},,test-or-fixture,"Requires Interaction, Error, Authorization And Accessibility Verification",12
tests/unit/gameManagementDialogs.accessibility.test.tsx,99,EditGameDialog,onClose={vi.fn()}; onSave={onSave},,test-or-fixture,"Requires Interaction, Error, Authorization And Accessibility Verification",12
tests/unit/gameManagementDialogs.accessibility.test.tsx,111,EditGameDialog,onClose={vi.fn()}; onSave={vi.fn()},,test-or-fixture,"Requires Interaction, Error, Authorization And Accessibility Verification",12
tests/unit/gameManagementDialogs.accessibility.test.tsx,125,ContractHistoryDialog,onClose={onClose},,test-or-fixture,"Requires Interaction, Error, Authorization And Accessibility Verification",12
tests/unit/gameManagementDialogs.accessibility.test.tsx,141,ScheduleCloseDialog,onClose={vi.fn()}; onSchedule={onSchedule},,test-or-fixture,"Requires Interaction, Error, Authorization And Accessibility Verification",12
tests/unit/handHistoryMoneyAgreement.test.tsx,156,HandDetailModal,onClose={() => {}},,test-or-fixture,"Requires Interaction, Error, Authorization And Accessibility Verification",9;12
tests/unit/handHistoryMoneyAgreement.test.tsx,163,HandDetailModal,onClose={() => {}},,test-or-fixture,"Requires Interaction, Error, Authorization And Accessibility Verification",9;12
tests/unit/handHistoryMoneyAgreement.test.tsx,170,HandDetailModal,onClose={() => {}},,test-or-fixture,"Requires Interaction, Error, Authorization And Accessibility Verification",9;12
tests/unit/handHistoryMoneyAgreement.test.tsx,189,HandDetailModal,onClose={() => {}},,test-or-fixture,"Requires Interaction, Error, Authorization And Accessibility Verification",9;12
tests/unit/handHistoryMoneyAgreement.test.tsx,196,HandHistoryPanel,onClose={() => {}},,test-or-fixture,"Requires Interaction, Error, Authorization And Accessibility Verification",9;12
tests/unit/handHistoryMoneyAgreement.test.tsx,201,HandHistoryPanel,onClose={() => {}},,test-or-fixture,"Requires Interaction, Error, Authorization And Accessibility Verification",9;12
tests/unit/handHistoryMoneyAgreement.test.tsx,225,HandHistoryPanel,onClose={() => {}},,test-or-fixture,"Requires Interaction, Error, Authorization And Accessibility Verification",9;12
tests/unit/handHistoryMoneyAgreement.test.tsx,313,HandDetailModal,onClose={() => {}}; onReplay={onReplay},,test-or-fixture,"Requires Interaction, Error, Authorization And Accessibility Verification",9;12
tests/unit/handHistorySheets.test.tsx,225,HandDetailModal,onClose={onClose},,test-or-fixture,"Requires Interaction, Error, Authorization And Accessibility Verification",9;12
tests/unit/handHistorySheets.test.tsx,232,HandDetailModal,onClose={onClose},,test-or-fixture,"Requires Interaction, Error, Authorization And Accessibility Verification",9;12
tests/unit/handHistorySheets.test.tsx,239,HandHistoryPanel,onClose={onClose},,test-or-fixture,"Requires Interaction, Error, Authorization And Accessibility Verification",9;12
tests/unit/handHistorySheets.test.tsx,248,HandHistoryPanel,onClose={onClose},,test-or-fixture,"Requires Interaction, Error, Authorization And Accessibility Verification",9;12
tests/unit/handHistorySheets.test.tsx,256,HandHistoryPanel,onClose={onClose},,test-or-fixture,"Requires Interaction, Error, Authorization And Accessibility Verification",9;12
tests/unit/handHistorySheets.test.tsx,259,HandHistoryPanel,onClose={onClose},,test-or-fixture,"Requires Interaction, Error, Authorization And Accessibility Verification",9;12
tests/unit/handHistorySheets.test.tsx,280,HandDetailModal,onClose={() => {}},,test-or-fixture,"Requires Interaction, Error, Authorization And Accessibility Verification",9;12
tests/unit/handHistorySheets.test.tsx,288,HandDetailModal,onClose={() => {}},,test-or-fixture,"Requires Interaction, Error, Authorization And Accessibility Verification",9;12
tests/unit/handHistorySheets.test.tsx,303,HandDetailModal,onClose={() => {}},,test-or-fixture,"Requires Interaction, Error, Authorization And Accessibility Verification",9;12
tests/unit/handHistorySheets.test.tsx,311,HandHistoryPanel,onClose={() => {}},,test-or-fixture,"Requires Interaction, Error, Authorization And Accessibility Verification",9;12
tests/unit/handHistorySheets.test.tsx,323,HandDetailModal,onClose={() => {}},,test-or-fixture,"Requires Interaction, Error, Authorization And Accessibility Verification",9;12
tests/unit/handHistorySheets.test.tsx,362,HandDetailModal,onClose={() => {}},,test-or-fixture,"Requires Interaction, Error, Authorization And Accessibility Verification",9;12
tests/unit/handHistorySheets.test.tsx,382,HandDetailModal,onClose={() => {}},,test-or-fixture,"Requires Interaction, Error, Authorization And Accessibility Verification",9;12
tests/unit/heroHubDialogBehaviour.test.tsx,49,HeroHubPanel,onClose={onClose},,test-or-fixture,"Requires Interaction, Error, Authorization And Accessibility Verification",12
tests/unit/heroHubDialogBehaviour.test.tsx,120,HeroHubPanel,onClose={onClose},,test-or-fixture,"Requires Interaction, Error, Authorization And Accessibility Verification",12
tests/unit/heroHubDialogBehaviour.test.tsx,126,HeroHubPanel,onClose={onClose},,test-or-fixture,"Requires Interaction, Error, Authorization And Accessibility Verification",12
tests/unit/heroHubDialogBehaviour.test.tsx,141,HeroHubPanel,onClose={onClose},,test-or-fixture,"Requires Interaction, Error, Authorization And Accessibility Verification",12
tests/unit/heroHubQuickSettings.test.tsx,51,HeroHubPanel,onToggleQuickSetting={noop},,test-or-fixture,"Requires Interaction, Error, Authorization And Accessibility Verification",12
tests/unit/heroHubQuickSettings.test.tsx,61,HeroHubPanel,onToggleQuickSetting={onToggle},,test-or-fixture,"Requires Interaction, Error, Authorization And Accessibility Verification",12
tests/unit/heroHubQuickSettings.test.tsx,68,HeroHubPanel,onToggleQuickSetting={noop},,test-or-fixture,"Requires Interaction, Error, Authorization And Accessibility Verification",12
tests/unit/hubFrame.test.tsx,38,HubFrame,onLocationChange={onLocationChange}; onClubArenaTarget={onClubArenaTarget},title=Social,test-or-fixture,"Requires Interaction, Error, Authorization And Accessibility Verification",12
tests/unit/hubFrame.test.tsx,129,HubFrame,onLocationChange={vi.fn()}; onClubArenaTarget={vi.fn()},title=Media,test-or-fixture,"Requires Interaction, Error, Authorization And Accessibility Verification",12
tests/unit/hubFrame.test.tsx,288,HubFrame,onLocationChange={vi.fn()}; onClubArenaTarget={vi.fn()},title=Social,test-or-fixture,"Requires Interaction, Error, Authorization And Accessibility Verification",12
tests/unit/insuranceModalLayout.test.tsx,58,InsuranceModal,onClose={() => {}}; onAccept={() => {}}; onDecline={() => {}},,test-or-fixture,"Requires Interaction, Error, Authorization And Accessibility Verification",12
tests/unit/lobbyStakesMenuAndStyleSubtitle.test.tsx,162,LobbyTable,onSelect={() => {}}; onActivate={() => {}}; onStylesChange={onStylesChange},,test-or-fixture,"Requires Interaction, Error, Authorization And Accessibility Verification",8;12
tests/unit/lobbyStakesMenuAndStyleSubtitle.test.tsx,296,LobbyTable,onSelect={() => {}}; onActivate={() => {}},,test-or-fixture,"Requires Interaction, Error, Authorization And Accessibility Verification",8;12
tests/unit/lobbyVariantMenuWorks.test.tsx,62,LobbyTable,onSelect={() => {}}; onActivate={() => {}}; onVariantsChange={onVariantsChange},,test-or-fixture,"Requires Interaction, Error, Authorization And Accessibility Verification",8;12
tests/unit/lobbyVariantMenuWorks.test.tsx,191,LobbyTable,onSelect={() => {}}; onActivate={() => {}},,test-or-fixture,"Requires Interaction, Error, Authorization And Accessibility Verification",8;12
tests/unit/mobileTableBehaviours.test.tsx,45,TournamentAnnouncementOverlay,onDismiss={() => dismissed()},type=final_table,test-or-fixture,"Requires Interaction, Error, Authorization And Accessibility Verification",12
tests/unit/mobileTableBehaviours.test.tsx,55,TournamentAnnouncementOverlay,onDismiss={() => dismissed()},type=final_table,test-or-fixture,"Requires Interaction, Error, Authorization And Accessibility Verification",12
tests/unit/mobileTableBehaviours.test.tsx,73,TournamentAnnouncementOverlay,onDismiss={() => dismissed()},type=bubble_burst,test-or-fixture,"Requires Interaction, Error, Authorization And Accessibility Verification",12
tests/unit/mobileTableBehaviours.test.tsx,76,TournamentAnnouncementOverlay,onDismiss={() => dismissed()},type={null},test-or-fixture,"Requires Interaction, Error, Authorization And Accessibility Verification",12
tests/unit/movingAfterThisHandAndTheLobbySaysTheStyle.test.tsx,288,CashClusterHUD,onOpenLobby={vi.fn()}; onSeatChange={vi.fn()},,test-or-fixture,"Requires Interaction, Error, Authorization And Accessibility Verification",8;12
tests/unit/movingAfterThisHandAndTheLobbySaysTheStyle.test.tsx,300,CashClusterHUD,onOpenLobby={vi.fn()}; onSeatChange={vi.fn()},,test-or-fixture,"Requires Interaction, Error, Authorization And Accessibility Verification",8;12
tests/unit/movingAfterThisHandAndTheLobbySaysTheStyle.test.tsx,306,CashClusterHUD,onOpenLobby={vi.fn()}; onSeatChange={vi.fn()},,test-or-fixture,"Requires Interaction, Error, Authorization And Accessibility Verification",8;12
tests/unit/movingAfterThisHandAndTheLobbySaysTheStyle.test.tsx,316,CashClusterHUD,onOpenLobby={vi.fn()}; onSeatChange={vi.fn()},,test-or-fixture,"Requires Interaction, Error, Authorization And Accessibility Verification",8;12
tests/unit/movingAfterThisHandAndTheLobbySaysTheStyle.test.tsx,372,MustMoveLobbyModal,onClose={vi.fn()},,test-or-fixture,"Requires Interaction, Error, Authorization And Accessibility Verification",8;12
tests/unit/movingAfterThisHandAndTheLobbySaysTheStyle.test.tsx,387,MustMoveLobbyModal,onClose={vi.fn()},,test-or-fixture,"Requires Interaction, Error, Authorization And Accessibility Verification",8;12
tests/unit/movingAfterThisHandAndTheLobbySaysTheStyle.test.tsx,529,LobbyTable,onSelect={() => {}}; onActivate={() => {}}; onStylesChange={vi.fn()},,test-or-fixture,"Requires Interaction, Error, Authorization And Accessibility Verification",8;12
tests/unit/movingAfterThisHandAndTheLobbySaysTheStyle.test.tsx,556,LobbyTable,onSelect={() => {}}; onActivate={() => {}}; onStylesChange={vi.fn()},,test-or-fixture,"Requires Interaction, Error, Authorization And Accessibility Verification",8;12
tests/unit/playerIdentityDialogs.test.tsx,21,UserProfileEdit,onClose={onClose}; onSave={onSave},,test-or-fixture,"Requires Interaction, Error, Authorization And Accessibility Verification",12
tests/unit/playerIdentityDialogs.test.tsx,33,UserProfileEdit,onClose={onClose}; onSave={onSave},,test-or-fixture,"Requires Interaction, Error, Authorization And Accessibility Verification",12
tests/unit/playerIdentityDialogs.test.tsx,52,UserProfileEdit,onClose={vi.fn()}; onSave={vi.fn()}; onChangeAvatar={onChangeAvatar},,test-or-fixture,"Requires Interaction, Error, Authorization And Accessibility Verification",12
tests/unit/playerIdentityDialogs.test.tsx,68,UserProfileEdit,onClose={vi.fn()}; onSave={onSave},,test-or-fixture,"Requires Interaction, Error, Authorization And Accessibility Verification",12
tests/unit/playerIdentityDialogs.test.tsx,81,PlayerBlockModal,onConfirm={onConfirm}; onCancel={vi.fn()},,test-or-fixture,"Requires Interaction, Error, Authorization And Accessibility Verification",12
tests/unit/playerIdentityDialogs.test.tsx,93,PlayerBlockModal,onConfirm={vi.fn()}; onCancel={onCancel},,test-or-fixture,"Requires Interaction, Error, Authorization And Accessibility Verification",12
tests/unit/playerIdentityDialogs.test.tsx,102,PlayerBlockModal,onConfirm={vi.fn().mockRejectedValue(new Error('Block request failed'))}; onCancel={onCancel},,test-or-fixture,"Requires Interaction, Error, Authorization And Accessibility Verification",12
tests/unit/previousHandPhase1.test.tsx,205,HandHistoryPanel,onClose={() => {}},,test-or-fixture,"Requires Interaction, Error, Authorization And Accessibility Verification",12
tests/unit/previousHandPhase1.test.tsx,210,HandDetailModal,onClose={() => {}},,test-or-fixture,"Requires Interaction, Error, Authorization And Accessibility Verification",12
tests/unit/previousHandPhase1.test.tsx,216,HandHistoryPanel,onClose={() => {}},,test-or-fixture,"Requires Interaction, Error, Authorization And Accessibility Verification",12
tests/unit/previousHandPhase1.test.tsx,229,HandDetailModal,onClose={() => {}},,test-or-fixture,"Requires Interaction, Error, Authorization And Accessibility Verification",12
tests/unit/previousHandPhase1.test.tsx,234,HandDetailModal,onClose={() => {}},,test-or-fixture,"Requires Interaction, Error, Authorization And Accessibility Verification",12
tests/unit/previousHandPhase1.test.tsx,245,HandDetailModal,onClose={() => {}},,test-or-fixture,"Requires Interaction, Error, Authorization And Accessibility Verification",12
tests/unit/rabbitHuntFromTheReplayer.test.tsx,151,button,onClick={() => void reveal(41)},,test-or-fixture,"Requires Interaction, Error, Authorization And Accessibility Verification",12
tests/unit/rabbitHuntFromTheReplayer.test.tsx,164,Harness,onReveal={onReveal},,test-or-fixture,"Requires Interaction, Error, Authorization And Accessibility Verification",12
tests/unit/rabbitHuntFromTheReplayer.test.tsx,177,Harness,onReveal={onReveal},,test-or-fixture,"Requires Interaction, Error, Authorization And Accessibility Verification",12
tests/unit/rabbitHuntHotkey.test.tsx,99,RabbitHunt,onReveal={onReveal},,test-or-fixture,"Requires Interaction, Error, Authorization And Accessibility Verification",12
tests/unit/rabbitHuntHotkey.test.tsx,115,RabbitHunt,onReveal={onReveal},,test-or-fixture,"Requires Interaction, Error, Authorization And Accessibility Verification",12
tests/unit/rabbitHuntHotkey.test.tsx,128,RabbitHunt,onReveal={vi.fn()},,test-or-fixture,"Requires Interaction, Error, Authorization And Accessibility Verification",12
tests/unit/rabbitHuntInteraction.test.tsx,53,RabbitHunt,onReveal={onReveal},,test-or-fixture,"Requires Interaction, Error, Authorization And Accessibility Verification",12
tests/unit/rabbitHuntInteraction.test.tsx,76,RabbitHunt,onReveal={onReveal},,test-or-fixture,"Requires Interaction, Error, Authorization And Accessibility Verification",12
tests/unit/rabbitHuntReplayerRenders.test.tsx,89,HandDetailModal,onClose={() => {}}; onRabbitHunt={vi.fn()},,test-or-fixture,"Requires Interaction, Error, Authorization And Accessibility Verification",12
tests/unit/rabbitHuntReplayerRenders.test.tsx,112,HandDetailModal,onClose={() => {}}; onRabbitHunt={onRabbitHunt},,test-or-fixture,"Requires Interaction, Error, Authorization And Accessibility Verification",12
tests/unit/rabbitHuntReplayerRenders.test.tsx,130,HandDetailModal,onClose={() => {}}; onRabbitHunt={vi.fn()},,test-or-fixture,"Requires Interaction, Error, Authorization And Accessibility Verification",12
tests/unit/rabbitHuntReplayerRenders.test.tsx,147,HandDetailModal,onClose={() => {}}; onRabbitHunt={vi.fn()},,test-or-fixture,"Requires Interaction, Error, Authorization And Accessibility Verification",12
tests/unit/rabbitHuntReplayerRenders.test.tsx,161,HandDetailModal,onClose={() => {}},,test-or-fixture,"Requires Interaction, Error, Authorization And Accessibility Verification",12
tests/unit/raisePanelDismiss.test.tsx,67,ActionPanel,onAction={vi.fn()},,test-or-fixture,"Requires Interaction, Error, Authorization And Accessibility Verification",12
tests/unit/ritTitleCaseDisplays.test.tsx,48,RunItTwicePrompt,onAccept={() => {}}; onDecline={() => {}},,test-or-fixture,"Requires Interaction, Error, Authorization And Accessibility Verification",2;12
tests/unit/riveAvatar.test.tsx,125,RiveAvatar,onRigActive={onRigActive},,test-or-fixture,"Requires Interaction, Error, Authorization And Accessibility Verification",12
tests/unit/riveAvatar.test.tsx,184,RiveAvatar,onRigActive={onRigActive},,test-or-fixture,"Requires Interaction, Error, Authorization And Accessibility Verification",12
tests/unit/riveAvatar.test.tsx,209,RiveAvatar,onRigActive={onRigActive},,test-or-fixture,"Requires Interaction, Error, Authorization And Accessibility Verification",12
tests/unit/supportTrustWorkspace.test.tsx,127,FeedbackForm,onClose={onClose},,test-or-fixture,"Requires Interaction, Error, Authorization And Accessibility Verification",10;12
tests/unit/supportTrustWorkspace.test.tsx,147,FeedbackForm,onClose={vi.fn()},,test-or-fixture,"Requires Interaction, Error, Authorization And Accessibility Verification",10;12
tests/unit/supportTrustWorkspace.test.tsx,162,FeedbackForm,onClose={vi.fn()},,test-or-fixture,"Requires Interaction, Error, Authorization And Accessibility Verification",10;12
tests/unit/tableChatSendPath.test.tsx,72,TableChat,onSendMessage={onSendMessage},,test-or-fixture,"Requires Interaction, Error, Authorization And Accessibility Verification",12
tests/unit/tableChatSendPath.test.tsx,86,TableChat,onSendMessage={onSendMessage},,test-or-fixture,"Requires Interaction, Error, Authorization And Accessibility Verification",12
tests/unit/tableChatSendPath.test.tsx,102,TableChat,onSendMessage={onSendMessage},,test-or-fixture,"Requires Interaction, Error, Authorization And Accessibility Verification",12
tests/unit/tableChatSendPath.test.tsx,124,TableChat,onSendMessage={onSendMessage},,test-or-fixture,"Requires Interaction, Error, Authorization And Accessibility Verification",12
tests/unit/tableChatSendPath.test.tsx,137,TableChat,onSendMessage={onSendMessage},,test-or-fixture,"Requires Interaction, Error, Authorization And Accessibility Verification",12
tests/unit/tableChatSendPath.test.tsx,153,TableChat,onSendMessage={() => {}},,test-or-fixture,"Requires Interaction, Error, Authorization And Accessibility Verification",12
tests/unit/tableChatSendPath.test.tsx,166,TableChat,onSendMessage={() => {}},,test-or-fixture,"Requires Interaction, Error, Authorization And Accessibility Verification",12
tests/unit/tableChatSendPath.test.tsx,179,TableChat,onSendMessage={() => {}},,test-or-fixture,"Requires Interaction, Error, Authorization And Accessibility Verification",12
tests/unit/tableChatSheet.test.tsx,62,TableChat,onSendMessage={vi.fn()}; onToggleCollapse={onToggleCollapse},,test-or-fixture,"Requires Interaction, Error, Authorization And Accessibility Verification",12
tests/unit/tableChatSheet.test.tsx,271,TableChat,onSendMessage={onSendMessage}; onToggleCollapse={vi.fn()},,test-or-fixture,"Requires Interaction, Error, Authorization And Accessibility Verification",12
tests/unit/tableChatSheet.test.tsx,293,TableChat,onSendMessage={onSendMessage}; onToggleCollapse={vi.fn()},,test-or-fixture,"Requires Interaction, Error, Authorization And Accessibility Verification",12
tests/unit/tableManagementRefreshStorm.test.tsx,171,button,onClick={() => navigate('/clubs/midway-social-9001/table-management')},,test-or-fixture,"Requires Interaction, Error, Authorization And Accessibility Verification",12
tests/unit/tableSettingsPanelNonBlocking.test.tsx,11,TableSettingsPanel,onToggle={onToggle},,test-or-fixture,"Requires Interaction, Error, Authorization And Accessibility Verification",12
tests/unit/theClubMessageMeetsYouAtTheDoor.test.tsx,71,ClubEntryMessage,onOpenAnnouncements={() => {}}; onToast={() => {}},,test-or-fixture,"Requires Interaction, Error, Authorization And Accessibility Verification",10;12
tests/unit/tournamentTableFixes.test.tsx,197,MiniStatsCard,onTap={handleTap},,test-or-fixture,"Requires Interaction, Error, Authorization And Accessibility Verification",3;12
tests/unit/tournamentTableFixes.test.tsx,228,MiniStatsCard,onTap={handleTap},,test-or-fixture,"Requires Interaction, Error, Authorization And Accessibility Verification",3;12
tests/unit/useTableStudioCollections.test.tsx,65,button,onClick={() => value.toggleFavorite('table:classic_green')},,test-or-fixture,"Requires Interaction, Error, Authorization And Accessibility Verification",12
tests/unit/useTableStudioCollections.test.tsx,66,button,onClick={() => value.toggleFavorite('background:place_paris')},,test-or-fixture,"Requires Interaction, Error, Authorization And Accessibility Verification",12
tests/unit/useTableStudioCollections.test.tsx,69,button,"onClick={() => value.saveLoadout(0, loadout)}",,test-or-fixture,"Requires Interaction, Error, Authorization And Accessibility Verification",12
tests/unit/useTableStudioCollections.test.tsx,70,button,"onClick={() =>
          value.saveLoadout(0, {
            ...loadout,
            name: '  Friday   Night  ',
            saved_at: '2026-08-29T22:00:00.000Z',
          })
        }",,test-or-fixture,"Requires Interaction, Error, Authorization And Accessibility Verification",12
tests/unit/useTableStudioCollections.test.tsx,81,button,"onClick={() => value.renameLoadout(0, '  Main   Event  ')}",,test-or-fixture,"Requires Interaction, Error, Authorization And Accessibility Verification",12
tests/unit/useTableStudioCollections.test.tsx,82,button,onClick={() => value.clearLoadout(0)},,test-or-fixture,"Requires Interaction, Error, Authorization And Accessibility Verification",12
tests/unit/useTableStudioCollections.test.tsx,83,button,onClick={value.retrySync},,test-or-fixture,"Requires Interaction, Error, Authorization And Accessibility Verification",12
tests/unit/useUnionRouteId.test.tsx,38,button,onClick={() => navigate('/unions/bravo')},type=button,test-or-fixture,"Requires Interaction, Error, Authorization And Accessibility Verification",10;12
tests/unit/winnerPrizeAnimationLifecycle.test.tsx,58,TournamentWinnerOverlay,onDismiss={onDismiss},,test-or-fixture,"Requires Interaction, Error, Authorization And Accessibility Verification",12
tests/utils/popupStyle.test.tsx,120,button,"onClick={() => toast.showToast(message, type)}",type=button,test-or-fixture,"Requires Interaction, Error, Authorization And Accessibility Verification",12
